[
    {
        "client_msg_id": "8f156450-222e-49f8-85f4-ac09b124f185",
        "type": "message",
        "text": "and a video demo: <https:\/\/www.youtube.com\/watch?v=YsWdc2r48D0>",
        "user": "U03JTLB9FSS",
        "ts": "1692733648.024109",
        "blocks": [
            {
                "type": "rich_text",
                "block_id": "RKUj",
                "elements": [
                    {
                        "type": "rich_text_section",
                        "elements": [
                            {
                                "type": "text",
                                "text": "and a video demo: "
                            },
                            {
                                "type": "link",
                                "url": "https:\/\/www.youtube.com\/watch?v=YsWdc2r48D0"
                            }
                        ]
                    }
                ]
            }
        ],
        "team": "TJPN85XRA",
        "user_team": "TJPN85XRA",
        "source_team": "TJPN85XRA",
        "user_profile": {
            "avatar_hash": "459fb8de8703",
            "image_72": "https:\/\/avatars.slack-edge.com\/2022-07-28\/3867310060339_459fb8de8703bb2678e5_72.jpg",
            "first_name": "Brady",
            "real_name": "Brady Boettcher",
            "display_name": "",
            "team": "TJPN85XRA",
            "name": "brady.boettcher",
            "is_restricted": false,
            "is_ultra_restricted": false
        },
        "attachments": [
            {
                "from_url": "https:\/\/www.youtube.com\/watch?v=YsWdc2r48D0",
                "thumb_url": "https:\/\/i.ytimg.com\/vi\/YsWdc2r48D0\/hqdefault.jpg",
                "thumb_width": 480,
                "thumb_height": 360,
                "video_html": "<iframe width=\"400\" height=\"225\" src=\"https:\/\/www.youtube.com\/embed\/YsWdc2r48D0?feature=oembed&autoplay=1&iv_load_policy=3\" frameborder=\"0\" allow=\"accelerometer; autoplay; clipboard-write; encrypted-media; gyroscope; picture-in-picture; web-share\" allowfullscreen title=\"Standard Input M4L mouse modulation device demo\"><\/iframe>",
                "video_html_width": 400,
                "video_html_height": 225,
                "service_icon": "https:\/\/a.slack-edge.com\/80588\/img\/unfurl_icons\/youtube.png",
                "id": 1,
                "original_url": "https:\/\/www.youtube.com\/watch?v=YsWdc2r48D0",
                "fallback": "YouTube Video: Standard Input M4L mouse modulation device demo",
                "title": "Standard Input M4L mouse modulation device demo",
                "title_link": "https:\/\/www.youtube.com\/watch?v=YsWdc2r48D0",
                "author_name": "Brady Boettcher",
                "author_link": "https:\/\/www.youtube.com\/@bradyboettcher2337",
                "service_name": "YouTube",
                "service_url": "https:\/\/www.youtube.com\/"
            }
        ],
        "thread_ts": "1692733648.024109",
        "reply_count": 2,
        "reply_users_count": 2,
        "latest_reply": "1693197650.962529",
        "reply_users": [
            "UKGLCA1GS",
            "U03JTLB9FSS"
        ],
        "replies": [
            {
                "user": "UKGLCA1GS",
                "ts": "1692909210.242649"
            },
            {
                "user": "U03JTLB9FSS",
                "ts": "1693197650.962529"
            }
        ],
        "is_locked": false,
        "subscribed": false
    },
    {
        "client_msg_id": "a1bd3e1e-df93-496a-b65e-e3dff4586725",
        "type": "message",
        "text": "and yes <@UKGLCA1GS> I can make a project page on the website for this :wink:",
        "user": "U03JTLB9FSS",
        "ts": "1692733707.673369",
        "blocks": [
            {
                "type": "rich_text",
                "block_id": "NjBz",
                "elements": [
                    {
                        "type": "rich_text_section",
                        "elements": [
                            {
                                "type": "text",
                                "text": "and yes "
                            },
                            {
                                "type": "user",
                                "user_id": "UKGLCA1GS"
                            },
                            {
                                "type": "text",
                                "text": " I can make a project page on the website for this "
                            },
                            {
                                "type": "emoji",
                                "name": "wink",
                                "unicode": "1f609"
                            }
                        ]
                    }
                ]
            }
        ],
        "team": "TJPN85XRA",
        "user_team": "TJPN85XRA",
        "source_team": "TJPN85XRA",
        "user_profile": {
            "avatar_hash": "459fb8de8703",
            "image_72": "https:\/\/avatars.slack-edge.com\/2022-07-28\/3867310060339_459fb8de8703bb2678e5_72.jpg",
            "first_name": "Brady",
            "real_name": "Brady Boettcher",
            "display_name": "",
            "team": "TJPN85XRA",
            "name": "brady.boettcher",
            "is_restricted": false,
            "is_ultra_restricted": false
        }
    }
]