[
    {
        "client_msg_id": "F12723F5-581A-483E-8E22-26C1208FD85A",
        "type": "message",
        "text": "Thanks Brady!",
        "user": "UKGLCA1GS",
        "ts": "1692909210.242649",
        "blocks": [
            {
                "type": "rich_text",
                "block_id": "WX9",
                "elements": [
                    {
                        "type": "rich_text_section",
                        "elements": [
                            {
                                "type": "text",
                                "text": "Thanks Brady!"
                            }
                        ]
                    }
                ]
            }
        ],
        "team": "TJPN85XRA",
        "user_team": "TJPN85XRA",
        "source_team": "TJPN85XRA",
        "user_profile": {
            "avatar_hash": "82cc3b048607",
            "image_72": "https:\/\/avatars.slack-edge.com\/2022-07-25\/3850040330500_82cc3b048607f33add6e_72.jpg",
            "first_name": "",
            "real_name": "Marcelo Wanderley",
            "display_name": "Marcelo Wanderley",
            "team": "TJPN85XRA",
            "name": "marcelo.wanderley",
            "is_restricted": false,
            "is_ultra_restricted": false
        },
        "thread_ts": "1692733648.024109",
        "parent_user_id": "U03JTLB9FSS"
    }
]