[
    {
        "client_msg_id": "ffbb5fdd-3ae2-469d-99b9-80dd67ddcb45",
        "type": "message",
        "text": "small project update, here's Standard Input (aka std::input), an open source Max for Live device that exposes mouse signals as modulators. Just the basic signals for now (positions, speeds, clicks) with more coming soon: <https:\/\/maxforlive.com\/library\/device.php?id=9465>",
        "user": "U03JTLB9FSS",
        "ts": "1692570582.099319",
        "blocks": [
            {
                "type": "rich_text",
                "block_id": "=G2x",
                "elements": [
                    {
                        "type": "rich_text_section",
                        "elements": [
                            {
                                "type": "text",
                                "text": "small project update, here's Standard Input (aka std::input), an open source Max for Live device that exposes mouse signals as modulators. Just the basic signals for now (positions, speeds, clicks) with more coming soon: "
                            },
                            {
                                "type": "link",
                                "url": "https:\/\/maxforlive.com\/library\/device.php?id=9465"
                            }
                        ]
                    }
                ]
            }
        ],
        "team": "TJPN85XRA",
        "user_team": "TJPN85XRA",
        "source_team": "TJPN85XRA",
        "user_profile": {
            "avatar_hash": "459fb8de8703",
            "image_72": "https:\/\/avatars.slack-edge.com\/2022-07-28\/3867310060339_459fb8de8703bb2678e5_72.jpg",
            "first_name": "Brady",
            "real_name": "Brady Boettcher",
            "display_name": "",
            "team": "TJPN85XRA",
            "name": "brady.boettcher",
            "is_restricted": false,
            "is_ultra_restricted": false
        },
        "attachments": [
            {
                "from_url": "https:\/\/maxforlive.com\/library\/device.php?id=9465",
                "service_icon": "https:\/\/maxforlive.com\/favicon.png",
                "id": 1,
                "original_url": "https:\/\/maxforlive.com\/library\/device.php?id=9465",
                "fallback": "The Free Library of Max for Live Devices",
                "text": "The Free Library of Max for Live Devices",
                "service_name": "maxforlive.com"
            }
        ],
        "reactions": [
            {
                "name": "+1",
                "users": [
                    "U03NRB57K60",
                    "UK4BP4NH2"
                ],
                "count": 2
            }
        ]
    },
    {
        "type": "message",
        "text": "",
        "files": [
            {
                "id": "F05NMNJDKT4",
                "created": 1692570588,
                "timestamp": 1692570588,
                "name": "Screenshot 2023-08-20 at 3.18.36 PM.png",
                "title": "Screenshot 2023-08-20 at 3.18.36 PM.png",
                "mimetype": "image\/png",
                "filetype": "png",
                "pretty_type": "PNG",
                "user": "U03JTLB9FSS",
                "user_team": "TJPN85XRA",
                "editable": false,
                "size": 47725,
                "mode": "hosted",
                "is_external": false,
                "external_type": "",
                "is_public": true,
                "public_url_shared": false,
                "display_as_bot": false,
                "username": "",
                "url_private": "https:\/\/files.slack.com\/files-pri\/TJPN85XRA-F05NMNJDKT4\/screenshot_2023-08-20_at_3.18.36_pm.png?t=xoxe-635756201860-5811340279026-5796802002375-9213508a3164fd319a6249bc81596b76",
                "url_private_download": "https:\/\/files.slack.com\/files-pri\/TJPN85XRA-F05NMNJDKT4\/download\/screenshot_2023-08-20_at_3.18.36_pm.png?t=xoxe-635756201860-5811340279026-5796802002375-9213508a3164fd319a6249bc81596b76",
                "media_display_type": "unknown",
                "thumb_64": "https:\/\/files.slack.com\/files-tmb\/TJPN85XRA-F05NMNJDKT4-0316501516\/screenshot_2023-08-20_at_3.18.36_pm_64.png?t=xoxe-635756201860-5811340279026-5796802002375-9213508a3164fd319a6249bc81596b76",
                "thumb_80": "https:\/\/files.slack.com\/files-tmb\/TJPN85XRA-F05NMNJDKT4-0316501516\/screenshot_2023-08-20_at_3.18.36_pm_80.png?t=xoxe-635756201860-5811340279026-5796802002375-9213508a3164fd319a6249bc81596b76",
                "thumb_360": "https:\/\/files.slack.com\/files-tmb\/TJPN85XRA-F05NMNJDKT4-0316501516\/screenshot_2023-08-20_at_3.18.36_pm_360.png?t=xoxe-635756201860-5811340279026-5796802002375-9213508a3164fd319a6249bc81596b76",
                "thumb_360_w": 360,
                "thumb_360_h": 187,
                "thumb_480": "https:\/\/files.slack.com\/files-tmb\/TJPN85XRA-F05NMNJDKT4-0316501516\/screenshot_2023-08-20_at_3.18.36_pm_480.png?t=xoxe-635756201860-5811340279026-5796802002375-9213508a3164fd319a6249bc81596b76",
                "thumb_480_w": 480,
                "thumb_480_h": 249,
                "thumb_160": "https:\/\/files.slack.com\/files-tmb\/TJPN85XRA-F05NMNJDKT4-0316501516\/screenshot_2023-08-20_at_3.18.36_pm_160.png?t=xoxe-635756201860-5811340279026-5796802002375-9213508a3164fd319a6249bc81596b76",
                "thumb_720": "https:\/\/files.slack.com\/files-tmb\/TJPN85XRA-F05NMNJDKT4-0316501516\/screenshot_2023-08-20_at_3.18.36_pm_720.png?t=xoxe-635756201860-5811340279026-5796802002375-9213508a3164fd319a6249bc81596b76",
                "thumb_720_w": 720,
                "thumb_720_h": 374,
                "original_w": 744,
                "original_h": 386,
                "thumb_tiny": "AwAYADCHzmHGB+VL9oYdl\/KqsxIfgnpTcnj5jn60AX0lkfOAvH+zTmaVVJKjAGfu0y1JBbt0qWViYn57etFxWIftDYzhfyFN80tk4H5VGOh60q9DRcdiOSMs2RjpTRC2e351NRQAKMdakLL2UD8ajooAk3J\/c\/WmUlFAH\/\/Z",
                "permalink": "https:\/\/idmil.slack.com\/files\/U03JTLB9FSS\/F05NMNJDKT4\/screenshot_2023-08-20_at_3.18.36_pm.png",
                "permalink_public": "https:\/\/slack-files.com\/TJPN85XRA-F05NMNJDKT4-44f795d550",
                "is_starred": false,
                "has_rich_preview": false,
                "file_access": "visible"
            }
        ],
        "upload": false,
        "user": "U03JTLB9FSS",
        "display_as_bot": false,
        "ts": "1692570591.028769",
        "client_msg_id": "0973c601-05d8-410a-9ca2-13777340b67b"
    }
]