[
    {
        "client_msg_id": "c908034f-1e10-406e-bab2-d7cd8430fa9c",
        "type": "message",
        "text": "yes, DMed!",
        "user": "UJQ7AKDA9",
        "ts": "1665822791.563319",
        "blocks": [
            {
                "type": "rich_text",
                "block_id": "+z7q",
                "elements": [
                    {
                        "type": "rich_text_section",
                        "elements": [
                            {
                                "type": "text",
                                "text": "yes, DMed!"
                            }
                        ]
                    }
                ]
            }
        ],
        "team": "TJPN85XRA",
        "user_team": "TJPN85XRA",
        "source_team": "TJPN85XRA",
        "user_profile": {
            "avatar_hash": "1720101e5f4d",
            "image_72": "https:\/\/avatars.slack-edge.com\/2022-06-20\/3695655977380_1720101e5f4d2ee82bff_72.jpg",
            "first_name": "Johnny",
            "real_name": "Johnny Sullivan",
            "display_name": "Johnny",
            "team": "TJPN85XRA",
            "name": "john.sullivan2",
            "is_restricted": false,
            "is_ultra_restricted": false
        },
        "edited": {
            "user": "UJQ7AKDA9",
            "ts": "1665822823.000000"
        },
        "thread_ts": "1665763547.929149",
        "parent_user_id": "U01APBW5N2J"
    }
]