[
    {
        "client_msg_id": "ce509f19-adff-467e-a860-aa4716d0d9dd",
        "type": "message",
        "text": "Hey! <@U041WFL2TV2> is having trouble logging in to the wordpress dashboard - is the password reset system working?",
        "user": "U01APBW5N2J",
        "ts": "1679933490.792389",
        "blocks": [
            {
                "type": "rich_text",
                "block_id": "+NOG",
                "elements": [
                    {
                        "type": "rich_text_section",
                        "elements": [
                            {
                                "type": "text",
                                "text": "Hey! "
                            },
                            {
                                "type": "user",
                                "user_id": "U041WFL2TV2"
                            },
                            {
                                "type": "text",
                                "text": " is having trouble logging in to the wordpress dashboard - is the password reset system working?"
                            }
                        ]
                    }
                ]
            }
        ],
        "team": "TJPN85XRA",
        "user_team": "TJPN85XRA",
        "source_team": "TJPN85XRA",
        "user_profile": {
            "avatar_hash": "fe0a901d9daf",
            "image_72": "https:\/\/avatars.slack-edge.com\/2020-09-17\/1355731656631_fe0a901d9daf26440442_72.png",
            "first_name": "",
            "real_name": "Kasey Pocius",
            "display_name": "Kasey Pocius",
            "team": "TJPN85XRA",
            "name": "kaseypocius",
            "is_restricted": false,
            "is_ultra_restricted": false
        },
        "thread_ts": "1679933490.792389",
        "reply_count": 4,
        "reply_users_count": 2,
        "latest_reply": "1679933929.616879",
        "reply_users": [
            "U029MNKJ0DR",
            "U01APBW5N2J"
        ],
        "replies": [
            {
                "user": "U029MNKJ0DR",
                "ts": "1679933684.613899"
            },
            {
                "user": "U029MNKJ0DR",
                "ts": "1679933733.149119"
            },
            {
                "user": "U01APBW5N2J",
                "ts": "1679933925.004729"
            },
            {
                "user": "U01APBW5N2J",
                "ts": "1679933929.616879"
            }
        ],
        "is_locked": false,
        "subscribed": false
    },
    {
        "type": "message",
        "subtype": "channel_join",
        "ts": "1679933497.966829",
        "user": "U041WFL2TV2",
        "text": "<@U041WFL2TV2> has joined the channel",
        "inviter": "U01APBW5N2J"
    },
    {
        "type": "message",
        "subtype": "thread_broadcast",
        "text": "Seems to be working for me--I was able to reset my password using the reset link",
        "user": "U029MNKJ0DR",
        "ts": "1679933684.613899",
        "thread_ts": "1679933490.792389",
        "root": {
            "client_msg_id": "ce509f19-adff-467e-a860-aa4716d0d9dd",
            "type": "message",
            "text": "Hey! <@U041WFL2TV2> is having trouble logging in to the wordpress dashboard - is the password reset system working?",
            "user": "U01APBW5N2J",
            "ts": "1679933490.792389",
            "blocks": [
                {
                    "type": "rich_text",
                    "block_id": "+NOG",
                    "elements": [
                        {
                            "type": "rich_text_section",
                            "elements": [
                                {
                                    "type": "text",
                                    "text": "Hey! "
                                },
                                {
                                    "type": "user",
                                    "user_id": "U041WFL2TV2"
                                },
                                {
                                    "type": "text",
                                    "text": " is having trouble logging in to the wordpress dashboard - is the password reset system working?"
                                }
                            ]
                        }
                    ]
                }
            ],
            "team": "TJPN85XRA",
            "thread_ts": "1679933490.792389",
            "reply_count": 4,
            "reply_users_count": 2,
            "latest_reply": "1679933929.616879",
            "reply_users": [
                "U029MNKJ0DR",
                "U01APBW5N2J"
            ],
            "replies": [
                {
                    "user": "U029MNKJ0DR",
                    "ts": "1679933684.613899"
                },
                {
                    "user": "U029MNKJ0DR",
                    "ts": "1679933733.149119"
                },
                {
                    "user": "U01APBW5N2J",
                    "ts": "1679933925.004729"
                },
                {
                    "user": "U01APBW5N2J",
                    "ts": "1679933929.616879"
                }
            ],
            "is_locked": false,
            "subscribed": false
        },
        "blocks": [
            {
                "type": "rich_text",
                "block_id": "CS5N",
                "elements": [
                    {
                        "type": "rich_text_section",
                        "elements": [
                            {
                                "type": "text",
                                "text": "Seems to be working for me--I was able to reset my password using the reset link"
                            }
                        ]
                    }
                ]
            }
        ],
        "client_msg_id": "e3ae4e81-d4f6-4e30-9886-6a8ba08bf194"
    },
    {
        "client_msg_id": "1fc4eb67-8f2d-427f-85c0-69d0354ed12f",
        "type": "message",
        "text": "<@U041WFL2TV2> if you want to DM me a temporary password, I can change your account to use that, and then you can log on and change it from there",
        "user": "U029MNKJ0DR",
        "ts": "1679933733.149119",
        "blocks": [
            {
                "type": "rich_text",
                "block_id": "jRW",
                "elements": [
                    {
                        "type": "rich_text_section",
                        "elements": [
                            {
                                "type": "user",
                                "user_id": "U041WFL2TV2"
                            },
                            {
                                "type": "text",
                                "text": " if you want to DM me a temporary password, I can change your account to use that, and then you can log on and change it from there"
                            }
                        ]
                    }
                ]
            }
        ],
        "team": "TJPN85XRA",
        "user_team": "TJPN85XRA",
        "source_team": "TJPN85XRA",
        "user_profile": {
            "avatar_hash": "f350669b1e49",
            "image_72": "https:\/\/avatars.slack-edge.com\/2021-07-29\/2324539512645_f350669b1e496193ea11_72.jpg",
            "first_name": "",
            "real_name": "Paul Buser",
            "display_name": "Paul Buser",
            "team": "TJPN85XRA",
            "name": "buser.paul",
            "is_restricted": false,
            "is_ultra_restricted": false
        },
        "thread_ts": "1679933490.792389",
        "parent_user_id": "U01APBW5N2J"
    },
    {
        "client_msg_id": "bcb901e9-a709-4b86-987b-f9733ed473a0",
        "type": "message",
        "text": "We got it, and I'll make sure <@U041WFL2TV2> changes it to something he remembers",
        "user": "U01APBW5N2J",
        "ts": "1679933925.004729",
        "blocks": [
            {
                "type": "rich_text",
                "block_id": "oJIK\/",
                "elements": [
                    {
                        "type": "rich_text_section",
                        "elements": [
                            {
                                "type": "text",
                                "text": "We got it, and I'll make sure "
                            },
                            {
                                "type": "user",
                                "user_id": "U041WFL2TV2"
                            },
                            {
                                "type": "text",
                                "text": " changes it to something he remembers"
                            }
                        ]
                    }
                ]
            }
        ],
        "team": "TJPN85XRA",
        "user_team": "TJPN85XRA",
        "source_team": "TJPN85XRA",
        "user_profile": {
            "avatar_hash": "fe0a901d9daf",
            "image_72": "https:\/\/avatars.slack-edge.com\/2020-09-17\/1355731656631_fe0a901d9daf26440442_72.png",
            "first_name": "",
            "real_name": "Kasey Pocius",
            "display_name": "Kasey Pocius",
            "team": "TJPN85XRA",
            "name": "kaseypocius",
            "is_restricted": false,
            "is_ultra_restricted": false
        },
        "thread_ts": "1679933490.792389",
        "parent_user_id": "U01APBW5N2J"
    },
    {
        "client_msg_id": "f573f94f-5a10-4b3a-9850-649d68b5258a",
        "type": "message",
        "text": "thanks!",
        "user": "U01APBW5N2J",
        "ts": "1679933929.616879",
        "blocks": [
            {
                "type": "rich_text",
                "block_id": "adP",
                "elements": [
                    {
                        "type": "rich_text_section",
                        "elements": [
                            {
                                "type": "text",
                                "text": "thanks!"
                            }
                        ]
                    }
                ]
            }
        ],
        "team": "TJPN85XRA",
        "user_team": "TJPN85XRA",
        "source_team": "TJPN85XRA",
        "user_profile": {
            "avatar_hash": "fe0a901d9daf",
            "image_72": "https:\/\/avatars.slack-edge.com\/2020-09-17\/1355731656631_fe0a901d9daf26440442_72.png",
            "first_name": "",
            "real_name": "Kasey Pocius",
            "display_name": "Kasey Pocius",
            "team": "TJPN85XRA",
            "name": "kaseypocius",
            "is_restricted": false,
            "is_ultra_restricted": false
        },
        "thread_ts": "1679933490.792389",
        "parent_user_id": "U01APBW5N2J"
    },
    {
        "client_msg_id": "b6190c07-706f-4961-a425-b66f32f7625f",
        "type": "message",
        "text": "<@U03RKAGLHTP> do you want to add the etube your projects on the website?",
        "user": "U01APBW5N2J",
        "ts": "1679934448.485519",
        "blocks": [
            {
                "type": "rich_text",
                "block_id": "XRq",
                "elements": [
                    {
                        "type": "rich_text_section",
                        "elements": [
                            {
                                "type": "user",
                                "user_id": "U03RKAGLHTP"
                            },
                            {
                                "type": "text",
                                "text": " do you want to add the etube your projects on the website?"
                            }
                        ]
                    }
                ]
            }
        ],
        "team": "TJPN85XRA",
        "user_team": "TJPN85XRA",
        "source_team": "TJPN85XRA",
        "user_profile": {
            "avatar_hash": "fe0a901d9daf",
            "image_72": "https:\/\/avatars.slack-edge.com\/2020-09-17\/1355731656631_fe0a901d9daf26440442_72.png",
            "first_name": "",
            "real_name": "Kasey Pocius",
            "display_name": "Kasey Pocius",
            "team": "TJPN85XRA",
            "name": "kaseypocius",
            "is_restricted": false,
            "is_ultra_restricted": false
        }
    },
    {
        "client_msg_id": "2db0c053-a772-4636-89ff-1722923058c0",
        "type": "message",
        "text": "sure! I’ve been meaning to update some things on my website",
        "user": "U03RKAGLHTP",
        "ts": "1679969779.396649",
        "blocks": [
            {
                "type": "rich_text",
                "block_id": "MSNg",
                "elements": [
                    {
                        "type": "rich_text_section",
                        "elements": [
                            {
                                "type": "text",
                                "text": "sure! I’ve been meaning to update some things on my website"
                            }
                        ]
                    }
                ]
            }
        ],
        "team": "TJPN85XRA",
        "user_team": "TJPN85XRA",
        "source_team": "TJPN85XRA",
        "user_profile": {
            "avatar_hash": "g0c030baca6f",
            "image_72": "https:\/\/secure.gravatar.com\/avatar\/0c030baca6f5c1ffd705bc5dee6c672a.jpg?s=72&d=https%3A%2F%2Fa.slack-edge.com%2Fdf10d%2Fimg%2Favatars%2Fava_0018-72.png",
            "first_name": "Maxwell",
            "real_name": "Maxwell Gentili-Morin",
            "display_name": "Maxwell Gentili-Morin",
            "team": "TJPN85XRA",
            "name": "maxwell.gentili-morin",
            "is_restricted": false,
            "is_ultra_restricted": false
        }
    }
]