[
    {
        "client_msg_id": "b4ed2bae-ccf0-4be9-9741-63d062dd4f7f",
        "type": "message",
        "text": "www-new redirect has been set up!",
        "user": "U029MNKJ0DR",
        "ts": "1678898221.730939",
        "blocks": [
            {
                "type": "rich_text",
                "block_id": "q=3GG",
                "elements": [
                    {
                        "type": "rich_text_section",
                        "elements": [
                            {
                                "type": "text",
                                "text": "www-new redirect has been set up!"
                            }
                        ]
                    }
                ]
            }
        ],
        "team": "TJPN85XRA",
        "user_team": "TJPN85XRA",
        "source_team": "TJPN85XRA",
        "user_profile": {
            "avatar_hash": "f350669b1e49",
            "image_72": "https:\/\/avatars.slack-edge.com\/2021-07-29\/2324539512645_f350669b1e496193ea11_72.jpg",
            "first_name": "",
            "real_name": "Paul Buser",
            "display_name": "Paul Buser",
            "team": "TJPN85XRA",
            "name": "buser.paul",
            "is_restricted": false,
            "is_ultra_restricted": false
        }
    },
    {
        "client_msg_id": "fac26ac8-ca18-4601-b223-652c886eccf6",
        "type": "message",
        "text": "Please note any further issues in this channel.",
        "user": "U029MNKJ0DR",
        "ts": "1678898228.072579",
        "blocks": [
            {
                "type": "rich_text",
                "block_id": "Offw",
                "elements": [
                    {
                        "type": "rich_text_section",
                        "elements": [
                            {
                                "type": "text",
                                "text": "Please note any further issues in this channel."
                            }
                        ]
                    }
                ]
            }
        ],
        "team": "TJPN85XRA",
        "user_team": "TJPN85XRA",
        "source_team": "TJPN85XRA",
        "user_profile": {
            "avatar_hash": "f350669b1e49",
            "image_72": "https:\/\/avatars.slack-edge.com\/2021-07-29\/2324539512645_f350669b1e496193ea11_72.jpg",
            "first_name": "",
            "real_name": "Paul Buser",
            "display_name": "Paul Buser",
            "team": "TJPN85XRA",
            "name": "buser.paul",
            "is_restricted": false,
            "is_ultra_restricted": false
        }
    },
    {
        "type": "message",
        "subtype": "channel_join",
        "ts": "1678900660.582199",
        "user": "UJCU8BAAW",
        "text": "<@UJCU8BAAW> has joined the channel"
    },
    {
        "client_msg_id": "adf1484d-cdd9-4875-950c-d8658941eb61",
        "type": "message",
        "text": "Thanks <@U029MNKJ0DR>",
        "user": "UJCU8BAAW",
        "ts": "1678900722.658859",
        "blocks": [
            {
                "type": "rich_text",
                "block_id": "9V3J",
                "elements": [
                    {
                        "type": "rich_text_section",
                        "elements": [
                            {
                                "type": "text",
                                "text": "Thanks "
                            },
                            {
                                "type": "user",
                                "user_id": "U029MNKJ0DR"
                            }
                        ]
                    }
                ]
            }
        ],
        "team": "TJPN85XRA",
        "user_team": "TJPN85XRA",
        "source_team": "TJPN85XRA",
        "user_profile": {
            "avatar_hash": "d49c462f5537",
            "image_72": "https:\/\/avatars.slack-edge.com\/2021-06-14\/2154581376263_d49c462f5537edde8dbb_72.jpg",
            "first_name": "Edu",
            "real_name": "Edu Meneses",
            "display_name": "Edu Meneses",
            "team": "TJPN85XRA",
            "name": "eduardo.meneses",
            "is_restricted": false,
            "is_ultra_restricted": false
        }
    }
]