[
    {
        "client_msg_id": "6b49f9ab-e3d8-4af9-b24f-ca5e760f68bf",
        "type": "message",
        "text": "Does anyone know how to edit the tags of the IDMIL website’s header?<@UJQ7AKDA9> <@U029MNKJ0DR>  Thanks!",
        "user": "U03NRB57K60",
        "ts": "1690749449.633589",
        "blocks": [
            {
                "type": "rich_text",
                "block_id": "J9u\/",
                "elements": [
                    {
                        "type": "rich_text_section",
                        "elements": [
                            {
                                "type": "text",
                                "text": "Does anyone know how to edit the tags of the IDMIL website’s header?"
                            },
                            {
                                "type": "user",
                                "user_id": "UJQ7AKDA9"
                            },
                            {
                                "type": "text",
                                "text": " "
                            },
                            {
                                "type": "user",
                                "user_id": "U029MNKJ0DR"
                            },
                            {
                                "type": "text",
                                "text": "  Thanks!"
                            }
                        ]
                    }
                ]
            }
        ],
        "team": "TJPN85XRA",
        "user_team": "TJPN85XRA",
        "source_team": "TJPN85XRA",
        "user_profile": {
            "avatar_hash": "cb367b89c7ee",
            "image_72": "https:\/\/avatars.slack-edge.com\/2022-07-07\/3764518225398_cb367b89c7eea9d69365_72.jpg",
            "first_name": "Ziyue",
            "real_name": "Ziyue (Monica) Piao",
            "display_name": "Ziyue (Monica) Piao",
            "team": "TJPN85XRA",
            "name": "ziyue.piao",
            "is_restricted": false,
            "is_ultra_restricted": false
        },
        "edited": {
            "user": "U03NRB57K60",
            "ts": "1690749474.000000"
        },
        "thread_ts": "1690749449.633589",
        "reply_count": 8,
        "reply_users_count": 2,
        "latest_reply": "1690990219.947639",
        "reply_users": [
            "U029MNKJ0DR",
            "U03NRB57K60"
        ],
        "replies": [
            {
                "user": "U029MNKJ0DR",
                "ts": "1690989970.683959"
            },
            {
                "user": "U03NRB57K60",
                "ts": "1690990060.101419"
            },
            {
                "user": "U029MNKJ0DR",
                "ts": "1690990083.931389"
            },
            {
                "user": "U03NRB57K60",
                "ts": "1690990086.921549"
            },
            {
                "user": "U03NRB57K60",
                "ts": "1690990103.081469"
            },
            {
                "user": "U029MNKJ0DR",
                "ts": "1690990110.573339"
            },
            {
                "user": "U029MNKJ0DR",
                "ts": "1690990186.179049"
            },
            {
                "user": "U03NRB57K60",
                "ts": "1690990219.947639"
            }
        ],
        "is_locked": false,
        "subscribed": true,
        "last_read": "1690749449.633589"
    }
]