[
    {
        "type": "message",
        "text": "",
        "files": [
            {
                "id": "F046P6YBG8J",
                "mode": "hidden_by_limit"
            }
        ],
        "upload": false,
        "user": "U01APBW5N2J",
        "display_as_bot": false,
        "ts": "1665846881.700859",
        "client_msg_id": "DD1F7450-6904-44FF-ABC5-ED150D78FD2D",
        "reactions": [
            {
                "name": "clap",
                "users": [
                    "UKGLCA1GS"
                ],
                "count": 1
            },
            {
                "name": "heart",
                "users": [
                    "U041WFL2TV2"
                ],
                "count": 1
            }
        ]
    },
    {
        "client_msg_id": "08F7AEBB-D4EE-49A6-8AAD-039D4E341EE6",
        "type": "message",
        "text": "!!",
        "user": "UK4BP4NH2",
        "ts": "1665848251.804829",
        "blocks": [
            {
                "type": "rich_text",
                "block_id": "hfV",
                "elements": [
                    {
                        "type": "rich_text_section",
                        "elements": [
                            {
                                "type": "text",
                                "text": "!!"
                            }
                        ]
                    }
                ]
            }
        ],
        "team": "TJPN85XRA",
        "user_team": "TJPN85XRA",
        "source_team": "TJPN85XRA",
        "user_profile": {
            "avatar_hash": "f8256459a816",
            "image_72": "https:\/\/avatars.slack-edge.com\/2022-06-14\/3669597334018_f8256459a8162b9e2d8e_72.png",
            "first_name": "vincentcusson",
            "real_name": "vincentcusson",
            "display_name": "vincentcusson",
            "team": "TJPN85XRA",
            "name": "cusson.v",
            "is_restricted": false,
            "is_ultra_restricted": false
        }
    }
]