[
    {
        "client_msg_id": "a93933c2-c783-4667-b948-6e4bb894c006",
        "type": "message",
        "text": "Upcoming eTube concert Nov. 10th at 8pm in Redpath Hall\nFor the McGill Saxophone Studio class concert.\n\nGreg Bruce (University of Toronto) on his feedback saxophone setup\nTommy Davis, eTube\nVincent Cusson, electronics\nHere's a teaser: <https:\/\/youtu.be\/aT2hrdsqOKQ>",
        "user": "U041WFL2TV2",
        "ts": "1667936270.947169",
        "blocks": [
            {
                "type": "rich_text",
                "block_id": "WR2",
                "elements": [
                    {
                        "type": "rich_text_section",
                        "elements": [
                            {
                                "type": "text",
                                "text": "Upcoming eTube concert Nov. 10th at 8pm in Redpath Hall\nFor the McGill Saxophone Studio class concert.\n\nGreg Bruce (University of Toronto) on his feedback saxophone setup\nTommy Davis, eTube\nVincent Cusson, electronics\nHere's a teaser: "
                            },
                            {
                                "type": "link",
                                "url": "https:\/\/youtu.be\/aT2hrdsqOKQ"
                            }
                        ]
                    }
                ]
            }
        ],
        "team": "TJPN85XRA",
        "user_team": "TJPN85XRA",
        "source_team": "TJPN85XRA",
        "user_profile": {
            "avatar_hash": "g3815bfaab6e",
            "image_72": "https:\/\/secure.gravatar.com\/avatar\/3815bfaab6e520e9fa928d67f6c403cc.jpg?s=72&d=https%3A%2F%2Fa.slack-edge.com%2Fdf10d%2Fimg%2Favatars%2Fava_0003-72.png",
            "first_name": "Tommy",
            "real_name": "Tommy Davis",
            "display_name": "Tommy Davis",
            "team": "TJPN85XRA",
            "name": "tommydavis295",
            "is_restricted": false,
            "is_ultra_restricted": false
        },
        "edited": {
            "user": "U041WFL2TV2",
            "ts": "1667936381.000000"
        },
        "attachments": [
            {
                "from_url": "https:\/\/youtu.be\/aT2hrdsqOKQ",
                "thumb_url": "https:\/\/i.ytimg.com\/vi\/aT2hrdsqOKQ\/hqdefault.jpg",
                "thumb_width": 480,
                "thumb_height": 360,
                "video_html": "<iframe width=\"400\" height=\"225\" src=\"https:\/\/www.youtube.com\/embed\/aT2hrdsqOKQ?feature=oembed&autoplay=1&iv_load_policy=3\" frameborder=\"0\" allow=\"accelerometer; autoplay; clipboard-write; encrypted-media; gyroscope; picture-in-picture\" allowfullscreen title=\"Bruce-Davis Improvisation Excerpt\"><\/iframe>",
                "video_html_width": 400,
                "video_html_height": 225,
                "service_icon": "https:\/\/a.slack-edge.com\/80588\/img\/unfurl_icons\/youtube.png",
                "id": 1,
                "original_url": "https:\/\/youtu.be\/aT2hrdsqOKQ",
                "fallback": "YouTube Video: Bruce-Davis Improvisation Excerpt",
                "title": "Bruce-Davis Improvisation Excerpt",
                "title_link": "https:\/\/youtu.be\/aT2hrdsqOKQ",
                "author_name": "Tommy Davis",
                "author_link": "https:\/\/www.youtube.com\/c\/TommyDavisSax",
                "service_name": "YouTube",
                "service_url": "https:\/\/www.youtube.com\/"
            }
        ],
        "reactions": [
            {
                "name": "heart",
                "users": [
                    "U01APBW5N2J"
                ],
                "count": 1
            }
        ]
    },
    {
        "type": "message",
        "subtype": "channel_join",
        "ts": "1667936486.305939",
        "user": "UJCU8BAAW",
        "text": "<@UJCU8BAAW> has joined the channel",
        "inviter": "U041WFL2TV2"
    }
]