[
    {
        "type": "message",
        "subtype": "channel_join",
        "ts": "1664566646.998769",
        "user": "U041WFL2TV2",
        "text": "<@U041WFL2TV2> has joined the channel"
    },
    {
        "type": "message",
        "subtype": "channel_join",
        "ts": "1664566667.061089",
        "user": "UK4BP4NH2",
        "text": "<@UK4BP4NH2> has joined the channel",
        "inviter": "U041WFL2TV2"
    },
    {
        "type": "message",
        "subtype": "channel_join",
        "ts": "1664566667.172759",
        "user": "U01APBW5N2J",
        "text": "<@U01APBW5N2J> has joined the channel",
        "inviter": "U041WFL2TV2"
    },
    {
        "type": "message",
        "subtype": "channel_join",
        "ts": "1664566667.242999",
        "user": "U041P8P3P8R",
        "text": "<@U041P8P3P8R> has joined the channel",
        "inviter": "U041WFL2TV2"
    },
    {
        "type": "message",
        "subtype": "channel_join",
        "ts": "1664566701.983759",
        "user": "U03RKAGLHTP",
        "text": "<@U03RKAGLHTP> has joined the channel",
        "inviter": "U01APBW5N2J"
    },
    {
        "type": "message",
        "subtype": "channel_join",
        "ts": "1664566702.050319",
        "user": "UKGLCA1GS",
        "text": "<@UKGLCA1GS> has joined the channel",
        "inviter": "U01APBW5N2J"
    },
    {
        "client_msg_id": "8025237a-f2f4-4abd-bcd8-365764abd4fd",
        "type": "message",
        "text": ":+1:",
        "user": "UKGLCA1GS",
        "ts": "1664566741.031679",
        "blocks": [
            {
                "type": "rich_text",
                "block_id": "InVX",
                "elements": [
                    {
                        "type": "rich_text_section",
                        "elements": [
                            {
                                "type": "emoji",
                                "name": "+1",
                                "unicode": "1f44d"
                            }
                        ]
                    }
                ]
            }
        ],
        "team": "TJPN85XRA",
        "user_team": "TJPN85XRA",
        "source_team": "TJPN85XRA",
        "user_profile": {
            "avatar_hash": "82cc3b048607",
            "image_72": "https:\/\/avatars.slack-edge.com\/2022-07-25\/3850040330500_82cc3b048607f33add6e_72.jpg",
            "first_name": "",
            "real_name": "Marcelo Wanderley",
            "display_name": "Marcelo Wanderley",
            "team": "TJPN85XRA",
            "name": "marcelo.wanderley",
            "is_restricted": false,
            "is_ultra_restricted": false
        }
    },
    {
        "type": "message",
        "subtype": "channel_join",
        "ts": "1664566779.512429",
        "user": "U03KSGRRF5F",
        "text": "<@U03KSGRRF5F> has joined the channel"
    },
    {
        "client_msg_id": "33b12f00-52b7-4fdb-a4cd-19f0fab51954",
        "type": "message",
        "text": "Hi All,\nUpdating this channel with some recent media of the eTube:\nNIME 2022: <https:\/\/youtu.be\/TN8i9gqPuKc>\nMetacreation Lab Residency: <https:\/\/youtu.be\/TN8i9gqPuKc>\nMore to come!",
        "user": "U041WFL2TV2",
        "ts": "1664566784.745789",
        "blocks": [
            {
                "type": "rich_text",
                "block_id": "t18",
                "elements": [
                    {
                        "type": "rich_text_section",
                        "elements": [
                            {
                                "type": "text",
                                "text": "Hi All,\nUpdating this channel with some recent media of the eTube:\nNIME 2022: "
                            },
                            {
                                "type": "link",
                                "url": "https:\/\/youtu.be\/TN8i9gqPuKc"
                            },
                            {
                                "type": "text",
                                "text": "\nMetacreation Lab Residency: "
                            },
                            {
                                "type": "link",
                                "url": "https:\/\/youtu.be\/TN8i9gqPuKc"
                            },
                            {
                                "type": "text",
                                "text": "\nMore to come!"
                            }
                        ]
                    }
                ]
            }
        ],
        "team": "TJPN85XRA",
        "user_team": "TJPN85XRA",
        "source_team": "TJPN85XRA",
        "user_profile": {
            "avatar_hash": "g3815bfaab6e",
            "image_72": "https:\/\/secure.gravatar.com\/avatar\/3815bfaab6e520e9fa928d67f6c403cc.jpg?s=72&d=https%3A%2F%2Fa.slack-edge.com%2Fdf10d%2Fimg%2Favatars%2Fava_0003-72.png",
            "first_name": "Tommy",
            "real_name": "Tommy Davis",
            "display_name": "Tommy Davis",
            "team": "TJPN85XRA",
            "name": "tommydavis295",
            "is_restricted": false,
            "is_ultra_restricted": false
        }
    }
]