[
    {
        "client_msg_id": "0e2413d1-f5c6-40ec-8678-40d1e8c88f27",
        "type": "message",
        "text": "<https:\/\/youtu.be\/nbHG0cFNafs>",
        "user": "U041WFL2TV2",
        "ts": "1665253894.545379",
        "blocks": [
            {
                "type": "rich_text",
                "block_id": "xrPbG",
                "elements": [
                    {
                        "type": "rich_text_section",
                        "elements": [
                            {
                                "type": "link",
                                "url": "https:\/\/youtu.be\/nbHG0cFNafs"
                            }
                        ]
                    }
                ]
            }
        ],
        "team": "TJPN85XRA",
        "user_team": "TJPN85XRA",
        "source_team": "TJPN85XRA",
        "user_profile": {
            "avatar_hash": "g3815bfaab6e",
            "image_72": "https:\/\/secure.gravatar.com\/avatar\/3815bfaab6e520e9fa928d67f6c403cc.jpg?s=72&d=https%3A%2F%2Fa.slack-edge.com%2Fdf10d%2Fimg%2Favatars%2Fava_0003-72.png",
            "first_name": "Tommy",
            "real_name": "Tommy Davis",
            "display_name": "Tommy Davis",
            "team": "TJPN85XRA",
            "name": "tommydavis295",
            "is_restricted": false,
            "is_ultra_restricted": false
        },
        "attachments": [
            {
                "from_url": "https:\/\/youtu.be\/nbHG0cFNafs",
                "thumb_url": "https:\/\/i.ytimg.com\/vi\/nbHG0cFNafs\/hqdefault.jpg",
                "thumb_width": 480,
                "thumb_height": 360,
                "video_html": "<iframe width=\"400\" height=\"225\" src=\"https:\/\/www.youtube.com\/embed\/nbHG0cFNafs?feature=oembed&autoplay=1&iv_load_policy=3\" frameborder=\"0\" allow=\"accelerometer; autoplay; clipboard-write; encrypted-media; gyroscope; picture-in-picture\" allowfullscreen title=\"eTube – Spire Muse Sessions | Take 6\"><\/iframe>",
                "video_html_width": 400,
                "video_html_height": 225,
                "service_icon": "https:\/\/a.slack-edge.com\/80588\/img\/unfurl_icons\/youtube.png",
                "id": 1,
                "original_url": "https:\/\/youtu.be\/nbHG0cFNafs",
                "fallback": "YouTube Video: eTube – Spire Muse Sessions | Take 6",
                "title": "eTube – Spire Muse Sessions | Take 6",
                "title_link": "https:\/\/youtu.be\/nbHG0cFNafs",
                "author_name": "Tommy Davis",
                "author_link": "https:\/\/www.youtube.com\/c\/TommyDavisSax",
                "service_name": "YouTube",
                "service_url": "https:\/\/www.youtube.com\/"
            }
        ],
        "reactions": [
            {
                "name": "test_tube",
                "users": [
                    "U01APBW5N2J"
                ],
                "count": 1
            }
        ]
    }
]