[
    {
        "client_msg_id": "9d8ba806-b863-4bbb-85a9-4ad52613022d",
        "type": "message",
        "text": "I've made a private repo with our current patches for the upcoming show, plus the package of dependencies I got from <@UK4BP4NH2> (without Spat5, as that library is over 1GB)\n\nLet me know if you want access! It's more so private due to the licences on the dependencies than the performance patches. I can always make a slimmer repo down the road for publishing via the idmil organization",
        "user": "U01APBW5N2J",
        "ts": "1665611315.402859",
        "blocks": [
            {
                "type": "rich_text",
                "block_id": "yDcm",
                "elements": [
                    {
                        "type": "rich_text_section",
                        "elements": [
                            {
                                "type": "text",
                                "text": "I've made a private repo with our current patches for the upcoming show, plus the package of dependencies I got from "
                            },
                            {
                                "type": "user",
                                "user_id": "UK4BP4NH2"
                            },
                            {
                                "type": "text",
                                "text": " (without Spat5, as that library is over 1GB)\n\nLet me know if you want access! It's more so private due to the licences on the dependencies than the performance patches. I can always make a slimmer repo down the road for publishing via the idmil organization"
                            }
                        ]
                    }
                ]
            }
        ],
        "team": "TJPN85XRA",
        "user_team": "TJPN85XRA",
        "source_team": "TJPN85XRA",
        "user_profile": {
            "avatar_hash": "fe0a901d9daf",
            "image_72": "https:\/\/avatars.slack-edge.com\/2020-09-17\/1355731656631_fe0a901d9daf26440442_72.png",
            "first_name": "",
            "real_name": "Kasey Pocius",
            "display_name": "Kasey Pocius",
            "team": "TJPN85XRA",
            "name": "kaseypocius",
            "is_restricted": false,
            "is_ultra_restricted": false
        }
    }
]