[
    {
        "client_msg_id": "a0925bd2-85e8-4bf6-bde3-42a9e6f5cc2b",
        "type": "message",
        "text": "<https:\/\/mcgillmusic.tuxedobillet.com\/main\/livecirmmt_122022>\n\ngrab your tickets for live@cirmmt!",
        "user": "U01APBW5N2J",
        "ts": "1669734690.676419",
        "blocks": [
            {
                "type": "rich_text",
                "block_id": "TMN",
                "elements": [
                    {
                        "type": "rich_text_section",
                        "elements": [
                            {
                                "type": "link",
                                "url": "https:\/\/mcgillmusic.tuxedobillet.com\/main\/livecirmmt_122022"
                            },
                            {
                                "type": "text",
                                "text": "\n\ngrab your tickets for live@cirmmt!"
                            }
                        ]
                    }
                ]
            }
        ],
        "team": "TJPN85XRA",
        "user_team": "TJPN85XRA",
        "source_team": "TJPN85XRA",
        "user_profile": {
            "avatar_hash": "fe0a901d9daf",
            "image_72": "https:\/\/avatars.slack-edge.com\/2020-09-17\/1355731656631_fe0a901d9daf26440442_72.png",
            "first_name": "",
            "real_name": "Kasey Pocius",
            "display_name": "Kasey Pocius",
            "team": "TJPN85XRA",
            "name": "kaseypocius",
            "is_restricted": false,
            "is_ultra_restricted": false
        }
    }
]