[
    {
        "client_msg_id": "0cece4fa-67d8-4107-9da1-2ef6f51f8325",
        "type": "message",
        "text": "<https:\/\/codesdacces.org\/evenement\/coda-2022-echanges\/>\n\nupcoming info for the etube show on the 18th!",
        "user": "U01APBW5N2J",
        "ts": "1665426824.463519",
        "blocks": [
            {
                "type": "rich_text",
                "block_id": "lYYpF",
                "elements": [
                    {
                        "type": "rich_text_section",
                        "elements": [
                            {
                                "type": "link",
                                "url": "https:\/\/codesdacces.org\/evenement\/coda-2022-echanges\/"
                            },
                            {
                                "type": "text",
                                "text": "\n\nupcoming info for the etube show on the 18th!"
                            }
                        ]
                    }
                ]
            }
        ],
        "team": "TJPN85XRA",
        "user_team": "TJPN85XRA",
        "source_team": "TJPN85XRA",
        "user_profile": {
            "avatar_hash": "fe0a901d9daf",
            "image_72": "https:\/\/avatars.slack-edge.com\/2020-09-17\/1355731656631_fe0a901d9daf26440442_72.png",
            "first_name": "",
            "real_name": "Kasey Pocius",
            "display_name": "Kasey Pocius",
            "team": "TJPN85XRA",
            "name": "kaseypocius",
            "is_restricted": false,
            "is_ultra_restricted": false
        },
        "attachments": [
            {
                "from_url": "https:\/\/codesdacces.org\/evenement\/coda-2022-echanges\/",
                "image_url": "https:\/\/codesdacces.org\/wp-content\/uploads\/2022\/09\/Coda_01.png",
                "image_width": 714,
                "image_height": 250,
                "image_bytes": 148493,
                "service_icon": "https:\/\/codesdacces.org\/wp-content\/uploads\/2020\/11\/Favicon_Cda2020.png",
                "id": 1,
                "original_url": "https:\/\/codesdacces.org\/evenement\/coda-2022-echanges\/",
                "fallback": "Codes d'accès: Cod'a 2022 : Échanges - Codes d'accès",
                "text": "Cod'a 2022 : Échanges Codes d’accès entame sa programmation 2022-2023 avec une cohorte d’artistes émergent·es aux pratiques contrastées et aventureuses. Réunis par des motivations communes, ces compositrices, compositeurs et interprètes transforment le paysage de la musique de création à travers leurs recherches et leurs réflexions. Une heure de",
                "title": "Cod'a 2022 : Échanges - Codes d'accès",
                "title_link": "https:\/\/codesdacces.org\/evenement\/coda-2022-echanges\/",
                "service_name": "Codes d'accès",
                "fields": [
                    {
                        "value": "37 minutes",
                        "title": "Estimation du temps de lecture",
                        "short": true
                    }
                ]
            }
        ],
        "thread_ts": "1665426824.463519",
        "reply_count": 1,
        "reply_users_count": 1,
        "latest_reply": "1665426837.125909",
        "reply_users": [
            "U01APBW5N2J"
        ],
        "replies": [
            {
                "user": "U01APBW5N2J",
                "ts": "1665426837.125909"
            }
        ],
        "is_locked": false,
        "subscribed": false,
        "reactions": [
            {
                "name": "raised_hands",
                "users": [
                    "UK4BP4NH2"
                ],
                "count": 1
            }
        ]
    },
    {
        "client_msg_id": "2abb7dfa-1c12-4182-b330-6020c49a46b4",
        "type": "message",
        "text": "<https:\/\/lepointdevente.com\/billets\/coda2022echanges>\n\npurchase tickets",
        "user": "U01APBW5N2J",
        "ts": "1665426837.125909",
        "blocks": [
            {
                "type": "rich_text",
                "block_id": "FJ1",
                "elements": [
                    {
                        "type": "rich_text_section",
                        "elements": [
                            {
                                "type": "link",
                                "url": "https:\/\/lepointdevente.com\/billets\/coda2022echanges"
                            },
                            {
                                "type": "text",
                                "text": "\n\npurchase tickets"
                            }
                        ]
                    }
                ]
            }
        ],
        "team": "TJPN85XRA",
        "user_team": "TJPN85XRA",
        "source_team": "TJPN85XRA",
        "user_profile": {
            "avatar_hash": "fe0a901d9daf",
            "image_72": "https:\/\/avatars.slack-edge.com\/2020-09-17\/1355731656631_fe0a901d9daf26440442_72.png",
            "first_name": "",
            "real_name": "Kasey Pocius",
            "display_name": "Kasey Pocius",
            "team": "TJPN85XRA",
            "name": "kaseypocius",
            "is_restricted": false,
            "is_ultra_restricted": false
        },
        "attachments": [
            {
                "from_url": "https:\/\/lepointdevente.com\/billets\/coda2022echanges",
                "image_url": "https:\/\/tpos.s3.amazonaws.com\/events\/SEW\/22\/09\/12\/001\/sew220912001-1152x648-fr-631ff931.png",
                "image_width": 444,
                "image_height": 250,
                "image_bytes": 47828,
                "service_icon": "http:\/\/cdn.lepointdevente.com\/themes\/tpos\/favicon-en-5f32b555.png",
                "id": 1,
                "original_url": "https:\/\/lepointdevente.com\/billets\/coda2022echanges",
                "fallback": "Codes d'accès présente Cod'a 2022 : Échanges - 18 octobre 2022 - Eastern Bloc, Montréal, QC - Lepointdevente.com",
                "text": "Codes d’accès entame sa programmation 2022-2023 avec une cohorte d’artistes émergent·es aux pratiques contrastées et aventureuses. Réunis par des motivations communes, ces compositrices, compositeurs et interprètes transforment le paysage de la musique de création à travers leurs recherches et leurs réflexions. Une heure de création, emplie d'œuvres inédites et récentes, pour stimuler les oreilles attentives. Gabo Champagne met en scène un·e protagoniste confronté·e au conformisme de la vie sociale. À la trompette, l’interprète Émilie Fortin se voit assaillie par un bourreau anonyme, symbole de violence et d’une répression collective envers la non-binarité. Gabo Champagne sera de retour pour clore la saison 2022-2023 avec la création de Naissances, une œuvre lyrique imposante rassemblant sept interprètes, électronique spatialisée et conception d’éclairage. Tommy Davis, Vincent Cusson et Kasey Pocius réalisent ensemble un travail de lutherie et de création musicale hors du commun. Le eTube consiste en un tube de plastique flexible muni d’une embouchure de saxophone et d’un système de contrôle électronique. L’interprète de cet instrument inusité est amené à improviser aux côtés d’une intelligence artificielle. Finalement, Codes d’accès est fier de présenter tikill de Philippe Macnab-Séguin, une pièce pour violon, violoncelle et piano portant sur « l'espace inconfortable entre l'humour et le désespoir ». L’œuvre fut sélectionnée par le comité artistique de Codes d’accès dans le cadre d’un partenariat avec le Vivier InterUniversitaire, alors que sa création avait lieu en mars 2022. Cod’a est présenté à la Galerie Eastern Bloc dans un contexte festif, ouvert aux discussions et aux échanges. Les pièces sont séparées par des pauses afin de permettre au public de rencontrer les artistes à la suite de leurs performances. Service de breuvage au bar. Avec la participation de Gabo Champagne (composition), Émilie Fortin (trompette), Tommy Davis (eTube et composition), Vincent Cusson (ingénierie musical), Kasey Pocius (ingénierie musical), Philippe Macnab-Séguin (composition), Jeanne Côté (violon), Audréanne Filion (violoncelle) et Paul Çelebi (piano). Programme : Gabo CHAMPAGNE : [X], pour trompette solo (12’). 2022. Canada. Première Tommy DAVIS, Kaseu POCIUS &amp; Vincent CUSSON : Etu{d,b}e, improvisation libre pour eTube (12’). Canada. Première Philippe MACNAB-SÉGUIN : tikill, pour violon, violoncelle et piano (10’). Canada. Reprise",
                "title": "Codes d'accès présente Cod'a 2022 : Échanges - 18 octobre 2022 - Eastern Bloc, Montréal, QC - Lepointdevente.com",
                "title_link": "https:\/\/lepointdevente.com\/billets\/coda2022echanges",
                "service_name": "lepointdevente.com"
            }
        ],
        "thread_ts": "1665426824.463519",
        "parent_user_id": "U01APBW5N2J"
    }
]