[
    {
        "client_msg_id": "84d64354-9833-48f5-997d-c8c62b880c52",
        "type": "message",
        "text": "<https:\/\/www.mcgill.ca\/music\/channels\/event\/doctoral-lecture-recital-tommy-davis-saxophone-343602>\n\nHappy to say our run through for the saxophone undergrad class went very well today! Come join us in person for the public presentation next Saturday!",
        "user": "U01APBW5N2J",
        "ts": "1679099895.135299",
        "blocks": [
            {
                "type": "rich_text",
                "block_id": "ss\/xX",
                "elements": [
                    {
                        "type": "rich_text_section",
                        "elements": [
                            {
                                "type": "link",
                                "url": "https:\/\/www.mcgill.ca\/music\/channels\/event\/doctoral-lecture-recital-tommy-davis-saxophone-343602"
                            },
                            {
                                "type": "text",
                                "text": "\n\nHappy to say our run through for the saxophone undergrad class went very well today! Come join us in person for the public presentation next Saturday!"
                            }
                        ]
                    }
                ]
            }
        ],
        "team": "TJPN85XRA",
        "user_team": "TJPN85XRA",
        "source_team": "TJPN85XRA",
        "user_profile": {
            "avatar_hash": "fe0a901d9daf",
            "image_72": "https:\/\/avatars.slack-edge.com\/2020-09-17\/1355731656631_fe0a901d9daf26440442_72.png",
            "first_name": "",
            "real_name": "Kasey Pocius",
            "display_name": "Kasey Pocius",
            "team": "TJPN85XRA",
            "name": "kaseypocius",
            "is_restricted": false,
            "is_ultra_restricted": false
        },
        "attachments": [
            {
                "image_url": "https:\/\/www.mcgill.ca\/music\/files\/music\/styles\/wysiwyg_large\/public\/channels\/bio\/f-59-152-16411006_1axc6obn_tommy_davis_photo.jpg?itok=kPW1KbWE",
                "image_width": 320,
                "image_height": 240,
                "image_bytes": 41041,
                "from_url": "https:\/\/www.mcgill.ca\/music\/channels\/event\/doctoral-lecture-recital-tommy-davis-saxophone-343602",
                "service_icon": "https:\/\/www.mcgill.ca\/favicon.ico",
                "id": 1,
                "original_url": "https:\/\/www.mcgill.ca\/music\/channels\/event\/doctoral-lecture-recital-tommy-davis-saxophone-343602",
                "fallback": "Music: Doctoral Lecture Recital: Tommy Davis, saxophone",
                "text": "Find out more about attending events at Schulich",
                "title": "Doctoral Lecture Recital: Tommy Davis, saxophone",
                "title_link": "https:\/\/www.mcgill.ca\/music\/channels\/event\/doctoral-lecture-recital-tommy-davis-saxophone-343602",
                "service_name": "Music"
            }
        ]
    }
]