[
    {
        "client_msg_id": "640955b3-6c66-439d-9298-0bfee9641571",
        "type": "message",
        "text": "<https:\/\/sites.harvard.edu\/instruments-interfaces-infrastructures\/>\n\ninfo about the conference me and <@U041WFL2TV2> will be attending this week, for those interested",
        "user": "U01APBW5N2J",
        "ts": "1683643103.668549",
        "blocks": [
            {
                "type": "rich_text",
                "block_id": "pVhi",
                "elements": [
                    {
                        "type": "rich_text_section",
                        "elements": [
                            {
                                "type": "link",
                                "url": "https:\/\/sites.harvard.edu\/instruments-interfaces-infrastructures\/"
                            },
                            {
                                "type": "text",
                                "text": "\n\ninfo about the conference me and "
                            },
                            {
                                "type": "user",
                                "user_id": "U041WFL2TV2"
                            },
                            {
                                "type": "text",
                                "text": " will be attending this week, for those interested"
                            }
                        ]
                    }
                ]
            }
        ],
        "team": "TJPN85XRA",
        "user_team": "TJPN85XRA",
        "source_team": "TJPN85XRA",
        "user_profile": {
            "avatar_hash": "fe0a901d9daf",
            "image_72": "https:\/\/avatars.slack-edge.com\/2020-09-17\/1355731656631_fe0a901d9daf26440442_72.png",
            "first_name": "",
            "real_name": "Kasey Pocius",
            "display_name": "Kasey Pocius",
            "team": "TJPN85XRA",
            "name": "kaseypocius",
            "is_restricted": false,
            "is_ultra_restricted": false
        },
        "attachments": [
            {
                "from_url": "https:\/\/sites.harvard.edu\/instruments-interfaces-infrastructures\/",
                "id": 1,
                "original_url": "https:\/\/sites.harvard.edu\/instruments-interfaces-infrastructures\/",
                "fallback": "Instruments, Interfaces, Infrastructures: An Interdisciplinary Conference on Musical Media: Conference Program",
                "text": "May 11 – 13, 2023 @ Harvard University Department of Music Come join us for three days of research papers, panel discussions, creative workshops, concerts, and sound installations to be held at various venues on Harvard’s campus in Cambridge, MA, including the Music Building, Holden Chapel, Yenching Auditorium, and Queen’s Head Pub. CLICK ON THE...",
                "title": "Conference Program",
                "title_link": "https:\/\/sites.harvard.edu\/instruments-interfaces-infrastructures\/",
                "service_name": "Instruments, Interfaces, Infrastructures: An Interdisciplinary Conference on Musical Media"
            }
        ],
        "reactions": [
            {
                "name": "sunglasses",
                "users": [
                    "UK4BP4NH2"
                ],
                "count": 1
            }
        ]
    }
]