[
    {
        "client_msg_id": "0dd37a58-1bea-4e81-8a54-05945880b8e2",
        "type": "message",
        "text": "Good morning and sorry for the delayed answer\n\n1. Did you changed using the script (<https:\/\/github.com\/Puara\/MPU\/blob\/main\/scripts\/rename_mpu.sh|rename_mpu.sh>)? You can type `.\/rename_mpu.sh 100` to change it to MPU100. Also, please make sure the script version is up to date (`git pull`) and you need to reboot the machine after changing the name\n2. The rename_mpu.sh can be used for that. You can modily the sed commands on lines 41-49 , or run each of them manually to replace the MPU name globaly. Alternatively, you can manually edit the files pointed in those lines and replace MPUXXX to any name you want.\nIt might be a good idea to upgrade this script and allow users to replace the full name rather than just the MPU's ID (we will need to tweak a bit with the regex expressions) to match the required lines and replace them with the given variables)",
        "user": "UJCU8BAAW",
        "ts": "1668696816.511079",
        "blocks": [
            {
                "type": "rich_text",
                "block_id": "B5I\/=",
                "elements": [
                    {
                        "type": "rich_text_section",
                        "elements": [
                            {
                                "type": "text",
                                "text": "Good morning and sorry for the delayed answer\n\n"
                            }
                        ]
                    },
                    {
                        "type": "rich_text_list",
                        "elements": [
                            {
                                "type": "rich_text_section",
                                "elements": [
                                    {
                                        "type": "text",
                                        "text": "Did you changed using the script ("
                                    },
                                    {
                                        "type": "link",
                                        "url": "https:\/\/github.com\/Puara\/MPU\/blob\/main\/scripts\/rename_mpu.sh",
                                        "text": "rename_mpu.sh"
                                    },
                                    {
                                        "type": "text",
                                        "text": ")? You can type "
                                    },
                                    {
                                        "type": "text",
                                        "text": ".\/rename_mpu.sh 100",
                                        "style": {
                                            "code": true
                                        }
                                    },
                                    {
                                        "type": "text",
                                        "text": " to change it to MPU100. Also, please make sure the script version is up to date ("
                                    },
                                    {
                                        "type": "text",
                                        "text": "git pull",
                                        "style": {
                                            "code": true
                                        }
                                    },
                                    {
                                        "type": "text",
                                        "text": ") and you need to reboot the machine after changing the name"
                                    }
                                ]
                            },
                            {
                                "type": "rich_text_section",
                                "elements": [
                                    {
                                        "type": "text",
                                        "text": "The rename_mpu.sh can be used for that. You can modily the sed commands on lines 41-49 , or run each of them manually to replace the MPU name globaly. Alternatively, you can manually edit the files pointed in those lines and replace MPUXXX to any name you want."
                                    }
                                ]
                            }
                        ],
                        "style": "ordered",
                        "indent": 0,
                        "border": 0
                    },
                    {
                        "type": "rich_text_section",
                        "elements": [
                            {
                                "type": "text",
                                "text": "\nIt might be a good idea to upgrade this script and allow users to replace the full name rather than just the MPU's ID (we will need to tweak a bit with the regex expressions) to match the required lines and replace them with the given variables)"
                            }
                        ]
                    }
                ]
            }
        ],
        "team": "TJPN85XRA",
        "user_team": "TJPN85XRA",
        "source_team": "TJPN85XRA",
        "user_profile": {
            "avatar_hash": "d49c462f5537",
            "image_72": "https:\/\/avatars.slack-edge.com\/2021-06-14\/2154581376263_d49c462f5537edde8dbb_72.jpg",
            "first_name": "Edu",
            "real_name": "Edu Meneses",
            "display_name": "Edu Meneses",
            "team": "TJPN85XRA",
            "name": "eduardo.meneses",
            "is_restricted": false,
            "is_ultra_restricted": false
        }
    },
    {
        "client_msg_id": "66290145-a508-4a50-a028-528fcfd253a5",
        "type": "message",
        "text": "Oh I didn't see that script, thanks! I renamed it using `raspi-config`",
        "user": "U029MNKJ0DR",
        "ts": "1668709988.884919",
        "blocks": [
            {
                "type": "rich_text",
                "block_id": "k8hF",
                "elements": [
                    {
                        "type": "rich_text_section",
                        "elements": [
                            {
                                "type": "text",
                                "text": "Oh I didn't see that script, thanks! I renamed it using "
                            },
                            {
                                "type": "text",
                                "text": "raspi-config",
                                "style": {
                                    "code": true
                                }
                            }
                        ]
                    }
                ]
            }
        ],
        "team": "TJPN85XRA",
        "user_team": "TJPN85XRA",
        "source_team": "TJPN85XRA",
        "user_profile": {
            "avatar_hash": "f350669b1e49",
            "image_72": "https:\/\/avatars.slack-edge.com\/2021-07-29\/2324539512645_f350669b1e496193ea11_72.jpg",
            "first_name": "",
            "real_name": "Paul Buser",
            "display_name": "Paul Buser",
            "team": "TJPN85XRA",
            "name": "buser.paul",
            "is_restricted": false,
            "is_ultra_restricted": false
        },
        "reactions": [
            {
                "name": "+1::skin-tone-5",
                "users": [
                    "UJCU8BAAW"
                ],
                "count": 1
            }
        ]
    },
    {
        "client_msg_id": "1cb8e998-4df8-4b35-9d80-3b58538453a4",
        "type": "message",
        "text": "Yeah, I think any hostname would be nice, but that does complicate changing the ID",
        "user": "U029MNKJ0DR",
        "ts": "1668710019.463079",
        "blocks": [
            {
                "type": "rich_text",
                "block_id": "NBI",
                "elements": [
                    {
                        "type": "rich_text_section",
                        "elements": [
                            {
                                "type": "text",
                                "text": "Yeah, I think any hostname would be nice, but that does complicate changing the ID"
                            }
                        ]
                    }
                ]
            }
        ],
        "team": "TJPN85XRA",
        "user_team": "TJPN85XRA",
        "source_team": "TJPN85XRA",
        "user_profile": {
            "avatar_hash": "f350669b1e49",
            "image_72": "https:\/\/avatars.slack-edge.com\/2021-07-29\/2324539512645_f350669b1e496193ea11_72.jpg",
            "first_name": "",
            "real_name": "Paul Buser",
            "display_name": "Paul Buser",
            "team": "TJPN85XRA",
            "name": "buser.paul",
            "is_restricted": false,
            "is_ultra_restricted": false
        }
    },
    {
        "client_msg_id": "0af32f2f-3f77-48bd-980c-9f771620ef6e",
        "type": "message",
        "text": "We need an updated manual.....",
        "user": "UJCU8BAAW",
        "ts": "1668715346.565839",
        "blocks": [
            {
                "type": "rich_text",
                "block_id": "8iGEx",
                "elements": [
                    {
                        "type": "rich_text_section",
                        "elements": [
                            {
                                "type": "text",
                                "text": "We need an updated manual....."
                            }
                        ]
                    }
                ]
            }
        ],
        "team": "TJPN85XRA",
        "user_team": "TJPN85XRA",
        "source_team": "TJPN85XRA",
        "user_profile": {
            "avatar_hash": "d49c462f5537",
            "image_72": "https:\/\/avatars.slack-edge.com\/2021-06-14\/2154581376263_d49c462f5537edde8dbb_72.jpg",
            "first_name": "Edu",
            "real_name": "Edu Meneses",
            "display_name": "Edu Meneses",
            "team": "TJPN85XRA",
            "name": "eduardo.meneses",
            "is_restricted": false,
            "is_ultra_restricted": false
        },
        "reactions": [
            {
                "name": "+1",
                "users": [
                    "U01APBW5N2J"
                ],
                "count": 1
            }
        ]
    }
]