[
    {
        "client_msg_id": "fca0df59-ab41-4938-9a82-04e8961d61ea",
        "type": "message",
        "text": "<@UJCU8BAAW> A couple questions: 1. I changed the hostname of the MPU, but it still says `(MPU001)` in the lower-right corner of the screen. Any idea why?\n2. How can I tweak the name of the WiFi access point in a way that will be permanent between reboots?",
        "user": "U029MNKJ0DR",
        "ts": "1668631461.680419",
        "blocks": [
            {
                "type": "rich_text",
                "block_id": "TcpBN",
                "elements": [
                    {
                        "type": "rich_text_section",
                        "elements": [
                            {
                                "type": "user",
                                "user_id": "UJCU8BAAW"
                            },
                            {
                                "type": "text",
                                "text": " A couple questions: 1. I changed the hostname of the MPU, but it still says "
                            },
                            {
                                "type": "text",
                                "text": "(MPU001)",
                                "style": {
                                    "code": true
                                }
                            },
                            {
                                "type": "text",
                                "text": " in the lower-right corner of the screen. Any idea why?\n2. How can I tweak the name of the WiFi access point in a way that will be permanent between reboots?"
                            }
                        ]
                    }
                ]
            }
        ],
        "team": "TJPN85XRA",
        "user_team": "TJPN85XRA",
        "source_team": "TJPN85XRA",
        "user_profile": {
            "avatar_hash": "f350669b1e49",
            "image_72": "https:\/\/avatars.slack-edge.com\/2021-07-29\/2324539512645_f350669b1e496193ea11_72.jpg",
            "first_name": "",
            "real_name": "Paul Buser",
            "display_name": "Paul Buser",
            "team": "TJPN85XRA",
            "name": "buser.paul",
            "is_restricted": false,
            "is_ultra_restricted": false
        }
    }
]