[
    {
        "client_msg_id": "3debd3d1-7a5d-4c4a-a532-7c436401ca69",
        "type": "message",
        "text": "<@U029MNKJ0DR>, if you want to test the latest MPU image you can download directly at <https:\/\/gitlab.com\/sat-mtl\/distribution\/rpi-images\/-\/releases>",
        "user": "UJCU8BAAW",
        "ts": "1667580774.270729",
        "blocks": [
            {
                "type": "rich_text",
                "block_id": "FO0Sa",
                "elements": [
                    {
                        "type": "rich_text_section",
                        "elements": [
                            {
                                "type": "user",
                                "user_id": "U029MNKJ0DR"
                            },
                            {
                                "type": "text",
                                "text": ", if you want to test the latest MPU image you can download directly at "
                            },
                            {
                                "type": "link",
                                "url": "https:\/\/gitlab.com\/sat-mtl\/distribution\/rpi-images\/-\/releases"
                            }
                        ]
                    }
                ]
            }
        ],
        "team": "TJPN85XRA",
        "user_team": "TJPN85XRA",
        "source_team": "TJPN85XRA",
        "user_profile": {
            "avatar_hash": "d49c462f5537",
            "image_72": "https:\/\/avatars.slack-edge.com\/2021-06-14\/2154581376263_d49c462f5537edde8dbb_72.jpg",
            "first_name": "Edu",
            "real_name": "Edu Meneses",
            "display_name": "Edu Meneses",
            "team": "TJPN85XRA",
            "name": "eduardo.meneses",
            "is_restricted": false,
            "is_ultra_restricted": false
        }
    }
]