[
    {
        "type": "message",
        "subtype": "channel_join",
        "ts": "1667241124.399739",
        "user": "UJCU8BAAW",
        "text": "<@UJCU8BAAW> has joined the channel"
    },
    {
        "type": "message",
        "subtype": "channel_join",
        "ts": "1667241160.465419",
        "user": "U03JTLB9FSS",
        "text": "<@U03JTLB9FSS> has joined the channel",
        "inviter": "UJCU8BAAW"
    },
    {
        "type": "message",
        "subtype": "channel_join",
        "ts": "1667241160.713469",
        "user": "U029MNKJ0DR",
        "text": "<@U029MNKJ0DR> has joined the channel",
        "inviter": "UJCU8BAAW"
    },
    {
        "type": "message",
        "subtype": "channel_join",
        "ts": "1667241160.774119",
        "user": "U03JWS43U3H",
        "text": "<@U03JWS43U3H> has joined the channel",
        "inviter": "UJCU8BAAW"
    },
    {
        "type": "message",
        "subtype": "channel_join",
        "ts": "1667241160.841249",
        "user": "U01APBW5N2J",
        "text": "<@U01APBW5N2J> has joined the channel",
        "inviter": "UJCU8BAAW"
    },
    {
        "type": "message",
        "subtype": "channel_join",
        "ts": "1667241160.905479",
        "user": "U010TD4329M",
        "text": "<@U010TD4329M> has joined the channel",
        "inviter": "UJCU8BAAW"
    },
    {
        "type": "message",
        "subtype": "channel_join",
        "ts": "1667241160.972239",
        "user": "U010FMZRE4A",
        "text": "<@U010FMZRE4A> has joined the channel",
        "inviter": "UJCU8BAAW"
    },
    {
        "type": "message",
        "subtype": "channel_join",
        "ts": "1667241161.042579",
        "user": "U03NPGXF7GT",
        "text": "<@U03NPGXF7GT> has joined the channel",
        "inviter": "UJCU8BAAW"
    },
    {
        "client_msg_id": "197d2b7d-344f-4fe4-8149-c719bb5c9e48",
        "type": "message",
        "text": "Hello everyone,\n\nI updated the image for the MPU. The recipe is available at <https:\/\/github.com\/Puara\/MPU\/blob\/main\/building_instructions_os.md>. One just need to follow the steps until the <https:\/\/github.com\/Puara\/MPU\/blob\/main\/building_instructions_os.md#first-configuration|First Configuration> section and the SD will be configured automatically. Please let me know if\/when you're planning to use the MPU and I can provide support if needed.\n\nThe full image will be available ASAP at the Metalab fork : <https:\/\/gitlab.com\/sat-mtl\/distribution\/rpi-images\/-\/releases>. I'll release v0.12 to fix some issues we found last week (thanks <@U03JTLB9FSS> and <@U029MNKJ0DR>), so if you want to download the <https:\/\/gitlab.com\/api\/v4\/projects\/sat-mtl%2Fdistribution%2Frpi-images\/packages\/generic\/mpu_image\/0.11\/mpu_v0.11.img.gz|0.11 image> it will work but there's a manual fix to be done in the <https:\/\/gitlab.com\/sat-mtl\/distribution\/rpi-images\/-\/blob\/main\/building_instructions_os.md#set-supercollider-systemd-service|SuperCollider systemd service>.",
        "user": "UJCU8BAAW",
        "ts": "1667242972.818239",
        "blocks": [
            {
                "type": "rich_text",
                "block_id": "psU",
                "elements": [
                    {
                        "type": "rich_text_section",
                        "elements": [
                            {
                                "type": "text",
                                "text": "Hello everyone,\n\nI updated the image for the MPU. The recipe is available at "
                            },
                            {
                                "type": "link",
                                "url": "https:\/\/github.com\/Puara\/MPU\/blob\/main\/building_instructions_os.md"
                            },
                            {
                                "type": "text",
                                "text": ". One just need to follow the steps until the "
                            },
                            {
                                "type": "link",
                                "url": "https:\/\/github.com\/Puara\/MPU\/blob\/main\/building_instructions_os.md#first-configuration",
                                "text": "First Configuration"
                            },
                            {
                                "type": "text",
                                "text": " section and the SD will be configured automatically. Please let me know if\/when you're planning to use the MPU and I can provide support if needed.\n\nThe full image will be available ASAP at the Metalab fork : "
                            },
                            {
                                "type": "link",
                                "url": "https:\/\/gitlab.com\/sat-mtl\/distribution\/rpi-images\/-\/releases"
                            },
                            {
                                "type": "text",
                                "text": ". I'll release v0.12 to fix some issues we found last week (thanks "
                            },
                            {
                                "type": "user",
                                "user_id": "U03JTLB9FSS"
                            },
                            {
                                "type": "text",
                                "text": " and "
                            },
                            {
                                "type": "user",
                                "user_id": "U029MNKJ0DR"
                            },
                            {
                                "type": "text",
                                "text": "), so if you want to download the "
                            },
                            {
                                "type": "link",
                                "url": "https:\/\/gitlab.com\/api\/v4\/projects\/sat-mtl%2Fdistribution%2Frpi-images\/packages\/generic\/mpu_image\/0.11\/mpu_v0.11.img.gz",
                                "text": "0.11 image"
                            },
                            {
                                "type": "text",
                                "text": " it will work but there's a manual fix to be done in the "
                            },
                            {
                                "type": "link",
                                "url": "https:\/\/gitlab.com\/sat-mtl\/distribution\/rpi-images\/-\/blob\/main\/building_instructions_os.md#set-supercollider-systemd-service",
                                "text": "SuperCollider systemd service"
                            },
                            {
                                "type": "text",
                                "text": "."
                            }
                        ]
                    }
                ]
            }
        ],
        "team": "TJPN85XRA",
        "user_team": "TJPN85XRA",
        "source_team": "TJPN85XRA",
        "user_profile": {
            "avatar_hash": "d49c462f5537",
            "image_72": "https:\/\/avatars.slack-edge.com\/2021-06-14\/2154581376263_d49c462f5537edde8dbb_72.jpg",
            "first_name": "Edu",
            "real_name": "Edu Meneses",
            "display_name": "Edu Meneses",
            "team": "TJPN85XRA",
            "name": "eduardo.meneses",
            "is_restricted": false,
            "is_ultra_restricted": false
        }
    },
    {
        "client_msg_id": "14a648a7-e03d-48bd-ace1-cefe25fa2aef",
        "type": "message",
        "text": "Also, there are 2 MPUs at IDMIL (they need to be flashed: one of the newer black ones and the transparent one. The transparent MPU's microSD is hard to access. We need to open it up to flash it....",
        "user": "UJCU8BAAW",
        "ts": "1667243150.906119",
        "blocks": [
            {
                "type": "rich_text",
                "block_id": "2T9Y",
                "elements": [
                    {
                        "type": "rich_text_section",
                        "elements": [
                            {
                                "type": "text",
                                "text": "Also, there are 2 MPUs at IDMIL (they need to be flashed: one of the newer black ones and the transparent one. The transparent MPU's microSD is hard to access. We need to open it up to flash it...."
                            }
                        ]
                    }
                ]
            }
        ],
        "team": "TJPN85XRA",
        "user_team": "TJPN85XRA",
        "source_team": "TJPN85XRA",
        "user_profile": {
            "avatar_hash": "d49c462f5537",
            "image_72": "https:\/\/avatars.slack-edge.com\/2021-06-14\/2154581376263_d49c462f5537edde8dbb_72.jpg",
            "first_name": "Edu",
            "real_name": "Edu Meneses",
            "display_name": "Edu Meneses",
            "team": "TJPN85XRA",
            "name": "eduardo.meneses",
            "is_restricted": false,
            "is_ultra_restricted": false
        },
        "reactions": [
            {
                "name": "+1",
                "users": [
                    "U01APBW5N2J"
                ],
                "count": 1
            }
        ]
    }
]