[
    {
        "client_msg_id": "944d2f7d-5aed-484a-9823-275390a788db",
        "type": "message",
        "text": "<@UJCU8BAAW> have you checked out DietPi as a base image for the MPU? The DietPi-Automation section seems like it would be particularly useful for creating a reproducible build for the MPU: <https:\/\/dietpi.com\/docs\/usage\/#how-to-do-an-automatic-base-installation-at-first-boot-dietpi-automation>",
        "user": "U029MNKJ0DR",
        "ts": "1672869947.640799",
        "blocks": [
            {
                "type": "rich_text",
                "block_id": "amj",
                "elements": [
                    {
                        "type": "rich_text_section",
                        "elements": [
                            {
                                "type": "user",
                                "user_id": "UJCU8BAAW"
                            },
                            {
                                "type": "text",
                                "text": " have you checked out DietPi as a base image for the MPU? The DietPi-Automation section seems like it would be particularly useful for creating a reproducible build for the MPU: "
                            },
                            {
                                "type": "link",
                                "url": "https:\/\/dietpi.com\/docs\/usage\/#how-to-do-an-automatic-base-installation-at-first-boot-dietpi-automation"
                            }
                        ]
                    }
                ]
            }
        ],
        "team": "TJPN85XRA",
        "user_team": "TJPN85XRA",
        "source_team": "TJPN85XRA",
        "user_profile": {
            "avatar_hash": "f350669b1e49",
            "image_72": "https:\/\/avatars.slack-edge.com\/2021-07-29\/2324539512645_f350669b1e496193ea11_72.jpg",
            "first_name": "",
            "real_name": "Paul Buser",
            "display_name": "Paul Buser",
            "team": "TJPN85XRA",
            "name": "buser.paul",
            "is_restricted": false,
            "is_ultra_restricted": false
        },
        "attachments": [
            {
                "from_url": "https:\/\/dietpi.com\/docs\/usage\/#how-to-do-an-automatic-base-installation-at-first-boot-dietpi-automation",
                "thumb_url": "https:\/\/dietpi.com\/images\/dietpi-logo_720x720.png",
                "thumb_width": 720,
                "thumb_height": 720,
                "service_icon": "https:\/\/dietpi.com\/favicon.ico",
                "id": 1,
                "original_url": "https:\/\/dietpi.com\/docs\/usage\/#how-to-do-an-automatic-base-installation-at-first-boot-dietpi-automation",
                "fallback": "DietPi Documentation: DietPi.com Docs - Usage hints \/ HowTo",
                "text": "Miscellaneous usage hints and guides for the DietPi OS",
                "title": "DietPi.com Docs - Usage hints \/ HowTo",
                "title_link": "https:\/\/dietpi.com\/docs\/usage\/#how-to-do-an-automatic-base-installation-at-first-boot-dietpi-automation",
                "service_name": "DietPi Documentation"
            }
        ],
        "thread_ts": "1672869947.640799",
        "reply_count": 4,
        "reply_users_count": 2,
        "latest_reply": "1673020876.214459",
        "reply_users": [
            "UJCU8BAAW",
            "U029MNKJ0DR"
        ],
        "replies": [
            {
                "user": "UJCU8BAAW",
                "ts": "1672928718.046619"
            },
            {
                "user": "UJCU8BAAW",
                "ts": "1672928744.518999"
            },
            {
                "user": "U029MNKJ0DR",
                "ts": "1673020472.604149"
            },
            {
                "user": "UJCU8BAAW",
                "ts": "1673020876.214459"
            }
        ],
        "is_locked": false,
        "subscribed": false
    }
]