[
    {
        "client_msg_id": "7328eade-a22f-4bee-b7c8-8e3163b294c5",
        "type": "message",
        "text": "As a first-time i3 user, I found it a bit daunting. Once I learned how to do basic stuff, like open a terminal and launch an app, it was pretty straightforward",
        "user": "U029MNKJ0DR",
        "ts": "1673020472.604149",
        "blocks": [
            {
                "type": "rich_text",
                "block_id": "fhr",
                "elements": [
                    {
                        "type": "rich_text_section",
                        "elements": [
                            {
                                "type": "text",
                                "text": "As a first-time i3 user, I found it a bit daunting. Once I learned how to do basic stuff, like open a terminal and launch an app, it was pretty straightforward"
                            }
                        ]
                    }
                ]
            }
        ],
        "team": "TJPN85XRA",
        "user_team": "TJPN85XRA",
        "source_team": "TJPN85XRA",
        "user_profile": {
            "avatar_hash": "f350669b1e49",
            "image_72": "https:\/\/avatars.slack-edge.com\/2021-07-29\/2324539512645_f350669b1e496193ea11_72.jpg",
            "first_name": "",
            "real_name": "Paul Buser",
            "display_name": "Paul Buser",
            "team": "TJPN85XRA",
            "name": "buser.paul",
            "is_restricted": false,
            "is_ultra_restricted": false
        },
        "thread_ts": "1672869947.640799",
        "parent_user_id": "U029MNKJ0DR"
    },
    {
        "client_msg_id": "f2a6725e-e045-4f7a-a548-69312ef0d541",
        "type": "message",
        "text": "Ah. I choose i3 as it is easy to customize and it looks a bit tight (less like an OS more like an specific app) IMO.\n\nWe definitely need a quick start guide to teach the basic navigation though. I'm a bit out of time to dive into that but after the CIRMMT workshop and NIME submissions I might be able to spend some time cooking a manual",
        "user": "UJCU8BAAW",
        "ts": "1673020876.214459",
        "blocks": [
            {
                "type": "rich_text",
                "block_id": "9kRn",
                "elements": [
                    {
                        "type": "rich_text_section",
                        "elements": [
                            {
                                "type": "text",
                                "text": "Ah. I choose i3 as it is easy to customize and it looks a bit tight (less like an OS more like an specific app) IMO.\n\nWe definitely need a quick start guide to teach the basic navigation though. I'm a bit out of time to dive into that but after the CIRMMT workshop and NIME submissions I might be able to spend some time cooking a manual"
                            }
                        ]
                    }
                ]
            }
        ],
        "team": "TJPN85XRA",
        "user_team": "TJPN85XRA",
        "source_team": "TJPN85XRA",
        "user_profile": {
            "avatar_hash": "d49c462f5537",
            "image_72": "https:\/\/avatars.slack-edge.com\/2021-06-14\/2154581376263_d49c462f5537edde8dbb_72.jpg",
            "first_name": "Edu",
            "real_name": "Edu Meneses",
            "display_name": "Edu Meneses",
            "team": "TJPN85XRA",
            "name": "eduardo.meneses",
            "is_restricted": false,
            "is_ultra_restricted": false
        },
        "thread_ts": "1672869947.640799",
        "parent_user_id": "U029MNKJ0DR"
    }
]