[
    {
        "client_msg_id": "1cc8238b-0fcb-4fd4-a9b6-e7b022ebc9ce",
        "type": "message",
        "text": "Yes, it looks very interesting. Thanks for the link.\n\nThe current MPU image doesn't require automate build as it is already fully configured: <https:\/\/gitlab.com\/sat-mtl\/distribution\/MPU\/-\/releases>\n\nThomas Piquet (from Metalab) is checking the MPU recipe this week and we can maybe migrate to DietPi, but I guess this will require a lot of modifications in our current script to accommodate the differences between Debian and Raspberry OS. The goal now is to have the image generation automatized in our CI upon release.\n\nThere's currently a simple way to have a first-boot script in Raspbian OS by editing the `\/boot\/firstrun.sh` file after flashing the image, but the DietPi way seems more polished. The only thing I'd like to have is a first-boot wizard to rename the MPU.",
        "user": "UJCU8BAAW",
        "ts": "1672928718.046619",
        "blocks": [
            {
                "type": "rich_text",
                "block_id": "WJ8",
                "elements": [
                    {
                        "type": "rich_text_section",
                        "elements": [
                            {
                                "type": "text",
                                "text": "Yes, it looks very interesting. Thanks for the link.\n\nThe current MPU image doesn't require automate build as it is already fully configured: "
                            },
                            {
                                "type": "link",
                                "url": "https:\/\/gitlab.com\/sat-mtl\/distribution\/MPU\/-\/releases"
                            },
                            {
                                "type": "text",
                                "text": "\n\nThomas Piquet (from Metalab) is checking the MPU recipe this week and we can maybe migrate to DietPi, but I guess this will require a lot of modifications in our current script to accommodate the differences between Debian and Raspberry OS. The goal now is to have the image generation automatized in our CI upon release.\n\nThere's currently a simple way to have a first-boot script in Raspbian OS by editing the "
                            },
                            {
                                "type": "text",
                                "text": "\/boot\/firstrun.sh",
                                "style": {
                                    "code": true
                                }
                            },
                            {
                                "type": "text",
                                "text": " file after flashing the image, but the DietPi way seems more polished. The only thing I'd like to have is a first-boot wizard to rename the MPU."
                            }
                        ]
                    }
                ]
            }
        ],
        "team": "TJPN85XRA",
        "user_team": "TJPN85XRA",
        "source_team": "TJPN85XRA",
        "user_profile": {
            "avatar_hash": "d49c462f5537",
            "image_72": "https:\/\/avatars.slack-edge.com\/2021-06-14\/2154581376263_d49c462f5537edde8dbb_72.jpg",
            "first_name": "Edu",
            "real_name": "Edu Meneses",
            "display_name": "Edu Meneses",
            "team": "TJPN85XRA",
            "name": "eduardo.meneses",
            "is_restricted": false,
            "is_ultra_restricted": false
        },
        "thread_ts": "1672869947.640799",
        "parent_user_id": "U029MNKJ0DR"
    },
    {
        "client_msg_id": "4bb2ba0e-84d8-49d7-85c5-8e64e7f8b0d0",
        "type": "message",
        "text": "How's your experience with the i3wm installed in the current image?",
        "user": "UJCU8BAAW",
        "ts": "1672928744.518999",
        "blocks": [
            {
                "type": "rich_text",
                "block_id": "v4C",
                "elements": [
                    {
                        "type": "rich_text_section",
                        "elements": [
                            {
                                "type": "text",
                                "text": "How's your experience with the i3wm installed in the current image?"
                            }
                        ]
                    }
                ]
            }
        ],
        "team": "TJPN85XRA",
        "user_team": "TJPN85XRA",
        "source_team": "TJPN85XRA",
        "user_profile": {
            "avatar_hash": "d49c462f5537",
            "image_72": "https:\/\/avatars.slack-edge.com\/2021-06-14\/2154581376263_d49c462f5537edde8dbb_72.jpg",
            "first_name": "Edu",
            "real_name": "Edu Meneses",
            "display_name": "Edu Meneses",
            "team": "TJPN85XRA",
            "name": "eduardo.meneses",
            "is_restricted": false,
            "is_ultra_restricted": false
        },
        "thread_ts": "1672869947.640799",
        "parent_user_id": "U029MNKJ0DR"
    }
]