[
{
    "id": "CJCQJM8H1",
    "name": "general",
    "created": 1557926969,
    "creator": "UJQ7AKDA9",
    "is_archived": false,
    "is_general": true,
    "members": [
        "UJCU8BAAW",
        "UJQ7AKDA9",
        "UJQ9N9KA9",
        "UJR4DDS12",
        "UJSJMACMC",
        "UJU3WNL2J",
        "UK4BP4NH2",
        "UKE2C2H3M",
        "UKGLCA1GS",
        "UPDB2S11P",
        "U010APZC1EF",
        "U010CSG3LAE",
        "U010FMZRE4A",
        "U010R5CJBNH",
        "U010R67NTQC",
        "U010R75K620",
        "U010RBBBDK7",
        "U010RL30MTJ",
        "U010RL79NHW",
        "U010T8BES9L",
        "U010T8BJF7Y",
        "U010TD4329M",
        "U010VMNKLD6",
        "U0117KV340M",
        "U01APBW5N2J",
        "U01AW3YN7A6",
        "U01B29LEAE8",
        "U01CF20LRAM",
        "U029MNKJ0DR",
        "U03JTLB9FSS",
        "U03JWS43U3H",
        "U03KSGRRF5F",
        "U03M3TQP9J4",
        "U03M9JKPT5X",
        "U03N8B9NV7Z",
        "U03NPGXF7GT",
        "U03NRB57K60",
        "U03RKAGLHTP",
        "U041P8P3P8R",
        "U041WFL2TV2",
        "U04920VRM1S",
        "U04S9FVGL5R",
        "U04TQN6329W"
    ],
    "pins": [
        {
            "id": "1664992204.321429",
            "type": "C",
            "created": 1664992216,
            "user": "UJR4DDS12",
            "owner": "UJR4DDS12"
        },
        {
            "id": "1685458398.414459",
            "type": "C",
            "created": 1685458672,
            "user": "U03JWS43U3H",
            "owner": "U03JWS43U3H"
        }
    ],
    "topic": {
        "value": "Company-wide announcements and work-related matters",
        "creator": "UJQ7AKDA9",
        "last_set": 1557926969
    },
    "purpose": {
        "value": "This channel is for workspace-wide communication and announcements. All members are in this channel.",
        "creator": "UJQ7AKDA9",
        "last_set": 1557926969
    }
},
{
    "id": "CJCQJMBGB",
    "name": "random",
    "created": 1557926969,
    "creator": "UJQ7AKDA9",
    "is_archived": false,
    "is_general": false,
    "members": [
        "UJCU8BAAW",
        "UJQ7AKDA9",
        "UJQ9N9KA9",
        "UJR4DDS12",
        "UJSJMACMC",
        "UJU3WNL2J",
        "UK4BP4NH2",
        "UKE2C2H3M",
        "UKGLCA1GS",
        "UPDB2S11P",
        "U010APZC1EF",
        "U010CSG3LAE",
        "U010FMZRE4A",
        "U010R5CJBNH",
        "U010R67NTQC",
        "U010R75K620",
        "U010RBBBDK7",
        "U010RL30MTJ",
        "U010RL79NHW",
        "U010T8BES9L",
        "U010T8BJF7Y",
        "U010TD4329M",
        "U010VMNKLD6",
        "U0117KV340M",
        "U01APBW5N2J",
        "U01AW3YN7A6",
        "U01B29LEAE8",
        "U01CF20LRAM",
        "U029MNKJ0DR",
        "U03JTLB9FSS",
        "U03JWS43U3H",
        "U03KSGRRF5F",
        "U03M3TQP9J4",
        "U03M9JKPT5X",
        "U03N8B9NV7Z",
        "U03NPGXF7GT",
        "U03NRB57K60",
        "U03RKAGLHTP",
        "U041P8P3P8R",
        "U041WFL2TV2",
        "U04920VRM1S",
        "U04S9FVGL5R",
        "U04TQN6329W"
    ],
    "topic": {
        "value": "Non-work banter and water cooler conversation",
        "creator": "UJQ7AKDA9",
        "last_set": 1557926969
    },
    "purpose": {
        "value": "A place for non-work-related patter, chit-chat, gibber and blather you’d prefer to keep out of more focused work-related channels.",
        "creator": "UJQ7AKDA9",
        "last_set": 1557926969
    }
},
{
    "id": "CJU4N1538",
    "name": "t-stick",
    "created": 1558034618,
    "creator": "UJSJMACMC",
    "is_archived": false,
    "is_general": false,
    "members": [
        "UJCU8BAAW",
        "UJR4DDS12",
        "UJSJMACMC",
        "UK4BP4NH2",
        "UKGLCA1GS",
        "U010FMZRE4A",
        "U010RBBBDK7",
        "U010RL79NHW",
        "U010T8BJF7Y",
        "U010TD4329M",
        "U010VMNKLD6",
        "U01APBW5N2J",
        "U01B29LEAE8",
        "U029MNKJ0DR",
        "U03JTLB9FSS",
        "U03JWS43U3H",
        "U03N8B9NV7Z",
        "U03NPGXF7GT",
        "U03RKAGLHTP",
        "U04920VRM1S",
        "U04S9FVGL5R"
    ],
    "topic": {
        "value": "",
        "creator": "",
        "last_set": 0
    },
    "purpose": {
        "value": "t-stick related",
        "creator": "UJSJMACMC",
        "last_set": 1558034618
    }
},
{
    "id": "C03K35NQCRJ",
    "name": "project-updates",
    "created": 1654796073,
    "creator": "U03JTLB9FSS",
    "is_archived": false,
    "is_general": false,
    "members": [
        "UJQ7AKDA9",
        "UJR4DDS12",
        "UK4BP4NH2",
        "UKGLCA1GS",
        "U01APBW5N2J",
        "U029MNKJ0DR",
        "U03JTLB9FSS",
        "U03JWS43U3H",
        "U03KSGRRF5F",
        "U03N8B9NV7Z",
        "U03NRB57K60",
        "U03RKAGLHTP"
    ],
    "topic": {
        "value": "",
        "creator": "",
        "last_set": 0
    },
    "purpose": {
        "value": "A place to post updates about any IDMIL-related projects you're currently working on",
        "creator": "U03JTLB9FSS",
        "last_set": 1654796161
    }
},
{
    "id": "C03M18TQSMV",
    "name": "website",
    "created": 1656419886,
    "creator": "UJQ7AKDA9",
    "is_archived": false,
    "is_general": false,
    "members": [
        "UJCU8BAAW",
        "UJQ7AKDA9",
        "UJR4DDS12",
        "UK4BP4NH2",
        "UKGLCA1GS",
        "U01APBW5N2J",
        "U029MNKJ0DR",
        "U03NRB57K60",
        "U03RKAGLHTP",
        "U041WFL2TV2"
    ],
    "topic": {
        "value": "",
        "creator": "",
        "last_set": 0
    },
    "purpose": {
        "value": "A channel to discuss everything about the <http:\/\/IDMIL.org|IDMIL.org> website",
        "creator": "UJQ7AKDA9",
        "last_set": 1656419886
    }
},
{
    "id": "C040BQTUDU2",
    "name": "info-papers",
    "created": 1661876177,
    "creator": "U03NRB57K60",
    "is_archived": false,
    "is_general": false,
    "members": [
        "UJR4DDS12",
        "UK4BP4NH2",
        "UKGLCA1GS",
        "U010RL30MTJ",
        "U01APBW5N2J",
        "U03JTLB9FSS",
        "U03KSGRRF5F",
        "U03NRB57K60",
        "U03RKAGLHTP",
        "U041P8P3P8R",
        "U041WFL2TV2",
        "U04TQN6329W"
    ],
    "topic": {
        "value": "",
        "creator": "",
        "last_set": 0
    },
    "purpose": {
        "value": "Share interesting\/relevant papers for everyone!!!:blush:",
        "creator": "U03NRB57K60",
        "last_set": 1683033764
    }
}
]