[
{"user_id":"U03RKAGLHTP","user_name":"maxwell.gentili-morin","date":"1685419896","change_type":"added","app_type":"GitHub","app_id":"A01BP7R4KNY"},
{"user_id":"U03RKAGLHTP","user_name":"maxwell.gentili-morin","date":"1665089799","change_type":"added","app_type":"GitLab","app_id":"A676ADMV5"},
{"user_id":"U041P8P3P8R","user_name":"quentin.lauvray","date":"1664625571","change_type":"added","app_type":"Dropbox","app_id":"AES7B2V7D","scope":"identify,bot,commands,channels:read,files:read,groups:read,im:read,mpim:read,team:read,users:read,users:read.email,channels:write,chat:write:user,chat:write:bot,im:write,links:read,links:write"},
{"user_id":"U041P8P3P8R","user_name":"quentin.lauvray","date":"1664625514","change_type":"added","app_type":"Google Drive","app_id":"A6NL8MJ6Q"},
{"user_id":"U041P8P3P8R","user_name":"quentin.lauvray","date":"1664625514","change_type":"added","service_id":4154554053382,"service_type":"Google Drive","scope":"files:write:user"},
{"user_id":"U010RL30MTJ","user_name":"erivan.duarte","date":"1659447362","change_type":"disabled","reason":"user","service_id":1274913756342,"service_type":"Google Calendar for Team Events (Legacy)","scope":"incoming-webhook","channel":"CJCQJM8H1"},
{"user_id":"UJCU8BAAW","user_name":"eduardo.meneses","date":"1657033699","change_type":"removed","reason":"user_revoked_auth","app_type":"Google Calendar","app_id":"ADZ494LHY","scope":"identify,bot,commands,users.profile:write"},
{"user_id":"UJCU8BAAW","user_name":"eduardo.meneses","date":"1657033637","change_type":"removed","reason":"user_revoked_auth","app_type":"Google Calendar","app_id":"ADZ494LHY","scope":"identify,bot,commands,users.profile:write"},
{"user_id":"UKGLCA1GS","user_name":"marcelo.wanderley","date":"1618587694","change_type":"added","app_type":"Doodle Bot","app_id":"AFA5VQJKX"},
{"user_id":0,"user_name":"slack","date":"1607462428","change_type":"removed","reason":"system_inactive_api_tester_token","app_type":"Slack API Tester","app_id":"A02","scope":"MAX"},
{"user_id":"UJCU8BAAW","user_name":"eduardo.meneses","date":"1596574318","change_type":"updated","service_id":1274913756342,"service_type":"Google Calendar for Team Events (Legacy)","scope":"incoming-webhook","channel":"CJCQJM8H1"},
{"user_id":"UJCU8BAAW","user_name":"eduardo.meneses","date":"1594821690","change_type":"updated","service_id":1124594511891,"service_type":"Google Calendar for Team Events (Legacy)","scope":"incoming-webhook","channel":"CJCQJM8H1"},
{"user_id":"UJCU8BAAW","user_name":"eduardo.meneses","date":"1594821672","change_type":"updated","service_id":1124381525922,"service_type":"Google Calendar for Team Events (Legacy)","scope":"incoming-webhook","channel":"CJCQJM8H1"},
{"user_id":"UJCU8BAAW","user_name":"eduardo.meneses","date":"1594821659","change_type":"updated","service_id":1130557638292,"service_type":"Google Calendar for Team Events (Legacy)","scope":"incoming-webhook","channel":"CJCQJM8H1"},
{"user_id":"UJCU8BAAW","user_name":"eduardo.meneses","date":"1594821645","change_type":"updated","service_id":1124584891619,"service_type":"Google Calendar for Team Events (Legacy)","scope":"incoming-webhook","channel":"CJCQJM8H1"},
{"user_id":"UJCU8BAAW","user_name":"eduardo.meneses","date":"1594821627","change_type":"updated","service_id":1124381525922,"service_type":"Google Calendar for Team Events (Legacy)","scope":"incoming-webhook","channel":"CJCQJM8H1"},
{"user_id":"UJCU8BAAW","user_name":"eduardo.meneses","date":"1594821613","change_type":"updated","service_id":1124381525922,"service_type":"Google Calendar for Team Events (Legacy)","scope":"incoming-webhook","channel":"CJCQJM8H1"},
{"user_id":"UJCU8BAAW","user_name":"eduardo.meneses","date":"1594821580","change_type":"updated","service_id":1124381525922,"service_type":"Google Calendar for Team Events (Legacy)","scope":"incoming-webhook","channel":"CJCQJM8H1"},
{"user_id":"UJCU8BAAW","user_name":"eduardo.meneses","date":"1594821561","change_type":"updated","service_id":1130557638292,"service_type":"Google Calendar for Team Events (Legacy)","scope":"incoming-webhook","channel":"CJCQJM8H1"},
{"user_id":"UJCU8BAAW","user_name":"eduardo.meneses","date":"1594821537","change_type":"updated","service_id":1124584891619,"service_type":"Google Calendar for Team Events (Legacy)","scope":"incoming-webhook","channel":"CJCQJM8H1"},
{"user_id":"UJCU8BAAW","user_name":"eduardo.meneses","date":"1589807307","change_type":"updated","service_id":1124584891619,"service_type":"Google Calendar for Team Events (Legacy)","scope":"incoming-webhook","channel":"CJCQJM8H1"},
{"user_id":"UJCU8BAAW","user_name":"eduardo.meneses","date":"1589470326","change_type":"updated","service_id":1124594511891,"service_type":"Google Calendar for Team Events (Legacy)","scope":"incoming-webhook","channel":"CJCQJM8H1"},
{"user_id":"UJCU8BAAW","user_name":"eduardo.meneses","date":"1589470252","change_type":"updated","service_id":1124381525922,"service_type":"Google Calendar for Team Events (Legacy)","scope":"incoming-webhook","channel":"CJCQJM8H1"},
{"user_id":"UJCU8BAAW","user_name":"eduardo.meneses","date":"1589470208","change_type":"updated","service_id":1130557638292,"service_type":"Google Calendar for Team Events (Legacy)","scope":"incoming-webhook","channel":"CJCQJM8H1"},
{"user_id":"UJCU8BAAW","user_name":"eduardo.meneses","date":"1589470163","change_type":"updated","service_id":1124584891619,"service_type":"Google Calendar for Team Events (Legacy)","scope":"incoming-webhook","channel":"CJCQJM8H1"},
{"user_id":"UJU3WNL2J","user_name":"mathias.bredholt","date":"1589468549","change_type":"removed","reason":"user_revoked_auth","app_type":"Google Calendar","app_id":"ADZ494LHY","scope":"identify,bot,commands,users.profile:write"},
{"user_id":"U010RBBBDK7","user_name":"talbotapierre","date":"1589468407","change_type":"added","app_type":"Google Calendar","app_id":"ADZ494LHY","scope":"identify,bot,commands,users.profile:write"},
{"user_id":"UJCU8BAAW","user_name":"eduardo.meneses","date":"1589468065","change_type":"added","app_type":"Google Calendar","app_id":"ADZ494LHY","scope":"identify,bot,commands,users.profile:write"},
{"user_id":"UJU3WNL2J","user_name":"mathias.bredholt","date":"1589467407","change_type":"added","app_type":"Google Calendar","app_id":"ADZ494LHY","scope":"identify,bot,commands,users.profile:write"},
{"user_id":"UJSJMACMC","user_name":"johntywang","date":"1557948064","change_type":"added","app_type":"Slack API Tester","app_id":"A02","scope":"MAX"}
]