[
{"id":"UJCU8BAAW","team_id":"TJPN85XRA","name":"eduardo.meneses","deleted":false,"color":"e7392d","real_name":"Edu Meneses","tz":"America\/New_York","tz_label":"Eastern Daylight Time","tz_offset":-14400,"profile":{"title":"Associate researcher, Ph.D. '22","phone":"","skype":"","real_name":"Edu Meneses","real_name_normalized":"Edu Meneses","display_name":"Edu Meneses","display_name_normalized":"Edu Meneses","fields":{"Xf03UE1JG3RV":{"value":"Associate researcher, Ph.D. '22","alt":""}},"status_text":"","status_emoji":"","status_emoji_display_info":[],"status_expiration":0,"avatar_hash":"d49c462f5537","image_original":"https:\/\/avatars.slack-edge.com\/2021-06-14\/2154581376263_d49c462f5537edde8dbb_original.jpg","is_custom_image":true,"email":"eduardo.meneses@mail.mcgill.ca","first_name":"Edu","last_name":"Meneses","image_24":"https:\/\/avatars.slack-edge.com\/2021-06-14\/2154581376263_d49c462f5537edde8dbb_24.jpg","image_32":"https:\/\/avatars.slack-edge.com\/2021-06-14\/2154581376263_d49c462f5537edde8dbb_32.jpg","image_48":"https:\/\/avatars.slack-edge.com\/2021-06-14\/2154581376263_d49c462f5537edde8dbb_48.jpg","image_72":"https:\/\/avatars.slack-edge.com\/2021-06-14\/2154581376263_d49c462f5537edde8dbb_72.jpg","image_192":"https:\/\/avatars.slack-edge.com\/2021-06-14\/2154581376263_d49c462f5537edde8dbb_192.jpg","image_512":"https:\/\/avatars.slack-edge.com\/2021-06-14\/2154581376263_d49c462f5537edde8dbb_512.jpg","image_1024":"https:\/\/avatars.slack-edge.com\/2021-06-14\/2154581376263_d49c462f5537edde8dbb_1024.jpg","status_text_canonical":"","team":"TJPN85XRA"},"is_admin":true,"is_owner":true,"is_primary_owner":false,"is_restricted":false,"is_ultra_restricted":false,"is_bot":false,"is_app_user":false,"updated":1672776504,"is_email_confirmed":true,"who_can_share_contact_card":"EVERYONE"},
{"id":"UJQ7AKDA9","team_id":"TJPN85XRA","name":"john.sullivan2","deleted":false,"color":"9f69e7","real_name":"Johnny Sullivan","tz":"Europe\/Brussels","tz_label":"Central European Summer Time","tz_offset":7200,"profile":{"title":"Associate researcher, PhD '21","phone":"+33 783665381","skype":"","real_name":"Johnny Sullivan","real_name_normalized":"Johnny Sullivan","display_name":"Johnny","display_name_normalized":"Johnny","fields":{},"status_text":"","status_emoji":"","status_emoji_display_info":[],"status_expiration":0,"avatar_hash":"1720101e5f4d","image_original":"https:\/\/avatars.slack-edge.com\/2022-06-20\/3695655977380_1720101e5f4d2ee82bff_original.jpg","is_custom_image":true,"email":"johnny@johnnyvenom.com","first_name":"Johnny","last_name":"Sullivan","image_24":"https:\/\/avatars.slack-edge.com\/2022-06-20\/3695655977380_1720101e5f4d2ee82bff_24.jpg","image_32":"https:\/\/avatars.slack-edge.com\/2022-06-20\/3695655977380_1720101e5f4d2ee82bff_32.jpg","image_48":"https:\/\/avatars.slack-edge.com\/2022-06-20\/3695655977380_1720101e5f4d2ee82bff_48.jpg","image_72":"https:\/\/avatars.slack-edge.com\/2022-06-20\/3695655977380_1720101e5f4d2ee82bff_72.jpg","image_192":"https:\/\/avatars.slack-edge.com\/2022-06-20\/3695655977380_1720101e5f4d2ee82bff_192.jpg","image_512":"https:\/\/avatars.slack-edge.com\/2022-06-20\/3695655977380_1720101e5f4d2ee82bff_512.jpg","image_1024":"https:\/\/avatars.slack-edge.com\/2022-06-20\/3695655977380_1720101e5f4d2ee82bff_1024.jpg","status_text_canonical":"","team":"TJPN85XRA"},"is_admin":true,"is_owner":true,"is_primary_owner":true,"is_restricted":false,"is_ultra_restricted":false,"is_bot":false,"is_app_user":false,"updated":1677616477,"is_email_confirmed":true,"who_can_share_contact_card":"EVERYONE"},
{"id":"UJQ9N9KA9","team_id":"TJPN85XRA","name":"christian.frisson","deleted":false,"color":"4bbe2e","real_name":"ChristianFrisson","tz":"America\/New_York","tz_label":"Eastern Daylight Time","tz_offset":-14400,"profile":{"title":"","phone":"","skype":"","real_name":"ChristianFrisson","real_name_normalized":"ChristianFrisson","display_name":"ChristianFrisson","display_name_normalized":"ChristianFrisson","fields":{},"status_text":"","status_emoji":"","status_emoji_display_info":[],"status_expiration":0,"avatar_hash":"3be35bf04429","image_original":"https:\/\/avatars.slack-edge.com\/2023-08-28\/5813587733204_3be35bf044296c45bdde_original.jpg","is_custom_image":true,"email":"christian.frisson@gmail.com","image_24":"https:\/\/avatars.slack-edge.com\/2023-08-28\/5813587733204_3be35bf044296c45bdde_24.jpg","image_32":"https:\/\/avatars.slack-edge.com\/2023-08-28\/5813587733204_3be35bf044296c45bdde_32.jpg","image_48":"https:\/\/avatars.slack-edge.com\/2023-08-28\/5813587733204_3be35bf044296c45bdde_48.jpg","image_72":"https:\/\/avatars.slack-edge.com\/2023-08-28\/5813587733204_3be35bf044296c45bdde_72.jpg","image_192":"https:\/\/avatars.slack-edge.com\/2023-08-28\/5813587733204_3be35bf044296c45bdde_192.jpg","image_512":"https:\/\/avatars.slack-edge.com\/2023-08-28\/5813587733204_3be35bf044296c45bdde_512.jpg","image_1024":"https:\/\/avatars.slack-edge.com\/2023-08-28\/5813587733204_3be35bf044296c45bdde_1024.jpg","status_text_canonical":"","team":"TJPN85XRA"},"is_admin":true,"is_owner":true,"is_primary_owner":false,"is_restricted":false,"is_ultra_restricted":false,"is_bot":false,"is_app_user":false,"updated":1693236587,"is_email_confirmed":true,"who_can_share_contact_card":"EVERYONE"},
{"id":"UJR4DDS12","team_id":"TJPN85XRA","name":"travis.west","deleted":false,"color":"674b1b","real_name":"Travis West","tz":"America\/New_York","tz_label":"Eastern Daylight Time","tz_offset":-14400,"profile":{"title":"","phone":"","skype":"","real_name":"Travis West","real_name_normalized":"Travis West","display_name":"Travis","display_name_normalized":"Travis","fields":{},"status_text":"","status_emoji":"","status_emoji_display_info":[],"status_expiration":0,"avatar_hash":"a59dc6f2aaf0","image_original":"https:\/\/avatars.slack-edge.com\/2022-06-18\/3673671924631_a59dc6f2aaf006d655d2_original.jpg","is_custom_image":true,"email":"travis.west@mail.mcgill.ca","huddle_state":"default_unset","huddle_state_expiration_ts":1655731959,"first_name":"Travis","last_name":"West","image_24":"https:\/\/avatars.slack-edge.com\/2022-06-18\/3673671924631_a59dc6f2aaf006d655d2_24.jpg","image_32":"https:\/\/avatars.slack-edge.com\/2022-06-18\/3673671924631_a59dc6f2aaf006d655d2_32.jpg","image_48":"https:\/\/avatars.slack-edge.com\/2022-06-18\/3673671924631_a59dc6f2aaf006d655d2_48.jpg","image_72":"https:\/\/avatars.slack-edge.com\/2022-06-18\/3673671924631_a59dc6f2aaf006d655d2_72.jpg","image_192":"https:\/\/avatars.slack-edge.com\/2022-06-18\/3673671924631_a59dc6f2aaf006d655d2_192.jpg","image_512":"https:\/\/avatars.slack-edge.com\/2022-06-18\/3673671924631_a59dc6f2aaf006d655d2_512.jpg","image_1024":"https:\/\/avatars.slack-edge.com\/2022-06-18\/3673671924631_a59dc6f2aaf006d655d2_1024.jpg","status_text_canonical":"","team":"TJPN85XRA"},"is_admin":false,"is_owner":false,"is_primary_owner":false,"is_restricted":false,"is_ultra_restricted":false,"is_bot":false,"is_app_user":false,"updated":1685626772,"is_email_confirmed":true,"who_can_share_contact_card":"EVERYONE"},
{"id":"UJSJMACMC","team_id":"TJPN85XRA","name":"johntywang","deleted":false,"color":"3c989f","real_name":"johnty","tz":"America\/Los_Angeles","tz_label":"Pacific Daylight Time","tz_offset":-25200,"profile":{"title":"","phone":"","skype":"","real_name":"johnty","real_name_normalized":"johnty","display_name":"johnty","display_name_normalized":"johnty","fields":{},"status_text":"","status_emoji":"","status_emoji_display_info":[],"status_expiration":0,"avatar_hash":"g6469eb15662","email":"johntywang@gmail.com","image_24":"https:\/\/secure.gravatar.com\/avatar\/f6469eb15662c142e04293e07926ec97.jpg?s=24&d=https%3A%2F%2Fa.slack-edge.com%2Fdf10d%2Fimg%2Favatars%2Fava_0025-24.png","image_32":"https:\/\/secure.gravatar.com\/avatar\/f6469eb15662c142e04293e07926ec97.jpg?s=32&d=https%3A%2F%2Fa.slack-edge.com%2Fdf10d%2Fimg%2Favatars%2Fava_0025-32.png","image_48":"https:\/\/secure.gravatar.com\/avatar\/f6469eb15662c142e04293e07926ec97.jpg?s=48&d=https%3A%2F%2Fa.slack-edge.com%2Fdf10d%2Fimg%2Favatars%2Fava_0025-48.png","image_72":"https:\/\/secure.gravatar.com\/avatar\/f6469eb15662c142e04293e07926ec97.jpg?s=72&d=https%3A%2F%2Fa.slack-edge.com%2Fdf10d%2Fimg%2Favatars%2Fava_0025-72.png","image_192":"https:\/\/secure.gravatar.com\/avatar\/f6469eb15662c142e04293e07926ec97.jpg?s=192&d=https%3A%2F%2Fa.slack-edge.com%2Fdf10d%2Fimg%2Favatars%2Fava_0025-192.png","image_512":"https:\/\/secure.gravatar.com\/avatar\/f6469eb15662c142e04293e07926ec97.jpg?s=512&d=https%3A%2F%2Fa.slack-edge.com%2Fdf10d%2Fimg%2Favatars%2Fava_0025-512.png","status_text_canonical":"","team":"TJPN85XRA"},"is_admin":false,"is_owner":false,"is_primary_owner":false,"is_restricted":false,"is_ultra_restricted":false,"is_bot":false,"is_app_user":false,"updated":1600112922,"is_email_confirmed":true,"who_can_share_contact_card":"EVERYONE"},
{"id":"UJU3WNL2J","team_id":"TJPN85XRA","name":"mathias.bredholt","deleted":false,"color":"e96699","real_name":"mathiasbredholt","tz":"Europe\/Amsterdam","tz_label":"Central European Summer Time","tz_offset":7200,"profile":{"title":"","phone":"","skype":"","real_name":"mathiasbredholt","real_name_normalized":"mathiasbredholt","display_name":"mathiasbredholt","display_name_normalized":"mathiasbredholt","fields":{},"status_text":"","status_emoji":"","status_emoji_display_info":[],"status_expiration":0,"avatar_hash":"154e1f4c2382","image_original":"https:\/\/avatars.slack-edge.com\/2020-03-25\/1025781484144_154e1f4c2382be7922b6_original.jpg","is_custom_image":true,"email":"mathias.bredholt@mail.mcgill.ca","image_24":"https:\/\/avatars.slack-edge.com\/2020-03-25\/1025781484144_154e1f4c2382be7922b6_24.jpg","image_32":"https:\/\/avatars.slack-edge.com\/2020-03-25\/1025781484144_154e1f4c2382be7922b6_32.jpg","image_48":"https:\/\/avatars.slack-edge.com\/2020-03-25\/1025781484144_154e1f4c2382be7922b6_48.jpg","image_72":"https:\/\/avatars.slack-edge.com\/2020-03-25\/1025781484144_154e1f4c2382be7922b6_72.jpg","image_192":"https:\/\/avatars.slack-edge.com\/2020-03-25\/1025781484144_154e1f4c2382be7922b6_192.jpg","image_512":"https:\/\/avatars.slack-edge.com\/2020-03-25\/1025781484144_154e1f4c2382be7922b6_512.jpg","image_1024":"https:\/\/avatars.slack-edge.com\/2020-03-25\/1025781484144_154e1f4c2382be7922b6_1024.jpg","status_text_canonical":"","team":"TJPN85XRA"},"is_admin":false,"is_owner":false,"is_primary_owner":false,"is_restricted":false,"is_ultra_restricted":false,"is_bot":false,"is_app_user":false,"updated":1591098178,"is_email_confirmed":true,"who_can_share_contact_card":"EVERYONE"},
{"id":"UK4BP4NH2","team_id":"TJPN85XRA","name":"cusson.v","deleted":false,"color":"e0a729","real_name":"vincentcusson","tz":"America\/New_York","tz_label":"Eastern Daylight Time","tz_offset":-14400,"profile":{"title":"","phone":"4384941226","skype":"","real_name":"vincentcusson","real_name_normalized":"vincentcusson","display_name":"vincentcusson","display_name_normalized":"vincentcusson","fields":{},"status_text":"","status_emoji":"","status_emoji_display_info":[],"status_expiration":0,"avatar_hash":"f8256459a816","image_original":"https:\/\/avatars.slack-edge.com\/2022-06-14\/3669597334018_f8256459a8162b9e2d8e_original.png","is_custom_image":true,"email":"cusson.v@gmail.com","first_name":"vincentcusson","last_name":"","image_24":"https:\/\/avatars.slack-edge.com\/2022-06-14\/3669597334018_f8256459a8162b9e2d8e_24.png","image_32":"https:\/\/avatars.slack-edge.com\/2022-06-14\/3669597334018_f8256459a8162b9e2d8e_32.png","image_48":"https:\/\/avatars.slack-edge.com\/2022-06-14\/3669597334018_f8256459a8162b9e2d8e_48.png","image_72":"https:\/\/avatars.slack-edge.com\/2022-06-14\/3669597334018_f8256459a8162b9e2d8e_72.png","image_192":"https:\/\/avatars.slack-edge.com\/2022-06-14\/3669597334018_f8256459a8162b9e2d8e_192.png","image_512":"https:\/\/avatars.slack-edge.com\/2022-06-14\/3669597334018_f8256459a8162b9e2d8e_512.png","image_1024":"https:\/\/avatars.slack-edge.com\/2022-06-14\/3669597334018_f8256459a8162b9e2d8e_1024.png","status_text_canonical":"","team":"TJPN85XRA"},"is_admin":false,"is_owner":false,"is_primary_owner":false,"is_restricted":false,"is_ultra_restricted":false,"is_bot":false,"is_app_user":false,"updated":1689087785,"is_email_confirmed":true,"who_can_share_contact_card":"EVERYONE"},
{"id":"UKE2C2H3M","team_id":"TJPN85XRA","name":"aditya.tirumala","deleted":false,"color":"684b6c","real_name":"Aditya Tirumala Bukkapatnam","tz":"America\/New_York","tz_label":"Eastern Daylight Time","tz_offset":-14400,"profile":{"title":"","phone":"","skype":"","real_name":"Aditya Tirumala Bukkapatnam","real_name_normalized":"Aditya Tirumala Bukkapatnam","display_name":"Aditya Tb","display_name_normalized":"Aditya Tb","fields":{},"status_text":"","status_emoji":"","status_emoji_display_info":[],"status_expiration":0,"avatar_hash":"3df3700b1709","image_original":"https:\/\/avatars.slack-edge.com\/2019-06-20\/665134206721_3df3700b1709d17ae102_original.jpg","is_custom_image":true,"email":"aditya.tirumala@mail.mcgill.ca","first_name":"Aditya","last_name":"Tirumala Bukkapatnam","image_24":"https:\/\/avatars.slack-edge.com\/2019-06-20\/665134206721_3df3700b1709d17ae102_24.jpg","image_32":"https:\/\/avatars.slack-edge.com\/2019-06-20\/665134206721_3df3700b1709d17ae102_32.jpg","image_48":"https:\/\/avatars.slack-edge.com\/2019-06-20\/665134206721_3df3700b1709d17ae102_48.jpg","image_72":"https:\/\/avatars.slack-edge.com\/2019-06-20\/665134206721_3df3700b1709d17ae102_72.jpg","image_192":"https:\/\/avatars.slack-edge.com\/2019-06-20\/665134206721_3df3700b1709d17ae102_192.jpg","image_512":"https:\/\/avatars.slack-edge.com\/2019-06-20\/665134206721_3df3700b1709d17ae102_512.jpg","image_1024":"https:\/\/avatars.slack-edge.com\/2019-06-20\/665134206721_3df3700b1709d17ae102_1024.jpg","status_text_canonical":"","team":"TJPN85XRA"},"is_admin":false,"is_owner":false,"is_primary_owner":false,"is_restricted":false,"is_ultra_restricted":false,"is_bot":false,"is_app_user":false,"updated":1643150390,"is_email_confirmed":true,"who_can_share_contact_card":"EVERYONE"},
{"id":"UKGLCA1GS","team_id":"TJPN85XRA","name":"marcelo.wanderley","deleted":false,"color":"5b89d5","real_name":"Marcelo Wanderley","tz":"America\/Sao_Paulo","tz_label":"Brasilia Time","tz_offset":-10800,"profile":{"title":"","phone":"","skype":"","real_name":"Marcelo Wanderley","real_name_normalized":"Marcelo Wanderley","display_name":"Marcelo Wanderley","display_name_normalized":"Marcelo Wanderley","fields":{},"status_text":"","status_emoji":"","status_emoji_display_info":[],"status_expiration":0,"avatar_hash":"82cc3b048607","image_original":"https:\/\/avatars.slack-edge.com\/2022-07-25\/3850040330500_82cc3b048607f33add6e_original.jpg","is_custom_image":true,"email":"marcelo.wanderley@mcgill.ca","image_24":"https:\/\/avatars.slack-edge.com\/2022-07-25\/3850040330500_82cc3b048607f33add6e_24.jpg","image_32":"https:\/\/avatars.slack-edge.com\/2022-07-25\/3850040330500_82cc3b048607f33add6e_32.jpg","image_48":"https:\/\/avatars.slack-edge.com\/2022-07-25\/3850040330500_82cc3b048607f33add6e_48.jpg","image_72":"https:\/\/avatars.slack-edge.com\/2022-07-25\/3850040330500_82cc3b048607f33add6e_72.jpg","image_192":"https:\/\/avatars.slack-edge.com\/2022-07-25\/3850040330500_82cc3b048607f33add6e_192.jpg","image_512":"https:\/\/avatars.slack-edge.com\/2022-07-25\/3850040330500_82cc3b048607f33add6e_512.jpg","image_1024":"https:\/\/avatars.slack-edge.com\/2022-07-25\/3850040330500_82cc3b048607f33add6e_1024.jpg","status_text_canonical":"","team":"TJPN85XRA"},"is_admin":true,"is_owner":true,"is_primary_owner":false,"is_restricted":false,"is_ultra_restricted":false,"is_bot":false,"is_app_user":false,"updated":1692623142,"is_email_confirmed":true,"who_can_share_contact_card":"EVERYONE"},
{"id":"UPDB2S11P","team_id":"TJPN85XRA","name":"j.rohs11","deleted":false,"color":"2b6836","real_name":"J Rohs11","tz":"America\/New_York","tz_label":"Eastern Daylight Time","tz_offset":-14400,"profile":{"title":"","phone":"","skype":"","real_name":"J Rohs11","real_name_normalized":"J Rohs11","display_name":"","display_name_normalized":"","fields":{},"status_text":"","status_emoji":"","status_emoji_display_info":[],"status_expiration":0,"avatar_hash":"gcfafc67e0d6","email":"j.rohs11@gmail.com","first_name":"","last_name":"","image_24":"https:\/\/secure.gravatar.com\/avatar\/cfafc67e0d6d517c224c61dcb9e08c02.jpg?s=24&d=https%3A%2F%2Fa.slack-edge.com%2Fdf10d%2Fimg%2Favatars%2Fava_0024-24.png","image_32":"https:\/\/secure.gravatar.com\/avatar\/cfafc67e0d6d517c224c61dcb9e08c02.jpg?s=32&d=https%3A%2F%2Fa.slack-edge.com%2Fdf10d%2Fimg%2Favatars%2Fava_0024-32.png","image_48":"https:\/\/secure.gravatar.com\/avatar\/cfafc67e0d6d517c224c61dcb9e08c02.jpg?s=48&d=https%3A%2F%2Fa.slack-edge.com%2Fdf10d%2Fimg%2Favatars%2Fava_0024-48.png","image_72":"https:\/\/secure.gravatar.com\/avatar\/cfafc67e0d6d517c224c61dcb9e08c02.jpg?s=72&d=https%3A%2F%2Fa.slack-edge.com%2Fdf10d%2Fimg%2Favatars%2Fava_0024-72.png","image_192":"https:\/\/secure.gravatar.com\/avatar\/cfafc67e0d6d517c224c61dcb9e08c02.jpg?s=192&d=https%3A%2F%2Fa.slack-edge.com%2Fdf10d%2Fimg%2Favatars%2Fava_0024-192.png","image_512":"https:\/\/secure.gravatar.com\/avatar\/cfafc67e0d6d517c224c61dcb9e08c02.jpg?s=512&d=https%3A%2F%2Fa.slack-edge.com%2Fdf10d%2Fimg%2Favatars%2Fava_0024-512.png","status_text_canonical":"","team":"TJPN85XRA"},"is_admin":false,"is_owner":false,"is_primary_owner":false,"is_restricted":false,"is_ultra_restricted":false,"is_bot":false,"is_app_user":false,"updated":1571523254,"is_email_confirmed":false,"who_can_share_contact_card":"EVERYONE","is_invited_user":true},
{"id":"U010APZC1EF","team_id":"TJPN85XRA","name":"mathias.kirkegaard","deleted":false,"color":"99a949","real_name":"Mathias Kirkegaard","tz":"Europe\/Amsterdam","tz_label":"Central European Summer Time","tz_offset":7200,"profile":{"title":"","phone":"","skype":"","real_name":"Mathias Kirkegaard","real_name_normalized":"Mathias Kirkegaard","display_name":"Mathias Kirkegaard","display_name_normalized":"Mathias Kirkegaard","fields":{},"status_text":"","status_emoji":"","status_emoji_display_info":[],"status_expiration":0,"avatar_hash":"e25e2ae9d538","image_original":"https:\/\/avatars.slack-edge.com\/2020-03-24\/1022387288245_e25e2ae9d53812737ca2_original.jpg","is_custom_image":true,"email":"mathias.kirkegaard@mail.mcgill.ca","image_24":"https:\/\/avatars.slack-edge.com\/2020-03-24\/1022387288245_e25e2ae9d53812737ca2_24.jpg","image_32":"https:\/\/avatars.slack-edge.com\/2020-03-24\/1022387288245_e25e2ae9d53812737ca2_32.jpg","image_48":"https:\/\/avatars.slack-edge.com\/2020-03-24\/1022387288245_e25e2ae9d53812737ca2_48.jpg","image_72":"https:\/\/avatars.slack-edge.com\/2020-03-24\/1022387288245_e25e2ae9d53812737ca2_72.jpg","image_192":"https:\/\/avatars.slack-edge.com\/2020-03-24\/1022387288245_e25e2ae9d53812737ca2_192.jpg","image_512":"https:\/\/avatars.slack-edge.com\/2020-03-24\/1022387288245_e25e2ae9d53812737ca2_512.jpg","image_1024":"https:\/\/avatars.slack-edge.com\/2020-03-24\/1022387288245_e25e2ae9d53812737ca2_1024.jpg","status_text_canonical":"","team":"TJPN85XRA"},"is_admin":false,"is_owner":false,"is_primary_owner":false,"is_restricted":false,"is_ultra_restricted":false,"is_bot":false,"is_app_user":false,"updated":1643549504,"is_email_confirmed":true,"who_can_share_contact_card":"EVERYONE"},
{"id":"U010CSG3LAE","team_id":"TJPN85XRA","name":"ivan.franco","deleted":false,"color":"bb86b7","real_name":"Ivan Franco","tz":"America\/New_York","tz_label":"Eastern Daylight Time","tz_offset":-14400,"profile":{"title":"","phone":"","skype":"","real_name":"Ivan Franco","real_name_normalized":"Ivan Franco","display_name":"","display_name_normalized":"","fields":{},"status_text":"","status_emoji":"","status_emoji_display_info":[],"status_expiration":0,"avatar_hash":"g1566baf8d4b","email":"ivan.franco@mail.mcgill.ca","image_24":"https:\/\/secure.gravatar.com\/avatar\/1566baf8d4b37c3026a1b9aa135ecf93.jpg?s=24&d=https%3A%2F%2Fa.slack-edge.com%2Fdf10d%2Fimg%2Favatars%2Fava_0017-24.png","image_32":"https:\/\/secure.gravatar.com\/avatar\/1566baf8d4b37c3026a1b9aa135ecf93.jpg?s=32&d=https%3A%2F%2Fa.slack-edge.com%2Fdf10d%2Fimg%2Favatars%2Fava_0017-32.png","image_48":"https:\/\/secure.gravatar.com\/avatar\/1566baf8d4b37c3026a1b9aa135ecf93.jpg?s=48&d=https%3A%2F%2Fa.slack-edge.com%2Fdf10d%2Fimg%2Favatars%2Fava_0017-48.png","image_72":"https:\/\/secure.gravatar.com\/avatar\/1566baf8d4b37c3026a1b9aa135ecf93.jpg?s=72&d=https%3A%2F%2Fa.slack-edge.com%2Fdf10d%2Fimg%2Favatars%2Fava_0017-72.png","image_192":"https:\/\/secure.gravatar.com\/avatar\/1566baf8d4b37c3026a1b9aa135ecf93.jpg?s=192&d=https%3A%2F%2Fa.slack-edge.com%2Fdf10d%2Fimg%2Favatars%2Fava_0017-192.png","image_512":"https:\/\/secure.gravatar.com\/avatar\/1566baf8d4b37c3026a1b9aa135ecf93.jpg?s=512&d=https%3A%2F%2Fa.slack-edge.com%2Fdf10d%2Fimg%2Favatars%2Fava_0017-512.png","status_text_canonical":"","team":"TJPN85XRA"},"is_admin":false,"is_owner":false,"is_primary_owner":false,"is_restricted":false,"is_ultra_restricted":false,"is_bot":false,"is_app_user":false,"updated":1585148747,"is_email_confirmed":false,"who_can_share_contact_card":"EVERYONE","is_invited_user":true},
{"id":"U010FMZRE4A","team_id":"TJPN85XRA","name":"takuto.fukuda","deleted":false,"color":"c386df","real_name":"Takuto Fukuda","tz":"America\/New_York","tz_label":"Eastern Daylight Time","tz_offset":-14400,"profile":{"title":"","phone":"","skype":"","real_name":"Takuto Fukuda","real_name_normalized":"Takuto Fukuda","display_name":"Takuto Fukuda","display_name_normalized":"Takuto Fukuda","fields":{},"status_text":"","status_emoji":"","status_emoji_display_info":[],"status_expiration":0,"avatar_hash":"c0adc2d8c593","image_original":"https:\/\/avatars.slack-edge.com\/2020-03-26\/1027782097284_c0adc2d8c5932b435e7b_original.jpg","is_custom_image":true,"email":"takuto.fukuda@mail.mcgill.ca","image_24":"https:\/\/avatars.slack-edge.com\/2020-03-26\/1027782097284_c0adc2d8c5932b435e7b_24.jpg","image_32":"https:\/\/avatars.slack-edge.com\/2020-03-26\/1027782097284_c0adc2d8c5932b435e7b_32.jpg","image_48":"https:\/\/avatars.slack-edge.com\/2020-03-26\/1027782097284_c0adc2d8c5932b435e7b_48.jpg","image_72":"https:\/\/avatars.slack-edge.com\/2020-03-26\/1027782097284_c0adc2d8c5932b435e7b_72.jpg","image_192":"https:\/\/avatars.slack-edge.com\/2020-03-26\/1027782097284_c0adc2d8c5932b435e7b_192.jpg","image_512":"https:\/\/avatars.slack-edge.com\/2020-03-26\/1027782097284_c0adc2d8c5932b435e7b_512.jpg","image_1024":"https:\/\/avatars.slack-edge.com\/2020-03-26\/1027782097284_c0adc2d8c5932b435e7b_1024.jpg","status_text_canonical":"","team":"TJPN85XRA"},"is_admin":false,"is_owner":false,"is_primary_owner":false,"is_restricted":false,"is_ultra_restricted":false,"is_bot":false,"is_app_user":false,"updated":1684771114,"is_email_confirmed":true,"who_can_share_contact_card":"EVERYONE"},
{"id":"U010R5CJBNH","team_id":"TJPN85XRA","name":"fiverdug","deleted":false,"color":"df3dc0","real_name":"FelipeVerdugo","tz":"America\/New_York","tz_label":"Eastern Daylight Time","tz_offset":-14400,"profile":{"title":"","phone":"","skype":"","real_name":"FelipeVerdugo","real_name_normalized":"FelipeVerdugo","display_name":"FelipeVerdugo","display_name_normalized":"FelipeVerdugo","fields":{},"status_text":"","status_emoji":"","status_emoji_display_info":[],"status_expiration":0,"avatar_hash":"g018935afa7e","email":"fiverdug@gmail.com","image_24":"https:\/\/secure.gravatar.com\/avatar\/018935afa7e938178bcfbdf4390acf5e.jpg?s=24&d=https%3A%2F%2Fa.slack-edge.com%2Fdf10d%2Fimg%2Favatars%2Fava_0011-24.png","image_32":"https:\/\/secure.gravatar.com\/avatar\/018935afa7e938178bcfbdf4390acf5e.jpg?s=32&d=https%3A%2F%2Fa.slack-edge.com%2Fdf10d%2Fimg%2Favatars%2Fava_0011-32.png","image_48":"https:\/\/secure.gravatar.com\/avatar\/018935afa7e938178bcfbdf4390acf5e.jpg?s=48&d=https%3A%2F%2Fa.slack-edge.com%2Fdf10d%2Fimg%2Favatars%2Fava_0011-48.png","image_72":"https:\/\/secure.gravatar.com\/avatar\/018935afa7e938178bcfbdf4390acf5e.jpg?s=72&d=https%3A%2F%2Fa.slack-edge.com%2Fdf10d%2Fimg%2Favatars%2Fava_0011-72.png","image_192":"https:\/\/secure.gravatar.com\/avatar\/018935afa7e938178bcfbdf4390acf5e.jpg?s=192&d=https%3A%2F%2Fa.slack-edge.com%2Fdf10d%2Fimg%2Favatars%2Fava_0011-192.png","image_512":"https:\/\/secure.gravatar.com\/avatar\/018935afa7e938178bcfbdf4390acf5e.jpg?s=512&d=https%3A%2F%2Fa.slack-edge.com%2Fdf10d%2Fimg%2Favatars%2Fava_0011-512.png","status_text_canonical":"","team":"TJPN85XRA"},"is_admin":false,"is_owner":false,"is_primary_owner":false,"is_restricted":false,"is_ultra_restricted":false,"is_bot":false,"is_app_user":false,"updated":1585148808,"is_email_confirmed":true,"who_can_share_contact_card":"EVERYONE"},
{"id":"U010R67NTQC","team_id":"TJPN85XRA","name":"suzuka.kokubu","deleted":false,"color":"4cc091","real_name":"Suzuka Kokubu","tz":"Asia\/Tokyo","tz_label":"Japan Standard Time","tz_offset":32400,"profile":{"title":"","phone":"","skype":"","real_name":"Suzuka Kokubu","real_name_normalized":"Suzuka Kokubu","display_name":"Suzuka Kokubu","display_name_normalized":"Suzuka Kokubu","fields":{},"status_text":"","status_emoji":"","status_emoji_display_info":[],"status_expiration":0,"avatar_hash":"gaaeb86a4e08","email":"suzuka.kokubu@mail.mcgill.ca","image_24":"https:\/\/secure.gravatar.com\/avatar\/aaeb86a4e085273b48acee5a0274a79a.jpg?s=24&d=https%3A%2F%2Fa.slack-edge.com%2Fdf10d%2Fimg%2Favatars%2Fava_0010-24.png","image_32":"https:\/\/secure.gravatar.com\/avatar\/aaeb86a4e085273b48acee5a0274a79a.jpg?s=32&d=https%3A%2F%2Fa.slack-edge.com%2Fdf10d%2Fimg%2Favatars%2Fava_0010-32.png","image_48":"https:\/\/secure.gravatar.com\/avatar\/aaeb86a4e085273b48acee5a0274a79a.jpg?s=48&d=https%3A%2F%2Fa.slack-edge.com%2Fdf10d%2Fimg%2Favatars%2Fava_0010-48.png","image_72":"https:\/\/secure.gravatar.com\/avatar\/aaeb86a4e085273b48acee5a0274a79a.jpg?s=72&d=https%3A%2F%2Fa.slack-edge.com%2Fdf10d%2Fimg%2Favatars%2Fava_0010-72.png","image_192":"https:\/\/secure.gravatar.com\/avatar\/aaeb86a4e085273b48acee5a0274a79a.jpg?s=192&d=https%3A%2F%2Fa.slack-edge.com%2Fdf10d%2Fimg%2Favatars%2Fava_0010-192.png","image_512":"https:\/\/secure.gravatar.com\/avatar\/aaeb86a4e085273b48acee5a0274a79a.jpg?s=512&d=https%3A%2F%2Fa.slack-edge.com%2Fdf10d%2Fimg%2Favatars%2Fava_0010-512.png","status_text_canonical":"","team":"TJPN85XRA"},"is_admin":false,"is_owner":false,"is_primary_owner":false,"is_restricted":false,"is_ultra_restricted":false,"is_bot":false,"is_app_user":false,"updated":1677570860,"is_email_confirmed":true,"who_can_share_contact_card":"EVERYONE"},
{"id":"U010R75K620","team_id":"TJPN85XRA","name":"patrick.cowden","deleted":false,"color":"235e5b","real_name":"Pat Cowden","tz":"America\/New_York","tz_label":"Eastern Daylight Time","tz_offset":-14400,"profile":{"title":"","phone":"","skype":"","real_name":"Pat Cowden","real_name_normalized":"Pat Cowden","display_name":"Pat Cowden","display_name_normalized":"Pat Cowden","fields":{},"status_text":"","status_emoji":"","status_emoji_display_info":[],"status_expiration":0,"avatar_hash":"g8e5e3b2f5c2","email":"patrick.cowden@mail.mcgill.ca","image_24":"https:\/\/secure.gravatar.com\/avatar\/8e5e3b2f5c29f02f6f3477f0759b74e9.jpg?s=24&d=https%3A%2F%2Fa.slack-edge.com%2Fdf10d%2Fimg%2Favatars%2Fava_0018-24.png","image_32":"https:\/\/secure.gravatar.com\/avatar\/8e5e3b2f5c29f02f6f3477f0759b74e9.jpg?s=32&d=https%3A%2F%2Fa.slack-edge.com%2Fdf10d%2Fimg%2Favatars%2Fava_0018-32.png","image_48":"https:\/\/secure.gravatar.com\/avatar\/8e5e3b2f5c29f02f6f3477f0759b74e9.jpg?s=48&d=https%3A%2F%2Fa.slack-edge.com%2Fdf10d%2Fimg%2Favatars%2Fava_0018-48.png","image_72":"https:\/\/secure.gravatar.com\/avatar\/8e5e3b2f5c29f02f6f3477f0759b74e9.jpg?s=72&d=https%3A%2F%2Fa.slack-edge.com%2Fdf10d%2Fimg%2Favatars%2Fava_0018-72.png","image_192":"https:\/\/secure.gravatar.com\/avatar\/8e5e3b2f5c29f02f6f3477f0759b74e9.jpg?s=192&d=https%3A%2F%2Fa.slack-edge.com%2Fdf10d%2Fimg%2Favatars%2Fava_0018-192.png","image_512":"https:\/\/secure.gravatar.com\/avatar\/8e5e3b2f5c29f02f6f3477f0759b74e9.jpg?s=512&d=https%3A%2F%2Fa.slack-edge.com%2Fdf10d%2Fimg%2Favatars%2Fava_0018-512.png","status_text_canonical":"","team":"TJPN85XRA"},"is_admin":false,"is_owner":false,"is_primary_owner":false,"is_restricted":false,"is_ultra_restricted":false,"is_bot":false,"is_app_user":false,"updated":1585242000,"is_email_confirmed":true,"who_can_share_contact_card":"EVERYONE"},
{"id":"U010RBBBDK7","team_id":"TJPN85XRA","name":"talbotapierre","deleted":false,"color":"53b759","real_name":"Pierre Talbot","tz":"America\/New_York","tz_label":"Eastern Daylight Time","tz_offset":-14400,"profile":{"title":"","phone":"","skype":"","real_name":"Pierre Talbot","real_name_normalized":"Pierre Talbot","display_name":"Pierre Talbot","display_name_normalized":"Pierre Talbot","fields":{},"status_text":"","status_emoji":"","status_emoji_display_info":[],"status_expiration":0,"avatar_hash":"g706799691d1","email":"talbotapierre@hotmail.com","image_24":"https:\/\/secure.gravatar.com\/avatar\/706799691d14365d9a6a79428cd83149.jpg?s=24&d=https%3A%2F%2Fa.slack-edge.com%2Fdf10d%2Fimg%2Favatars%2Fava_0014-24.png","image_32":"https:\/\/secure.gravatar.com\/avatar\/706799691d14365d9a6a79428cd83149.jpg?s=32&d=https%3A%2F%2Fa.slack-edge.com%2Fdf10d%2Fimg%2Favatars%2Fava_0014-32.png","image_48":"https:\/\/secure.gravatar.com\/avatar\/706799691d14365d9a6a79428cd83149.jpg?s=48&d=https%3A%2F%2Fa.slack-edge.com%2Fdf10d%2Fimg%2Favatars%2Fava_0014-48.png","image_72":"https:\/\/secure.gravatar.com\/avatar\/706799691d14365d9a6a79428cd83149.jpg?s=72&d=https%3A%2F%2Fa.slack-edge.com%2Fdf10d%2Fimg%2Favatars%2Fava_0014-72.png","image_192":"https:\/\/secure.gravatar.com\/avatar\/706799691d14365d9a6a79428cd83149.jpg?s=192&d=https%3A%2F%2Fa.slack-edge.com%2Fdf10d%2Fimg%2Favatars%2Fava_0014-192.png","image_512":"https:\/\/secure.gravatar.com\/avatar\/706799691d14365d9a6a79428cd83149.jpg?s=512&d=https%3A%2F%2Fa.slack-edge.com%2Fdf10d%2Fimg%2Favatars%2Fava_0014-512.png","status_text_canonical":"","team":"TJPN85XRA"},"is_admin":false,"is_owner":false,"is_primary_owner":false,"is_restricted":false,"is_ultra_restricted":false,"is_bot":false,"is_app_user":false,"updated":1599931164,"is_email_confirmed":true,"who_can_share_contact_card":"EVERYONE"},
{"id":"U010RL30MTJ","team_id":"TJPN85XRA","name":"erivan.duarte","deleted":false,"color":"db3150","real_name":"Erivan Duarte","tz":"America\/Halifax","tz_label":"Atlantic Daylight Time","tz_offset":-10800,"profile":{"title":"","phone":"","skype":"","real_name":"Erivan Duarte","real_name_normalized":"Erivan Duarte","display_name":"Erivan Duarte","display_name_normalized":"Erivan Duarte","fields":{},"status_text":"","status_emoji":"","status_emoji_display_info":[],"status_expiration":0,"avatar_hash":"4de9245dfb84","image_original":"https:\/\/avatars.slack-edge.com\/2022-11-29\/4454867582017_4de9245dfb84b68b459b_original.jpg","is_custom_image":true,"email":"erivan.duarte@mail.mcgill.ca","image_24":"https:\/\/avatars.slack-edge.com\/2022-11-29\/4454867582017_4de9245dfb84b68b459b_24.jpg","image_32":"https:\/\/avatars.slack-edge.com\/2022-11-29\/4454867582017_4de9245dfb84b68b459b_32.jpg","image_48":"https:\/\/avatars.slack-edge.com\/2022-11-29\/4454867582017_4de9245dfb84b68b459b_48.jpg","image_72":"https:\/\/avatars.slack-edge.com\/2022-11-29\/4454867582017_4de9245dfb84b68b459b_72.jpg","image_192":"https:\/\/avatars.slack-edge.com\/2022-11-29\/4454867582017_4de9245dfb84b68b459b_192.jpg","image_512":"https:\/\/avatars.slack-edge.com\/2022-11-29\/4454867582017_4de9245dfb84b68b459b_512.jpg","image_1024":"https:\/\/avatars.slack-edge.com\/2022-11-29\/4454867582017_4de9245dfb84b68b459b_1024.jpg","status_text_canonical":"","team":"TJPN85XRA"},"is_admin":false,"is_owner":false,"is_primary_owner":false,"is_restricted":false,"is_ultra_restricted":false,"is_bot":false,"is_app_user":false,"updated":1669761205,"is_email_confirmed":true,"who_can_share_contact_card":"EVERYONE"},
{"id":"U010RL79NHW","team_id":"TJPN85XRA","name":"darryl","deleted":false,"color":"9e3997","real_name":"Musictech Technician","tz":"America\/New_York","tz_label":"Eastern Daylight Time","tz_offset":-14400,"profile":{"title":"","phone":"","skype":"","real_name":"Musictech Technician","real_name_normalized":"Musictech Technician","display_name":"","display_name_normalized":"","fields":{},"status_text":"","status_emoji":"","status_emoji_display_info":[],"status_expiration":0,"avatar_hash":"ge67acf4fffb","email":"darryl@music.mcgill.ca","image_24":"https:\/\/secure.gravatar.com\/avatar\/e67acf4fffb5f3bfea2ec1634790f091.jpg?s=24&d=https%3A%2F%2Fa.slack-edge.com%2Fdf10d%2Fimg%2Favatars%2Fava_0018-24.png","image_32":"https:\/\/secure.gravatar.com\/avatar\/e67acf4fffb5f3bfea2ec1634790f091.jpg?s=32&d=https%3A%2F%2Fa.slack-edge.com%2Fdf10d%2Fimg%2Favatars%2Fava_0018-32.png","image_48":"https:\/\/secure.gravatar.com\/avatar\/e67acf4fffb5f3bfea2ec1634790f091.jpg?s=48&d=https%3A%2F%2Fa.slack-edge.com%2Fdf10d%2Fimg%2Favatars%2Fava_0018-48.png","image_72":"https:\/\/secure.gravatar.com\/avatar\/e67acf4fffb5f3bfea2ec1634790f091.jpg?s=72&d=https%3A%2F%2Fa.slack-edge.com%2Fdf10d%2Fimg%2Favatars%2Fava_0018-72.png","image_192":"https:\/\/secure.gravatar.com\/avatar\/e67acf4fffb5f3bfea2ec1634790f091.jpg?s=192&d=https%3A%2F%2Fa.slack-edge.com%2Fdf10d%2Fimg%2Favatars%2Fava_0018-192.png","image_512":"https:\/\/secure.gravatar.com\/avatar\/e67acf4fffb5f3bfea2ec1634790f091.jpg?s=512&d=https%3A%2F%2Fa.slack-edge.com%2Fdf10d%2Fimg%2Favatars%2Fava_0018-512.png","status_text_canonical":"","team":"TJPN85XRA"},"is_admin":false,"is_owner":false,"is_primary_owner":false,"is_restricted":false,"is_ultra_restricted":false,"is_bot":false,"is_app_user":false,"updated":1585164294,"is_email_confirmed":true,"who_can_share_contact_card":"EVERYONE"},
{"id":"U010T8BES9L","team_id":"TJPN85XRA","name":"geise.kss","deleted":false,"color":"9b3b45","real_name":"Geise Santos","tz":"America\/New_York","tz_label":"Eastern Daylight Time","tz_offset":-14400,"profile":{"title":"","phone":"","skype":"","real_name":"Geise Santos","real_name_normalized":"Geise Santos","display_name":"","display_name_normalized":"","fields":{},"status_text":"","status_emoji":"","status_emoji_display_info":[],"status_expiration":0,"avatar_hash":"g4407fc6356f","email":"geise.kss@gmail.com","image_24":"https:\/\/secure.gravatar.com\/avatar\/4407fc6356fe01d21345458b1e26ea08.jpg?s=24&d=https%3A%2F%2Fa.slack-edge.com%2Fdf10d%2Fimg%2Favatars%2Fava_0018-24.png","image_32":"https:\/\/secure.gravatar.com\/avatar\/4407fc6356fe01d21345458b1e26ea08.jpg?s=32&d=https%3A%2F%2Fa.slack-edge.com%2Fdf10d%2Fimg%2Favatars%2Fava_0018-32.png","image_48":"https:\/\/secure.gravatar.com\/avatar\/4407fc6356fe01d21345458b1e26ea08.jpg?s=48&d=https%3A%2F%2Fa.slack-edge.com%2Fdf10d%2Fimg%2Favatars%2Fava_0018-48.png","image_72":"https:\/\/secure.gravatar.com\/avatar\/4407fc6356fe01d21345458b1e26ea08.jpg?s=72&d=https%3A%2F%2Fa.slack-edge.com%2Fdf10d%2Fimg%2Favatars%2Fava_0018-72.png","image_192":"https:\/\/secure.gravatar.com\/avatar\/4407fc6356fe01d21345458b1e26ea08.jpg?s=192&d=https%3A%2F%2Fa.slack-edge.com%2Fdf10d%2Fimg%2Favatars%2Fava_0018-192.png","image_512":"https:\/\/secure.gravatar.com\/avatar\/4407fc6356fe01d21345458b1e26ea08.jpg?s=512&d=https%3A%2F%2Fa.slack-edge.com%2Fdf10d%2Fimg%2Favatars%2Fava_0018-512.png","status_text_canonical":"","team":"TJPN85XRA"},"is_admin":false,"is_owner":false,"is_primary_owner":false,"is_restricted":false,"is_ultra_restricted":false,"is_bot":false,"is_app_user":false,"updated":1585148469,"is_email_confirmed":false,"who_can_share_contact_card":"EVERYONE","is_invited_user":true},
{"id":"U010T8BJF7Y","team_id":"TJPN85XRA","name":"anesio.azevedo","deleted":false,"color":"d58247","real_name":"An\u00e9sio Azevedo","tz":"America\/Sao_Paulo","tz_label":"Brasilia Time","tz_offset":-10800,"profile":{"title":"","phone":"","skype":"","real_name":"An\u00e9sio Azevedo","real_name_normalized":"Anesio Azevedo","display_name":"An\u00e9sio Azevedo","display_name_normalized":"Anesio Azevedo","fields":{},"status_text":"","status_emoji":"","status_emoji_display_info":[],"status_expiration":0,"avatar_hash":"g5211a9f8d16","email":"anesio.azevedo@gmail.com","image_24":"https:\/\/secure.gravatar.com\/avatar\/5211a9f8d161020fbd5c1a6081fd5af6.jpg?s=24&d=https%3A%2F%2Fa.slack-edge.com%2Fdf10d%2Fimg%2Favatars%2Fava_0006-24.png","image_32":"https:\/\/secure.gravatar.com\/avatar\/5211a9f8d161020fbd5c1a6081fd5af6.jpg?s=32&d=https%3A%2F%2Fa.slack-edge.com%2Fdf10d%2Fimg%2Favatars%2Fava_0006-32.png","image_48":"https:\/\/secure.gravatar.com\/avatar\/5211a9f8d161020fbd5c1a6081fd5af6.jpg?s=48&d=https%3A%2F%2Fa.slack-edge.com%2Fdf10d%2Fimg%2Favatars%2Fava_0006-48.png","image_72":"https:\/\/secure.gravatar.com\/avatar\/5211a9f8d161020fbd5c1a6081fd5af6.jpg?s=72&d=https%3A%2F%2Fa.slack-edge.com%2Fdf10d%2Fimg%2Favatars%2Fava_0006-72.png","image_192":"https:\/\/secure.gravatar.com\/avatar\/5211a9f8d161020fbd5c1a6081fd5af6.jpg?s=192&d=https%3A%2F%2Fa.slack-edge.com%2Fdf10d%2Fimg%2Favatars%2Fava_0006-192.png","image_512":"https:\/\/secure.gravatar.com\/avatar\/5211a9f8d161020fbd5c1a6081fd5af6.jpg?s=512&d=https%3A%2F%2Fa.slack-edge.com%2Fdf10d%2Fimg%2Favatars%2Fava_0006-512.png","status_text_canonical":"","team":"TJPN85XRA"},"is_admin":false,"is_owner":false,"is_primary_owner":false,"is_restricted":false,"is_ultra_restricted":false,"is_bot":false,"is_app_user":false,"updated":1611802744,"is_email_confirmed":true,"who_can_share_contact_card":"EVERYONE"},
{"id":"U010TD4329M","team_id":"TJPN85XRA","name":"jmalloch","deleted":false,"color":"5a4592","real_name":"Joe Malloch","tz":"America\/Halifax","tz_label":"Atlantic Daylight Time","tz_offset":-10800,"profile":{"title":"","phone":"","skype":"","real_name":"Joe Malloch","real_name_normalized":"Joe Malloch","display_name":"Joe Malloch","display_name_normalized":"Joe Malloch","fields":{},"status_text":"","status_emoji":"","status_emoji_display_info":[],"status_expiration":0,"avatar_hash":"g76664e246bb","email":"jmalloch@dal.ca","image_24":"https:\/\/secure.gravatar.com\/avatar\/76664e246bb99704f2fe508d673b1124.jpg?s=24&d=https%3A%2F%2Fa.slack-edge.com%2Fdf10d%2Fimg%2Favatars%2Fava_0026-24.png","image_32":"https:\/\/secure.gravatar.com\/avatar\/76664e246bb99704f2fe508d673b1124.jpg?s=32&d=https%3A%2F%2Fa.slack-edge.com%2Fdf10d%2Fimg%2Favatars%2Fava_0026-32.png","image_48":"https:\/\/secure.gravatar.com\/avatar\/76664e246bb99704f2fe508d673b1124.jpg?s=48&d=https%3A%2F%2Fa.slack-edge.com%2Fdf10d%2Fimg%2Favatars%2Fava_0026-48.png","image_72":"https:\/\/secure.gravatar.com\/avatar\/76664e246bb99704f2fe508d673b1124.jpg?s=72&d=https%3A%2F%2Fa.slack-edge.com%2Fdf10d%2Fimg%2Favatars%2Fava_0026-72.png","image_192":"https:\/\/secure.gravatar.com\/avatar\/76664e246bb99704f2fe508d673b1124.jpg?s=192&d=https%3A%2F%2Fa.slack-edge.com%2Fdf10d%2Fimg%2Favatars%2Fava_0026-192.png","image_512":"https:\/\/secure.gravatar.com\/avatar\/76664e246bb99704f2fe508d673b1124.jpg?s=512&d=https%3A%2F%2Fa.slack-edge.com%2Fdf10d%2Fimg%2Favatars%2Fava_0026-512.png","status_text_canonical":"","team":"TJPN85XRA"},"is_admin":false,"is_owner":false,"is_primary_owner":false,"is_restricted":false,"is_ultra_restricted":false,"is_bot":false,"is_app_user":false,"updated":1585153103,"is_email_confirmed":true,"who_can_share_contact_card":"EVERYONE"},
{"id":"U010VMNKLD6","team_id":"TJPN85XRA","name":"alexnieva","deleted":false,"color":"385a86","real_name":"Alex Nieva","tz":"America\/New_York","tz_label":"Eastern Daylight Time","tz_offset":-14400,"profile":{"title":"","phone":"","skype":"","real_name":"Alex Nieva","real_name_normalized":"Alex Nieva","display_name":"Alex Nieva","display_name_normalized":"Alex Nieva","fields":{},"status_text":"","status_emoji":"","status_emoji_display_info":[],"status_expiration":0,"avatar_hash":"g4865e914ca8","email":"alexnieva@gmail.com","image_24":"https:\/\/secure.gravatar.com\/avatar\/4865e914ca803ddaf35e22d48a565b27.jpg?s=24&d=https%3A%2F%2Fa.slack-edge.com%2Fdf10d%2Fimg%2Favatars%2Fava_0007-24.png","image_32":"https:\/\/secure.gravatar.com\/avatar\/4865e914ca803ddaf35e22d48a565b27.jpg?s=32&d=https%3A%2F%2Fa.slack-edge.com%2Fdf10d%2Fimg%2Favatars%2Fava_0007-32.png","image_48":"https:\/\/secure.gravatar.com\/avatar\/4865e914ca803ddaf35e22d48a565b27.jpg?s=48&d=https%3A%2F%2Fa.slack-edge.com%2Fdf10d%2Fimg%2Favatars%2Fava_0007-48.png","image_72":"https:\/\/secure.gravatar.com\/avatar\/4865e914ca803ddaf35e22d48a565b27.jpg?s=72&d=https%3A%2F%2Fa.slack-edge.com%2Fdf10d%2Fimg%2Favatars%2Fava_0007-72.png","image_192":"https:\/\/secure.gravatar.com\/avatar\/4865e914ca803ddaf35e22d48a565b27.jpg?s=192&d=https%3A%2F%2Fa.slack-edge.com%2Fdf10d%2Fimg%2Favatars%2Fava_0007-192.png","image_512":"https:\/\/secure.gravatar.com\/avatar\/4865e914ca803ddaf35e22d48a565b27.jpg?s=512&d=https%3A%2F%2Fa.slack-edge.com%2Fdf10d%2Fimg%2Favatars%2Fava_0007-512.png","status_text_canonical":"","team":"TJPN85XRA"},"is_admin":false,"is_owner":false,"is_primary_owner":false,"is_restricted":false,"is_ultra_restricted":false,"is_bot":false,"is_app_user":false,"updated":1585254324,"is_email_confirmed":true,"who_can_share_contact_card":"EVERYONE"},
{"id":"U0117KV340M","team_id":"TJPN85XRA","name":"filipe.calegario","deleted":false,"color":"a63024","real_name":"Filipe Calegario","tz":"America\/Buenos_Aires","tz_label":"Argentina Time","tz_offset":-10800,"profile":{"title":"","phone":"","skype":"","real_name":"Filipe Calegario","real_name_normalized":"Filipe Calegario","display_name":"","display_name_normalized":"","fields":{},"status_text":"","status_emoji":"","status_emoji_display_info":[],"status_expiration":0,"avatar_hash":"g3bec3a41436","email":"filipe.calegario@gmail.com","image_24":"https:\/\/secure.gravatar.com\/avatar\/3bec3a41436840722882840db4b26b41.jpg?s=24&d=https%3A%2F%2Fa.slack-edge.com%2Fdf10d%2Fimg%2Favatars%2Fava_0019-24.png","image_32":"https:\/\/secure.gravatar.com\/avatar\/3bec3a41436840722882840db4b26b41.jpg?s=32&d=https%3A%2F%2Fa.slack-edge.com%2Fdf10d%2Fimg%2Favatars%2Fava_0019-32.png","image_48":"https:\/\/secure.gravatar.com\/avatar\/3bec3a41436840722882840db4b26b41.jpg?s=48&d=https%3A%2F%2Fa.slack-edge.com%2Fdf10d%2Fimg%2Favatars%2Fava_0019-48.png","image_72":"https:\/\/secure.gravatar.com\/avatar\/3bec3a41436840722882840db4b26b41.jpg?s=72&d=https%3A%2F%2Fa.slack-edge.com%2Fdf10d%2Fimg%2Favatars%2Fava_0019-72.png","image_192":"https:\/\/secure.gravatar.com\/avatar\/3bec3a41436840722882840db4b26b41.jpg?s=192&d=https%3A%2F%2Fa.slack-edge.com%2Fdf10d%2Fimg%2Favatars%2Fava_0019-192.png","image_512":"https:\/\/secure.gravatar.com\/avatar\/3bec3a41436840722882840db4b26b41.jpg?s=512&d=https%3A%2F%2Fa.slack-edge.com%2Fdf10d%2Fimg%2Favatars%2Fava_0019-512.png","status_text_canonical":"","team":"TJPN85XRA"},"is_admin":false,"is_owner":false,"is_primary_owner":false,"is_restricted":false,"is_ultra_restricted":false,"is_bot":false,"is_app_user":false,"updated":1585757961,"is_email_confirmed":true,"who_can_share_contact_card":"EVERYONE"},
{"id":"U013ND10LCB","team_id":"TJPN85XRA","name":"google_calendar","deleted":true,"profile":{"title":"","phone":"","skype":"","real_name":"Google Calendar","real_name_normalized":"Google Calendar","display_name":"","display_name_normalized":"","fields":{},"status_text":"","status_emoji":"","status_emoji_display_info":[],"status_expiration":0,"avatar_hash":"8c96a6ff8c44","api_app_id":"ADZ494LHY","always_active":true,"image_original":"https:\/\/avatars.slack-edge.com\/2021-02-03\/1705126218181_8c96a6ff8c44231e7e41_original.png","is_custom_image":true,"bot_id":"B013FERD1PG","image_24":"https:\/\/avatars.slack-edge.com\/2021-02-03\/1705126218181_8c96a6ff8c44231e7e41_24.png","image_32":"https:\/\/avatars.slack-edge.com\/2021-02-03\/1705126218181_8c96a6ff8c44231e7e41_32.png","image_48":"https:\/\/avatars.slack-edge.com\/2021-02-03\/1705126218181_8c96a6ff8c44231e7e41_48.png","image_72":"https:\/\/avatars.slack-edge.com\/2021-02-03\/1705126218181_8c96a6ff8c44231e7e41_72.png","image_192":"https:\/\/avatars.slack-edge.com\/2021-02-03\/1705126218181_8c96a6ff8c44231e7e41_192.png","image_512":"https:\/\/avatars.slack-edge.com\/2021-02-03\/1705126218181_8c96a6ff8c44231e7e41_512.png","image_1024":"https:\/\/avatars.slack-edge.com\/2021-02-03\/1705126218181_8c96a6ff8c44231e7e41_1024.png","status_text_canonical":"","team":"TJPN85XRA"},"is_bot":true,"is_app_user":false,"updated":1657033699},
{"id":"U01APBW5N2J","team_id":"TJPN85XRA","name":"kaseypocius","deleted":false,"color":"50a0cf","real_name":"Kasey Pocius","tz":"America\/New_York","tz_label":"Eastern Daylight Time","tz_offset":-14400,"profile":{"title":"","phone":"1-709-685-8797","skype":"","real_name":"Kasey Pocius","real_name_normalized":"Kasey Pocius","display_name":"Kasey Pocius","display_name_normalized":"Kasey Pocius","fields":{"Xf03L8690HRR":{"value":"1-709-685-8797","alt":""}},"status_text":"","status_emoji":"","status_emoji_display_info":[],"status_expiration":0,"avatar_hash":"fe0a901d9daf","image_original":"https:\/\/avatars.slack-edge.com\/2020-09-17\/1355731656631_fe0a901d9daf26440442_original.png","is_custom_image":true,"email":"kaseypocius@gmail.com","image_24":"https:\/\/avatars.slack-edge.com\/2020-09-17\/1355731656631_fe0a901d9daf26440442_24.png","image_32":"https:\/\/avatars.slack-edge.com\/2020-09-17\/1355731656631_fe0a901d9daf26440442_32.png","image_48":"https:\/\/avatars.slack-edge.com\/2020-09-17\/1355731656631_fe0a901d9daf26440442_48.png","image_72":"https:\/\/avatars.slack-edge.com\/2020-09-17\/1355731656631_fe0a901d9daf26440442_72.png","image_192":"https:\/\/avatars.slack-edge.com\/2020-09-17\/1355731656631_fe0a901d9daf26440442_192.png","image_512":"https:\/\/avatars.slack-edge.com\/2020-09-17\/1355731656631_fe0a901d9daf26440442_512.png","image_1024":"https:\/\/avatars.slack-edge.com\/2020-09-17\/1355731656631_fe0a901d9daf26440442_1024.png","status_text_canonical":"","team":"TJPN85XRA"},"is_admin":false,"is_owner":false,"is_primary_owner":false,"is_restricted":false,"is_ultra_restricted":false,"is_bot":false,"is_app_user":false,"updated":1685885238,"is_email_confirmed":true,"who_can_share_contact_card":"EVERYONE"},
{"id":"U01AW3YN7A6","team_id":"TJPN85XRA","name":"valerian.fraisse","deleted":false,"color":"ea2977","real_name":"Val\u00e9rian Fraisse","tz":"Europe\/Brussels","tz_label":"Central European Summer Time","tz_offset":7200,"profile":{"title":"","phone":"","skype":"","real_name":"Val\u00e9rian Fraisse","real_name_normalized":"Valerian Fraisse","display_name":"Val\u00e9rian Fraisse","display_name_normalized":"Valerian Fraisse","fields":{},"status_text":"","status_emoji":"","status_emoji_display_info":[],"status_expiration":0,"avatar_hash":"665130aef409","image_original":"https:\/\/avatars.slack-edge.com\/2020-09-18\/1396679790752_665130aef4092f737854_original.png","is_custom_image":true,"email":"valerian.fraisse@gmail.com","image_24":"https:\/\/avatars.slack-edge.com\/2020-09-18\/1396679790752_665130aef4092f737854_24.png","image_32":"https:\/\/avatars.slack-edge.com\/2020-09-18\/1396679790752_665130aef4092f737854_32.png","image_48":"https:\/\/avatars.slack-edge.com\/2020-09-18\/1396679790752_665130aef4092f737854_48.png","image_72":"https:\/\/avatars.slack-edge.com\/2020-09-18\/1396679790752_665130aef4092f737854_72.png","image_192":"https:\/\/avatars.slack-edge.com\/2020-09-18\/1396679790752_665130aef4092f737854_192.png","image_512":"https:\/\/avatars.slack-edge.com\/2020-09-18\/1396679790752_665130aef4092f737854_512.png","image_1024":"https:\/\/avatars.slack-edge.com\/2020-09-18\/1396679790752_665130aef4092f737854_1024.png","status_text_canonical":"","team":"TJPN85XRA"},"is_admin":false,"is_owner":false,"is_primary_owner":false,"is_restricted":false,"is_ultra_restricted":false,"is_bot":false,"is_app_user":false,"updated":1600434056,"is_email_confirmed":true,"who_can_share_contact_card":"EVERYONE"},
{"id":"U01B29LEAE8","team_id":"TJPN85XRA","name":"phillip.reimer","deleted":false,"color":"d55aef","real_name":"Charlie Reimer","tz":"America\/New_York","tz_label":"Eastern Daylight Time","tz_offset":-14400,"profile":{"title":"","phone":"","skype":"","real_name":"Charlie Reimer","real_name_normalized":"Charlie Reimer","display_name":"Charlie Reimer","display_name_normalized":"Charlie Reimer","fields":{},"status_text":"","status_emoji":"","status_emoji_display_info":[],"status_expiration":0,"avatar_hash":"g0524562b205","email":"phillip.reimer@mail.mcgill.ca","image_24":"https:\/\/secure.gravatar.com\/avatar\/0524562b205e94348dfd6c5957100b39.jpg?s=24&d=https%3A%2F%2Fa.slack-edge.com%2Fdf10d%2Fimg%2Favatars%2Fava_0025-24.png","image_32":"https:\/\/secure.gravatar.com\/avatar\/0524562b205e94348dfd6c5957100b39.jpg?s=32&d=https%3A%2F%2Fa.slack-edge.com%2Fdf10d%2Fimg%2Favatars%2Fava_0025-32.png","image_48":"https:\/\/secure.gravatar.com\/avatar\/0524562b205e94348dfd6c5957100b39.jpg?s=48&d=https%3A%2F%2Fa.slack-edge.com%2Fdf10d%2Fimg%2Favatars%2Fava_0025-48.png","image_72":"https:\/\/secure.gravatar.com\/avatar\/0524562b205e94348dfd6c5957100b39.jpg?s=72&d=https%3A%2F%2Fa.slack-edge.com%2Fdf10d%2Fimg%2Favatars%2Fava_0025-72.png","image_192":"https:\/\/secure.gravatar.com\/avatar\/0524562b205e94348dfd6c5957100b39.jpg?s=192&d=https%3A%2F%2Fa.slack-edge.com%2Fdf10d%2Fimg%2Favatars%2Fava_0025-192.png","image_512":"https:\/\/secure.gravatar.com\/avatar\/0524562b205e94348dfd6c5957100b39.jpg?s=512&d=https%3A%2F%2Fa.slack-edge.com%2Fdf10d%2Fimg%2Favatars%2Fava_0025-512.png","status_text_canonical":"","team":"TJPN85XRA"},"is_admin":false,"is_owner":false,"is_primary_owner":false,"is_restricted":false,"is_ultra_restricted":false,"is_bot":false,"is_app_user":false,"updated":1677542682,"is_email_confirmed":true,"who_can_share_contact_card":"EVERYONE"},
{"id":"U01CF20LRAM","team_id":"TJPN85XRA","name":"harry.chung","deleted":false,"color":"d1707d","real_name":"Harry Chung","tz":"America\/Los_Angeles","tz_label":"Pacific Daylight Time","tz_offset":-25200,"profile":{"title":"","phone":"","skype":"","real_name":"Harry Chung","real_name_normalized":"Harry Chung","display_name":"Harry Chung","display_name_normalized":"Harry Chung","fields":{},"status_text":"","status_emoji":"","status_emoji_display_info":[],"status_expiration":0,"avatar_hash":"g604ddb69b8a","email":"harry.chung@mail.mcgill.ca","image_24":"https:\/\/secure.gravatar.com\/avatar\/604ddb69b8a5e0603f411f20c11e763d.jpg?s=24&d=https%3A%2F%2Fa.slack-edge.com%2Fdf10d%2Fimg%2Favatars%2Fava_0013-24.png","image_32":"https:\/\/secure.gravatar.com\/avatar\/604ddb69b8a5e0603f411f20c11e763d.jpg?s=32&d=https%3A%2F%2Fa.slack-edge.com%2Fdf10d%2Fimg%2Favatars%2Fava_0013-32.png","image_48":"https:\/\/secure.gravatar.com\/avatar\/604ddb69b8a5e0603f411f20c11e763d.jpg?s=48&d=https%3A%2F%2Fa.slack-edge.com%2Fdf10d%2Fimg%2Favatars%2Fava_0013-48.png","image_72":"https:\/\/secure.gravatar.com\/avatar\/604ddb69b8a5e0603f411f20c11e763d.jpg?s=72&d=https%3A%2F%2Fa.slack-edge.com%2Fdf10d%2Fimg%2Favatars%2Fava_0013-72.png","image_192":"https:\/\/secure.gravatar.com\/avatar\/604ddb69b8a5e0603f411f20c11e763d.jpg?s=192&d=https%3A%2F%2Fa.slack-edge.com%2Fdf10d%2Fimg%2Favatars%2Fava_0013-192.png","image_512":"https:\/\/secure.gravatar.com\/avatar\/604ddb69b8a5e0603f411f20c11e763d.jpg?s=512&d=https%3A%2F%2Fa.slack-edge.com%2Fdf10d%2Fimg%2Favatars%2Fava_0013-512.png","status_text_canonical":"","team":"TJPN85XRA"},"is_admin":false,"is_owner":false,"is_primary_owner":false,"is_restricted":false,"is_ultra_restricted":false,"is_bot":false,"is_app_user":false,"updated":1662582358,"is_email_confirmed":true,"who_can_share_contact_card":"EVERYONE"},
{"id":"U01UCSZ95T8","team_id":"TJPN85XRA","name":"doodle_bot","deleted":false,"color":"43761b","real_name":"Doodle Bot","tz":"America\/Los_Angeles","tz_label":"Pacific Daylight Time","tz_offset":-25200,"profile":{"title":"","phone":"","skype":"","real_name":"Doodle Bot","real_name_normalized":"Doodle Bot","display_name":"","display_name_normalized":"","fields":{},"status_text":"","status_emoji":"","status_emoji_display_info":[],"status_expiration":0,"avatar_hash":"35e2ea6daed3","api_app_id":"AFA5VQJKX","always_active":false,"image_original":"https:\/\/avatars.slack-edge.com\/2021-06-09\/2150121590741_35e2ea6daed317249957_original.png","is_custom_image":true,"bot_id":"B01UGJ4TC7P","first_name":"Doodle","last_name":"Bot","image_24":"https:\/\/avatars.slack-edge.com\/2021-06-09\/2150121590741_35e2ea6daed317249957_24.png","image_32":"https:\/\/avatars.slack-edge.com\/2021-06-09\/2150121590741_35e2ea6daed317249957_32.png","image_48":"https:\/\/avatars.slack-edge.com\/2021-06-09\/2150121590741_35e2ea6daed317249957_48.png","image_72":"https:\/\/avatars.slack-edge.com\/2021-06-09\/2150121590741_35e2ea6daed317249957_72.png","image_192":"https:\/\/avatars.slack-edge.com\/2021-06-09\/2150121590741_35e2ea6daed317249957_192.png","image_512":"https:\/\/avatars.slack-edge.com\/2021-06-09\/2150121590741_35e2ea6daed317249957_512.png","image_1024":"https:\/\/avatars.slack-edge.com\/2021-06-09\/2150121590741_35e2ea6daed317249957_1024.png","status_text_canonical":"","team":"TJPN85XRA"},"is_admin":false,"is_owner":false,"is_primary_owner":false,"is_restricted":false,"is_ultra_restricted":false,"is_bot":true,"is_app_user":false,"updated":1623243690,"is_email_confirmed":false,"who_can_share_contact_card":"EVERYONE"},
{"id":"U029MNKJ0DR","team_id":"TJPN85XRA","name":"buser.paul","deleted":false,"color":"e06b56","real_name":"Paul Buser","tz":"America\/New_York","tz_label":"Eastern Daylight Time","tz_offset":-14400,"profile":{"title":"","phone":"","skype":"","real_name":"Paul Buser","real_name_normalized":"Paul Buser","display_name":"Paul Buser","display_name_normalized":"Paul Buser","fields":{},"status_text":"","status_emoji":"","status_emoji_display_info":[],"status_expiration":0,"avatar_hash":"f350669b1e49","image_original":"https:\/\/avatars.slack-edge.com\/2021-07-29\/2324539512645_f350669b1e496193ea11_original.jpg","is_custom_image":true,"email":"buser.paul@gmail.com","image_24":"https:\/\/avatars.slack-edge.com\/2021-07-29\/2324539512645_f350669b1e496193ea11_24.jpg","image_32":"https:\/\/avatars.slack-edge.com\/2021-07-29\/2324539512645_f350669b1e496193ea11_32.jpg","image_48":"https:\/\/avatars.slack-edge.com\/2021-07-29\/2324539512645_f350669b1e496193ea11_48.jpg","image_72":"https:\/\/avatars.slack-edge.com\/2021-07-29\/2324539512645_f350669b1e496193ea11_72.jpg","image_192":"https:\/\/avatars.slack-edge.com\/2021-07-29\/2324539512645_f350669b1e496193ea11_192.jpg","image_512":"https:\/\/avatars.slack-edge.com\/2021-07-29\/2324539512645_f350669b1e496193ea11_512.jpg","image_1024":"https:\/\/avatars.slack-edge.com\/2021-07-29\/2324539512645_f350669b1e496193ea11_1024.jpg","status_text_canonical":"","team":"TJPN85XRA"},"is_admin":false,"is_owner":false,"is_primary_owner":false,"is_restricted":false,"is_ultra_restricted":false,"is_bot":false,"is_app_user":false,"updated":1687181283,"is_email_confirmed":true,"who_can_share_contact_card":"EVERYONE"},
{"id":"U03JTLB9FSS","team_id":"TJPN85XRA","name":"brady.boettcher","deleted":false,"color":"8f4a2b","real_name":"Brady Boettcher","tz":"America\/Los_Angeles","tz_label":"Pacific Daylight Time","tz_offset":-25200,"profile":{"title":"","phone":"","skype":"","real_name":"Brady Boettcher","real_name_normalized":"Brady Boettcher","display_name":"","display_name_normalized":"","fields":{},"status_text":"","status_emoji":"","status_emoji_display_info":[],"status_expiration":0,"avatar_hash":"459fb8de8703","image_original":"https:\/\/avatars.slack-edge.com\/2022-07-28\/3867310060339_459fb8de8703bb2678e5_original.jpg","is_custom_image":true,"email":"brady.boettcher@mail.mcgill.ca","huddle_state":"default_unset","first_name":"Brady","last_name":"Boettcher","image_24":"https:\/\/avatars.slack-edge.com\/2022-07-28\/3867310060339_459fb8de8703bb2678e5_24.jpg","image_32":"https:\/\/avatars.slack-edge.com\/2022-07-28\/3867310060339_459fb8de8703bb2678e5_32.jpg","image_48":"https:\/\/avatars.slack-edge.com\/2022-07-28\/3867310060339_459fb8de8703bb2678e5_48.jpg","image_72":"https:\/\/avatars.slack-edge.com\/2022-07-28\/3867310060339_459fb8de8703bb2678e5_72.jpg","image_192":"https:\/\/avatars.slack-edge.com\/2022-07-28\/3867310060339_459fb8de8703bb2678e5_192.jpg","image_512":"https:\/\/avatars.slack-edge.com\/2022-07-28\/3867310060339_459fb8de8703bb2678e5_512.jpg","image_1024":"https:\/\/avatars.slack-edge.com\/2022-07-28\/3867310060339_459fb8de8703bb2678e5_1024.jpg","status_text_canonical":"","team":"TJPN85XRA"},"is_admin":true,"is_owner":true,"is_primary_owner":false,"is_restricted":false,"is_ultra_restricted":false,"is_bot":false,"is_app_user":false,"updated":1691966596,"is_email_confirmed":true,"who_can_share_contact_card":"EVERYONE"},
{"id":"U03JWS43U3H","team_id":"TJPN85XRA","name":"albert-ngabo.niyonsen","deleted":false,"color":"902d59","real_name":"Albert-Ngabo Niyonsenga","tz":"America\/New_York","tz_label":"Eastern Daylight Time","tz_offset":-14400,"profile":{"title":"","phone":"","skype":"","real_name":"Albert-Ngabo Niyonsenga","real_name_normalized":"Albert-Ngabo Niyonsenga","display_name":"Albert-Ngabo Niyonsenga","display_name_normalized":"Albert-Ngabo Niyonsenga","fields":{},"status_text":"","status_emoji":"","status_emoji_display_info":[],"status_expiration":0,"avatar_hash":"g9dd84ade99b","email":"albert-ngabo.niyonsenga@mail.mcgill.ca","huddle_state":"default_unset","huddle_state_expiration_ts":0,"first_name":"Albert-Ngabo","last_name":"Niyonsenga","image_24":"https:\/\/secure.gravatar.com\/avatar\/9dd84ade99bb030e9269d9f654d3b81f.jpg?s=24&d=https%3A%2F%2Fa.slack-edge.com%2Fdf10d%2Fimg%2Favatars%2Fava_0006-24.png","image_32":"https:\/\/secure.gravatar.com\/avatar\/9dd84ade99bb030e9269d9f654d3b81f.jpg?s=32&d=https%3A%2F%2Fa.slack-edge.com%2Fdf10d%2Fimg%2Favatars%2Fava_0006-32.png","image_48":"https:\/\/secure.gravatar.com\/avatar\/9dd84ade99bb030e9269d9f654d3b81f.jpg?s=48&d=https%3A%2F%2Fa.slack-edge.com%2Fdf10d%2Fimg%2Favatars%2Fava_0006-48.png","image_72":"https:\/\/secure.gravatar.com\/avatar\/9dd84ade99bb030e9269d9f654d3b81f.jpg?s=72&d=https%3A%2F%2Fa.slack-edge.com%2Fdf10d%2Fimg%2Favatars%2Fava_0006-72.png","image_192":"https:\/\/secure.gravatar.com\/avatar\/9dd84ade99bb030e9269d9f654d3b81f.jpg?s=192&d=https%3A%2F%2Fa.slack-edge.com%2Fdf10d%2Fimg%2Favatars%2Fava_0006-192.png","image_512":"https:\/\/secure.gravatar.com\/avatar\/9dd84ade99bb030e9269d9f654d3b81f.jpg?s=512&d=https%3A%2F%2Fa.slack-edge.com%2Fdf10d%2Fimg%2Favatars%2Fava_0006-512.png","status_text_canonical":"","team":"TJPN85XRA"},"is_admin":true,"is_owner":true,"is_primary_owner":false,"is_restricted":false,"is_ultra_restricted":false,"is_bot":false,"is_app_user":false,"updated":1691335723,"is_email_confirmed":true,"who_can_share_contact_card":"EVERYONE"},
{"id":"U03KSGRRF5F","team_id":"TJPN85XRA","name":"pierrick.uro","deleted":false,"color":"de5f24","real_name":"Pierrick Uro","tz":"Europe\/Brussels","tz_label":"Central European Summer Time","tz_offset":7200,"profile":{"title":"","phone":"","skype":"","real_name":"Pierrick Uro","real_name_normalized":"Pierrick Uro","display_name":"Pierrick Uro","display_name_normalized":"Pierrick Uro","fields":{},"status_text":"","status_emoji":"","status_emoji_display_info":[],"status_expiration":0,"avatar_hash":"g5cebb9905ad","email":"pierrick.uro@mail.mcgill.ca","huddle_state":"default_unset","huddle_state_expiration_ts":0,"first_name":"Pierrick","last_name":"Uro","image_24":"https:\/\/secure.gravatar.com\/avatar\/5cebb9905ad54bc21c0bd13514ca1f21.jpg?s=24&d=https%3A%2F%2Fa.slack-edge.com%2Fdf10d%2Fimg%2Favatars%2Fava_0024-24.png","image_32":"https:\/\/secure.gravatar.com\/avatar\/5cebb9905ad54bc21c0bd13514ca1f21.jpg?s=32&d=https%3A%2F%2Fa.slack-edge.com%2Fdf10d%2Fimg%2Favatars%2Fava_0024-32.png","image_48":"https:\/\/secure.gravatar.com\/avatar\/5cebb9905ad54bc21c0bd13514ca1f21.jpg?s=48&d=https%3A%2F%2Fa.slack-edge.com%2Fdf10d%2Fimg%2Favatars%2Fava_0024-48.png","image_72":"https:\/\/secure.gravatar.com\/avatar\/5cebb9905ad54bc21c0bd13514ca1f21.jpg?s=72&d=https%3A%2F%2Fa.slack-edge.com%2Fdf10d%2Fimg%2Favatars%2Fava_0024-72.png","image_192":"https:\/\/secure.gravatar.com\/avatar\/5cebb9905ad54bc21c0bd13514ca1f21.jpg?s=192&d=https%3A%2F%2Fa.slack-edge.com%2Fdf10d%2Fimg%2Favatars%2Fava_0024-192.png","image_512":"https:\/\/secure.gravatar.com\/avatar\/5cebb9905ad54bc21c0bd13514ca1f21.jpg?s=512&d=https%3A%2F%2Fa.slack-edge.com%2Fdf10d%2Fimg%2Favatars%2Fava_0024-512.png","status_text_canonical":"","team":"TJPN85XRA"},"is_admin":false,"is_owner":false,"is_primary_owner":false,"is_restricted":false,"is_ultra_restricted":false,"is_bot":false,"is_app_user":false,"updated":1676387673,"is_email_confirmed":true,"who_can_share_contact_card":"EVERYONE"},
{"id":"U03M3TQP9J4","team_id":"TJPN85XRA","name":"meeshfradkin","deleted":false,"color":"a2a5dc","real_name":"meesh","tz":"America\/New_York","tz_label":"Eastern Daylight Time","tz_offset":-14400,"profile":{"title":"","phone":"","skype":"","real_name":"meesh","real_name_normalized":"meesh","display_name":"meesh","display_name_normalized":"meesh","fields":{},"status_text":"","status_emoji":"","status_emoji_display_info":[],"status_expiration":0,"avatar_hash":"80e82273a6a2","image_original":"https:\/\/avatars.slack-edge.com\/2022-12-19\/4565238841488_80e82273a6a23f498cc5_original.png","is_custom_image":true,"email":"meeshfradkin@protonmail.com","first_name":"meesh","last_name":"","image_24":"https:\/\/avatars.slack-edge.com\/2022-12-19\/4565238841488_80e82273a6a23f498cc5_24.png","image_32":"https:\/\/avatars.slack-edge.com\/2022-12-19\/4565238841488_80e82273a6a23f498cc5_32.png","image_48":"https:\/\/avatars.slack-edge.com\/2022-12-19\/4565238841488_80e82273a6a23f498cc5_48.png","image_72":"https:\/\/avatars.slack-edge.com\/2022-12-19\/4565238841488_80e82273a6a23f498cc5_72.png","image_192":"https:\/\/avatars.slack-edge.com\/2022-12-19\/4565238841488_80e82273a6a23f498cc5_192.png","image_512":"https:\/\/avatars.slack-edge.com\/2022-12-19\/4565238841488_80e82273a6a23f498cc5_512.png","image_1024":"https:\/\/avatars.slack-edge.com\/2022-12-19\/4565238841488_80e82273a6a23f498cc5_1024.png","status_text_canonical":"","team":"TJPN85XRA"},"is_admin":false,"is_owner":false,"is_primary_owner":false,"is_restricted":false,"is_ultra_restricted":false,"is_bot":false,"is_app_user":false,"updated":1671493996,"is_email_confirmed":true,"who_can_share_contact_card":"EVERYONE"},
{"id":"U03M9JKPT5X","team_id":"TJPN85XRA","name":"jonathan.lane-smith","deleted":false,"color":"827327","real_name":"Jonathan Lane-Smith","tz":"America\/Los_Angeles","tz_label":"Pacific Daylight Time","tz_offset":-25200,"profile":{"title":"","phone":"","skype":"","real_name":"Jonathan Lane-Smith","real_name_normalized":"Jonathan Lane-Smith","display_name":"Jonathan Lane-Smith","display_name_normalized":"Jonathan Lane-Smith","fields":{},"status_text":"","status_emoji":"","status_emoji_display_info":[],"status_expiration":0,"avatar_hash":"gd39f4f5aca1","email":"jonathan.lane-smith@mail.mcgill.ca","first_name":"Jonathan","last_name":"Lane-Smith","image_24":"https:\/\/secure.gravatar.com\/avatar\/d39f4f5aca16cb1dc5186ed9085363d6.jpg?s=24&d=https%3A%2F%2Fa.slack-edge.com%2Fdf10d%2Fimg%2Favatars%2Fava_0011-24.png","image_32":"https:\/\/secure.gravatar.com\/avatar\/d39f4f5aca16cb1dc5186ed9085363d6.jpg?s=32&d=https%3A%2F%2Fa.slack-edge.com%2Fdf10d%2Fimg%2Favatars%2Fava_0011-32.png","image_48":"https:\/\/secure.gravatar.com\/avatar\/d39f4f5aca16cb1dc5186ed9085363d6.jpg?s=48&d=https%3A%2F%2Fa.slack-edge.com%2Fdf10d%2Fimg%2Favatars%2Fava_0011-48.png","image_72":"https:\/\/secure.gravatar.com\/avatar\/d39f4f5aca16cb1dc5186ed9085363d6.jpg?s=72&d=https%3A%2F%2Fa.slack-edge.com%2Fdf10d%2Fimg%2Favatars%2Fava_0011-72.png","image_192":"https:\/\/secure.gravatar.com\/avatar\/d39f4f5aca16cb1dc5186ed9085363d6.jpg?s=192&d=https%3A%2F%2Fa.slack-edge.com%2Fdf10d%2Fimg%2Favatars%2Fava_0011-192.png","image_512":"https:\/\/secure.gravatar.com\/avatar\/d39f4f5aca16cb1dc5186ed9085363d6.jpg?s=512&d=https%3A%2F%2Fa.slack-edge.com%2Fdf10d%2Fimg%2Favatars%2Fava_0011-512.png","status_text_canonical":"","team":"TJPN85XRA"},"is_admin":false,"is_owner":false,"is_primary_owner":false,"is_restricted":false,"is_ultra_restricted":false,"is_bot":false,"is_app_user":false,"updated":1687202867,"is_email_confirmed":true,"who_can_share_contact_card":"EVERYONE"},
{"id":"U03N8B9NV7Z","team_id":"TJPN85XRA","name":"cretton","deleted":false,"color":"8d4b84","real_name":"Filipe Cretton","tz":"America\/Sao_Paulo","tz_label":"Brasilia Time","tz_offset":-10800,"profile":{"title":"","phone":"+5521999222038","skype":"","real_name":"Filipe Cretton","real_name_normalized":"Filipe Cretton","display_name":"Cretton","display_name_normalized":"Cretton","fields":{"Xf03L8690HRR":{"value":"+5521999222038","alt":""}},"status_text":"","status_emoji":"","status_emoji_display_info":[],"status_expiration":0,"avatar_hash":"c2e5c440b6df","image_original":"https:\/\/avatars.slack-edge.com\/2022-07-07\/3757809379895_c2e5c440b6dfabbe3e0c_original.png","is_custom_image":true,"email":"f234685@dac.unicamp.br","first_name":"Filipe","last_name":"Cretton","image_24":"https:\/\/avatars.slack-edge.com\/2022-07-07\/3757809379895_c2e5c440b6dfabbe3e0c_24.png","image_32":"https:\/\/avatars.slack-edge.com\/2022-07-07\/3757809379895_c2e5c440b6dfabbe3e0c_32.png","image_48":"https:\/\/avatars.slack-edge.com\/2022-07-07\/3757809379895_c2e5c440b6dfabbe3e0c_48.png","image_72":"https:\/\/avatars.slack-edge.com\/2022-07-07\/3757809379895_c2e5c440b6dfabbe3e0c_72.png","image_192":"https:\/\/avatars.slack-edge.com\/2022-07-07\/3757809379895_c2e5c440b6dfabbe3e0c_192.png","image_512":"https:\/\/avatars.slack-edge.com\/2022-07-07\/3757809379895_c2e5c440b6dfabbe3e0c_512.png","image_1024":"https:\/\/avatars.slack-edge.com\/2022-07-07\/3757809379895_c2e5c440b6dfabbe3e0c_1024.png","status_text_canonical":"","team":"TJPN85XRA"},"is_admin":false,"is_owner":false,"is_primary_owner":false,"is_restricted":false,"is_ultra_restricted":false,"is_bot":false,"is_app_user":false,"updated":1678748439,"is_email_confirmed":true,"who_can_share_contact_card":"EVERYONE"},
{"id":"U03NPGXF7GT","team_id":"TJPN85XRA","name":"benjamin.lavastre","deleted":false,"color":"84b22f","real_name":"Benjamin Lavastre","tz":"America\/New_York","tz_label":"Eastern Daylight Time","tz_offset":-14400,"profile":{"title":"","phone":"","skype":"","real_name":"Benjamin Lavastre","real_name_normalized":"Benjamin Lavastre","display_name":"Benjamin Lavastre","display_name_normalized":"Benjamin Lavastre","fields":{},"status_text":"","status_emoji":"","status_emoji_display_info":[],"status_expiration":0,"avatar_hash":"g99c9e6129d9","email":"benjamin.lavastre@mail.mcgill.ca","first_name":"Benjamin","last_name":"Lavastre","image_24":"https:\/\/secure.gravatar.com\/avatar\/99c9e6129d9cd988a07e1374696931ce.jpg?s=24&d=https%3A%2F%2Fa.slack-edge.com%2Fdf10d%2Fimg%2Favatars%2Fava_0008-24.png","image_32":"https:\/\/secure.gravatar.com\/avatar\/99c9e6129d9cd988a07e1374696931ce.jpg?s=32&d=https%3A%2F%2Fa.slack-edge.com%2Fdf10d%2Fimg%2Favatars%2Fava_0008-32.png","image_48":"https:\/\/secure.gravatar.com\/avatar\/99c9e6129d9cd988a07e1374696931ce.jpg?s=48&d=https%3A%2F%2Fa.slack-edge.com%2Fdf10d%2Fimg%2Favatars%2Fava_0008-48.png","image_72":"https:\/\/secure.gravatar.com\/avatar\/99c9e6129d9cd988a07e1374696931ce.jpg?s=72&d=https%3A%2F%2Fa.slack-edge.com%2Fdf10d%2Fimg%2Favatars%2Fava_0008-72.png","image_192":"https:\/\/secure.gravatar.com\/avatar\/99c9e6129d9cd988a07e1374696931ce.jpg?s=192&d=https%3A%2F%2Fa.slack-edge.com%2Fdf10d%2Fimg%2Favatars%2Fava_0008-192.png","image_512":"https:\/\/secure.gravatar.com\/avatar\/99c9e6129d9cd988a07e1374696931ce.jpg?s=512&d=https%3A%2F%2Fa.slack-edge.com%2Fdf10d%2Fimg%2Favatars%2Fava_0008-512.png","status_text_canonical":"","team":"TJPN85XRA"},"is_admin":false,"is_owner":false,"is_primary_owner":false,"is_restricted":false,"is_ultra_restricted":false,"is_bot":false,"is_app_user":false,"updated":1657210503,"is_email_confirmed":true,"who_can_share_contact_card":"EVERYONE"},
{"id":"U03NRB57K60","team_id":"TJPN85XRA","name":"ziyue.piao","deleted":false,"color":"3c8c69","real_name":"Ziyue (Monica) Piao","tz":"America\/New_York","tz_label":"Eastern Daylight Time","tz_offset":-14400,"profile":{"title":"","phone":"","skype":"","real_name":"Ziyue (Monica) Piao","real_name_normalized":"Ziyue (Monica) Piao","display_name":"Ziyue (Monica) Piao","display_name_normalized":"Ziyue (Monica) Piao","fields":{"Xf03KD3GTLAV":{"value":"(Bu)zz yoo-ey","alt":""}},"status_text":"","status_emoji":"","status_emoji_display_info":[],"status_expiration":0,"avatar_hash":"cb367b89c7ee","image_original":"https:\/\/avatars.slack-edge.com\/2022-07-07\/3764518225398_cb367b89c7eea9d69365_original.jpg","is_custom_image":true,"email":"ziyue.piao@mail.mcgill.ca","huddle_state":"default_unset","first_name":"Ziyue","last_name":"(Monica) Piao","image_24":"https:\/\/avatars.slack-edge.com\/2022-07-07\/3764518225398_cb367b89c7eea9d69365_24.jpg","image_32":"https:\/\/avatars.slack-edge.com\/2022-07-07\/3764518225398_cb367b89c7eea9d69365_32.jpg","image_48":"https:\/\/avatars.slack-edge.com\/2022-07-07\/3764518225398_cb367b89c7eea9d69365_48.jpg","image_72":"https:\/\/avatars.slack-edge.com\/2022-07-07\/3764518225398_cb367b89c7eea9d69365_72.jpg","image_192":"https:\/\/avatars.slack-edge.com\/2022-07-07\/3764518225398_cb367b89c7eea9d69365_192.jpg","image_512":"https:\/\/avatars.slack-edge.com\/2022-07-07\/3764518225398_cb367b89c7eea9d69365_512.jpg","image_1024":"https:\/\/avatars.slack-edge.com\/2022-07-07\/3764518225398_cb367b89c7eea9d69365_1024.jpg","status_text_canonical":"","team":"TJPN85XRA"},"is_admin":false,"is_owner":false,"is_primary_owner":false,"is_restricted":false,"is_ultra_restricted":false,"is_bot":false,"is_app_user":false,"updated":1665441564,"is_email_confirmed":true,"who_can_share_contact_card":"EVERYONE"},
{"id":"U03RKAGLHTP","team_id":"TJPN85XRA","name":"maxwell.gentili-morin","deleted":false,"color":"4ec0d6","real_name":"Maxwell Gentili-Morin","tz":"America\/New_York","tz_label":"Eastern Daylight Time","tz_offset":-14400,"profile":{"title":"","phone":"","skype":"","real_name":"Maxwell Gentili-Morin","real_name_normalized":"Maxwell Gentili-Morin","display_name":"Maxwell Gentili-Morin","display_name_normalized":"Maxwell Gentili-Morin","fields":{},"status_text":"","status_emoji":"","status_emoji_display_info":[],"status_expiration":0,"avatar_hash":"g0c030baca6f","email":"maxwell.gentili-morin@mail.mcgill.ca","huddle_state":"default_unset","huddle_state_expiration_ts":0,"first_name":"Maxwell","last_name":"Gentili-Morin","image_24":"https:\/\/secure.gravatar.com\/avatar\/0c030baca6f5c1ffd705bc5dee6c672a.jpg?s=24&d=https%3A%2F%2Fa.slack-edge.com%2Fdf10d%2Fimg%2Favatars%2Fava_0018-24.png","image_32":"https:\/\/secure.gravatar.com\/avatar\/0c030baca6f5c1ffd705bc5dee6c672a.jpg?s=32&d=https%3A%2F%2Fa.slack-edge.com%2Fdf10d%2Fimg%2Favatars%2Fava_0018-32.png","image_48":"https:\/\/secure.gravatar.com\/avatar\/0c030baca6f5c1ffd705bc5dee6c672a.jpg?s=48&d=https%3A%2F%2Fa.slack-edge.com%2Fdf10d%2Fimg%2Favatars%2Fava_0018-48.png","image_72":"https:\/\/secure.gravatar.com\/avatar\/0c030baca6f5c1ffd705bc5dee6c672a.jpg?s=72&d=https%3A%2F%2Fa.slack-edge.com%2Fdf10d%2Fimg%2Favatars%2Fava_0018-72.png","image_192":"https:\/\/secure.gravatar.com\/avatar\/0c030baca6f5c1ffd705bc5dee6c672a.jpg?s=192&d=https%3A%2F%2Fa.slack-edge.com%2Fdf10d%2Fimg%2Favatars%2Fava_0018-192.png","image_512":"https:\/\/secure.gravatar.com\/avatar\/0c030baca6f5c1ffd705bc5dee6c672a.jpg?s=512&d=https%3A%2F%2Fa.slack-edge.com%2Fdf10d%2Fimg%2Favatars%2Fava_0018-512.png","status_text_canonical":"","team":"TJPN85XRA"},"is_admin":false,"is_owner":false,"is_primary_owner":false,"is_restricted":false,"is_ultra_restricted":false,"is_bot":false,"is_app_user":false,"updated":1665263032,"is_email_confirmed":true,"who_can_share_contact_card":"EVERYONE"},
{"id":"U041P8P3P8R","team_id":"TJPN85XRA","name":"quentin.lauvray","deleted":false,"color":"e23f99","real_name":"Quentin Lauvray","tz":"Europe\/Brussels","tz_label":"Central European Summer Time","tz_offset":7200,"profile":{"title":"","phone":"","skype":"","real_name":"Quentin Lauvray","real_name_normalized":"Quentin Lauvray","display_name":"Quentin Lauvray","display_name_normalized":"Quentin Lauvray","fields":{},"status_text":"","status_emoji":"","status_emoji_display_info":[],"status_expiration":0,"avatar_hash":"gba6079dc0fa","email":"quentin.lauvray@gmail.com","first_name":"Quentin","last_name":"Lauvray","image_24":"https:\/\/secure.gravatar.com\/avatar\/ba6079dc0fabf3f90eb44af86f0a69b7.jpg?s=24&d=https%3A%2F%2Fa.slack-edge.com%2Fdf10d%2Fimg%2Favatars%2Fava_0017-24.png","image_32":"https:\/\/secure.gravatar.com\/avatar\/ba6079dc0fabf3f90eb44af86f0a69b7.jpg?s=32&d=https%3A%2F%2Fa.slack-edge.com%2Fdf10d%2Fimg%2Favatars%2Fava_0017-32.png","image_48":"https:\/\/secure.gravatar.com\/avatar\/ba6079dc0fabf3f90eb44af86f0a69b7.jpg?s=48&d=https%3A%2F%2Fa.slack-edge.com%2Fdf10d%2Fimg%2Favatars%2Fava_0017-48.png","image_72":"https:\/\/secure.gravatar.com\/avatar\/ba6079dc0fabf3f90eb44af86f0a69b7.jpg?s=72&d=https%3A%2F%2Fa.slack-edge.com%2Fdf10d%2Fimg%2Favatars%2Fava_0017-72.png","image_192":"https:\/\/secure.gravatar.com\/avatar\/ba6079dc0fabf3f90eb44af86f0a69b7.jpg?s=192&d=https%3A%2F%2Fa.slack-edge.com%2Fdf10d%2Fimg%2Favatars%2Fava_0017-192.png","image_512":"https:\/\/secure.gravatar.com\/avatar\/ba6079dc0fabf3f90eb44af86f0a69b7.jpg?s=512&d=https%3A%2F%2Fa.slack-edge.com%2Fdf10d%2Fimg%2Favatars%2Fava_0017-512.png","status_text_canonical":"","team":"TJPN85XRA"},"is_admin":false,"is_owner":false,"is_primary_owner":false,"is_restricted":false,"is_ultra_restricted":false,"is_bot":false,"is_app_user":false,"updated":1691677692,"is_email_confirmed":true,"who_can_share_contact_card":"EVERYONE"},
{"id":"U041WFL2TV2","team_id":"TJPN85XRA","name":"tommydavis295","deleted":false,"color":"e475df","real_name":"Tommy Davis","tz":"America\/New_York","tz_label":"Eastern Daylight Time","tz_offset":-14400,"profile":{"title":"","phone":"","skype":"","real_name":"Tommy Davis","real_name_normalized":"Tommy Davis","display_name":"Tommy Davis","display_name_normalized":"Tommy Davis","fields":{},"status_text":"","status_emoji":"","status_emoji_display_info":[],"status_expiration":0,"avatar_hash":"g3815bfaab6e","email":"tommydavis295@gmail.com","first_name":"Tommy","last_name":"Davis","image_24":"https:\/\/secure.gravatar.com\/avatar\/3815bfaab6e520e9fa928d67f6c403cc.jpg?s=24&d=https%3A%2F%2Fa.slack-edge.com%2Fdf10d%2Fimg%2Favatars%2Fava_0003-24.png","image_32":"https:\/\/secure.gravatar.com\/avatar\/3815bfaab6e520e9fa928d67f6c403cc.jpg?s=32&d=https%3A%2F%2Fa.slack-edge.com%2Fdf10d%2Fimg%2Favatars%2Fava_0003-32.png","image_48":"https:\/\/secure.gravatar.com\/avatar\/3815bfaab6e520e9fa928d67f6c403cc.jpg?s=48&d=https%3A%2F%2Fa.slack-edge.com%2Fdf10d%2Fimg%2Favatars%2Fava_0003-48.png","image_72":"https:\/\/secure.gravatar.com\/avatar\/3815bfaab6e520e9fa928d67f6c403cc.jpg?s=72&d=https%3A%2F%2Fa.slack-edge.com%2Fdf10d%2Fimg%2Favatars%2Fava_0003-72.png","image_192":"https:\/\/secure.gravatar.com\/avatar\/3815bfaab6e520e9fa928d67f6c403cc.jpg?s=192&d=https%3A%2F%2Fa.slack-edge.com%2Fdf10d%2Fimg%2Favatars%2Fava_0003-192.png","image_512":"https:\/\/secure.gravatar.com\/avatar\/3815bfaab6e520e9fa928d67f6c403cc.jpg?s=512&d=https%3A%2F%2Fa.slack-edge.com%2Fdf10d%2Fimg%2Favatars%2Fava_0003-512.png","status_text_canonical":"","team":"TJPN85XRA"},"is_admin":false,"is_owner":false,"is_primary_owner":false,"is_restricted":false,"is_ultra_restricted":false,"is_bot":false,"is_app_user":false,"updated":1688403622,"is_email_confirmed":true,"who_can_share_contact_card":"EVERYONE"},
{"id":"U044TJANSBW","team_id":"TJPN85XRA","name":"googledrive","deleted":false,"color":"619a4f","real_name":"Google Drive","tz":"America\/Los_Angeles","tz_label":"Pacific Daylight Time","tz_offset":-25200,"profile":{"title":"","phone":"","skype":"","real_name":"Google Drive","real_name_normalized":"Google Drive","display_name":"","display_name_normalized":"","fields":{},"status_text":"","status_emoji":"","status_emoji_display_info":[],"status_expiration":0,"avatar_hash":"bde0887174fe","api_app_id":"A6NL8MJ6Q","always_active":true,"image_original":"https:\/\/avatars.slack-edge.com\/2022-10-01\/4158213814341_bde0887174feebe1e993_original.png","is_custom_image":true,"bot_id":"B044R53NTH8","first_name":"Google","last_name":"Drive","image_24":"https:\/\/avatars.slack-edge.com\/2022-10-01\/4158213814341_bde0887174feebe1e993_24.png","image_32":"https:\/\/avatars.slack-edge.com\/2022-10-01\/4158213814341_bde0887174feebe1e993_32.png","image_48":"https:\/\/avatars.slack-edge.com\/2022-10-01\/4158213814341_bde0887174feebe1e993_48.png","image_72":"https:\/\/avatars.slack-edge.com\/2022-10-01\/4158213814341_bde0887174feebe1e993_72.png","image_192":"https:\/\/avatars.slack-edge.com\/2022-10-01\/4158213814341_bde0887174feebe1e993_192.png","image_512":"https:\/\/avatars.slack-edge.com\/2022-10-01\/4158213814341_bde0887174feebe1e993_512.png","image_1024":"https:\/\/avatars.slack-edge.com\/2022-10-01\/4158213814341_bde0887174feebe1e993_1024.png","status_text_canonical":"","team":"TJPN85XRA"},"is_admin":false,"is_owner":false,"is_primary_owner":false,"is_restricted":false,"is_ultra_restricted":false,"is_bot":true,"is_app_user":false,"updated":1664625515,"is_email_confirmed":false,"who_can_share_contact_card":"EVERYONE"},
{"id":"U045AHFMU6S","team_id":"TJPN85XRA","name":"gitlab","deleted":false,"color":"7d414c","real_name":"GitLab","tz":"America\/Los_Angeles","tz_label":"Pacific Daylight Time","tz_offset":-25200,"profile":{"title":"","phone":"","skype":"","real_name":"GitLab","real_name_normalized":"GitLab","display_name":"","display_name_normalized":"","fields":{},"status_text":"","status_emoji":"","status_emoji_display_info":[],"status_expiration":0,"avatar_hash":"88b9804087e5","api_app_id":"A676ADMV5","always_active":true,"image_original":"https:\/\/avatars.slack-edge.com\/2023-02-09\/4793291939889_88b9804087e55bd2485e_original.png","is_custom_image":true,"bot_id":"B0452K30EAK","first_name":"GitLab","last_name":"","image_24":"https:\/\/avatars.slack-edge.com\/2023-02-09\/4793291939889_88b9804087e55bd2485e_24.png","image_32":"https:\/\/avatars.slack-edge.com\/2023-02-09\/4793291939889_88b9804087e55bd2485e_32.png","image_48":"https:\/\/avatars.slack-edge.com\/2023-02-09\/4793291939889_88b9804087e55bd2485e_48.png","image_72":"https:\/\/avatars.slack-edge.com\/2023-02-09\/4793291939889_88b9804087e55bd2485e_72.png","image_192":"https:\/\/avatars.slack-edge.com\/2023-02-09\/4793291939889_88b9804087e55bd2485e_192.png","image_512":"https:\/\/avatars.slack-edge.com\/2023-02-09\/4793291939889_88b9804087e55bd2485e_512.png","image_1024":"https:\/\/avatars.slack-edge.com\/2023-02-09\/4793291939889_88b9804087e55bd2485e_1024.png","status_text_canonical":"","team":"TJPN85XRA"},"is_admin":false,"is_owner":false,"is_primary_owner":false,"is_restricted":false,"is_ultra_restricted":false,"is_bot":true,"is_app_user":false,"updated":1675983687,"is_email_confirmed":false,"who_can_share_contact_card":"EVERYONE"},
{"id":"U045ERUEWSU","team_id":"TJPN85XRA","name":"dropbox","deleted":false,"color":"a72f79","real_name":"Dropbox","tz":"America\/Los_Angeles","tz_label":"Pacific Daylight Time","tz_offset":-25200,"profile":{"title":"","phone":"","skype":"","real_name":"Dropbox","real_name_normalized":"Dropbox","display_name":"","display_name_normalized":"","fields":{},"status_text":"","status_emoji":"","status_emoji_display_info":[],"status_expiration":0,"avatar_hash":"626e13408374","api_app_id":"AES7B2V7D","always_active":false,"image_original":"https:\/\/avatars.slack-edge.com\/2022-10-01\/4154555129318_626e13408374021822a5_original.png","is_custom_image":true,"bot_id":"B044AJ2EP5M","first_name":"Dropbox","last_name":"","image_24":"https:\/\/avatars.slack-edge.com\/2022-10-01\/4154555129318_626e13408374021822a5_24.png","image_32":"https:\/\/avatars.slack-edge.com\/2022-10-01\/4154555129318_626e13408374021822a5_32.png","image_48":"https:\/\/avatars.slack-edge.com\/2022-10-01\/4154555129318_626e13408374021822a5_48.png","image_72":"https:\/\/avatars.slack-edge.com\/2022-10-01\/4154555129318_626e13408374021822a5_72.png","image_192":"https:\/\/avatars.slack-edge.com\/2022-10-01\/4154555129318_626e13408374021822a5_192.png","image_512":"https:\/\/avatars.slack-edge.com\/2022-10-01\/4154555129318_626e13408374021822a5_512.png","image_1024":"https:\/\/avatars.slack-edge.com\/2022-10-01\/4154555129318_626e13408374021822a5_1024.png","status_text_canonical":"","team":"TJPN85XRA"},"is_admin":false,"is_owner":false,"is_primary_owner":false,"is_restricted":false,"is_ultra_restricted":false,"is_bot":true,"is_app_user":false,"updated":1664625573,"is_email_confirmed":false,"who_can_share_contact_card":"EVERYONE"},
{"id":"U04920VRM1S","team_id":"TJPN85XRA","name":"peacheym","deleted":false,"color":"aba727","real_name":"Matt Peachey","tz":"America\/Halifax","tz_label":"Atlantic Daylight Time","tz_offset":-10800,"profile":{"title":"","phone":"","skype":"","real_name":"Matt Peachey","real_name_normalized":"Matt Peachey","display_name":"","display_name_normalized":"","fields":{},"status_text":"","status_emoji":"","status_emoji_display_info":[],"status_expiration":0,"avatar_hash":"ge211e52a359","email":"peacheym@dal.ca","first_name":"Matt","last_name":"Peachey","image_24":"https:\/\/secure.gravatar.com\/avatar\/e211e52a3592d39b4c9cb8410a019489.jpg?s=24&d=https%3A%2F%2Fa.slack-edge.com%2Fdf10d%2Fimg%2Favatars%2Fava_0013-24.png","image_32":"https:\/\/secure.gravatar.com\/avatar\/e211e52a3592d39b4c9cb8410a019489.jpg?s=32&d=https%3A%2F%2Fa.slack-edge.com%2Fdf10d%2Fimg%2Favatars%2Fava_0013-32.png","image_48":"https:\/\/secure.gravatar.com\/avatar\/e211e52a3592d39b4c9cb8410a019489.jpg?s=48&d=https%3A%2F%2Fa.slack-edge.com%2Fdf10d%2Fimg%2Favatars%2Fava_0013-48.png","image_72":"https:\/\/secure.gravatar.com\/avatar\/e211e52a3592d39b4c9cb8410a019489.jpg?s=72&d=https%3A%2F%2Fa.slack-edge.com%2Fdf10d%2Fimg%2Favatars%2Fava_0013-72.png","image_192":"https:\/\/secure.gravatar.com\/avatar\/e211e52a3592d39b4c9cb8410a019489.jpg?s=192&d=https%3A%2F%2Fa.slack-edge.com%2Fdf10d%2Fimg%2Favatars%2Fava_0013-192.png","image_512":"https:\/\/secure.gravatar.com\/avatar\/e211e52a3592d39b4c9cb8410a019489.jpg?s=512&d=https%3A%2F%2Fa.slack-edge.com%2Fdf10d%2Fimg%2Favatars%2Fava_0013-512.png","status_text_canonical":"","team":"TJPN85XRA"},"is_admin":false,"is_owner":false,"is_primary_owner":false,"is_restricted":false,"is_ultra_restricted":false,"is_bot":false,"is_app_user":false,"updated":1670068794,"is_email_confirmed":true,"who_can_share_contact_card":"EVERYONE"},
{"id":"U04S9FVGL5R","team_id":"TJPN85XRA","name":"gael.moriceau","deleted":false,"color":"965d1b","real_name":"Ga\u00ebl","tz":"America\/New_York","tz_label":"Eastern Daylight Time","tz_offset":-14400,"profile":{"title":"","phone":"","skype":"","real_name":"Ga\u00ebl","real_name_normalized":"Gael","display_name":"Ga\u00ebl","display_name_normalized":"Gael","fields":{},"status_text":"","status_emoji":"","status_emoji_display_info":[],"status_expiration":0,"avatar_hash":"g42c2ce5401f","email":"gael.moriceau@umontreal.ca","first_name":"Ga\u00ebl","last_name":"","image_24":"https:\/\/secure.gravatar.com\/avatar\/42c2ce5401fa3d0dbb12f023678632c4.jpg?s=24&d=https%3A%2F%2Fa.slack-edge.com%2Fdf10d%2Fimg%2Favatars%2Fava_0003-24.png","image_32":"https:\/\/secure.gravatar.com\/avatar\/42c2ce5401fa3d0dbb12f023678632c4.jpg?s=32&d=https%3A%2F%2Fa.slack-edge.com%2Fdf10d%2Fimg%2Favatars%2Fava_0003-32.png","image_48":"https:\/\/secure.gravatar.com\/avatar\/42c2ce5401fa3d0dbb12f023678632c4.jpg?s=48&d=https%3A%2F%2Fa.slack-edge.com%2Fdf10d%2Fimg%2Favatars%2Fava_0003-48.png","image_72":"https:\/\/secure.gravatar.com\/avatar\/42c2ce5401fa3d0dbb12f023678632c4.jpg?s=72&d=https%3A%2F%2Fa.slack-edge.com%2Fdf10d%2Fimg%2Favatars%2Fava_0003-72.png","image_192":"https:\/\/secure.gravatar.com\/avatar\/42c2ce5401fa3d0dbb12f023678632c4.jpg?s=192&d=https%3A%2F%2Fa.slack-edge.com%2Fdf10d%2Fimg%2Favatars%2Fava_0003-192.png","image_512":"https:\/\/secure.gravatar.com\/avatar\/42c2ce5401fa3d0dbb12f023678632c4.jpg?s=512&d=https%3A%2F%2Fa.slack-edge.com%2Fdf10d%2Fimg%2Favatars%2Fava_0003-512.png","status_text_canonical":"","team":"TJPN85XRA"},"is_admin":false,"is_owner":false,"is_primary_owner":false,"is_restricted":false,"is_ultra_restricted":false,"is_bot":false,"is_app_user":false,"updated":1692953124,"is_email_confirmed":true,"who_can_share_contact_card":"EVERYONE"},
{"id":"U04TQN6329W","team_id":"TJPN85XRA","name":"bavo.vankerrebroeck","deleted":false,"color":"4d5e26","real_name":"Bavo Van Kerrebroeck","tz":"Europe\/Amsterdam","tz_label":"Central European Summer Time","tz_offset":7200,"profile":{"title":"","phone":"","skype":"","real_name":"Bavo Van Kerrebroeck","real_name_normalized":"Bavo Van Kerrebroeck","display_name":"","display_name_normalized":"","fields":{},"status_text":"","status_emoji":"","status_emoji_display_info":[],"status_expiration":0,"avatar_hash":"7c0e79a9ee29","image_original":"https:\/\/avatars.slack-edge.com\/2023-03-08\/4920031214354_7c0e79a9ee29236c3397_original.png","is_custom_image":true,"email":"bavo.vankerrebroeck@mail.mcgill.ca","first_name":"Bavo","last_name":"Van Kerrebroeck","image_24":"https:\/\/avatars.slack-edge.com\/2023-03-08\/4920031214354_7c0e79a9ee29236c3397_24.png","image_32":"https:\/\/avatars.slack-edge.com\/2023-03-08\/4920031214354_7c0e79a9ee29236c3397_32.png","image_48":"https:\/\/avatars.slack-edge.com\/2023-03-08\/4920031214354_7c0e79a9ee29236c3397_48.png","image_72":"https:\/\/avatars.slack-edge.com\/2023-03-08\/4920031214354_7c0e79a9ee29236c3397_72.png","image_192":"https:\/\/avatars.slack-edge.com\/2023-03-08\/4920031214354_7c0e79a9ee29236c3397_192.png","image_512":"https:\/\/avatars.slack-edge.com\/2023-03-08\/4920031214354_7c0e79a9ee29236c3397_512.png","image_1024":"https:\/\/avatars.slack-edge.com\/2023-03-08\/4920031214354_7c0e79a9ee29236c3397_1024.png","status_text_canonical":"","team":"TJPN85XRA"},"is_admin":false,"is_owner":false,"is_primary_owner":false,"is_restricted":false,"is_ultra_restricted":false,"is_bot":false,"is_app_user":false,"updated":1692169785,"is_email_confirmed":true,"who_can_share_contact_card":"EVERYONE"},
{"id":"U05A2MBCG20","team_id":"TJPN85XRA","name":"github","deleted":false,"color":"dd8527","real_name":"GitHub","tz":"America\/Los_Angeles","tz_label":"Pacific Daylight Time","tz_offset":-25200,"profile":{"title":"","phone":"","skype":"","real_name":"GitHub","real_name_normalized":"GitHub","display_name":"","display_name_normalized":"","fields":{},"status_text":"","status_emoji":"","status_emoji_display_info":[],"status_expiration":0,"avatar_hash":"942445c4d4d2","api_app_id":"A01BP7R4KNY","always_active":false,"image_original":"https:\/\/avatars.slack-edge.com\/2023-05-29\/5333622915254_942445c4d4d2b7329e64_original.png","is_custom_image":true,"bot_id":"B059X8HQYCD","first_name":"GitHub","last_name":"","image_24":"https:\/\/avatars.slack-edge.com\/2023-05-29\/5333622915254_942445c4d4d2b7329e64_24.png","image_32":"https:\/\/avatars.slack-edge.com\/2023-05-29\/5333622915254_942445c4d4d2b7329e64_32.png","image_48":"https:\/\/avatars.slack-edge.com\/2023-05-29\/5333622915254_942445c4d4d2b7329e64_48.png","image_72":"https:\/\/avatars.slack-edge.com\/2023-05-29\/5333622915254_942445c4d4d2b7329e64_72.png","image_192":"https:\/\/avatars.slack-edge.com\/2023-05-29\/5333622915254_942445c4d4d2b7329e64_192.png","image_512":"https:\/\/avatars.slack-edge.com\/2023-05-29\/5333622915254_942445c4d4d2b7329e64_512.png","image_1024":"https:\/\/avatars.slack-edge.com\/2023-05-29\/5333622915254_942445c4d4d2b7329e64_1024.png","status_text_canonical":"","team":"TJPN85XRA"},"is_admin":false,"is_owner":false,"is_primary_owner":false,"is_restricted":false,"is_ultra_restricted":false,"is_bot":true,"is_app_user":false,"updated":1685419898,"is_email_confirmed":false,"who_can_share_contact_card":"EVERYONE"}
]