[
    {
        "type": "message",
        "subtype": "channel_join",
        "ts": "1589896666.000200",
        "user": "UJQ9N9KA9",
        "text": "<@UJQ9N9KA9> has joined the channel"
    },
    {
        "type": "message",
        "subtype": "channel_join",
        "ts": "1589896679.000400",
        "user": "UJCU8BAAW",
        "text": "<@UJCU8BAAW> has joined the channel",
        "inviter": "UJQ9N9KA9"
    },
    {
        "type": "message",
        "subtype": "channel_join",
        "ts": "1589896679.000600",
        "user": "U010RBBBDK7",
        "text": "<@U010RBBBDK7> has joined the channel",
        "inviter": "UJQ9N9KA9"
    },
    {
        "client_msg_id": "ebf00c10-f6ab-4527-88a6-b5f0857f4570",
        "type": "message",
        "text": "<@UJCU8BAAW> would you be available to discuss with <@U010RBBBDK7> and I about ChorDOFs a few minutes, between 10h and 11h today?",
        "user": "UJQ9N9KA9",
        "ts": "1589896792.001500",
        "blocks": [
            {
                "type": "rich_text",
                "block_id": "g3r",
                "elements": [
                    {
                        "type": "rich_text_section",
                        "elements": [
                            {
                                "type": "user",
                                "user_id": "UJCU8BAAW"
                            },
                            {
                                "type": "text",
                                "text": " would you be available to discuss with "
                            },
                            {
                                "type": "user",
                                "user_id": "U010RBBBDK7"
                            },
                            {
                                "type": "text",
                                "text": " and I about ChorDOFs a few minutes, between 10h and 11h today?"
                            }
                        ]
                    }
                ]
            }
        ],
        "team": "TJPN85XRA",
        "user_team": "TJPN85XRA",
        "source_team": "TJPN85XRA",
        "user_profile": {
            "avatar_hash": "3be35bf04429",
            "image_72": "https:\/\/avatars.slack-edge.com\/2023-08-28\/5813587733204_3be35bf044296c45bdde_72.jpg",
            "first_name": "",
            "real_name": "ChristianFrisson",
            "display_name": "ChristianFrisson",
            "team": "TJPN85XRA",
            "name": "christian.frisson",
            "is_restricted": false,
            "is_ultra_restricted": false
        },
        "edited": {
            "user": "UJQ9N9KA9",
            "ts": "1589896808.000000"
        }
    },
    {
        "client_msg_id": "7b37355c-3f65-49b7-9ce7-27130705bc80",
        "type": "message",
        "text": ":+1:",
        "user": "UJCU8BAAW",
        "ts": "1589896849.001800",
        "blocks": [
            {
                "type": "rich_text",
                "block_id": "LEK=",
                "elements": [
                    {
                        "type": "rich_text_section",
                        "elements": [
                            {
                                "type": "emoji",
                                "name": "+1",
                                "unicode": "1f44d"
                            }
                        ]
                    }
                ]
            }
        ],
        "team": "TJPN85XRA",
        "user_team": "TJPN85XRA",
        "source_team": "TJPN85XRA",
        "user_profile": {
            "avatar_hash": "d49c462f5537",
            "image_72": "https:\/\/avatars.slack-edge.com\/2021-06-14\/2154581376263_d49c462f5537edde8dbb_72.jpg",
            "first_name": "Edu",
            "real_name": "Edu Meneses",
            "display_name": "Edu Meneses",
            "team": "TJPN85XRA",
            "name": "eduardo.meneses",
            "is_restricted": false,
            "is_ultra_restricted": false
        }
    },
    {
        "client_msg_id": "15ab4466-32ee-47e8-8533-9bb2db1c5de4",
        "type": "message",
        "text": "Jitsi?",
        "user": "UJCU8BAAW",
        "ts": "1589896854.002000",
        "blocks": [
            {
                "type": "rich_text",
                "block_id": "FetT",
                "elements": [
                    {
                        "type": "rich_text_section",
                        "elements": [
                            {
                                "type": "text",
                                "text": "Jitsi?"
                            }
                        ]
                    }
                ]
            }
        ],
        "team": "TJPN85XRA",
        "user_team": "TJPN85XRA",
        "source_team": "TJPN85XRA",
        "user_profile": {
            "avatar_hash": "d49c462f5537",
            "image_72": "https:\/\/avatars.slack-edge.com\/2021-06-14\/2154581376263_d49c462f5537edde8dbb_72.jpg",
            "first_name": "Edu",
            "real_name": "Edu Meneses",
            "display_name": "Edu Meneses",
            "team": "TJPN85XRA",
            "name": "eduardo.meneses",
            "is_restricted": false,
            "is_ultra_restricted": false
        }
    },
    {
        "client_msg_id": "c5528e7e-2cf3-43e0-9f46-0c85fa45919d",
        "type": "message",
        "text": "Alright!",
        "user": "UJQ9N9KA9",
        "ts": "1589896882.002200",
        "blocks": [
            {
                "type": "rich_text",
                "block_id": "HNh9+",
                "elements": [
                    {
                        "type": "rich_text_section",
                        "elements": [
                            {
                                "type": "text",
                                "text": "Alright!"
                            }
                        ]
                    }
                ]
            }
        ],
        "team": "TJPN85XRA",
        "user_team": "TJPN85XRA",
        "source_team": "TJPN85XRA",
        "user_profile": {
            "avatar_hash": "3be35bf04429",
            "image_72": "https:\/\/avatars.slack-edge.com\/2023-08-28\/5813587733204_3be35bf044296c45bdde_72.jpg",
            "first_name": "",
            "real_name": "ChristianFrisson",
            "display_name": "ChristianFrisson",
            "team": "TJPN85XRA",
            "name": "christian.frisson",
            "is_restricted": false,
            "is_ultra_restricted": false
        }
    },
    {
        "client_msg_id": "2bd522d6-a872-43b1-8406-10f3303b995b",
        "type": "message",
        "text": "great",
        "user": "U010RBBBDK7",
        "ts": "1589896885.002400",
        "blocks": [
            {
                "type": "rich_text",
                "block_id": "5O3SX",
                "elements": [
                    {
                        "type": "rich_text_section",
                        "elements": [
                            {
                                "type": "text",
                                "text": "great"
                            }
                        ]
                    }
                ]
            }
        ],
        "team": "TJPN85XRA",
        "user_team": "TJPN85XRA",
        "source_team": "TJPN85XRA",
        "user_profile": {
            "avatar_hash": "g706799691d1",
            "image_72": "https:\/\/secure.gravatar.com\/avatar\/706799691d14365d9a6a79428cd83149.jpg?s=72&d=https%3A%2F%2Fa.slack-edge.com%2Fdf10d%2Fimg%2Favatars%2Fava_0014-72.png",
            "first_name": "",
            "real_name": "Pierre Talbot",
            "display_name": "Pierre Talbot",
            "team": "TJPN85XRA",
            "name": "talbotapierre",
            "is_restricted": false,
            "is_ultra_restricted": false
        }
    },
    {
        "client_msg_id": "beded97c-4f3f-4ae7-a961-535fa96964f0",
        "type": "message",
        "text": "Already there",
        "user": "UJCU8BAAW",
        "ts": "1589896890.002600",
        "blocks": [
            {
                "type": "rich_text",
                "block_id": "IF+CE",
                "elements": [
                    {
                        "type": "rich_text_section",
                        "elements": [
                            {
                                "type": "text",
                                "text": "Already there"
                            }
                        ]
                    }
                ]
            }
        ],
        "team": "TJPN85XRA",
        "user_team": "TJPN85XRA",
        "source_team": "TJPN85XRA",
        "user_profile": {
            "avatar_hash": "d49c462f5537",
            "image_72": "https:\/\/avatars.slack-edge.com\/2021-06-14\/2154581376263_d49c462f5537edde8dbb_72.jpg",
            "first_name": "Edu",
            "real_name": "Edu Meneses",
            "display_name": "Edu Meneses",
            "team": "TJPN85XRA",
            "name": "eduardo.meneses",
            "is_restricted": false,
            "is_ultra_restricted": false
        }
    },
    {
        "client_msg_id": "07dbb395-f41d-4de6-9f8b-1c712a483e29",
        "type": "message",
        "text": "<@U010RBBBDK7> I have flashed patchbox on another sd card. Successfully booted on spare RPI. You can come trade cards plus pick up wifi router and cable today if you want.",
        "user": "UJQ9N9KA9",
        "ts": "1589913110.004500",
        "blocks": [
            {
                "type": "rich_text",
                "block_id": "rW8nP",
                "elements": [
                    {
                        "type": "rich_text_section",
                        "elements": [
                            {
                                "type": "user",
                                "user_id": "U010RBBBDK7"
                            },
                            {
                                "type": "text",
                                "text": " I have flashed patchbox on another sd card. Successfully booted on spare RPI. You can come trade cards plus pick up wifi router and cable today if you want."
                            }
                        ]
                    }
                ]
            }
        ],
        "team": "TJPN85XRA",
        "user_team": "TJPN85XRA",
        "source_team": "TJPN85XRA",
        "user_profile": {
            "avatar_hash": "3be35bf04429",
            "image_72": "https:\/\/avatars.slack-edge.com\/2023-08-28\/5813587733204_3be35bf044296c45bdde_72.jpg",
            "first_name": "",
            "real_name": "ChristianFrisson",
            "display_name": "ChristianFrisson",
            "team": "TJPN85XRA",
            "name": "christian.frisson",
            "is_restricted": false,
            "is_ultra_restricted": false
        }
    },
    {
        "client_msg_id": "8f176141-2f2a-4a92-b404-0e2d052b51d0",
        "type": "message",
        "text": "ok great thank you! Is it good if i come around 4?",
        "user": "U010RBBBDK7",
        "ts": "1589913584.005600",
        "blocks": [
            {
                "type": "rich_text",
                "block_id": "Hf1oM",
                "elements": [
                    {
                        "type": "rich_text_section",
                        "elements": [
                            {
                                "type": "text",
                                "text": "ok great thank you! Is it good if i come around 4?"
                            }
                        ]
                    }
                ]
            }
        ],
        "team": "TJPN85XRA",
        "user_team": "TJPN85XRA",
        "source_team": "TJPN85XRA",
        "user_profile": {
            "avatar_hash": "g706799691d1",
            "image_72": "https:\/\/secure.gravatar.com\/avatar\/706799691d14365d9a6a79428cd83149.jpg?s=72&d=https%3A%2F%2Fa.slack-edge.com%2Fdf10d%2Fimg%2Favatars%2Fava_0014-72.png",
            "first_name": "",
            "real_name": "Pierre Talbot",
            "display_name": "Pierre Talbot",
            "team": "TJPN85XRA",
            "name": "talbotapierre",
            "is_restricted": false,
            "is_ultra_restricted": false
        }
    },
    {
        "client_msg_id": "6df91e2f-d4f1-4893-a7f8-d9eecc82e6fe",
        "type": "message",
        "text": "Alright perfect!",
        "user": "UJQ9N9KA9",
        "ts": "1589913608.005900",
        "blocks": [
            {
                "type": "rich_text",
                "block_id": "5J7rP",
                "elements": [
                    {
                        "type": "rich_text_section",
                        "elements": [
                            {
                                "type": "text",
                                "text": "Alright perfect!"
                            }
                        ]
                    }
                ]
            }
        ],
        "team": "TJPN85XRA",
        "user_team": "TJPN85XRA",
        "source_team": "TJPN85XRA",
        "user_profile": {
            "avatar_hash": "3be35bf04429",
            "image_72": "https:\/\/avatars.slack-edge.com\/2023-08-28\/5813587733204_3be35bf044296c45bdde_72.jpg",
            "first_name": "",
            "real_name": "ChristianFrisson",
            "display_name": "ChristianFrisson",
            "team": "TJPN85XRA",
            "name": "christian.frisson",
            "is_restricted": false,
            "is_ultra_restricted": false
        }
    }
]