[
    {
        "client_msg_id": "c8966ec4-a35b-4ed5-9d36-e94984692f96",
        "type": "message",
        "text": "<https:\/\/www.youtube.com\/watch?v=KOhy9aR8rIc>",
        "user": "U01APBW5N2J",
        "ts": "1692383113.502399",
        "blocks": [
            {
                "type": "rich_text",
                "block_id": "70S",
                "elements": [
                    {
                        "type": "rich_text_section",
                        "elements": [
                            {
                                "type": "link",
                                "url": "https:\/\/www.youtube.com\/watch?v=KOhy9aR8rIc"
                            }
                        ]
                    }
                ]
            }
        ],
        "team": "TJPN85XRA",
        "user_team": "TJPN85XRA",
        "source_team": "TJPN85XRA",
        "user_profile": {
            "avatar_hash": "fe0a901d9daf",
            "image_72": "https:\/\/avatars.slack-edge.com\/2020-09-17\/1355731656631_fe0a901d9daf26440442_72.png",
            "first_name": "",
            "real_name": "Kasey Pocius",
            "display_name": "Kasey Pocius",
            "team": "TJPN85XRA",
            "name": "kaseypocius",
            "is_restricted": false,
            "is_ultra_restricted": false
        },
        "attachments": [
            {
                "from_url": "https:\/\/www.youtube.com\/watch?v=KOhy9aR8rIc",
                "service_icon": "https:\/\/a.slack-edge.com\/80588\/img\/unfurl_icons\/youtube.png",
                "thumb_url": "https:\/\/i.ytimg.com\/vi\/KOhy9aR8rIc\/hqdefault.jpg",
                "thumb_width": 480,
                "thumb_height": 360,
                "video_html": "<iframe width=\"400\" height=\"225\" src=\"https:\/\/www.youtube.com\/embed\/KOhy9aR8rIc?feature=oembed&autoplay=1&iv_load_policy=3\" frameborder=\"0\" allow=\"accelerometer; autoplay; clipboard-write; encrypted-media; gyroscope; picture-in-picture; web-share\" allowfullscreen title=\"A Series of Postcards, Blurring Together (ATMOS Version)\"><\/iframe>",
                "video_html_width": 400,
                "video_html_height": 225,
                "id": 1,
                "original_url": "https:\/\/www.youtube.com\/watch?v=KOhy9aR8rIc",
                "fallback": "YouTube Video: A Series of Postcards, Blurring Together (ATMOS Version)",
                "title": "A Series of Postcards, Blurring Together (ATMOS Version)",
                "title_link": "https:\/\/www.youtube.com\/watch?v=KOhy9aR8rIc",
                "author_name": "Kasey Pocius",
                "author_link": "https:\/\/www.youtube.com\/@kaseypocius2278",
                "service_name": "YouTube",
                "service_url": "https:\/\/www.youtube.com\/"
            }
        ],
        "thread_ts": "1689088451.881509",
        "parent_user_id": "U03NRB57K60",
        "reactions": [
            {
                "name": "handshake",
                "users": [
                    "U03NRB57K60"
                ],
                "count": 1
            }
        ]
    },
    {
        "client_msg_id": "286c0d1e-706f-47d8-8c94-50a4356aa8f9",
        "type": "message",
        "text": "<https:\/\/www.youtube.com\/watch?v=xPKGtj_9snc&amp;ab_channel=ExitPoints>",
        "user": "U01APBW5N2J",
        "ts": "1692383129.536269",
        "blocks": [
            {
                "type": "rich_text",
                "block_id": "ToBrX",
                "elements": [
                    {
                        "type": "rich_text_section",
                        "elements": [
                            {
                                "type": "link",
                                "url": "https:\/\/www.youtube.com\/watch?v=xPKGtj_9snc&ab_channel=ExitPoints"
                            }
                        ]
                    }
                ]
            }
        ],
        "team": "TJPN85XRA",
        "user_team": "TJPN85XRA",
        "source_team": "TJPN85XRA",
        "user_profile": {
            "avatar_hash": "fe0a901d9daf",
            "image_72": "https:\/\/avatars.slack-edge.com\/2020-09-17\/1355731656631_fe0a901d9daf26440442_72.png",
            "first_name": "",
            "real_name": "Kasey Pocius",
            "display_name": "Kasey Pocius",
            "team": "TJPN85XRA",
            "name": "kaseypocius",
            "is_restricted": false,
            "is_ultra_restricted": false
        },
        "attachments": [
            {
                "from_url": "https:\/\/www.youtube.com\/watch?v=xPKGtj_9snc&amp;ab_channel=ExitPoints",
                "thumb_url": "https:\/\/i.ytimg.com\/vi\/xPKGtj_9snc\/hqdefault.jpg",
                "thumb_width": 480,
                "thumb_height": 360,
                "video_html": "<iframe width=\"400\" height=\"225\" src=\"https:\/\/www.youtube.com\/embed\/xPKGtj_9snc?feature=oembed&autoplay=1&iv_load_policy=3\" frameborder=\"0\" allow=\"accelerometer; autoplay; clipboard-write; encrypted-media; gyroscope; picture-in-picture; web-share\" allowfullscreen title=\"EP7 - Set 2 - Doug Van Nort, Gabrielle Couillard, Kasey Pocius\"><\/iframe>",
                "video_html_width": 400,
                "video_html_height": 225,
                "service_icon": "https:\/\/a.slack-edge.com\/80588\/img\/unfurl_icons\/youtube.png",
                "id": 1,
                "original_url": "https:\/\/www.youtube.com\/watch?v=xPKGtj_9snc&amp;ab_channel=ExitPoints",
                "fallback": "YouTube Video: EP7 - Set 2 - Doug Van Nort, Gabrielle Couillard, Kasey Pocius",
                "title": "EP7 - Set 2 - Doug Van Nort, Gabrielle Couillard, Kasey Pocius",
                "title_link": "https:\/\/www.youtube.com\/watch?v=xPKGtj_9snc&amp;ab_channel=ExitPoints",
                "author_name": "Exit Points",
                "author_link": "https:\/\/www.youtube.com\/@exitpoints2352",
                "service_name": "YouTube",
                "service_url": "https:\/\/www.youtube.com\/"
            }
        ],
        "thread_ts": "1689088451.881509",
        "parent_user_id": "U03NRB57K60",
        "reactions": [
            {
                "name": "handshake",
                "users": [
                    "U03NRB57K60"
                ],
                "count": 1
            }
        ]
    }
]