[
    {
        "client_msg_id": "5356491a-1c42-404f-a3ca-1e871a428584",
        "type": "message",
        "text": "Where can I find a hi-res version of the IDMIL logo?",
        "user": "U029MNKJ0DR",
        "ts": "1692031473.846499",
        "blocks": [
            {
                "type": "rich_text",
                "block_id": "fdi",
                "elements": [
                    {
                        "type": "rich_text_section",
                        "elements": [
                            {
                                "type": "text",
                                "text": "Where can I find a hi-res version of the IDMIL logo?"
                            }
                        ]
                    }
                ]
            }
        ],
        "team": "TJPN85XRA",
        "user_team": "TJPN85XRA",
        "source_team": "TJPN85XRA",
        "user_profile": {
            "avatar_hash": "f350669b1e49",
            "image_72": "https:\/\/avatars.slack-edge.com\/2021-07-29\/2324539512645_f350669b1e496193ea11_72.jpg",
            "first_name": "",
            "real_name": "Paul Buser",
            "display_name": "Paul Buser",
            "team": "TJPN85XRA",
            "name": "buser.paul",
            "is_restricted": false,
            "is_ultra_restricted": false
        },
        "thread_ts": "1692031473.846499",
        "reply_count": 2,
        "reply_users_count": 2,
        "latest_reply": "1692031809.505419",
        "reply_users": [
            "U01APBW5N2J",
            "U029MNKJ0DR"
        ],
        "replies": [
            {
                "user": "U01APBW5N2J",
                "ts": "1692031519.423449"
            },
            {
                "user": "U029MNKJ0DR",
                "ts": "1692031809.505419"
            }
        ],
        "is_locked": false,
        "subscribed": false
    },
    {
        "client_msg_id": "5a1f7852-3e71-444f-810b-9e6f02f07125",
        "type": "message",
        "text": "<https:\/\/github.com\/IDMIL\/logos>",
        "user": "U01APBW5N2J",
        "ts": "1692031519.423449",
        "blocks": [
            {
                "type": "rich_text",
                "block_id": "Umxi5",
                "elements": [
                    {
                        "type": "rich_text_section",
                        "elements": [
                            {
                                "type": "link",
                                "url": "https:\/\/github.com\/IDMIL\/logos"
                            }
                        ]
                    }
                ]
            }
        ],
        "team": "TJPN85XRA",
        "user_team": "TJPN85XRA",
        "source_team": "TJPN85XRA",
        "user_profile": {
            "avatar_hash": "fe0a901d9daf",
            "image_72": "https:\/\/avatars.slack-edge.com\/2020-09-17\/1355731656631_fe0a901d9daf26440442_72.png",
            "first_name": "",
            "real_name": "Kasey Pocius",
            "display_name": "Kasey Pocius",
            "team": "TJPN85XRA",
            "name": "kaseypocius",
            "is_restricted": false,
            "is_ultra_restricted": false
        },
        "thread_ts": "1692031473.846499",
        "parent_user_id": "U029MNKJ0DR"
    },
    {
        "client_msg_id": "7f31e485-89b0-4ad5-9c76-0deaa9315386",
        "type": "message",
        "text": "There's a repo for that!?\n\n\n\nthanks Kasey",
        "user": "U029MNKJ0DR",
        "ts": "1692031809.505419",
        "blocks": [
            {
                "type": "rich_text",
                "block_id": "ZuAj9",
                "elements": [
                    {
                        "type": "rich_text_section",
                        "elements": [
                            {
                                "type": "text",
                                "text": "There's a repo for that!?\n\n\n\nthanks Kasey"
                            }
                        ]
                    }
                ]
            }
        ],
        "team": "TJPN85XRA",
        "user_team": "TJPN85XRA",
        "source_team": "TJPN85XRA",
        "user_profile": {
            "avatar_hash": "f350669b1e49",
            "image_72": "https:\/\/avatars.slack-edge.com\/2021-07-29\/2324539512645_f350669b1e496193ea11_72.jpg",
            "first_name": "",
            "real_name": "Paul Buser",
            "display_name": "Paul Buser",
            "team": "TJPN85XRA",
            "name": "buser.paul",
            "is_restricted": false,
            "is_ultra_restricted": false
        },
        "thread_ts": "1692031473.846499",
        "parent_user_id": "U029MNKJ0DR",
        "reactions": [
            {
                "name": "+1",
                "users": [
                    "U01APBW5N2J"
                ],
                "count": 1
            }
        ]
    }
]