[
    {
        "client_msg_id": "a81afdc3-f7bc-4583-90fa-4317bec6885a",
        "type": "message",
        "text": "Hi IDMILers: we have a new _*Videos*_ tag! <https:\/\/www.idmil.org\/demos\/>\nIf you have any new videos to add or suggestions, please comment here!!",
        "user": "U03NRB57K60",
        "ts": "1691975196.197689",
        "blocks": [
            {
                "type": "rich_text",
                "block_id": "ID0r6",
                "elements": [
                    {
                        "type": "rich_text_section",
                        "elements": [
                            {
                                "type": "text",
                                "text": "Hi IDMILers: we have a new "
                            },
                            {
                                "type": "text",
                                "text": "Videos",
                                "style": {
                                    "bold": true,
                                    "italic": true
                                }
                            },
                            {
                                "type": "text",
                                "text": " tag! "
                            },
                            {
                                "type": "link",
                                "url": "https:\/\/www.idmil.org\/demos\/"
                            },
                            {
                                "type": "text",
                                "text": "\nIf you have any new videos to add or suggestions, please comment here!!"
                            }
                        ]
                    }
                ]
            }
        ],
        "team": "TJPN85XRA",
        "user_team": "TJPN85XRA",
        "source_team": "TJPN85XRA",
        "user_profile": {
            "avatar_hash": "cb367b89c7ee",
            "image_72": "https:\/\/avatars.slack-edge.com\/2022-07-07\/3764518225398_cb367b89c7eea9d69365_72.jpg",
            "first_name": "Ziyue",
            "real_name": "Ziyue (Monica) Piao",
            "display_name": "Ziyue (Monica) Piao",
            "team": "TJPN85XRA",
            "name": "ziyue.piao",
            "is_restricted": false,
            "is_ultra_restricted": false
        },
        "reactions": [
            {
                "name": "+1",
                "users": [
                    "U04TQN6329W",
                    "U01APBW5N2J",
                    "U03JTLB9FSS"
                ],
                "count": 3
            }
        ]
    }
]