[
    {
        "client_msg_id": "73ec2240-3a93-43f8-87ce-e3fbf94a56e7",
        "type": "message",
        "text": "<https:\/\/flamingtempura.github.io\/bibtex-tidy\/index.html>\n\ngreat lil tool for cleaning up bib files in the browser, if the checkcites script isn't working locally",
        "user": "U01APBW5N2J",
        "ts": "1691598068.403799",
        "blocks": [
            {
                "type": "rich_text",
                "block_id": "W=H",
                "elements": [
                    {
                        "type": "rich_text_section",
                        "elements": [
                            {
                                "type": "link",
                                "url": "https:\/\/flamingtempura.github.io\/bibtex-tidy\/index.html"
                            },
                            {
                                "type": "text",
                                "text": "\n\ngreat lil tool for cleaning up bib files in the browser, if the checkcites script isn't working locally"
                            }
                        ]
                    }
                ]
            }
        ],
        "team": "TJPN85XRA",
        "user_team": "TJPN85XRA",
        "source_team": "TJPN85XRA",
        "user_profile": {
            "avatar_hash": "fe0a901d9daf",
            "image_72": "https:\/\/avatars.slack-edge.com\/2020-09-17\/1355731656631_fe0a901d9daf26440442_72.png",
            "first_name": "",
            "real_name": "Kasey Pocius",
            "display_name": "Kasey Pocius",
            "team": "TJPN85XRA",
            "name": "kaseypocius",
            "is_restricted": false,
            "is_ultra_restricted": false
        },
        "attachments": [
            {
                "from_url": "https:\/\/flamingtempura.github.io\/bibtex-tidy\/index.html",
                "id": 1,
                "original_url": "https:\/\/flamingtempura.github.io\/bibtex-tidy\/index.html",
                "fallback": "Online BibTeX Tidy - Clean up BibTeX files",
                "text": "Online tool for cleaning up messy BibTeX files by making spacing consistent, removing duplicates, removing unwanted fields, and sorting entries.",
                "title": "Online BibTeX Tidy - Clean up BibTeX files",
                "title_link": "https:\/\/flamingtempura.github.io\/bibtex-tidy\/index.html",
                "service_name": "flamingtempura.github.io"
            }
        ],
        "reactions": [
            {
                "name": "raised_hands",
                "users": [
                    "UKGLCA1GS",
                    "UK4BP4NH2",
                    "U03NRB57K60"
                ],
                "count": 3
            },
            {
                "name": "+1",
                "users": [
                    "U03NRB57K60"
                ],
                "count": 1
            }
        ]
    }
]