[
    {
        "client_msg_id": "060ca323-0ee8-40b4-b6ae-51ce65eceb90",
        "type": "message",
        "text": "NIME paper tools:\n1. bibliography: <https:\/\/github.com\/NIME-conference\/NIME-bibliography>\n2. proceedings analyzer: <https:\/\/github.com\/jacksongoode\/NIME-proceedings-analyzer>",
        "user": "U03NRB57K60",
        "ts": "1690744727.667199",
        "blocks": [
            {
                "type": "rich_text",
                "block_id": "VQUR",
                "elements": [
                    {
                        "type": "rich_text_section",
                        "elements": [
                            {
                                "type": "text",
                                "text": "NIME paper tools:\n"
                            }
                        ]
                    },
                    {
                        "type": "rich_text_list",
                        "elements": [
                            {
                                "type": "rich_text_section",
                                "elements": [
                                    {
                                        "type": "text",
                                        "text": "bibliography: "
                                    },
                                    {
                                        "type": "link",
                                        "url": "https:\/\/github.com\/NIME-conference\/NIME-bibliography"
                                    }
                                ]
                            },
                            {
                                "type": "rich_text_section",
                                "elements": [
                                    {
                                        "type": "text",
                                        "text": "proceedings analyzer: "
                                    },
                                    {
                                        "type": "link",
                                        "url": "https:\/\/github.com\/jacksongoode\/NIME-proceedings-analyzer"
                                    }
                                ]
                            }
                        ],
                        "style": "ordered",
                        "indent": 0,
                        "border": 0
                    }
                ]
            }
        ],
        "team": "TJPN85XRA",
        "user_team": "TJPN85XRA",
        "source_team": "TJPN85XRA",
        "user_profile": {
            "avatar_hash": "cb367b89c7ee",
            "image_72": "https:\/\/avatars.slack-edge.com\/2022-07-07\/3764518225398_cb367b89c7eea9d69365_72.jpg",
            "first_name": "Ziyue",
            "real_name": "Ziyue (Monica) Piao",
            "display_name": "Ziyue (Monica) Piao",
            "team": "TJPN85XRA",
            "name": "ziyue.piao",
            "is_restricted": false,
            "is_ultra_restricted": false
        },
        "reactions": [
            {
                "name": "+1",
                "users": [
                    "UK4BP4NH2"
                ],
                "count": 1
            }
        ]
    },
    {
        "client_msg_id": "2845151d-b5a4-4298-8553-1c7e7bba5f26",
        "type": "message",
        "text": "GitHub archive is updated: <https:\/\/github.com\/IDMIL\/info-paper-archive\/blob\/main\/info-paper-2023.md>",
        "user": "U03NRB57K60",
        "ts": "1690745023.750149",
        "blocks": [
            {
                "type": "rich_text",
                "block_id": "ZR3tc",
                "elements": [
                    {
                        "type": "rich_text_section",
                        "elements": [
                            {
                                "type": "text",
                                "text": "GitHub archive is updated: "
                            },
                            {
                                "type": "link",
                                "url": "https:\/\/github.com\/IDMIL\/info-paper-archive\/blob\/main\/info-paper-2023.md"
                            }
                        ]
                    }
                ]
            }
        ],
        "team": "TJPN85XRA",
        "user_team": "TJPN85XRA",
        "source_team": "TJPN85XRA",
        "user_profile": {
            "avatar_hash": "cb367b89c7ee",
            "image_72": "https:\/\/avatars.slack-edge.com\/2022-07-07\/3764518225398_cb367b89c7eea9d69365_72.jpg",
            "first_name": "Ziyue",
            "real_name": "Ziyue (Monica) Piao",
            "display_name": "Ziyue (Monica) Piao",
            "team": "TJPN85XRA",
            "name": "ziyue.piao",
            "is_restricted": false,
            "is_ultra_restricted": false
        }
    }
]