[
    {
        "client_msg_id": "14264d73-14c4-4e02-89ec-89e012707f36",
        "type": "message",
        "text": "Posted on the Canada HCI slack by Preeti Vyas: Hello everyone, I created a slack space for affective haptics researchers;  for researchers whose work is situated at the intersection of haptic technology and sensing, modelling emotions and facilitating emotion regulation. Feel free to join and invite people you know: <https:\/\/join.slack.com\/t\/affectivehapt-et18834\/shared_invite\/zt-20nnt4w0y-TDEDjPQuE~zeNvV3jMbTeg>",
        "user": "U03NRB57K60",
        "ts": "1691551330.778759",
        "blocks": [
            {
                "type": "rich_text",
                "block_id": "Hyep",
                "elements": [
                    {
                        "type": "rich_text_section",
                        "elements": [
                            {
                                "type": "text",
                                "text": "Posted on the Canada HCI slack by Preeti Vyas: Hello everyone, I created a slack space for affective haptics researchers;  for researchers whose work is situated at the intersection of haptic technology and sensing, modelling emotions and facilitating emotion regulation. Feel free to join and invite people you know: "
                            },
                            {
                                "type": "link",
                                "url": "https:\/\/join.slack.com\/t\/affectivehapt-et18834\/shared_invite\/zt-20nnt4w0y-TDEDjPQuE~zeNvV3jMbTeg"
                            }
                        ]
                    }
                ]
            }
        ],
        "team": "TJPN85XRA",
        "user_team": "TJPN85XRA",
        "source_team": "TJPN85XRA",
        "user_profile": {
            "avatar_hash": "cb367b89c7ee",
            "image_72": "https:\/\/avatars.slack-edge.com\/2022-07-07\/3764518225398_cb367b89c7eea9d69365_72.jpg",
            "first_name": "Ziyue",
            "real_name": "Ziyue (Monica) Piao",
            "display_name": "Ziyue (Monica) Piao",
            "team": "TJPN85XRA",
            "name": "ziyue.piao",
            "is_restricted": false,
            "is_ultra_restricted": false
        }
    }
]