[
    {
        "client_msg_id": "031dda88-2c85-465e-b817-7ea75ddb86d9",
        "type": "message",
        "text": "AI song contest is open for submission, deadline: Sep. 4\n<https:\/\/www.aisongcontest.com\/>",
        "user": "U03NRB57K60",
        "ts": "1690821349.079489",
        "blocks": [
            {
                "type": "rich_text",
                "block_id": "uBp",
                "elements": [
                    {
                        "type": "rich_text_section",
                        "elements": [
                            {
                                "type": "text",
                                "text": "AI song contest is open for submission, deadline: Sep. 4\n"
                            },
                            {
                                "type": "link",
                                "url": "https:\/\/www.aisongcontest.com\/"
                            }
                        ]
                    }
                ]
            }
        ],
        "team": "TJPN85XRA",
        "user_team": "TJPN85XRA",
        "source_team": "TJPN85XRA",
        "user_profile": {
            "avatar_hash": "cb367b89c7ee",
            "image_72": "https:\/\/avatars.slack-edge.com\/2022-07-07\/3764518225398_cb367b89c7eea9d69365_72.jpg",
            "first_name": "Ziyue",
            "real_name": "Ziyue (Monica) Piao",
            "display_name": "Ziyue (Monica) Piao",
            "team": "TJPN85XRA",
            "name": "ziyue.piao",
            "is_restricted": false,
            "is_ultra_restricted": false
        },
        "attachments": [
            {
                "from_url": "https:\/\/www.aisongcontest.com\/",
                "service_icon": "https:\/\/images.squarespace-cdn.com\/content\/v1\/5fa81b36f59e260b96bdae0f\/e1490d5d-14fa-4dac-8958-08818222302e\/favicon.ico?format=100w",
                "thumb_url": "http:\/\/static1.squarespace.com\/static\/5fa81b36f59e260b96bdae0f\/t\/64a3058ad8e61b57c7592b8b\/1688405397152\/Poster-Horizontal-Low.jpg?format=1500w",
                "thumb_width": 1500,
                "thumb_height": 1072,
                "id": 1,
                "original_url": "https:\/\/www.aisongcontest.com\/",
                "fallback": "AI Song Contest 2022: AI Song Contest 2023",
                "text": "The AI Song Contest is an international competition exploring how humans can make music in collaboration with artificial intelligence",
                "title": "AI Song Contest 2023",
                "title_link": "https:\/\/www.aisongcontest.com\/",
                "service_name": "AI Song Contest 2022"
            }
        ]
    }
]