[
    {
        "type": "message",
        "subtype": "channel_join",
        "ts": "1657283420.322449",
        "user": "U03JWS43U3H",
        "text": "<@U03JWS43U3H> has joined the channel",
        "inviter": "UK4BP4NH2"
    },
    {
        "client_msg_id": "6adc77fb-d2bc-46c1-bbeb-8d8800c450c0",
        "type": "message",
        "text": "I came up with a parametric design for a base button that can be fixed on the MjBots in 2 ways (screws or fit in with pins).",
        "user": "UK4BP4NH2",
        "ts": "1657283520.923419",
        "blocks": [
            {
                "type": "rich_text",
                "block_id": "onv",
                "elements": [
                    {
                        "type": "rich_text_section",
                        "elements": [
                            {
                                "type": "text",
                                "text": "I came up with a parametric design for a base button that can be fixed on the MjBots in 2 ways (screws or fit in with pins)."
                            }
                        ]
                    }
                ]
            }
        ],
        "team": "TJPN85XRA",
        "user_team": "TJPN85XRA",
        "source_team": "TJPN85XRA",
        "user_profile": {
            "avatar_hash": "f8256459a816",
            "image_72": "https:\/\/avatars.slack-edge.com\/2022-06-14\/3669597334018_f8256459a8162b9e2d8e_72.png",
            "first_name": "vincentcusson",
            "real_name": "vincentcusson",
            "display_name": "vincentcusson",
            "team": "TJPN85XRA",
            "name": "cusson.v",
            "is_restricted": false,
            "is_ultra_restricted": false
        }
    },
    {
        "client_msg_id": "f99b73b5-ca09-46a5-8826-41b959f23b23",
        "type": "message",
        "text": "I would be happy to see the model you already made for it. Now it will be the time for details and remix !",
        "user": "UK4BP4NH2",
        "ts": "1657283547.457379",
        "blocks": [
            {
                "type": "rich_text",
                "block_id": "znX",
                "elements": [
                    {
                        "type": "rich_text_section",
                        "elements": [
                            {
                                "type": "text",
                                "text": "I would be happy to see the model you already made for it. Now it will be the time for details and remix !"
                            }
                        ]
                    }
                ]
            }
        ],
        "team": "TJPN85XRA",
        "user_team": "TJPN85XRA",
        "source_team": "TJPN85XRA",
        "user_profile": {
            "avatar_hash": "f8256459a816",
            "image_72": "https:\/\/avatars.slack-edge.com\/2022-06-14\/3669597334018_f8256459a8162b9e2d8e_72.png",
            "first_name": "vincentcusson",
            "real_name": "vincentcusson",
            "display_name": "vincentcusson",
            "team": "TJPN85XRA",
            "name": "cusson.v",
            "is_restricted": false,
            "is_ultra_restricted": false
        }
    },
    {
        "type": "message",
        "text": "",
        "files": [
            {
                "id": "F03NQN95HA9",
                "mode": "hidden_by_limit"
            }
        ],
        "upload": false,
        "user": "UK4BP4NH2",
        "display_as_bot": false,
        "ts": "1657283706.078719",
        "client_msg_id": "6df033d6-b67f-4954-925e-fa6c1243ad5f",
        "reactions": [
            {
                "name": "+1::skin-tone-6",
                "users": [
                    "U03JWS43U3H"
                ],
                "count": 1
            },
            {
                "name": "raised_hands",
                "users": [
                    "U03JTLB9FSS"
                ],
                "count": 1
            }
        ]
    }
]