[
    {
        "type": "message",
        "subtype": "channel_join",
        "ts": "1662495485.821659",
        "user": "U01APBW5N2J",
        "text": "<@U01APBW5N2J> has joined the channel",
        "inviter": "U03JWS43U3H"
    },
    {
        "type": "message",
        "subtype": "channel_join",
        "ts": "1662495485.949069",
        "user": "U03JTLB9FSS",
        "text": "<@U03JTLB9FSS> has joined the channel",
        "inviter": "U03JWS43U3H"
    },
    {
        "type": "message",
        "subtype": "channel_join",
        "ts": "1662495486.002059",
        "user": "U029MNKJ0DR",
        "text": "<@U029MNKJ0DR> has joined the channel",
        "inviter": "U03JWS43U3H"
    }
]