[
    {
        "type": "message",
        "subtype": "channel_join",
        "ts": "1677695478.742489",
        "user": "U029MNKJ0DR",
        "text": "<@U029MNKJ0DR> has joined the channel",
        "inviter": "U03JWS43U3H"
    },
    {
        "type": "message",
        "subtype": "channel_join",
        "ts": "1677695478.841609",
        "user": "U010TD4329M",
        "text": "<@U010TD4329M> has joined the channel",
        "inviter": "U03JWS43U3H"
    },
    {
        "type": "message",
        "subtype": "channel_join",
        "ts": "1677695479.026979",
        "user": "UJR4DDS12",
        "text": "<@UJR4DDS12> has joined the channel",
        "inviter": "U03JWS43U3H"
    },
    {
        "type": "message",
        "subtype": "channel_join",
        "ts": "1677695715.742439",
        "user": "U01APBW5N2J",
        "text": "<@U01APBW5N2J> has joined the channel"
    }
]