[
    {
        "client_msg_id": "588c60ec-3af9-41a2-bfbd-9b83e2d19ec6",
        "type": "message",
        "text": "can we have the digital audio workbench repo ported?",
        "user": "U01APBW5N2J",
        "ts": "1679680195.547159",
        "blocks": [
            {
                "type": "rich_text",
                "block_id": "wFCv",
                "elements": [
                    {
                        "type": "rich_text_section",
                        "elements": [
                            {
                                "type": "text",
                                "text": "can we have the digital audio workbench repo ported?"
                            }
                        ]
                    }
                ]
            }
        ],
        "team": "TJPN85XRA",
        "user_team": "TJPN85XRA",
        "source_team": "TJPN85XRA",
        "user_profile": {
            "avatar_hash": "fe0a901d9daf",
            "image_72": "https:\/\/avatars.slack-edge.com\/2020-09-17\/1355731656631_fe0a901d9daf26440442_72.png",
            "first_name": "",
            "real_name": "Kasey Pocius",
            "display_name": "Kasey Pocius",
            "team": "TJPN85XRA",
            "name": "kaseypocius",
            "is_restricted": false,
            "is_ultra_restricted": false
        },
        "thread_ts": "1679680195.547159",
        "reply_count": 3,
        "reply_users_count": 2,
        "latest_reply": "1679932511.379129",
        "reply_users": [
            "U01APBW5N2J",
            "U03JWS43U3H"
        ],
        "replies": [
            {
                "user": "U01APBW5N2J",
                "ts": "1679680362.155459"
            },
            {
                "user": "U03JWS43U3H",
                "ts": "1679932504.261249"
            },
            {
                "user": "U03JWS43U3H",
                "ts": "1679932511.379129"
            }
        ],
        "is_locked": false,
        "subscribed": false
    },
    {
        "client_msg_id": "c20468a0-6e90-48ef-93bd-db3f1d038377",
        "type": "message",
        "text": "It may worth moving all of \"course-materials\" over to github",
        "user": "U01APBW5N2J",
        "ts": "1679680362.155459",
        "blocks": [
            {
                "type": "rich_text",
                "block_id": "4pE",
                "elements": [
                    {
                        "type": "rich_text_section",
                        "elements": [
                            {
                                "type": "text",
                                "text": "It may worth moving all of \"course-materials\" over to github"
                            }
                        ]
                    }
                ]
            }
        ],
        "team": "TJPN85XRA",
        "user_team": "TJPN85XRA",
        "source_team": "TJPN85XRA",
        "user_profile": {
            "avatar_hash": "fe0a901d9daf",
            "image_72": "https:\/\/avatars.slack-edge.com\/2020-09-17\/1355731656631_fe0a901d9daf26440442_72.png",
            "first_name": "",
            "real_name": "Kasey Pocius",
            "display_name": "Kasey Pocius",
            "team": "TJPN85XRA",
            "name": "kaseypocius",
            "is_restricted": false,
            "is_ultra_restricted": false
        },
        "thread_ts": "1679680195.547159",
        "parent_user_id": "U01APBW5N2J"
    }
]