[
    {
        "client_msg_id": "2ca74887-bd1f-42c4-9f97-31f21ccebb5e",
        "type": "message",
        "text": "<@U029MNKJ0DR> finished migrating these repositories\n<https:\/\/github.com\/IDMIL\/Wired-T-Stick>\n<https:\/\/github.com\/IDMIL\/Master-Thesis-Proposal-Template>\n<https:\/\/github.com\/IDMIL\/Master-Thesis-Template>",
        "user": "U03JWS43U3H",
        "ts": "1677515381.996949",
        "blocks": [
            {
                "type": "rich_text",
                "block_id": "1Tvo",
                "elements": [
                    {
                        "type": "rich_text_section",
                        "elements": [
                            {
                                "type": "user",
                                "user_id": "U029MNKJ0DR"
                            },
                            {
                                "type": "text",
                                "text": " finished migrating these repositories\n"
                            },
                            {
                                "type": "link",
                                "url": "https:\/\/github.com\/IDMIL\/Wired-T-Stick"
                            },
                            {
                                "type": "text",
                                "text": "\n"
                            },
                            {
                                "type": "link",
                                "url": "https:\/\/github.com\/IDMIL\/Master-Thesis-Proposal-Template"
                            },
                            {
                                "type": "text",
                                "text": "\n"
                            },
                            {
                                "type": "link",
                                "url": "https:\/\/github.com\/IDMIL\/Master-Thesis-Template"
                            }
                        ]
                    }
                ]
            }
        ],
        "team": "TJPN85XRA",
        "user_team": "TJPN85XRA",
        "source_team": "TJPN85XRA",
        "user_profile": {
            "avatar_hash": "g9dd84ade99b",
            "image_72": "https:\/\/secure.gravatar.com\/avatar\/9dd84ade99bb030e9269d9f654d3b81f.jpg?s=72&d=https%3A%2F%2Fa.slack-edge.com%2Fdf10d%2Fimg%2Favatars%2Fava_0006-72.png",
            "first_name": "Albert-Ngabo",
            "real_name": "Albert-Ngabo Niyonsenga",
            "display_name": "Albert-Ngabo Niyonsenga",
            "team": "TJPN85XRA",
            "name": "albert-ngabo.niyonsen",
            "is_restricted": false,
            "is_ultra_restricted": false
        },
        "attachments": [
            {
                "image_url": "https:\/\/opengraph.githubassets.com\/a0d078f66fc21b00ed60feea612414759e03a11ddf851b63540b314cee061628\/IDMIL\/Wired-T-Stick",
                "image_width": 1200,
                "image_height": 600,
                "image_bytes": 53228,
                "from_url": "https:\/\/github.com\/IDMIL\/Wired-T-Stick",
                "service_icon": "https:\/\/a.slack-edge.com\/80588\/img\/unfurl_icons\/github.png",
                "id": 1,
                "original_url": "https:\/\/github.com\/IDMIL\/Wired-T-Stick",
                "fallback": "GitHub: GitHub - IDMIL\/Wired-T-Stick",
                "text": "Contribute to IDMIL\/Wired-T-Stick development by creating an account on GitHub.",
                "title": "GitHub - IDMIL\/Wired-T-Stick",
                "title_link": "https:\/\/github.com\/IDMIL\/Wired-T-Stick",
                "service_name": "GitHub"
            },
            {
                "image_url": "https:\/\/opengraph.githubassets.com\/3c836b99ca785fa4c96a6a5650a81ef86a455e2918bada73b80ab6cc1cf489aa\/IDMIL\/Master-Thesis-Proposal-Template",
                "image_width": 1200,
                "image_height": 600,
                "image_bytes": 55167,
                "from_url": "https:\/\/github.com\/IDMIL\/Master-Thesis-Proposal-Template",
                "service_icon": "https:\/\/a.slack-edge.com\/80588\/img\/unfurl_icons\/github.png",
                "id": 2,
                "original_url": "https:\/\/github.com\/IDMIL\/Master-Thesis-Proposal-Template",
                "fallback": "GitHub: GitHub - IDMIL\/Master-Thesis-Proposal-Template",
                "text": "Contribute to IDMIL\/Master-Thesis-Proposal-Template development by creating an account on GitHub.",
                "title": "GitHub - IDMIL\/Master-Thesis-Proposal-Template",
                "title_link": "https:\/\/github.com\/IDMIL\/Master-Thesis-Proposal-Template",
                "service_name": "GitHub"
            },
            {
                "image_url": "https:\/\/opengraph.githubassets.com\/d2c7b4d2a781c7efa17a4d157247c2fa48a9b13469cc4196880a2bf4c4265af9\/IDMIL\/Master-Thesis-Template",
                "image_width": 1200,
                "image_height": 600,
                "image_bytes": 51764,
                "from_url": "https:\/\/github.com\/IDMIL\/Master-Thesis-Template",
                "service_icon": "https:\/\/a.slack-edge.com\/80588\/img\/unfurl_icons\/github.png",
                "id": 3,
                "original_url": "https:\/\/github.com\/IDMIL\/Master-Thesis-Template",
                "fallback": "GitHub: GitHub - IDMIL\/Master-Thesis-Template",
                "text": "Contribute to IDMIL\/Master-Thesis-Template development by creating an account on GitHub.",
                "title": "GitHub - IDMIL\/Master-Thesis-Template",
                "title_link": "https:\/\/github.com\/IDMIL\/Master-Thesis-Template",
                "service_name": "GitHub"
            }
        ],
        "thread_ts": "1676997393.606669",
        "parent_user_id": "U029MNKJ0DR"
    },
    {
        "client_msg_id": "04d1b4c8-4722-4d04-a5f3-c25613422490",
        "type": "message",
        "text": "<@U01APBW5N2J> it has been migrated\n<https:\/\/github.com\/IDMIL\/IDMIL-Lab-Management-Handbook\/tree\/master>",
        "user": "U03JWS43U3H",
        "ts": "1677515724.958059",
        "blocks": [
            {
                "type": "rich_text",
                "block_id": "7m52j",
                "elements": [
                    {
                        "type": "rich_text_section",
                        "elements": [
                            {
                                "type": "user",
                                "user_id": "U01APBW5N2J"
                            },
                            {
                                "type": "text",
                                "text": " it has been migrated\n"
                            },
                            {
                                "type": "link",
                                "url": "https:\/\/github.com\/IDMIL\/IDMIL-Lab-Management-Handbook\/tree\/master"
                            }
                        ]
                    }
                ]
            }
        ],
        "team": "TJPN85XRA",
        "user_team": "TJPN85XRA",
        "source_team": "TJPN85XRA",
        "user_profile": {
            "avatar_hash": "g9dd84ade99b",
            "image_72": "https:\/\/secure.gravatar.com\/avatar\/9dd84ade99bb030e9269d9f654d3b81f.jpg?s=72&d=https%3A%2F%2Fa.slack-edge.com%2Fdf10d%2Fimg%2Favatars%2Fava_0006-72.png",
            "first_name": "Albert-Ngabo",
            "real_name": "Albert-Ngabo Niyonsenga",
            "display_name": "Albert-Ngabo Niyonsenga",
            "team": "TJPN85XRA",
            "name": "albert-ngabo.niyonsen",
            "is_restricted": false,
            "is_ultra_restricted": false
        },
        "thread_ts": "1676998559.690689",
        "parent_user_id": "U01APBW5N2J"
    },
    {
        "client_msg_id": "2258d104-c6b9-4e8d-854f-881339f87367",
        "type": "message",
        "text": "<@UKGLCA1GS> The Lab meetings repo has been migrated over to Github\n<https:\/\/github.com\/IDMIL\/Lab-Meetings>",
        "user": "U03JWS43U3H",
        "ts": "1677515787.995299",
        "blocks": [
            {
                "type": "rich_text",
                "block_id": "guv1",
                "elements": [
                    {
                        "type": "rich_text_section",
                        "elements": [
                            {
                                "type": "user",
                                "user_id": "UKGLCA1GS"
                            },
                            {
                                "type": "text",
                                "text": " The Lab meetings repo has been migrated over to Github\n"
                            },
                            {
                                "type": "link",
                                "url": "https:\/\/github.com\/IDMIL\/Lab-Meetings"
                            }
                        ]
                    }
                ]
            }
        ],
        "team": "TJPN85XRA",
        "user_team": "TJPN85XRA",
        "source_team": "TJPN85XRA",
        "user_profile": {
            "avatar_hash": "g9dd84ade99b",
            "image_72": "https:\/\/secure.gravatar.com\/avatar\/9dd84ade99bb030e9269d9f654d3b81f.jpg?s=72&d=https%3A%2F%2Fa.slack-edge.com%2Fdf10d%2Fimg%2Favatars%2Fava_0006-72.png",
            "first_name": "Albert-Ngabo",
            "real_name": "Albert-Ngabo Niyonsenga",
            "display_name": "Albert-Ngabo Niyonsenga",
            "team": "TJPN85XRA",
            "name": "albert-ngabo.niyonsen",
            "is_restricted": false,
            "is_ultra_restricted": false
        }
    },
    {
        "client_msg_id": "9708ff70-c1f0-4112-a4f4-cd1a77e6b798",
        "type": "message",
        "text": "It is a bit outdated, so if you don't mind updating it that would be great",
        "user": "U03JWS43U3H",
        "ts": "1677515809.958689",
        "blocks": [
            {
                "type": "rich_text",
                "block_id": "NsKPE",
                "elements": [
                    {
                        "type": "rich_text_section",
                        "elements": [
                            {
                                "type": "text",
                                "text": "It is a bit outdated, so if you don't mind updating it that would be great"
                            }
                        ]
                    }
                ]
            }
        ],
        "team": "TJPN85XRA",
        "user_team": "TJPN85XRA",
        "source_team": "TJPN85XRA",
        "user_profile": {
            "avatar_hash": "g9dd84ade99b",
            "image_72": "https:\/\/secure.gravatar.com\/avatar\/9dd84ade99bb030e9269d9f654d3b81f.jpg?s=72&d=https%3A%2F%2Fa.slack-edge.com%2Fdf10d%2Fimg%2Favatars%2Fava_0006-72.png",
            "first_name": "Albert-Ngabo",
            "real_name": "Albert-Ngabo Niyonsenga",
            "display_name": "Albert-Ngabo Niyonsenga",
            "team": "TJPN85XRA",
            "name": "albert-ngabo.niyonsen",
            "is_restricted": false,
            "is_ultra_restricted": false
        },
        "thread_ts": "1676998559.690689",
        "parent_user_id": "U01APBW5N2J"
    },
    {
        "client_msg_id": "cf4d221c-a27e-4e47-a5b5-c96f6bc6d006",
        "type": "message",
        "text": "Excellent, thanks!",
        "user": "U029MNKJ0DR",
        "ts": "1677519401.116779",
        "blocks": [
            {
                "type": "rich_text",
                "block_id": "X3z",
                "elements": [
                    {
                        "type": "rich_text_section",
                        "elements": [
                            {
                                "type": "text",
                                "text": "Excellent, thanks!"
                            }
                        ]
                    }
                ]
            }
        ],
        "team": "TJPN85XRA",
        "user_team": "TJPN85XRA",
        "source_team": "TJPN85XRA",
        "user_profile": {
            "avatar_hash": "f350669b1e49",
            "image_72": "https:\/\/avatars.slack-edge.com\/2021-07-29\/2324539512645_f350669b1e496193ea11_72.jpg",
            "first_name": "",
            "real_name": "Paul Buser",
            "display_name": "Paul Buser",
            "team": "TJPN85XRA",
            "name": "buser.paul",
            "is_restricted": false,
            "is_ultra_restricted": false
        },
        "thread_ts": "1676997393.606669",
        "parent_user_id": "U029MNKJ0DR"
    },
    {
        "client_msg_id": "0d017f0b-a50a-4280-8015-db7e207796f6",
        "type": "message",
        "text": "List of all the Gitlab repositories: <https:\/\/mcgill-my.sharepoint.com\/:l:\/g\/personal\/albert-ngabo_niyonsenga_mail_mcgill_ca\/FEIcygMfjOFAhNSLL8xV0zIBdlBet95CL-vrfTGzv1GMlQ?e=UoT4Wh>\nI've excluded any personal repositories people may have created",
        "user": "U03JWS43U3H",
        "ts": "1677523125.852899",
        "blocks": [
            {
                "type": "rich_text",
                "block_id": "ZmU",
                "elements": [
                    {
                        "type": "rich_text_section",
                        "elements": [
                            {
                                "type": "text",
                                "text": "List of all the Gitlab repositories: "
                            },
                            {
                                "type": "link",
                                "url": "https:\/\/mcgill-my.sharepoint.com\/:l:\/g\/personal\/albert-ngabo_niyonsenga_mail_mcgill_ca\/FEIcygMfjOFAhNSLL8xV0zIBdlBet95CL-vrfTGzv1GMlQ?e=UoT4Wh"
                            },
                            {
                                "type": "text",
                                "text": "\nI've excluded any personal repositories people may have created"
                            }
                        ]
                    }
                ]
            }
        ],
        "team": "TJPN85XRA",
        "user_team": "TJPN85XRA",
        "source_team": "TJPN85XRA",
        "user_profile": {
            "avatar_hash": "g9dd84ade99b",
            "image_72": "https:\/\/secure.gravatar.com\/avatar\/9dd84ade99bb030e9269d9f654d3b81f.jpg?s=72&d=https%3A%2F%2Fa.slack-edge.com%2Fdf10d%2Fimg%2Favatars%2Fava_0006-72.png",
            "first_name": "Albert-Ngabo",
            "real_name": "Albert-Ngabo Niyonsenga",
            "display_name": "Albert-Ngabo Niyonsenga",
            "team": "TJPN85XRA",
            "name": "albert-ngabo.niyonsen",
            "is_restricted": false,
            "is_ultra_restricted": false
        }
    }
]