[
    {
        "type": "message",
        "subtype": "channel_join",
        "ts": "1676995967.533469",
        "user": "U01APBW5N2J",
        "text": "<@U01APBW5N2J> has joined the channel"
    },
    {
        "type": "message",
        "subtype": "channel_join",
        "ts": "1676995978.886229",
        "user": "U03JWS43U3H",
        "text": "<@U03JWS43U3H> has joined the channel",
        "inviter": "U01APBW5N2J"
    },
    {
        "type": "message",
        "subtype": "channel_join",
        "ts": "1676995978.964209",
        "user": "U029MNKJ0DR",
        "text": "<@U029MNKJ0DR> has joined the channel",
        "inviter": "U01APBW5N2J"
    },
    {
        "type": "message",
        "subtype": "channel_join",
        "ts": "1676996298.170289",
        "user": "UKGLCA1GS",
        "text": "<@UKGLCA1GS> has joined the channel",
        "inviter": "U01APBW5N2J"
    },
    {
        "client_msg_id": "a3085c34-b20e-49ff-94a2-bc64eacaf669",
        "type": "message",
        "text": "A few requests for migration to GitHub:\n• Thesis proposal template and thesis template\n• Wired T-Stick code (I think it's called \"main T-Stick\" or something?)",
        "user": "U029MNKJ0DR",
        "ts": "1676997393.606669",
        "blocks": [
            {
                "type": "rich_text",
                "block_id": "GUehm",
                "elements": [
                    {
                        "type": "rich_text_section",
                        "elements": [
                            {
                                "type": "text",
                                "text": "A few requests for migration to GitHub:\n"
                            }
                        ]
                    },
                    {
                        "type": "rich_text_list",
                        "elements": [
                            {
                                "type": "rich_text_section",
                                "elements": [
                                    {
                                        "type": "text",
                                        "text": "Thesis proposal template and thesis template"
                                    }
                                ]
                            },
                            {
                                "type": "rich_text_section",
                                "elements": [
                                    {
                                        "type": "text",
                                        "text": "Wired T-Stick code (I think it's called \"main T-Stick\" or something?)"
                                    }
                                ]
                            }
                        ],
                        "style": "bullet",
                        "indent": 0,
                        "border": 0
                    }
                ]
            }
        ],
        "team": "TJPN85XRA",
        "user_team": "TJPN85XRA",
        "source_team": "TJPN85XRA",
        "user_profile": {
            "avatar_hash": "f350669b1e49",
            "image_72": "https:\/\/avatars.slack-edge.com\/2021-07-29\/2324539512645_f350669b1e496193ea11_72.jpg",
            "first_name": "",
            "real_name": "Paul Buser",
            "display_name": "Paul Buser",
            "team": "TJPN85XRA",
            "name": "buser.paul",
            "is_restricted": false,
            "is_ultra_restricted": false
        },
        "thread_ts": "1676997393.606669",
        "reply_count": 2,
        "reply_users_count": 2,
        "latest_reply": "1677519401.116779",
        "reply_users": [
            "U03JWS43U3H",
            "U029MNKJ0DR"
        ],
        "replies": [
            {
                "user": "U03JWS43U3H",
                "ts": "1677515381.996949"
            },
            {
                "user": "U029MNKJ0DR",
                "ts": "1677519401.116779"
            }
        ],
        "is_locked": false,
        "subscribed": false,
        "reactions": [
            {
                "name": "+1::skin-tone-6",
                "users": [
                    "U03JWS43U3H"
                ],
                "count": 1
            }
        ]
    },
    {
        "client_msg_id": "634500b5-51db-4d58-a3d4-4f970a32e6eb",
        "type": "message",
        "text": "the new IDMIL member onboarding repo would be useful to have\/update",
        "user": "U01APBW5N2J",
        "ts": "1676998559.690689",
        "blocks": [
            {
                "type": "rich_text",
                "block_id": "Meqk4",
                "elements": [
                    {
                        "type": "rich_text_section",
                        "elements": [
                            {
                                "type": "text",
                                "text": "the new IDMIL member onboarding repo would be useful to have\/update"
                            }
                        ]
                    }
                ]
            }
        ],
        "team": "TJPN85XRA",
        "user_team": "TJPN85XRA",
        "source_team": "TJPN85XRA",
        "user_profile": {
            "avatar_hash": "fe0a901d9daf",
            "image_72": "https:\/\/avatars.slack-edge.com\/2020-09-17\/1355731656631_fe0a901d9daf26440442_72.png",
            "first_name": "",
            "real_name": "Kasey Pocius",
            "display_name": "Kasey Pocius",
            "team": "TJPN85XRA",
            "name": "kaseypocius",
            "is_restricted": false,
            "is_ultra_restricted": false
        },
        "thread_ts": "1676998559.690689",
        "reply_count": 2,
        "reply_users_count": 1,
        "latest_reply": "1677515809.958689",
        "reply_users": [
            "U03JWS43U3H"
        ],
        "replies": [
            {
                "user": "U03JWS43U3H",
                "ts": "1677515724.958059"
            },
            {
                "user": "U03JWS43U3H",
                "ts": "1677515809.958689"
            }
        ],
        "is_locked": false,
        "subscribed": false,
        "reactions": [
            {
                "name": "+1::skin-tone-6",
                "users": [
                    "U03JWS43U3H"
                ],
                "count": 1
            }
        ]
    },
    {
        "client_msg_id": "578c4d33-c028-4030-8f22-df110c982ab0",
        "type": "message",
        "text": "<@U029MNKJ0DR>, <@U01APBW5N2J> Do either of you know if there is a way to have Gitlab export a list of the repositories and their urls, I can make one by hand but it will be tedious",
        "user": "U03JWS43U3H",
        "ts": "1676998657.766329",
        "blocks": [
            {
                "type": "rich_text",
                "block_id": "Iwo",
                "elements": [
                    {
                        "type": "rich_text_section",
                        "elements": [
                            {
                                "type": "user",
                                "user_id": "U029MNKJ0DR"
                            },
                            {
                                "type": "text",
                                "text": ", "
                            },
                            {
                                "type": "user",
                                "user_id": "U01APBW5N2J"
                            },
                            {
                                "type": "text",
                                "text": " Do either of you know if there is a way to have Gitlab export a list of the repositories and their urls, I can make one by hand but it will be tedious"
                            }
                        ]
                    }
                ]
            }
        ],
        "team": "TJPN85XRA",
        "user_team": "TJPN85XRA",
        "source_team": "TJPN85XRA",
        "user_profile": {
            "avatar_hash": "g9dd84ade99b",
            "image_72": "https:\/\/secure.gravatar.com\/avatar\/9dd84ade99bb030e9269d9f654d3b81f.jpg?s=72&d=https%3A%2F%2Fa.slack-edge.com%2Fdf10d%2Fimg%2Favatars%2Fava_0006-72.png",
            "first_name": "Albert-Ngabo",
            "real_name": "Albert-Ngabo Niyonsenga",
            "display_name": "Albert-Ngabo Niyonsenga",
            "team": "TJPN85XRA",
            "name": "albert-ngabo.niyonsen",
            "is_restricted": false,
            "is_ultra_restricted": false
        },
        "thread_ts": "1676998657.766329",
        "reply_count": 2,
        "reply_users_count": 2,
        "latest_reply": "1677009476.636359",
        "reply_users": [
            "U029MNKJ0DR",
            "U03JWS43U3H"
        ],
        "replies": [
            {
                "user": "U029MNKJ0DR",
                "ts": "1676999001.238809"
            },
            {
                "user": "U03JWS43U3H",
                "ts": "1677009476.636359"
            }
        ],
        "is_locked": false,
        "subscribed": false
    },
    {
        "client_msg_id": "d95eaaed-bc87-466c-b4f3-9da3aa575ef0",
        "type": "message",
        "text": "Looks like you can do it with the API <https:\/\/stackoverflow.com\/questions\/45068904\/list-all-the-projects-and-all-the-groups>",
        "user": "U029MNKJ0DR",
        "ts": "1676999001.238809",
        "blocks": [
            {
                "type": "rich_text",
                "block_id": "OQB",
                "elements": [
                    {
                        "type": "rich_text_section",
                        "elements": [
                            {
                                "type": "text",
                                "text": "Looks like you can do it with the API "
                            },
                            {
                                "type": "link",
                                "url": "https:\/\/stackoverflow.com\/questions\/45068904\/list-all-the-projects-and-all-the-groups"
                            }
                        ]
                    }
                ]
            }
        ],
        "team": "TJPN85XRA",
        "user_team": "TJPN85XRA",
        "source_team": "TJPN85XRA",
        "user_profile": {
            "avatar_hash": "f350669b1e49",
            "image_72": "https:\/\/avatars.slack-edge.com\/2021-07-29\/2324539512645_f350669b1e496193ea11_72.jpg",
            "first_name": "",
            "real_name": "Paul Buser",
            "display_name": "Paul Buser",
            "team": "TJPN85XRA",
            "name": "buser.paul",
            "is_restricted": false,
            "is_ultra_restricted": false
        },
        "attachments": [
            {
                "from_url": "https:\/\/stackoverflow.com\/questions\/45068904\/list-all-the-projects-and-all-the-groups",
                "thumb_url": "https:\/\/cdn.sstatic.net\/Sites\/stackoverflow\/Img\/apple-touch-icon@2.png?v=73d79a89bded",
                "thumb_width": 316,
                "thumb_height": 316,
                "service_icon": "https:\/\/cdn.sstatic.net\/Sites\/stackoverflow\/Img\/apple-touch-icon.png?v=c78bd457575a",
                "id": 1,
                "original_url": "https:\/\/stackoverflow.com\/questions\/45068904\/list-all-the-projects-and-all-the-groups",
                "fallback": "Stack Overflow: List all the projects and all the groups",
                "text": "What is the easiest method to list all the projects and groups in GitLab using my private token?",
                "title": "List all the projects and all the groups",
                "title_link": "https:\/\/stackoverflow.com\/questions\/45068904\/list-all-the-projects-and-all-the-groups",
                "service_name": "Stack Overflow"
            }
        ],
        "thread_ts": "1676998657.766329",
        "parent_user_id": "U03JWS43U3H",
        "reactions": [
            {
                "name": "+1::skin-tone-6",
                "users": [
                    "U03JWS43U3H"
                ],
                "count": 1
            }
        ]
    },
    {
        "client_msg_id": "029c71b3-552b-487b-9e58-3f746a9d3b1d",
        "type": "message",
        "text": "okay looks like I can throw something together in python, why doesn't gitlab just have an export project list option if its in their api",
        "user": "U03JWS43U3H",
        "ts": "1677009476.636359",
        "blocks": [
            {
                "type": "rich_text",
                "block_id": "yol",
                "elements": [
                    {
                        "type": "rich_text_section",
                        "elements": [
                            {
                                "type": "text",
                                "text": "okay looks like I can throw something together in python, why doesn't gitlab just have an export project list option if its in their api"
                            }
                        ]
                    }
                ]
            }
        ],
        "team": "TJPN85XRA",
        "user_team": "TJPN85XRA",
        "source_team": "TJPN85XRA",
        "user_profile": {
            "avatar_hash": "g9dd84ade99b",
            "image_72": "https:\/\/secure.gravatar.com\/avatar\/9dd84ade99bb030e9269d9f654d3b81f.jpg?s=72&d=https%3A%2F%2Fa.slack-edge.com%2Fdf10d%2Fimg%2Favatars%2Fava_0006-72.png",
            "first_name": "Albert-Ngabo",
            "real_name": "Albert-Ngabo Niyonsenga",
            "display_name": "Albert-Ngabo Niyonsenga",
            "team": "TJPN85XRA",
            "name": "albert-ngabo.niyonsen",
            "is_restricted": false,
            "is_ultra_restricted": false
        },
        "thread_ts": "1676998657.766329",
        "parent_user_id": "U03JWS43U3H"
    }
]