[
    {
        "client_msg_id": "d3f70396-4fbc-41d2-a50d-1110cecffcfb",
        "type": "message",
        "text": "I've ported over the digital audio workbench: <https:\/\/github.com\/IDMIL\/digitalaudioworkbench>",
        "user": "U03JWS43U3H",
        "ts": "1679932504.261249",
        "blocks": [
            {
                "type": "rich_text",
                "block_id": "=Re",
                "elements": [
                    {
                        "type": "rich_text_section",
                        "elements": [
                            {
                                "type": "text",
                                "text": "I've ported over the digital audio workbench: "
                            },
                            {
                                "type": "link",
                                "url": "https:\/\/github.com\/IDMIL\/digitalaudioworkbench"
                            }
                        ]
                    }
                ]
            }
        ],
        "team": "TJPN85XRA",
        "user_team": "TJPN85XRA",
        "source_team": "TJPN85XRA",
        "user_profile": {
            "avatar_hash": "g9dd84ade99b",
            "image_72": "https:\/\/secure.gravatar.com\/avatar\/9dd84ade99bb030e9269d9f654d3b81f.jpg?s=72&d=https%3A%2F%2Fa.slack-edge.com%2Fdf10d%2Fimg%2Favatars%2Fava_0006-72.png",
            "first_name": "Albert-Ngabo",
            "real_name": "Albert-Ngabo Niyonsenga",
            "display_name": "Albert-Ngabo Niyonsenga",
            "team": "TJPN85XRA",
            "name": "albert-ngabo.niyonsen",
            "is_restricted": false,
            "is_ultra_restricted": false
        },
        "thread_ts": "1679680195.547159",
        "parent_user_id": "U01APBW5N2J"
    },
    {
        "client_msg_id": "fb70eb56-dd4d-4d1f-9d82-425cc71095d7",
        "type": "message",
        "text": "I'll work on the rest later",
        "user": "U03JWS43U3H",
        "ts": "1679932511.379129",
        "blocks": [
            {
                "type": "rich_text",
                "block_id": "oFdR",
                "elements": [
                    {
                        "type": "rich_text_section",
                        "elements": [
                            {
                                "type": "text",
                                "text": "I'll work on the rest later"
                            }
                        ]
                    }
                ]
            }
        ],
        "team": "TJPN85XRA",
        "user_team": "TJPN85XRA",
        "source_team": "TJPN85XRA",
        "user_profile": {
            "avatar_hash": "g9dd84ade99b",
            "image_72": "https:\/\/secure.gravatar.com\/avatar\/9dd84ade99bb030e9269d9f654d3b81f.jpg?s=72&d=https%3A%2F%2Fa.slack-edge.com%2Fdf10d%2Fimg%2Favatars%2Fava_0006-72.png",
            "first_name": "Albert-Ngabo",
            "real_name": "Albert-Ngabo Niyonsenga",
            "display_name": "Albert-Ngabo Niyonsenga",
            "team": "TJPN85XRA",
            "name": "albert-ngabo.niyonsen",
            "is_restricted": false,
            "is_ultra_restricted": false
        },
        "thread_ts": "1679680195.547159",
        "parent_user_id": "U01APBW5N2J"
    }
]