[
    {
        "type": "message",
        "subtype": "channel_join",
        "ts": "1663100230.445139",
        "user": "UKGLCA1GS",
        "text": "<@UKGLCA1GS> has joined the channel"
    },
    {
        "type": "message",
        "subtype": "channel_join",
        "ts": "1663100275.622489",
        "user": "UJR4DDS12",
        "text": "<@UJR4DDS12> has joined the channel",
        "inviter": "UKGLCA1GS"
    },
    {
        "type": "message",
        "subtype": "channel_join",
        "ts": "1663100275.679239",
        "user": "UJCU8BAAW",
        "text": "<@UJCU8BAAW> has joined the channel",
        "inviter": "UKGLCA1GS"
    },
    {
        "type": "message",
        "subtype": "channel_join",
        "ts": "1663100275.741439",
        "user": "UJQ9N9KA9",
        "text": "<@UJQ9N9KA9> has joined the channel",
        "inviter": "UKGLCA1GS"
    }
]