[
    {
        "client_msg_id": "5ce52838-cbff-4ff5-a5ed-d7beefe79144",
        "type": "message",
        "text": "<@UKGLCA1GS> <@UJR4DDS12> <@U010TD4329M> <@UJQ9N9KA9>  Can someone give me admin access to the <https:\/\/github.com\/IDMIL\/DigitalAudioWorkbench-Tutorial|DigitalAudioWorkbench-Tutorial> github repo, I seem to have lost access to it when migrating over to the IDMIL org side.",
        "user": "U03RKAGLHTP",
        "ts": "1689617261.939949",
        "blocks": [
            {
                "type": "rich_text",
                "block_id": "i\/F",
                "elements": [
                    {
                        "type": "rich_text_section",
                        "elements": [
                            {
                                "type": "user",
                                "user_id": "UKGLCA1GS"
                            },
                            {
                                "type": "text",
                                "text": " "
                            },
                            {
                                "type": "user",
                                "user_id": "UJR4DDS12"
                            },
                            {
                                "type": "text",
                                "text": " "
                            },
                            {
                                "type": "user",
                                "user_id": "U010TD4329M"
                            },
                            {
                                "type": "text",
                                "text": " "
                            },
                            {
                                "type": "user",
                                "user_id": "UJQ9N9KA9"
                            },
                            {
                                "type": "text",
                                "text": "  Can someone give me admin access to the "
                            },
                            {
                                "type": "link",
                                "url": "https:\/\/github.com\/IDMIL\/DigitalAudioWorkbench-Tutorial",
                                "text": "DigitalAudioWorkbench-Tutorial"
                            },
                            {
                                "type": "text",
                                "text": " github repo, I seem to have lost access to it when migrating over to the IDMIL org side."
                            }
                        ]
                    }
                ]
            }
        ],
        "team": "TJPN85XRA",
        "user_team": "TJPN85XRA",
        "source_team": "TJPN85XRA",
        "user_profile": {
            "avatar_hash": "g0c030baca6f",
            "image_72": "https:\/\/secure.gravatar.com\/avatar\/0c030baca6f5c1ffd705bc5dee6c672a.jpg?s=72&d=https%3A%2F%2Fa.slack-edge.com%2Fdf10d%2Fimg%2Favatars%2Fava_0018-72.png",
            "first_name": "Maxwell",
            "real_name": "Maxwell Gentili-Morin",
            "display_name": "Maxwell Gentili-Morin",
            "team": "TJPN85XRA",
            "name": "maxwell.gentili-morin",
            "is_restricted": false,
            "is_ultra_restricted": false
        },
        "attachments": [
            {
                "id": 1,
                "color": "24292f",
                "bot_id": "B059X8HQYCD",
                "app_unfurl_url": "https:\/\/github.com\/IDMIL\/DigitalAudioWorkbench-Tutorial",
                "is_app_unfurl": true,
                "app_id": "A01BP7R4KNY",
                "fallback": "IDMIL\/DigitalAudioWorkbench-Tutorial",
                "text": "The Digital Audio Workbench",
                "title": "IDMIL\/DigitalAudioWorkbench-Tutorial",
                "fields": [
                    {
                        "value": "<https:\/\/idmil.github.io\/DigitalAudioWorkbench\/>",
                        "title": "Website",
                        "short": true
                    },
                    {
                        "value": "JavaScript",
                        "title": "Language",
                        "short": true
                    }
                ]
            }
        ]
    },
    {
        "type": "message",
        "subtype": "channel_join",
        "ts": "1689617266.765009",
        "user": "U010TD4329M",
        "text": "<@U010TD4329M> has joined the channel",
        "inviter": "U03RKAGLHTP"
    },
    {
        "client_msg_id": "d53eddad-ffea-4075-954f-3eae80196c19",
        "type": "message",
        "text": "<@U03RKAGLHTP> done!",
        "user": "UJQ9N9KA9",
        "ts": "1689618478.970409",
        "blocks": [
            {
                "type": "rich_text",
                "block_id": "8oHt=",
                "elements": [
                    {
                        "type": "rich_text_section",
                        "elements": [
                            {
                                "type": "user",
                                "user_id": "U03RKAGLHTP"
                            },
                            {
                                "type": "text",
                                "text": " done!"
                            }
                        ]
                    }
                ]
            }
        ],
        "team": "TJPN85XRA",
        "user_team": "TJPN85XRA",
        "source_team": "TJPN85XRA",
        "user_profile": {
            "avatar_hash": "3be35bf04429",
            "image_72": "https:\/\/avatars.slack-edge.com\/2023-08-28\/5813587733204_3be35bf044296c45bdde_72.jpg",
            "first_name": "",
            "real_name": "ChristianFrisson",
            "display_name": "ChristianFrisson",
            "team": "TJPN85XRA",
            "name": "christian.frisson",
            "is_restricted": false,
            "is_ultra_restricted": false
        },
        "reactions": [
            {
                "name": "raised_hands",
                "users": [
                    "U03RKAGLHTP"
                ],
                "count": 1
            }
        ]
    }
]