[
    {
        "client_msg_id": "11ec7601-7876-4176-87e0-5aff24689c9f",
        "type": "message",
        "text": "<@U03RKAGLHTP>, was that you?",
        "user": "UKGLCA1GS",
        "ts": "1683793250.715229",
        "blocks": [
            {
                "type": "rich_text",
                "block_id": "fXTW",
                "elements": [
                    {
                        "type": "rich_text_section",
                        "elements": [
                            {
                                "type": "user",
                                "user_id": "U03RKAGLHTP"
                            },
                            {
                                "type": "text",
                                "text": ", was that you?"
                            }
                        ]
                    }
                ]
            }
        ],
        "team": "TJPN85XRA",
        "user_team": "TJPN85XRA",
        "source_team": "TJPN85XRA",
        "user_profile": {
            "avatar_hash": "82cc3b048607",
            "image_72": "https:\/\/avatars.slack-edge.com\/2022-07-25\/3850040330500_82cc3b048607f33add6e_72.jpg",
            "first_name": "",
            "real_name": "Marcelo Wanderley",
            "display_name": "Marcelo Wanderley",
            "team": "TJPN85XRA",
            "name": "marcelo.wanderley",
            "is_restricted": false,
            "is_ultra_restricted": false
        }
    },
    {
        "client_msg_id": "10da893c-ce1a-494e-b821-f0b5a07aa6b5",
        "type": "message",
        "text": "no! Mine is a fork so it should not be part of the idmil github repo",
        "user": "U03RKAGLHTP",
        "ts": "1683815675.238729",
        "blocks": [
            {
                "type": "rich_text",
                "block_id": "wsRu",
                "elements": [
                    {
                        "type": "rich_text_section",
                        "elements": [
                            {
                                "type": "text",
                                "text": "no! Mine is a fork so it should not be part of the idmil github repo"
                            }
                        ]
                    }
                ]
            }
        ],
        "team": "TJPN85XRA",
        "user_team": "TJPN85XRA",
        "source_team": "TJPN85XRA",
        "user_profile": {
            "avatar_hash": "g0c030baca6f",
            "image_72": "https:\/\/secure.gravatar.com\/avatar\/0c030baca6f5c1ffd705bc5dee6c672a.jpg?s=72&d=https%3A%2F%2Fa.slack-edge.com%2Fdf10d%2Fimg%2Favatars%2Fava_0018-72.png",
            "first_name": "Maxwell",
            "real_name": "Maxwell Gentili-Morin",
            "display_name": "Maxwell Gentili-Morin",
            "team": "TJPN85XRA",
            "name": "maxwell.gentili-morin",
            "is_restricted": false,
            "is_ultra_restricted": false
        }
    }
]