[
    {
        "client_msg_id": "1c1a8174-2b8d-40ca-a011-cd2f7aadd0d1",
        "type": "message",
        "text": "Someone created <https:\/\/github.com\/IDMIL\/digitalaudioworkbench> while <https:\/\/github.com\/IDMIL\/DAWb> already existed.\nI have deleted the first and renamed the second into <https:\/\/github.com\/IDMIL\/DigitalAudioWorkbench>",
        "user": "UJQ9N9KA9",
        "ts": "1683685847.562419",
        "blocks": [
            {
                "type": "rich_text",
                "block_id": "yG8",
                "elements": [
                    {
                        "type": "rich_text_section",
                        "elements": [
                            {
                                "type": "text",
                                "text": "Someone created "
                            },
                            {
                                "type": "link",
                                "url": "https:\/\/github.com\/IDMIL\/digitalaudioworkbench"
                            },
                            {
                                "type": "text",
                                "text": " while "
                            },
                            {
                                "type": "link",
                                "url": "https:\/\/github.com\/IDMIL\/DAWb"
                            },
                            {
                                "type": "text",
                                "text": " already existed.\nI have deleted the first and renamed the second into "
                            },
                            {
                                "type": "link",
                                "url": "https:\/\/github.com\/IDMIL\/DigitalAudioWorkbench"
                            }
                        ]
                    }
                ]
            }
        ],
        "team": "TJPN85XRA",
        "user_team": "TJPN85XRA",
        "source_team": "TJPN85XRA",
        "user_profile": {
            "avatar_hash": "3be35bf04429",
            "image_72": "https:\/\/avatars.slack-edge.com\/2023-08-28\/5813587733204_3be35bf044296c45bdde_72.jpg",
            "first_name": "",
            "real_name": "ChristianFrisson",
            "display_name": "ChristianFrisson",
            "team": "TJPN85XRA",
            "name": "christian.frisson",
            "is_restricted": false,
            "is_ultra_restricted": false
        },
        "reactions": [
            {
                "name": "white_check_mark",
                "users": [
                    "UJCU8BAAW"
                ],
                "count": 1
            }
        ]
    }
]