[
    {
        "client_msg_id": "ead1507d-01cd-4524-a05f-ff14526b0c0d",
        "type": "message",
        "text": "<https:\/\/www.idmil.org\/> is just a blank page for me right now - is that the same for anyone else?",
        "user": "U01APBW5N2J",
        "ts": "1690925806.460039",
        "blocks": [
            {
                "type": "rich_text",
                "block_id": "jslUS",
                "elements": [
                    {
                        "type": "rich_text_section",
                        "elements": [
                            {
                                "type": "link",
                                "url": "https:\/\/www.idmil.org\/"
                            },
                            {
                                "type": "text",
                                "text": " is just a blank page for me right now - is that the same for anyone else?"
                            }
                        ]
                    }
                ]
            }
        ],
        "team": "TJPN85XRA",
        "user_team": "TJPN85XRA",
        "source_team": "TJPN85XRA",
        "user_profile": {
            "avatar_hash": "fe0a901d9daf",
            "image_72": "https:\/\/avatars.slack-edge.com\/2020-09-17\/1355731656631_fe0a901d9daf26440442_72.png",
            "first_name": "",
            "real_name": "Kasey Pocius",
            "display_name": "Kasey Pocius",
            "team": "TJPN85XRA",
            "name": "kaseypocius",
            "is_restricted": false,
            "is_ultra_restricted": false
        },
        "thread_ts": "1690925806.460039",
        "reply_count": 3,
        "reply_users_count": 1,
        "latest_reply": "1690934430.949429",
        "reply_users": [
            "U03NRB57K60"
        ],
        "replies": [
            {
                "user": "U03NRB57K60",
                "ts": "1690926005.231729"
            },
            {
                "user": "U03NRB57K60",
                "ts": "1690926637.492809"
            },
            {
                "user": "U03NRB57K60",
                "ts": "1690934430.949429"
            }
        ],
        "is_locked": false,
        "subscribed": false
    },
    {
        "client_msg_id": "A7CE67AB-75A3-4F4B-BB5D-F373527C7D59",
        "type": "message",
        "text": "Me too",
        "user": "U03NRB57K60",
        "ts": "1690926005.231729",
        "blocks": [
            {
                "type": "rich_text",
                "block_id": "7vNKk",
                "elements": [
                    {
                        "type": "rich_text_section",
                        "elements": [
                            {
                                "type": "text",
                                "text": "Me too"
                            }
                        ]
                    }
                ]
            }
        ],
        "team": "TJPN85XRA",
        "user_team": "TJPN85XRA",
        "source_team": "TJPN85XRA",
        "user_profile": {
            "avatar_hash": "cb367b89c7ee",
            "image_72": "https:\/\/avatars.slack-edge.com\/2022-07-07\/3764518225398_cb367b89c7eea9d69365_72.jpg",
            "first_name": "Ziyue",
            "real_name": "Ziyue (Monica) Piao",
            "display_name": "Ziyue (Monica) Piao",
            "team": "TJPN85XRA",
            "name": "ziyue.piao",
            "is_restricted": false,
            "is_ultra_restricted": false
        },
        "thread_ts": "1690925806.460039",
        "parent_user_id": "U01APBW5N2J"
    },
    {
        "client_msg_id": "715A1135-3856-4DE4-AAED-724B14FAA9AB",
        "type": "message",
        "text": "I have emailed Simon and will update the news about it",
        "user": "U03NRB57K60",
        "ts": "1690926637.492809",
        "blocks": [
            {
                "type": "rich_text",
                "block_id": "Uq8ii",
                "elements": [
                    {
                        "type": "rich_text_section",
                        "elements": [
                            {
                                "type": "text",
                                "text": "I have emailed Simon and will update the news about it"
                            }
                        ]
                    }
                ]
            }
        ],
        "team": "TJPN85XRA",
        "user_team": "TJPN85XRA",
        "source_team": "TJPN85XRA",
        "user_profile": {
            "avatar_hash": "cb367b89c7ee",
            "image_72": "https:\/\/avatars.slack-edge.com\/2022-07-07\/3764518225398_cb367b89c7eea9d69365_72.jpg",
            "first_name": "Ziyue",
            "real_name": "Ziyue (Monica) Piao",
            "display_name": "Ziyue (Monica) Piao",
            "team": "TJPN85XRA",
            "name": "ziyue.piao",
            "is_restricted": false,
            "is_ultra_restricted": false
        },
        "thread_ts": "1690925806.460039",
        "parent_user_id": "U01APBW5N2J",
        "reactions": [
            {
                "name": "heart",
                "users": [
                    "U01APBW5N2J"
                ],
                "count": 1
            }
        ]
    },
    {
        "client_msg_id": "aa34b1b9-470c-4c43-bd0a-57619fd807cd",
        "type": "message",
        "text": "The website is back up now",
        "user": "U03NRB57K60",
        "ts": "1690934430.949429",
        "blocks": [
            {
                "type": "rich_text",
                "block_id": "czKoj",
                "elements": [
                    {
                        "type": "rich_text_section",
                        "elements": [
                            {
                                "type": "text",
                                "text": "The website is back up now"
                            }
                        ]
                    }
                ]
            }
        ],
        "team": "TJPN85XRA",
        "user_team": "TJPN85XRA",
        "source_team": "TJPN85XRA",
        "user_profile": {
            "avatar_hash": "cb367b89c7ee",
            "image_72": "https:\/\/avatars.slack-edge.com\/2022-07-07\/3764518225398_cb367b89c7eea9d69365_72.jpg",
            "first_name": "Ziyue",
            "real_name": "Ziyue (Monica) Piao",
            "display_name": "Ziyue (Monica) Piao",
            "team": "TJPN85XRA",
            "name": "ziyue.piao",
            "is_restricted": false,
            "is_ultra_restricted": false
        },
        "thread_ts": "1690925806.460039",
        "parent_user_id": "U01APBW5N2J",
        "reactions": [
            {
                "name": "heart",
                "users": [
                    "U01APBW5N2J"
                ],
                "count": 1
            }
        ]
    }
]