[
    {
        "client_msg_id": "350a2df8-bd10-4f5e-ab38-861d5d369c31",
        "type": "message",
        "text": "You should be able to find it in <https:\/\/www.idmil.org\/wp-admin\/theme-editor.php?file=header.php&amp;theme=collective>\nor thereabouts",
        "user": "U029MNKJ0DR",
        "ts": "1690989970.683959",
        "blocks": [
            {
                "type": "rich_text",
                "block_id": "HVY",
                "elements": [
                    {
                        "type": "rich_text_section",
                        "elements": [
                            {
                                "type": "text",
                                "text": "You should be able to find it in "
                            },
                            {
                                "type": "link",
                                "url": "https:\/\/www.idmil.org\/wp-admin\/theme-editor.php?file=header.php&theme=collective"
                            },
                            {
                                "type": "text",
                                "text": "\nor thereabouts"
                            }
                        ]
                    }
                ]
            }
        ],
        "team": "TJPN85XRA",
        "user_team": "TJPN85XRA",
        "source_team": "TJPN85XRA",
        "user_profile": {
            "avatar_hash": "f350669b1e49",
            "image_72": "https:\/\/avatars.slack-edge.com\/2021-07-29\/2324539512645_f350669b1e496193ea11_72.jpg",
            "first_name": "",
            "real_name": "Paul Buser",
            "display_name": "Paul Buser",
            "team": "TJPN85XRA",
            "name": "buser.paul",
            "is_restricted": false,
            "is_ultra_restricted": false
        },
        "thread_ts": "1690749449.633589",
        "parent_user_id": "U03NRB57K60"
    },
    {
        "type": "message",
        "text": "",
        "files": [
            {
                "id": "F05KJNL28BZ",
                "created": 1690990058,
                "timestamp": 1690990058,
                "name": "image.png",
                "title": "image.png",
                "mimetype": "image\/png",
                "filetype": "png",
                "pretty_type": "PNG",
                "user": "U03NRB57K60",
                "user_team": "TJPN85XRA",
                "editable": false,
                "size": 21946,
                "mode": "hosted",
                "is_external": false,
                "external_type": "",
                "is_public": true,
                "public_url_shared": false,
                "display_as_bot": false,
                "username": "",
                "url_private": "https:\/\/files.slack.com\/files-pri\/TJPN85XRA-F05KJNL28BZ\/image.png?t=xoxe-635756201860-5811340279026-5796802002375-9213508a3164fd319a6249bc81596b76",
                "url_private_download": "https:\/\/files.slack.com\/files-pri\/TJPN85XRA-F05KJNL28BZ\/download\/image.png?t=xoxe-635756201860-5811340279026-5796802002375-9213508a3164fd319a6249bc81596b76",
                "media_display_type": "unknown",
                "thumb_64": "https:\/\/files.slack.com\/files-tmb\/TJPN85XRA-F05KJNL28BZ-bb7e1cb82b\/image_64.png?t=xoxe-635756201860-5811340279026-5796802002375-9213508a3164fd319a6249bc81596b76",
                "thumb_80": "https:\/\/files.slack.com\/files-tmb\/TJPN85XRA-F05KJNL28BZ-bb7e1cb82b\/image_80.png?t=xoxe-635756201860-5811340279026-5796802002375-9213508a3164fd319a6249bc81596b76",
                "thumb_360": "https:\/\/files.slack.com\/files-tmb\/TJPN85XRA-F05KJNL28BZ-bb7e1cb82b\/image_360.png?t=xoxe-635756201860-5811340279026-5796802002375-9213508a3164fd319a6249bc81596b76",
                "thumb_360_w": 360,
                "thumb_360_h": 57,
                "thumb_480": "https:\/\/files.slack.com\/files-tmb\/TJPN85XRA-F05KJNL28BZ-bb7e1cb82b\/image_480.png?t=xoxe-635756201860-5811340279026-5796802002375-9213508a3164fd319a6249bc81596b76",
                "thumb_480_w": 480,
                "thumb_480_h": 76,
                "thumb_160": "https:\/\/files.slack.com\/files-tmb\/TJPN85XRA-F05KJNL28BZ-bb7e1cb82b\/image_160.png?t=xoxe-635756201860-5811340279026-5796802002375-9213508a3164fd319a6249bc81596b76",
                "thumb_720": "https:\/\/files.slack.com\/files-tmb\/TJPN85XRA-F05KJNL28BZ-bb7e1cb82b\/image_720.png?t=xoxe-635756201860-5811340279026-5796802002375-9213508a3164fd319a6249bc81596b76",
                "thumb_720_w": 720,
                "thumb_720_h": 114,
                "thumb_800": "https:\/\/files.slack.com\/files-tmb\/TJPN85XRA-F05KJNL28BZ-bb7e1cb82b\/image_800.png?t=xoxe-635756201860-5811340279026-5796802002375-9213508a3164fd319a6249bc81596b76",
                "thumb_800_w": 800,
                "thumb_800_h": 127,
                "thumb_960": "https:\/\/files.slack.com\/files-tmb\/TJPN85XRA-F05KJNL28BZ-bb7e1cb82b\/image_960.png?t=xoxe-635756201860-5811340279026-5796802002375-9213508a3164fd319a6249bc81596b76",
                "thumb_960_w": 960,
                "thumb_960_h": 152,
                "thumb_1024": "https:\/\/files.slack.com\/files-tmb\/TJPN85XRA-F05KJNL28BZ-bb7e1cb82b\/image_1024.png?t=xoxe-635756201860-5811340279026-5796802002375-9213508a3164fd319a6249bc81596b76",
                "thumb_1024_w": 1024,
                "thumb_1024_h": 162,
                "original_w": 1566,
                "original_h": 248,
                "thumb_tiny": "AwAHADDSo\/EflSUUAL\/npRkUlFAC5FGRSUUAf\/\/Z",
                "permalink": "https:\/\/idmil.slack.com\/files\/U03NRB57K60\/F05KJNL28BZ\/image.png",
                "permalink_public": "https:\/\/slack-files.com\/TJPN85XRA-F05KJNL28BZ-671b132ca1",
                "is_starred": false,
                "has_rich_preview": false,
                "file_access": "visible"
            }
        ],
        "upload": false,
        "user": "U03NRB57K60",
        "display_as_bot": false,
        "ts": "1690990060.101419",
        "client_msg_id": "90da79e0-cc4a-4bf5-b8aa-3a5c0c687a67",
        "thread_ts": "1690749449.633589",
        "parent_user_id": "U03NRB57K60"
    },
    {
        "client_msg_id": "908541F0-8082-46CF-A905-2C9189D893D4",
        "type": "message",
        "text": "You'll need to log in first",
        "user": "U029MNKJ0DR",
        "ts": "1690990083.931389",
        "blocks": [
            {
                "type": "rich_text",
                "block_id": "HB0aL",
                "elements": [
                    {
                        "type": "rich_text_section",
                        "elements": [
                            {
                                "type": "text",
                                "text": "You'll need to log in first"
                            }
                        ]
                    }
                ]
            }
        ],
        "team": "TJPN85XRA",
        "user_team": "TJPN85XRA",
        "source_team": "TJPN85XRA",
        "user_profile": {
            "avatar_hash": "f350669b1e49",
            "image_72": "https:\/\/avatars.slack-edge.com\/2021-07-29\/2324539512645_f350669b1e496193ea11_72.jpg",
            "first_name": "",
            "real_name": "Paul Buser",
            "display_name": "Paul Buser",
            "team": "TJPN85XRA",
            "name": "buser.paul",
            "is_restricted": false,
            "is_ultra_restricted": false
        },
        "thread_ts": "1690749449.633589",
        "parent_user_id": "U03NRB57K60"
    },
    {
        "client_msg_id": "91718be6-779f-42c1-af23-e71032b5d3cc",
        "type": "message",
        "text": "Actually, I cannot edit the collective theme",
        "user": "U03NRB57K60",
        "ts": "1690990086.921549",
        "blocks": [
            {
                "type": "rich_text",
                "block_id": "a5O",
                "elements": [
                    {
                        "type": "rich_text_section",
                        "elements": [
                            {
                                "type": "text",
                                "text": "Actually, I cannot edit the collective theme"
                            }
                        ]
                    }
                ]
            }
        ],
        "team": "TJPN85XRA",
        "user_team": "TJPN85XRA",
        "source_team": "TJPN85XRA",
        "user_profile": {
            "avatar_hash": "cb367b89c7ee",
            "image_72": "https:\/\/avatars.slack-edge.com\/2022-07-07\/3764518225398_cb367b89c7eea9d69365_72.jpg",
            "first_name": "Ziyue",
            "real_name": "Ziyue (Monica) Piao",
            "display_name": "Ziyue (Monica) Piao",
            "team": "TJPN85XRA",
            "name": "ziyue.piao",
            "is_restricted": false,
            "is_ultra_restricted": false
        },
        "thread_ts": "1690749449.633589",
        "parent_user_id": "U03NRB57K60"
    },
    {
        "client_msg_id": "c60c21b4-782e-4fe0-b6f6-d0a3c8355056",
        "type": "message",
        "text": "I have logged in",
        "user": "U03NRB57K60",
        "ts": "1690990103.081469",
        "blocks": [
            {
                "type": "rich_text",
                "block_id": "8y7M",
                "elements": [
                    {
                        "type": "rich_text_section",
                        "elements": [
                            {
                                "type": "text",
                                "text": "I have logged in"
                            }
                        ]
                    }
                ]
            }
        ],
        "team": "TJPN85XRA",
        "user_team": "TJPN85XRA",
        "source_team": "TJPN85XRA",
        "user_profile": {
            "avatar_hash": "cb367b89c7ee",
            "image_72": "https:\/\/avatars.slack-edge.com\/2022-07-07\/3764518225398_cb367b89c7eea9d69365_72.jpg",
            "first_name": "Ziyue",
            "real_name": "Ziyue (Monica) Piao",
            "display_name": "Ziyue (Monica) Piao",
            "team": "TJPN85XRA",
            "name": "ziyue.piao",
            "is_restricted": false,
            "is_ultra_restricted": false
        },
        "thread_ts": "1690749449.633589",
        "parent_user_id": "U03NRB57K60"
    },
    {
        "client_msg_id": "D29EE011-52B9-411C-9D70-5A3DCA87166C",
        "type": "message",
        "text": "Ah, ok. Let me make you an admin",
        "user": "U029MNKJ0DR",
        "ts": "1690990110.573339",
        "blocks": [
            {
                "type": "rich_text",
                "block_id": "agj",
                "elements": [
                    {
                        "type": "rich_text_section",
                        "elements": [
                            {
                                "type": "text",
                                "text": "Ah, ok"
                            },
                            {
                                "type": "text",
                                "text": "."
                            },
                            {
                                "type": "text",
                                "text": " Let me make you an admin"
                            }
                        ]
                    }
                ]
            }
        ],
        "team": "TJPN85XRA",
        "user_team": "TJPN85XRA",
        "source_team": "TJPN85XRA",
        "user_profile": {
            "avatar_hash": "f350669b1e49",
            "image_72": "https:\/\/avatars.slack-edge.com\/2021-07-29\/2324539512645_f350669b1e496193ea11_72.jpg",
            "first_name": "",
            "real_name": "Paul Buser",
            "display_name": "Paul Buser",
            "team": "TJPN85XRA",
            "name": "buser.paul",
            "is_restricted": false,
            "is_ultra_restricted": false
        },
        "thread_ts": "1690749449.633589",
        "parent_user_id": "U03NRB57K60",
        "reactions": [
            {
                "name": "handshake",
                "users": [
                    "U03NRB57K60"
                ],
                "count": 1
            }
        ]
    },
    {
        "client_msg_id": "4339F75D-701C-494F-9F63-C0D0FF9160EC",
        "type": "message",
        "text": "OK, try it now",
        "user": "U029MNKJ0DR",
        "ts": "1690990186.179049",
        "blocks": [
            {
                "type": "rich_text",
                "block_id": "RQ9o",
                "elements": [
                    {
                        "type": "rich_text_section",
                        "elements": [
                            {
                                "type": "text",
                                "text": "OK, try it now"
                            }
                        ]
                    }
                ]
            }
        ],
        "team": "TJPN85XRA",
        "user_team": "TJPN85XRA",
        "source_team": "TJPN85XRA",
        "user_profile": {
            "avatar_hash": "f350669b1e49",
            "image_72": "https:\/\/avatars.slack-edge.com\/2021-07-29\/2324539512645_f350669b1e496193ea11_72.jpg",
            "first_name": "",
            "real_name": "Paul Buser",
            "display_name": "Paul Buser",
            "team": "TJPN85XRA",
            "name": "buser.paul",
            "is_restricted": false,
            "is_ultra_restricted": false
        },
        "thread_ts": "1690749449.633589",
        "parent_user_id": "U03NRB57K60"
    },
    {
        "client_msg_id": "8b019428-7c82-4e04-81e8-e3052eecfb7a",
        "type": "message",
        "text": "It works now! Thanks!!!",
        "user": "U03NRB57K60",
        "ts": "1690990219.947639",
        "blocks": [
            {
                "type": "rich_text",
                "block_id": "ri5",
                "elements": [
                    {
                        "type": "rich_text_section",
                        "elements": [
                            {
                                "type": "text",
                                "text": "It works now! Thanks!!!"
                            }
                        ]
                    }
                ]
            }
        ],
        "team": "TJPN85XRA",
        "user_team": "TJPN85XRA",
        "source_team": "TJPN85XRA",
        "user_profile": {
            "avatar_hash": "cb367b89c7ee",
            "image_72": "https:\/\/avatars.slack-edge.com\/2022-07-07\/3764518225398_cb367b89c7eea9d69365_72.jpg",
            "first_name": "Ziyue",
            "real_name": "Ziyue (Monica) Piao",
            "display_name": "Ziyue (Monica) Piao",
            "team": "TJPN85XRA",
            "name": "ziyue.piao",
            "is_restricted": false,
            "is_ultra_restricted": false
        },
        "thread_ts": "1690749449.633589",
        "parent_user_id": "U03NRB57K60",
        "reactions": [
            {
                "name": "beers",
                "users": [
                    "U029MNKJ0DR"
                ],
                "count": 1
            }
        ]
    }
]