[
    {
        "client_msg_id": "37e5b2ef-2b58-498f-bf89-6d574264f03b",
        "type": "message",
        "text": "<https:\/\/www.youtube.com\/watch?v=t3fv69IWR_8>",
        "user": "U03JTLB9FSS",
        "ts": "1658030306.890589",
        "blocks": [
            {
                "type": "rich_text",
                "block_id": "SQ0",
                "elements": [
                    {
                        "type": "rich_text_section",
                        "elements": [
                            {
                                "type": "link",
                                "url": "https:\/\/www.youtube.com\/watch?v=t3fv69IWR_8"
                            }
                        ]
                    }
                ]
            }
        ],
        "team": "TJPN85XRA",
        "user_team": "TJPN85XRA",
        "source_team": "TJPN85XRA",
        "user_profile": {
            "avatar_hash": "459fb8de8703",
            "image_72": "https:\/\/avatars.slack-edge.com\/2022-07-28\/3867310060339_459fb8de8703bb2678e5_72.jpg",
            "first_name": "Brady",
            "real_name": "Brady Boettcher",
            "display_name": "",
            "team": "TJPN85XRA",
            "name": "brady.boettcher",
            "is_restricted": false,
            "is_ultra_restricted": false
        },
        "attachments": [
            {
                "from_url": "https:\/\/www.youtube.com\/watch?v=t3fv69IWR_8",
                "thumb_url": "https:\/\/i.ytimg.com\/vi\/t3fv69IWR_8\/hqdefault.jpg",
                "thumb_width": 480,
                "thumb_height": 360,
                "video_html": "<iframe width=\"400\" height=\"225\" src=\"https:\/\/www.youtube.com\/embed\/t3fv69IWR_8?feature=oembed&autoplay=1&iv_load_policy=3\" frameborder=\"0\" allow=\"accelerometer; autoplay; clipboard-write; encrypted-media; gyroscope; picture-in-picture\" allowfullscreen title=\"Morse Toad- Linnstrumental Loops 5\"><\/iframe>",
                "video_html_width": 400,
                "video_html_height": 225,
                "service_icon": "https:\/\/a.slack-edge.com\/80588\/img\/unfurl_icons\/youtube.png",
                "id": 1,
                "original_url": "https:\/\/www.youtube.com\/watch?v=t3fv69IWR_8",
                "fallback": "YouTube Video: Morse Toad- Linnstrumental Loops 5",
                "title": "Morse Toad- Linnstrumental Loops 5",
                "title_link": "https:\/\/www.youtube.com\/watch?v=t3fv69IWR_8",
                "author_name": "Brady Boettcher",
                "author_link": "https:\/\/www.youtube.com\/channel\/UCvS0urHA6yMQ3rmZJuySOFw",
                "service_name": "YouTube",
                "service_url": "https:\/\/www.youtube.com\/"
            }
        ],
        "thread_ts": "1658030306.890589",
        "reply_count": 1,
        "reply_users_count": 1,
        "latest_reply": "1658245385.412069",
        "reply_users": [
            "UJR4DDS12"
        ],
        "replies": [
            {
                "user": "UJR4DDS12",
                "ts": "1658245385.412069"
            }
        ],
        "is_locked": false,
        "subscribed": false,
        "reactions": [
            {
                "name": "raised_hands",
                "users": [
                    "UJR4DDS12"
                ],
                "count": 1
            },
            {
                "name": "heart",
                "users": [
                    "UJR4DDS12"
                ],
                "count": 1
            }
        ]
    },
    {
        "client_msg_id": "68c5ad75-d9d5-4a6a-84b0-c652526e575b",
        "type": "message",
        "text": "new vid with the linnstrument",
        "user": "U03JTLB9FSS",
        "ts": "1658030324.957159",
        "blocks": [
            {
                "type": "rich_text",
                "block_id": "e084+",
                "elements": [
                    {
                        "type": "rich_text_section",
                        "elements": [
                            {
                                "type": "text",
                                "text": "new vid with the linnstrument"
                            }
                        ]
                    }
                ]
            }
        ],
        "team": "TJPN85XRA",
        "user_team": "TJPN85XRA",
        "source_team": "TJPN85XRA",
        "user_profile": {
            "avatar_hash": "459fb8de8703",
            "image_72": "https:\/\/avatars.slack-edge.com\/2022-07-28\/3867310060339_459fb8de8703bb2678e5_72.jpg",
            "first_name": "Brady",
            "real_name": "Brady Boettcher",
            "display_name": "",
            "team": "TJPN85XRA",
            "name": "brady.boettcher",
            "is_restricted": false,
            "is_ultra_restricted": false
        }
    }
]