[
    {
        "client_msg_id": "1F2B4B7C-81AE-4A79-908E-46912980ED20",
        "type": "message",
        "text": "We're moving the jam earlier",
        "user": "U029MNKJ0DR",
        "ts": "1671052867.502359",
        "blocks": [
            {
                "type": "rich_text",
                "block_id": "0rvz",
                "elements": [
                    {
                        "type": "rich_text_section",
                        "elements": [
                            {
                                "type": "text",
                                "text": "We're moving the jam earlier"
                            }
                        ]
                    }
                ]
            }
        ],
        "team": "TJPN85XRA",
        "user_team": "TJPN85XRA",
        "source_team": "TJPN85XRA",
        "user_profile": {
            "avatar_hash": "f350669b1e49",
            "image_72": "https:\/\/avatars.slack-edge.com\/2021-07-29\/2324539512645_f350669b1e496193ea11_72.jpg",
            "first_name": "",
            "real_name": "Paul Buser",
            "display_name": "Paul Buser",
            "team": "TJPN85XRA",
            "name": "buser.paul",
            "is_restricted": false,
            "is_ultra_restricted": false
        }
    },
    {
        "client_msg_id": "E2229C0B-460C-4EEB-AE5C-502D5A157B9A",
        "type": "message",
        "text": "We'll be starting in 15 minutes!",
        "user": "U029MNKJ0DR",
        "ts": "1671052867.615599",
        "blocks": [
            {
                "type": "rich_text",
                "block_id": "bKk9",
                "elements": [
                    {
                        "type": "rich_text_section",
                        "elements": [
                            {
                                "type": "text",
                                "text": "We'll be starting in 15 minutes!"
                            }
                        ]
                    }
                ]
            }
        ],
        "team": "TJPN85XRA",
        "user_team": "TJPN85XRA",
        "source_team": "TJPN85XRA",
        "user_profile": {
            "avatar_hash": "f350669b1e49",
            "image_72": "https:\/\/avatars.slack-edge.com\/2021-07-29\/2324539512645_f350669b1e496193ea11_72.jpg",
            "first_name": "",
            "real_name": "Paul Buser",
            "display_name": "Paul Buser",
            "team": "TJPN85XRA",
            "name": "buser.paul",
            "is_restricted": false,
            "is_ultra_restricted": false
        }
    }
]