[
    {
        "type": "message",
        "subtype": "channel_join",
        "ts": "1657811521.212759",
        "user": "U03JTLB9FSS",
        "text": "<@U03JTLB9FSS> has joined the channel"
    },
    {
        "type": "message",
        "subtype": "channel_join",
        "ts": "1657811561.754849",
        "user": "U029MNKJ0DR",
        "text": "<@U029MNKJ0DR> has joined the channel",
        "inviter": "U03JTLB9FSS",
        "reactions": [
            {
                "name": "heart",
                "users": [
                    "U01APBW5N2J"
                ],
                "count": 1
            }
        ]
    },
    {
        "type": "message",
        "subtype": "channel_join",
        "ts": "1657811561.852879",
        "user": "UK4BP4NH2",
        "text": "<@UK4BP4NH2> has joined the channel",
        "inviter": "U03JTLB9FSS"
    },
    {
        "type": "message",
        "subtype": "channel_join",
        "ts": "1657811561.924119",
        "user": "U01APBW5N2J",
        "text": "<@U01APBW5N2J> has joined the channel",
        "inviter": "U03JTLB9FSS"
    },
    {
        "type": "message",
        "subtype": "channel_join",
        "ts": "1657811561.996399",
        "user": "U03JWS43U3H",
        "text": "<@U03JWS43U3H> has joined the channel",
        "inviter": "U03JTLB9FSS"
    },
    {
        "type": "message",
        "subtype": "channel_join",
        "ts": "1657811562.046139",
        "user": "U03KSGRRF5F",
        "text": "<@U03KSGRRF5F> has joined the channel",
        "inviter": "U03JTLB9FSS"
    },
    {
        "type": "message",
        "subtype": "channel_join",
        "ts": "1657811759.082839",
        "user": "U03M9JKPT5X",
        "text": "<@U03M9JKPT5X> has joined the channel"
    }
]