[
    {
        "client_msg_id": "EC597FCB-B005-48CA-A63E-F968968DA2CD",
        "type": "message",
        "text": "Could we do next week? I'm available Tuesday-Friday ",
        "user": "U029MNKJ0DR",
        "ts": "1669226039.015479",
        "blocks": [
            {
                "type": "rich_text",
                "block_id": "Z\/gBi",
                "elements": [
                    {
                        "type": "rich_text_section",
                        "elements": [
                            {
                                "type": "text",
                                "text": "Could we do next week? I'm available Tuesday-Friday "
                            }
                        ]
                    }
                ]
            }
        ],
        "team": "TJPN85XRA",
        "user_team": "TJPN85XRA",
        "source_team": "TJPN85XRA",
        "user_profile": {
            "avatar_hash": "f350669b1e49",
            "image_72": "https:\/\/avatars.slack-edge.com\/2021-07-29\/2324539512645_f350669b1e496193ea11_72.jpg",
            "first_name": "",
            "real_name": "Paul Buser",
            "display_name": "Paul Buser",
            "team": "TJPN85XRA",
            "name": "buser.paul",
            "is_restricted": false,
            "is_ultra_restricted": false
        },
        "thread_ts": "1669067402.151169",
        "parent_user_id": "U01APBW5N2J",
        "reactions": [
            {
                "name": "+1",
                "users": [
                    "U01APBW5N2J"
                ],
                "count": 1
            }
        ]
    },
    {
        "client_msg_id": "94327d04-468a-472c-8eef-3639428ba7dc",
        "type": "message",
        "text": "<http:\/\/www.palumbomichael.com\/exit-points-menu>\n\nA mutual friend of me and <@UJR4DDS12> is doing their monthly show online on Wednesday next week (8-11 pm). The set from 10-11 is made up of performers from the audience as well those booked for the show!\n\nWe can start jamming before the show, take a break and grab some food -  and then those who are still around by 10 can jump in if they are interested?",
        "user": "U01APBW5N2J",
        "ts": "1669227005.980119",
        "blocks": [
            {
                "type": "rich_text",
                "block_id": "Jk7Q",
                "elements": [
                    {
                        "type": "rich_text_section",
                        "elements": [
                            {
                                "type": "link",
                                "url": "http:\/\/www.palumbomichael.com\/exit-points-menu"
                            },
                            {
                                "type": "text",
                                "text": "\n\nA mutual friend of me and "
                            },
                            {
                                "type": "user",
                                "user_id": "UJR4DDS12"
                            },
                            {
                                "type": "text",
                                "text": " is doing their monthly show online on Wednesday next week (8-11 pm). The set from 10-11 is made up of performers from the audience as well those booked for the show!\n\nWe can start jamming before the show, take a break and grab some food -  and then those who are still around by 10 can jump in if they are interested?"
                            }
                        ]
                    }
                ]
            }
        ],
        "team": "TJPN85XRA",
        "user_team": "TJPN85XRA",
        "source_team": "TJPN85XRA",
        "user_profile": {
            "avatar_hash": "fe0a901d9daf",
            "image_72": "https:\/\/avatars.slack-edge.com\/2020-09-17\/1355731656631_fe0a901d9daf26440442_72.png",
            "first_name": "",
            "real_name": "Kasey Pocius",
            "display_name": "Kasey Pocius",
            "team": "TJPN85XRA",
            "name": "kaseypocius",
            "is_restricted": false,
            "is_ultra_restricted": false
        },
        "thread_ts": "1669067402.151169",
        "parent_user_id": "U01APBW5N2J"
    }
]