[
    {
        "client_msg_id": "2e90acbb-d926-4a29-acfd-2386aa15db76",
        "type": "message",
        "text": "<https:\/\/youtu.be\/VdELqr6U5EU?t=8673>\n\nsome t-stick jams from Exit Points last night, with my new camera set-up so you can actually see most of the gestures! Still about 40-100ms of latency, so the AV is a little unsynced at times",
        "user": "U01APBW5N2J",
        "ts": "1666875220.674989",
        "blocks": [
            {
                "type": "rich_text",
                "block_id": "i0aY",
                "elements": [
                    {
                        "type": "rich_text_section",
                        "elements": [
                            {
                                "type": "link",
                                "url": "https:\/\/youtu.be\/VdELqr6U5EU?t=8673"
                            },
                            {
                                "type": "text",
                                "text": "\n\nsome t-stick jams from Exit Points last night, with my new camera set-up so you can actually see most of the gestures! Still about 40-100ms of latency, so the AV is a little unsynced at times"
                            }
                        ]
                    }
                ]
            }
        ],
        "team": "TJPN85XRA",
        "user_team": "TJPN85XRA",
        "source_team": "TJPN85XRA",
        "user_profile": {
            "avatar_hash": "fe0a901d9daf",
            "image_72": "https:\/\/avatars.slack-edge.com\/2020-09-17\/1355731656631_fe0a901d9daf26440442_72.png",
            "first_name": "",
            "real_name": "Kasey Pocius",
            "display_name": "Kasey Pocius",
            "team": "TJPN85XRA",
            "name": "kaseypocius",
            "is_restricted": false,
            "is_ultra_restricted": false
        },
        "attachments": [
            {
                "from_url": "https:\/\/youtu.be\/VdELqr6U5EU?t=8673",
                "thumb_url": "https:\/\/i.ytimg.com\/vi\/VdELqr6U5EU\/hqdefault.jpg",
                "thumb_width": 480,
                "thumb_height": 360,
                "video_html": "<iframe width=\"400\" height=\"225\" src=\"https:\/\/www.youtube.com\/embed\/VdELqr6U5EU?start=8673&feature=oembed&start=8673&autoplay=1&iv_load_policy=3\" frameborder=\"0\" allow=\"accelerometer; autoplay; clipboard-write; encrypted-media; gyroscope; picture-in-picture\" allowfullscreen title=\"Exit Points #31: Adrian Russouw, Marc-Alexandre Chan, Owen Kurtz, Nick Fox-Gieg, Michael Palumbo\"><\/iframe>",
                "video_html_width": 400,
                "video_html_height": 225,
                "service_icon": "https:\/\/a.slack-edge.com\/80588\/img\/unfurl_icons\/youtube.png",
                "id": 1,
                "original_url": "https:\/\/youtu.be\/VdELqr6U5EU?t=8673",
                "fallback": "YouTube Video: Exit Points #31: Adrian Russouw, Marc-Alexandre Chan, Owen Kurtz, Nick Fox-Gieg, Michael Palumbo",
                "title": "Exit Points #31: Adrian Russouw, Marc-Alexandre Chan, Owen Kurtz, Nick Fox-Gieg, Michael Palumbo",
                "title_link": "https:\/\/youtu.be\/VdELqr6U5EU?t=8673",
                "author_name": "Michael Palumbo \/\/ thispatcher",
                "author_link": "https:\/\/www.youtube.com\/channel\/UCAw77c5D1eBuQ-2CP5gDidw",
                "service_name": "YouTube",
                "service_url": "https:\/\/www.youtube.com\/"
            }
        ]
    },
    {
        "type": "message",
        "subtype": "channel_join",
        "ts": "1666879703.639019",
        "user": "U041WFL2TV2",
        "text": "<@U041WFL2TV2> has joined the channel"
    }
]