[
    {
        "type": "message",
        "subtype": "channel_join",
        "ts": "1658245258.446819",
        "user": "UJR4DDS12",
        "text": "<@UJR4DDS12> has joined the channel"
    },
    {
        "type": "message",
        "subtype": "thread_broadcast",
        "text": "I was really hoping you would start shredding at some point. Alas.",
        "user": "UJR4DDS12",
        "ts": "1658245385.412069",
        "thread_ts": "1658030306.890589",
        "root": {
            "client_msg_id": "37e5b2ef-2b58-498f-bf89-6d574264f03b",
            "type": "message",
            "text": "<https:\/\/www.youtube.com\/watch?v=t3fv69IWR_8>",
            "user": "U03JTLB9FSS",
            "ts": "1658030306.890589",
            "blocks": [
                {
                    "type": "rich_text",
                    "block_id": "SQ0",
                    "elements": [
                        {
                            "type": "rich_text_section",
                            "elements": [
                                {
                                    "type": "link",
                                    "url": "https:\/\/www.youtube.com\/watch?v=t3fv69IWR_8"
                                }
                            ]
                        }
                    ]
                }
            ],
            "team": "TJPN85XRA",
            "attachments": [
                {
                    "from_url": "https:\/\/www.youtube.com\/watch?v=t3fv69IWR_8",
                    "thumb_url": "https:\/\/i.ytimg.com\/vi\/t3fv69IWR_8\/hqdefault.jpg",
                    "thumb_width": 480,
                    "thumb_height": 360,
                    "video_html": "<iframe width=\"400\" height=\"225\" src=\"https:\/\/www.youtube.com\/embed\/t3fv69IWR_8?feature=oembed&autoplay=1&iv_load_policy=3\" frameborder=\"0\" allow=\"accelerometer; autoplay; clipboard-write; encrypted-media; gyroscope; picture-in-picture\" allowfullscreen title=\"Morse Toad- Linnstrumental Loops 5\"><\/iframe>",
                    "video_html_width": 400,
                    "video_html_height": 225,
                    "service_icon": "https:\/\/a.slack-edge.com\/80588\/img\/unfurl_icons\/youtube.png",
                    "id": 1,
                    "original_url": "https:\/\/www.youtube.com\/watch?v=t3fv69IWR_8",
                    "fallback": "YouTube Video: Morse Toad- Linnstrumental Loops 5",
                    "title": "Morse Toad- Linnstrumental Loops 5",
                    "title_link": "https:\/\/www.youtube.com\/watch?v=t3fv69IWR_8",
                    "author_name": "Brady Boettcher",
                    "author_link": "https:\/\/www.youtube.com\/channel\/UCvS0urHA6yMQ3rmZJuySOFw",
                    "service_name": "YouTube",
                    "service_url": "https:\/\/www.youtube.com\/"
                }
            ],
            "thread_ts": "1658030306.890589",
            "reply_count": 1,
            "reply_users_count": 1,
            "latest_reply": "1658245385.412069",
            "reply_users": [
                "UJR4DDS12"
            ],
            "replies": [
                {
                    "user": "UJR4DDS12",
                    "ts": "1658245385.412069"
                }
            ],
            "is_locked": false,
            "subscribed": false
        },
        "blocks": [
            {
                "type": "rich_text",
                "block_id": "ZmP8Y",
                "elements": [
                    {
                        "type": "rich_text_section",
                        "elements": [
                            {
                                "type": "text",
                                "text": "I was really hoping you would start shredding at some point. Alas."
                            }
                        ]
                    }
                ]
            }
        ],
        "client_msg_id": "e568b0fe-4c0a-46af-acb4-b6e9079d0f0b"
    }
]