[
    {
        "client_msg_id": "9bcfb80f-26fe-4aa7-8a85-7e8be61c4a44",
        "type": "message",
        "text": "End-of-semester _*electronic jam session*_ is happening *tomorrow evening (12\/14) 8pm-10pm in IDMIL demo room*!\nNo experience necessary. Come for some or all of it.\nBring your own gear or use what's in IDMIL.\nSee ya there :sunglasses:",
        "user": "U029MNKJ0DR",
        "ts": "1670955521.266749",
        "blocks": [
            {
                "type": "rich_text",
                "block_id": "0ATO",
                "elements": [
                    {
                        "type": "rich_text_section",
                        "elements": [
                            {
                                "type": "text",
                                "text": "End-of-semester "
                            },
                            {
                                "type": "text",
                                "text": "electronic jam session",
                                "style": {
                                    "bold": true,
                                    "italic": true
                                }
                            },
                            {
                                "type": "text",
                                "text": " is happening "
                            },
                            {
                                "type": "text",
                                "text": "tomorrow evening (12\/14) 8pm-10pm in IDMIL demo room",
                                "style": {
                                    "bold": true
                                }
                            },
                            {
                                "type": "text",
                                "text": "!\nNo experience necessary. Come for some or all of it.\nBring your own gear or use what's in IDMIL.\nSee ya there "
                            },
                            {
                                "type": "emoji",
                                "name": "sunglasses",
                                "unicode": "1f60e"
                            }
                        ]
                    }
                ]
            }
        ],
        "team": "TJPN85XRA",
        "user_team": "TJPN85XRA",
        "source_team": "TJPN85XRA",
        "user_profile": {
            "avatar_hash": "f350669b1e49",
            "image_72": "https:\/\/avatars.slack-edge.com\/2021-07-29\/2324539512645_f350669b1e496193ea11_72.jpg",
            "first_name": "",
            "real_name": "Paul Buser",
            "display_name": "Paul Buser",
            "team": "TJPN85XRA",
            "name": "buser.paul",
            "is_restricted": false,
            "is_ultra_restricted": false
        },
        "reactions": [
            {
                "name": "headbanging_parrot",
                "users": [
                    "UKGLCA1GS",
                    "U029MNKJ0DR",
                    "U01APBW5N2J",
                    "U03JTLB9FSS"
                ],
                "count": 4
            }
        ]
    }
]