[
    {
        "client_msg_id": "80efea7b-b1e7-473d-b1f6-fbc750e87034",
        "type": "message",
        "text": "<https:\/\/www.synthmtl.com\/index-en.html>\n\nmontreal synth society is back in person! next meeting at cafe code noir, on monday march 27th",
        "user": "U01APBW5N2J",
        "ts": "1678718134.876929",
        "blocks": [
            {
                "type": "rich_text",
                "block_id": "=gPz",
                "elements": [
                    {
                        "type": "rich_text_section",
                        "elements": [
                            {
                                "type": "link",
                                "url": "https:\/\/www.synthmtl.com\/index-en.html"
                            },
                            {
                                "type": "text",
                                "text": "\n\nmontreal synth society is back in person! next meeting at cafe code noir, on monday march 27th"
                            }
                        ]
                    }
                ]
            }
        ],
        "team": "TJPN85XRA",
        "user_team": "TJPN85XRA",
        "source_team": "TJPN85XRA",
        "user_profile": {
            "avatar_hash": "fe0a901d9daf",
            "image_72": "https:\/\/avatars.slack-edge.com\/2020-09-17\/1355731656631_fe0a901d9daf26440442_72.png",
            "first_name": "",
            "real_name": "Kasey Pocius",
            "display_name": "Kasey Pocius",
            "team": "TJPN85XRA",
            "name": "kaseypocius",
            "is_restricted": false,
            "is_ultra_restricted": false
        }
    }
]