[
    {
        "client_msg_id": "9a77bc9d-632f-4b56-a9c0-c367227a4347",
        "type": "message",
        "text": "<@U03JWS43U3H> <@U029MNKJ0DR> not sure if this is common knowledge but I'm using this folder for my proposal and thesis, it has the templates and past theses in it",
        "user": "U03JTLB9FSS",
        "ts": "1675526543.806869",
        "blocks": [
            {
                "type": "rich_text",
                "block_id": "A\/Ri",
                "elements": [
                    {
                        "type": "rich_text_section",
                        "elements": [
                            {
                                "type": "user",
                                "user_id": "U03JWS43U3H"
                            },
                            {
                                "type": "text",
                                "text": " "
                            },
                            {
                                "type": "user",
                                "user_id": "U029MNKJ0DR"
                            },
                            {
                                "type": "text",
                                "text": " not sure if this is common knowledge but I'm using this folder for my proposal and thesis, it has the templates and past theses in it"
                            }
                        ]
                    }
                ]
            }
        ],
        "team": "TJPN85XRA",
        "user_team": "TJPN85XRA",
        "source_team": "TJPN85XRA",
        "user_profile": {
            "avatar_hash": "459fb8de8703",
            "image_72": "https:\/\/avatars.slack-edge.com\/2022-07-28\/3867310060339_459fb8de8703bb2678e5_72.jpg",
            "first_name": "Brady",
            "real_name": "Brady Boettcher",
            "display_name": "",
            "team": "TJPN85XRA",
            "name": "brady.boettcher",
            "is_restricted": false,
            "is_ultra_restricted": false
        }
    },
    {
        "client_msg_id": "056ee694-0b62-46e7-ac87-a7c4df42cfab",
        "type": "message",
        "text": "<https:\/\/gitlab.com\/idmil\/theses>",
        "user": "U03JTLB9FSS",
        "ts": "1675526545.512909",
        "blocks": [
            {
                "type": "rich_text",
                "block_id": "56=t",
                "elements": [
                    {
                        "type": "rich_text_section",
                        "elements": [
                            {
                                "type": "link",
                                "url": "https:\/\/gitlab.com\/idmil\/theses"
                            }
                        ]
                    }
                ]
            }
        ],
        "team": "TJPN85XRA",
        "user_team": "TJPN85XRA",
        "source_team": "TJPN85XRA",
        "user_profile": {
            "avatar_hash": "459fb8de8703",
            "image_72": "https:\/\/avatars.slack-edge.com\/2022-07-28\/3867310060339_459fb8de8703bb2678e5_72.jpg",
            "first_name": "Brady",
            "real_name": "Brady Boettcher",
            "display_name": "",
            "team": "TJPN85XRA",
            "name": "brady.boettcher",
            "is_restricted": false,
            "is_ultra_restricted": false
        },
        "reactions": [
            {
                "name": "raised_hands",
                "users": [
                    "U03RKAGLHTP"
                ],
                "count": 1
            }
        ]
    }
]