[
    {
        "client_msg_id": "877c0e14-9ecb-48e7-8863-1ee93567b93a",
        "type": "message",
        "text": "Thesis submitted! :headbanging_parrot::tada::headset_parrot:",
        "user": "U03JTLB9FSS",
        "ts": "1681494487.204819",
        "blocks": [
            {
                "type": "rich_text",
                "block_id": "LH=d",
                "elements": [
                    {
                        "type": "rich_text_section",
                        "elements": [
                            {
                                "type": "text",
                                "text": "Thesis submitted! "
                            },
                            {
                                "type": "emoji",
                                "name": "headbanging_parrot"
                            },
                            {
                                "type": "emoji",
                                "name": "tada",
                                "unicode": "1f389"
                            },
                            {
                                "type": "emoji",
                                "name": "headset_parrot"
                            }
                        ]
                    }
                ]
            }
        ],
        "team": "TJPN85XRA",
        "user_team": "TJPN85XRA",
        "source_team": "TJPN85XRA",
        "user_profile": {
            "avatar_hash": "459fb8de8703",
            "image_72": "https:\/\/avatars.slack-edge.com\/2022-07-28\/3867310060339_459fb8de8703bb2678e5_72.jpg",
            "first_name": "Brady",
            "real_name": "Brady Boettcher",
            "display_name": "",
            "team": "TJPN85XRA",
            "name": "brady.boettcher",
            "is_restricted": false,
            "is_ultra_restricted": false
        },
        "thread_ts": "1681494487.204819",
        "reply_count": 1,
        "reply_users_count": 1,
        "latest_reply": "1681494526.258389",
        "reply_users": [
            "UK4BP4NH2"
        ],
        "replies": [
            {
                "user": "UK4BP4NH2",
                "ts": "1681494526.258389"
            }
        ],
        "is_locked": false,
        "subscribed": false,
        "reactions": [
            {
                "name": "champagne",
                "users": [
                    "U01APBW5N2J",
                    "U03RKAGLHTP"
                ],
                "count": 2
            },
            {
                "name": "fireworks",
                "users": [
                    "U01APBW5N2J"
                ],
                "count": 1
            },
            {
                "name": "headbanging_parrot",
                "users": [
                    "U01APBW5N2J"
                ],
                "count": 1
            },
            {
                "name": "headset_parrot",
                "users": [
                    "U01APBW5N2J",
                    "UKGLCA1GS"
                ],
                "count": 2
            },
            {
                "name": "tada",
                "users": [
                    "U01APBW5N2J"
                ],
                "count": 1
            },
            {
                "name": "raised_hands::skin-tone-2",
                "users": [
                    "UJQ9N9KA9"
                ],
                "count": 1
            }
        ]
    },
    {
        "client_msg_id": "25113658-E7C3-4D2F-8DFF-BE5F516F3322",
        "type": "message",
        "text": "Congrats !",
        "user": "UK4BP4NH2",
        "ts": "1681494526.258389",
        "blocks": [
            {
                "type": "rich_text",
                "block_id": "kta4",
                "elements": [
                    {
                        "type": "rich_text_section",
                        "elements": [
                            {
                                "type": "text",
                                "text": "Congrats !"
                            }
                        ]
                    }
                ]
            }
        ],
        "team": "TJPN85XRA",
        "user_team": "TJPN85XRA",
        "source_team": "TJPN85XRA",
        "user_profile": {
            "avatar_hash": "f8256459a816",
            "image_72": "https:\/\/avatars.slack-edge.com\/2022-06-14\/3669597334018_f8256459a8162b9e2d8e_72.png",
            "first_name": "vincentcusson",
            "real_name": "vincentcusson",
            "display_name": "vincentcusson",
            "team": "TJPN85XRA",
            "name": "cusson.v",
            "is_restricted": false,
            "is_ultra_restricted": false
        },
        "thread_ts": "1681494487.204819",
        "parent_user_id": "U03JTLB9FSS"
    }
]