[
    {
        "client_msg_id": "1b3b3470-0b32-4c45-b28b-94b1accdc86c",
        "type": "message",
        "text": "a lua script (can be run using your tex distro) to check for unused and undefined references! super useful for cleaning up your bib file before correcting each ref's formatting: <https:\/\/github.com\/islandoftex\/checkcites>",
        "user": "U03JTLB9FSS",
        "ts": "1679073829.728119",
        "blocks": [
            {
                "type": "rich_text",
                "block_id": "ulLw",
                "elements": [
                    {
                        "type": "rich_text_section",
                        "elements": [
                            {
                                "type": "text",
                                "text": "a lua script (can be run using your tex distro) to check for unused and undefined references! super useful for cleaning up your bib file before correcting each ref's formatting: "
                            },
                            {
                                "type": "link",
                                "url": "https:\/\/github.com\/islandoftex\/checkcites"
                            }
                        ]
                    }
                ]
            }
        ],
        "team": "TJPN85XRA",
        "user_team": "TJPN85XRA",
        "source_team": "TJPN85XRA",
        "user_profile": {
            "avatar_hash": "459fb8de8703",
            "image_72": "https:\/\/avatars.slack-edge.com\/2022-07-28\/3867310060339_459fb8de8703bb2678e5_72.jpg",
            "first_name": "Brady",
            "real_name": "Brady Boettcher",
            "display_name": "",
            "team": "TJPN85XRA",
            "name": "brady.boettcher",
            "is_restricted": false,
            "is_ultra_restricted": false
        },
        "attachments": [
            {
                "image_url": "https:\/\/opengraph.githubassets.com\/f2bf04711b3a6b7c75403742606512a67468b714573b9b13baa1c9af5f1a1366\/islandoftex\/checkcites",
                "image_width": 1200,
                "image_height": 600,
                "image_bytes": 82320,
                "from_url": "https:\/\/github.com\/islandoftex\/checkcites",
                "service_icon": "https:\/\/a.slack-edge.com\/80588\/img\/unfurl_icons\/github.png",
                "id": 1,
                "original_url": "https:\/\/github.com\/islandoftex\/checkcites",
                "fallback": "GitHub: GitHub - islandoftex\/checkcites: checkcites is a Lua script written for the sole purpose of detecting undefined\/unused references from LaTeX auxiliary or bibliography files.",
                "text": "checkcites is a Lua script written for the sole purpose of detecting undefined\/unused references from LaTeX auxiliary or bibliography files. - GitHub - islandoftex\/checkcites: checkcites is a Lua s...",
                "title": "GitHub - islandoftex\/checkcites: checkcites is a Lua script written for the sole purpose of detecting undefined\/unused references from LaTeX auxiliary or bibliography files.",
                "title_link": "https:\/\/github.com\/islandoftex\/checkcites",
                "service_name": "GitHub"
            }
        ],
        "reactions": [
            {
                "name": "open_mouth",
                "users": [
                    "U01APBW5N2J",
                    "UJQ9N9KA9"
                ],
                "count": 2
            }
        ]
    }
]