[
{
    "id": "CJCQJM8H1",
    "name": "general",
    "created": 1557926969,
    "creator": "UJQ7AKDA9",
    "is_archived": false,
    "is_general": true,
    "members": [
        "UJCU8BAAW",
        "UJQ7AKDA9",
        "UJQ9N9KA9",
        "UJR4DDS12",
        "UJSJMACMC",
        "UJU3WNL2J",
        "UK4BP4NH2",
        "UKE2C2H3M",
        "UKGLCA1GS",
        "UPDB2S11P",
        "U010APZC1EF",
        "U010CSG3LAE",
        "U010FMZRE4A",
        "U010R5CJBNH",
        "U010R67NTQC",
        "U010R75K620",
        "U010RBBBDK7",
        "U010RL30MTJ",
        "U010RL79NHW",
        "U010T8BES9L",
        "U010T8BJF7Y",
        "U010TD4329M",
        "U010VMNKLD6",
        "U0117KV340M",
        "U01APBW5N2J",
        "U01AW3YN7A6",
        "U01B29LEAE8",
        "U01CF20LRAM",
        "U029MNKJ0DR",
        "U03JTLB9FSS",
        "U03JWS43U3H",
        "U03KSGRRF5F",
        "U03M3TQP9J4",
        "U03M9JKPT5X",
        "U03N8B9NV7Z",
        "U03NPGXF7GT",
        "U03NRB57K60",
        "U03RKAGLHTP",
        "U041P8P3P8R",
        "U041WFL2TV2",
        "U04920VRM1S",
        "U04S9FVGL5R",
        "U04TQN6329W"
    ],
    "pins": [
        {
            "id": "1664992204.321429",
            "type": "C",
            "created": 1664992216,
            "user": "UJR4DDS12",
            "owner": "UJR4DDS12"
        },
        {
            "id": "1685458398.414459",
            "type": "C",
            "created": 1685458672,
            "user": "U03JWS43U3H",
            "owner": "U03JWS43U3H"
        }
    ],
    "topic": {
        "value": "Company-wide announcements and work-related matters",
        "creator": "UJQ7AKDA9",
        "last_set": 1557926969
    },
    "purpose": {
        "value": "This channel is for workspace-wide communication and announcements. All members are in this channel.",
        "creator": "UJQ7AKDA9",
        "last_set": 1557926969
    }
},
{
    "id": "CJCQJMBGB",
    "name": "random",
    "created": 1557926969,
    "creator": "UJQ7AKDA9",
    "is_archived": false,
    "is_general": false,
    "members": [
        "UJCU8BAAW",
        "UJQ7AKDA9",
        "UJQ9N9KA9",
        "UJR4DDS12",
        "UJSJMACMC",
        "UJU3WNL2J",
        "UK4BP4NH2",
        "UKE2C2H3M",
        "UKGLCA1GS",
        "UPDB2S11P",
        "U010APZC1EF",
        "U010CSG3LAE",
        "U010FMZRE4A",
        "U010R5CJBNH",
        "U010R67NTQC",
        "U010R75K620",
        "U010RBBBDK7",
        "U010RL30MTJ",
        "U010RL79NHW",
        "U010T8BES9L",
        "U010T8BJF7Y",
        "U010TD4329M",
        "U010VMNKLD6",
        "U0117KV340M",
        "U01APBW5N2J",
        "U01AW3YN7A6",
        "U01B29LEAE8",
        "U01CF20LRAM",
        "U029MNKJ0DR",
        "U03JTLB9FSS",
        "U03JWS43U3H",
        "U03KSGRRF5F",
        "U03M3TQP9J4",
        "U03M9JKPT5X",
        "U03N8B9NV7Z",
        "U03NPGXF7GT",
        "U03NRB57K60",
        "U03RKAGLHTP",
        "U041P8P3P8R",
        "U041WFL2TV2",
        "U04920VRM1S",
        "U04S9FVGL5R",
        "U04TQN6329W"
    ],
    "topic": {
        "value": "Non-work banter and water cooler conversation",
        "creator": "UJQ7AKDA9",
        "last_set": 1557926969
    },
    "purpose": {
        "value": "A place for non-work-related patter, chit-chat, gibber and blather you’d prefer to keep out of more focused work-related channels.",
        "creator": "UJQ7AKDA9",
        "last_set": 1557926969
    }
},
{
    "id": "CJD9M8UNN",
    "name": "test",
    "created": 1557948569,
    "creator": "UJSJMACMC",
    "is_archived": false,
    "is_general": false,
    "members": [
        "UJCU8BAAW",
        "UJSJMACMC",
        "U010RL79NHW",
        "U010T8BJF7Y",
        "U01APBW5N2J"
    ],
    "topic": {
        "value": "",
        "creator": "",
        "last_set": 0
    },
    "purpose": {
        "value": "testing API",
        "creator": "UJSJMACMC",
        "last_set": 1557948569
    }
},
{
    "id": "CJDAPHPC3",
    "name": "fabrication",
    "created": 1557951820,
    "creator": "UJQ9N9KA9",
    "is_archived": false,
    "is_general": false,
    "members": [
        "UJCU8BAAW",
        "UJQ7AKDA9",
        "UJQ9N9KA9",
        "UJR4DDS12",
        "UJSJMACMC",
        "UK4BP4NH2",
        "UKGLCA1GS",
        "U010RL79NHW",
        "U010T8BJF7Y",
        "U010TD4329M",
        "U01APBW5N2J",
        "U03JTLB9FSS",
        "U03N8B9NV7Z",
        "U03NRB57K60",
        "U03RKAGLHTP"
    ],
    "topic": {
        "value": "",
        "creator": "",
        "last_set": 0
    },
    "purpose": {
        "value": "3d printing and laser cuting",
        "creator": "UJQ9N9KA9",
        "last_set": 1557951820
    }
},
{
    "id": "CJU4N1538",
    "name": "t-stick",
    "created": 1558034618,
    "creator": "UJSJMACMC",
    "is_archived": false,
    "is_general": false,
    "members": [
        "UJCU8BAAW",
        "UJR4DDS12",
        "UJSJMACMC",
        "UK4BP4NH2",
        "UKGLCA1GS",
        "U010FMZRE4A",
        "U010RBBBDK7",
        "U010RL79NHW",
        "U010T8BJF7Y",
        "U010TD4329M",
        "U010VMNKLD6",
        "U01APBW5N2J",
        "U01B29LEAE8",
        "U029MNKJ0DR",
        "U03JTLB9FSS",
        "U03JWS43U3H",
        "U03N8B9NV7Z",
        "U03NPGXF7GT",
        "U03RKAGLHTP",
        "U04920VRM1S",
        "U04S9FVGL5R"
    ],
    "topic": {
        "value": "",
        "creator": "",
        "last_set": 0
    },
    "purpose": {
        "value": "t-stick related",
        "creator": "UJSJMACMC",
        "last_set": 1558034618
    }
},
{
    "id": "C0135LU1MMM",
    "name": "mastertheses",
    "created": 1589401240,
    "creator": "UJU3WNL2J",
    "is_archived": false,
    "is_general": false,
    "members": [
        "UJCU8BAAW",
        "UJQ9N9KA9",
        "UJU3WNL2J",
        "UK4BP4NH2",
        "UKGLCA1GS",
        "UPDB2S11P",
        "U010APZC1EF",
        "U01APBW5N2J",
        "U03JTLB9FSS",
        "U03N8B9NV7Z",
        "U03RKAGLHTP"
    ],
    "topic": {
        "value": "",
        "creator": "",
        "last_set": 0
    },
    "purpose": {
        "value": "Master Theses Group",
        "creator": "UJU3WNL2J",
        "last_set": 1589401241
    }
},
{
    "id": "C013X5256UT",
    "name": "chordofs",
    "created": 1589896666,
    "creator": "UJQ9N9KA9",
    "is_archived": false,
    "is_general": false,
    "members": [
        "UJCU8BAAW",
        "UJQ9N9KA9",
        "U010RBBBDK7",
        "U01APBW5N2J"
    ],
    "topic": {
        "value": "",
        "creator": "",
        "last_set": 0
    },
    "purpose": {
        "value": "",
        "creator": "",
        "last_set": 0
    }
},
{
    "id": "C03JZ9S8SAK",
    "name": "project-ideas",
    "created": 1655131276,
    "creator": "U03JTLB9FSS",
    "is_archived": false,
    "is_general": false,
    "members": [
        "UJR4DDS12",
        "UK4BP4NH2",
        "UKGLCA1GS",
        "U01APBW5N2J",
        "U029MNKJ0DR",
        "U03JTLB9FSS",
        "U03JWS43U3H",
        "U03KSGRRF5F",
        "U03M3TQP9J4",
        "U03N8B9NV7Z",
        "U03NRB57K60",
        "U03RKAGLHTP"
    ],
    "topic": {
        "value": "",
        "creator": "",
        "last_set": 0
    },
    "purpose": {
        "value": "Any and every project idea that may spark interest or collaborations",
        "creator": "U03JTLB9FSS",
        "last_set": 1655131277
    }
},
{
    "id": "C03K35NQCRJ",
    "name": "project-updates",
    "created": 1654796073,
    "creator": "U03JTLB9FSS",
    "is_archived": false,
    "is_general": false,
    "members": [
        "UJQ7AKDA9",
        "UJR4DDS12",
        "UK4BP4NH2",
        "UKGLCA1GS",
        "U01APBW5N2J",
        "U029MNKJ0DR",
        "U03JTLB9FSS",
        "U03JWS43U3H",
        "U03KSGRRF5F",
        "U03N8B9NV7Z",
        "U03NRB57K60",
        "U03RKAGLHTP"
    ],
    "topic": {
        "value": "",
        "creator": "",
        "last_set": 0
    },
    "purpose": {
        "value": "A place to post updates about any IDMIL-related projects you're currently working on",
        "creator": "U03JTLB9FSS",
        "last_set": 1654796161
    }
},
{
    "id": "C03KJ0HFMMK",
    "name": "meetings-and-presentations",
    "created": 1655223259,
    "creator": "U03JTLB9FSS",
    "is_archived": false,
    "is_general": false,
    "members": [
        "UJQ9N9KA9",
        "UJR4DDS12",
        "UK4BP4NH2",
        "UKGLCA1GS",
        "U010TD4329M",
        "U01APBW5N2J",
        "U029MNKJ0DR",
        "U03JTLB9FSS",
        "U03JWS43U3H",
        "U03KSGRRF5F",
        "U03N8B9NV7Z",
        "U03NRB57K60",
        "U03RKAGLHTP",
        "U04S9FVGL5R",
        "U04TQN6329W"
    ],
    "topic": {
        "value": "",
        "creator": "",
        "last_set": 0
    },
    "purpose": {
        "value": "Comments and links from IDMIL meetings and presentations",
        "creator": "U03JTLB9FSS",
        "last_set": 1655223260
    }
},
{
    "id": "C03LFTHFVNC",
    "name": "libmapper",
    "created": 1655299382,
    "creator": "U03JTLB9FSS",
    "is_archived": false,
    "is_general": false,
    "members": [
        "UJCU8BAAW",
        "UJR4DDS12",
        "UJSJMACMC",
        "UJU3WNL2J",
        "UKGLCA1GS",
        "U010TD4329M",
        "U01APBW5N2J",
        "U029MNKJ0DR",
        "U03JTLB9FSS",
        "U03JWS43U3H",
        "U03KSGRRF5F",
        "U03N8B9NV7Z",
        "U03NRB57K60",
        "U03RKAGLHTP",
        "U04920VRM1S"
    ],
    "topic": {
        "value": "",
        "creator": "",
        "last_set": 0
    },
    "purpose": {
        "value": "The one and only.",
        "creator": "U03JTLB9FSS",
        "last_set": 1655299382
    }
},
{
    "id": "C03LMUUMA8Z",
    "name": "nime2022",
    "created": 1655644541,
    "creator": "UK4BP4NH2",
    "is_archived": true,
    "is_general": false,
    "members": [],
    "topic": {
        "value": "",
        "creator": "",
        "last_set": 0
    },
    "purpose": {
        "value": "",
        "creator": "",
        "last_set": 0
    }
},
{
    "id": "C03M18TQSMV",
    "name": "website",
    "created": 1656419886,
    "creator": "UJQ7AKDA9",
    "is_archived": false,
    "is_general": false,
    "members": [
        "UJCU8BAAW",
        "UJQ7AKDA9",
        "UJR4DDS12",
        "UK4BP4NH2",
        "UKGLCA1GS",
        "U01APBW5N2J",
        "U029MNKJ0DR",
        "U03NRB57K60",
        "U03RKAGLHTP",
        "U041WFL2TV2"
    ],
    "topic": {
        "value": "",
        "creator": "",
        "last_set": 0
    },
    "purpose": {
        "value": "A channel to discuss everything about the <http:\/\/IDMIL.org|IDMIL.org> website",
        "creator": "UJQ7AKDA9",
        "last_set": 1656419886
    }
},
{
    "id": "C03NKAFGCF7",
    "name": "torquetuner",
    "created": 1657195621,
    "creator": "UK4BP4NH2",
    "is_archived": false,
    "is_general": false,
    "members": [
        "UK4BP4NH2",
        "UKGLCA1GS",
        "U01APBW5N2J",
        "U029MNKJ0DR",
        "U03JTLB9FSS",
        "U03JWS43U3H",
        "U03RKAGLHTP"
    ],
    "topic": {
        "value": "",
        "creator": "",
        "last_set": 0
    },
    "purpose": {
        "value": "",
        "creator": "",
        "last_set": 0
    }
},
{
    "id": "C03PF9607NZ",
    "name": "beverages",
    "created": 1657811592,
    "creator": "U03JTLB9FSS",
    "is_archived": false,
    "is_general": false,
    "members": [
        "UJR4DDS12",
        "UK4BP4NH2",
        "UKGLCA1GS",
        "U01APBW5N2J",
        "U029MNKJ0DR",
        "U03JTLB9FSS",
        "U03JWS43U3H",
        "U03KSGRRF5F",
        "U03N8B9NV7Z",
        "U03NRB57K60",
        "U03RKAGLHTP"
    ],
    "topic": {
        "value": "",
        "creator": "",
        "last_set": 0
    },
    "purpose": {
        "value": "for coffee, tea and other beverage chats",
        "creator": "U03JTLB9FSS",
        "last_set": 1657811592
    }
},
{
    "id": "C03PJ6CV326",
    "name": "jams",
    "created": 1657811521,
    "creator": "U03JTLB9FSS",
    "is_archived": false,
    "is_general": false,
    "members": [
        "UJR4DDS12",
        "UK4BP4NH2",
        "UKGLCA1GS",
        "U01APBW5N2J",
        "U029MNKJ0DR",
        "U03JTLB9FSS",
        "U03JWS43U3H",
        "U03KSGRRF5F",
        "U03M9JKPT5X",
        "U03N8B9NV7Z",
        "U03RKAGLHTP",
        "U041WFL2TV2"
    ],
    "topic": {
        "value": "",
        "creator": "",
        "last_set": 0
    },
    "purpose": {
        "value": "jam sesh organization and file sharing",
        "creator": "U03JTLB9FSS",
        "last_set": 1657811521
    }
},
{
    "id": "C0408KKTRMK",
    "name": "haptics",
    "created": 1661874417,
    "creator": "U03JTLB9FSS",
    "is_archived": false,
    "is_general": false,
    "members": [
        "UJQ9N9KA9",
        "UJR4DDS12",
        "UK4BP4NH2",
        "UKGLCA1GS",
        "U01APBW5N2J",
        "U03JTLB9FSS",
        "U03JWS43U3H",
        "U03KSGRRF5F",
        "U03M9JKPT5X",
        "U03NRB57K60",
        "U03RKAGLHTP"
    ],
    "topic": {
        "value": "",
        "creator": "",
        "last_set": 0
    },
    "purpose": {
        "value": "chats about haptic projects like the torquetuner",
        "creator": "U03JTLB9FSS",
        "last_set": 1661874418
    }
},
{
    "id": "C040BQTUDU2",
    "name": "info-papers",
    "created": 1661876177,
    "creator": "U03NRB57K60",
    "is_archived": false,
    "is_general": false,
    "members": [
        "UJR4DDS12",
        "UK4BP4NH2",
        "UKGLCA1GS",
        "U010RL30MTJ",
        "U01APBW5N2J",
        "U03JTLB9FSS",
        "U03KSGRRF5F",
        "U03NRB57K60",
        "U03RKAGLHTP",
        "U041P8P3P8R",
        "U041WFL2TV2",
        "U04TQN6329W"
    ],
    "topic": {
        "value": "",
        "creator": "",
        "last_set": 0
    },
    "purpose": {
        "value": "Share interesting\/relevant papers for everyone!!!:blush:",
        "creator": "U03NRB57K60",
        "last_set": 1683033764
    }
},
{
    "id": "C0411987RT2",
    "name": "sensor-fusion",
    "created": 1661874250,
    "creator": "U010TD4329M",
    "is_archived": false,
    "is_general": false,
    "members": [
        "UJCU8BAAW",
        "UJR4DDS12",
        "UKGLCA1GS",
        "U010FMZRE4A",
        "U010TD4329M",
        "U01APBW5N2J",
        "U029MNKJ0DR",
        "U03JTLB9FSS",
        "U03JWS43U3H",
        "U03N8B9NV7Z",
        "U03RKAGLHTP"
    ],
    "topic": {
        "value": "",
        "creator": "",
        "last_set": 0
    },
    "purpose": {
        "value": "",
        "creator": "",
        "last_set": 0
    }
},
{
    "id": "C04183A7YUA",
    "name": "spatialization",
    "created": 1662476957,
    "creator": "U01APBW5N2J",
    "is_archived": false,
    "is_general": false,
    "members": [
        "UKGLCA1GS",
        "U01APBW5N2J",
        "U029MNKJ0DR",
        "U03N8B9NV7Z",
        "U03RKAGLHTP",
        "U041P8P3P8R",
        "U041WFL2TV2"
    ],
    "topic": {
        "value": "",
        "creator": "",
        "last_set": 0
    },
    "purpose": {
        "value": "",
        "creator": "",
        "last_set": 0
    }
},
{
    "id": "C041NPUBABW",
    "name": "midi",
    "created": 1662648247,
    "creator": "U010TD4329M",
    "is_archived": false,
    "is_general": false,
    "members": [
        "UJR4DDS12",
        "UKGLCA1GS",
        "U010TD4329M",
        "U029MNKJ0DR"
    ],
    "topic": {
        "value": "",
        "creator": "",
        "last_set": 0
    },
    "purpose": {
        "value": "",
        "creator": "",
        "last_set": 0
    }
},
{
    "id": "C042YCG5L56",
    "name": "digitalaudioworkbench",
    "created": 1663100230,
    "creator": "UKGLCA1GS",
    "is_archived": false,
    "is_general": false,
    "members": [
        "UJCU8BAAW",
        "UJQ9N9KA9",
        "UJR4DDS12",
        "UKGLCA1GS",
        "UPDB2S11P",
        "U010TD4329M",
        "U03RKAGLHTP"
    ],
    "topic": {
        "value": "",
        "creator": "",
        "last_set": 0
    },
    "purpose": {
        "value": "Improvements &amp; new developments for IDMIL’s DAWb",
        "creator": "UKGLCA1GS",
        "last_set": 1663100230
    }
},
{
    "id": "C044PE78E91",
    "name": "etube",
    "created": 1664566646,
    "creator": "U041WFL2TV2",
    "is_archived": false,
    "is_general": false,
    "members": [
        "UJCU8BAAW",
        "UK4BP4NH2",
        "UKGLCA1GS",
        "U01APBW5N2J",
        "U03KSGRRF5F",
        "U03RKAGLHTP",
        "U041P8P3P8R",
        "U041WFL2TV2"
    ],
    "topic": {
        "value": "",
        "creator": "",
        "last_set": 0
    },
    "purpose": {
        "value": "Updates, info, and media for the eTube and eTu{d,b}e projects",
        "creator": "U041WFL2TV2",
        "last_set": 1664566647
    }
},
{
    "id": "C04561FQHNV",
    "name": "torquetunerhackathon2022",
    "created": 1664758119,
    "creator": "U03JWS43U3H",
    "is_archived": true,
    "is_general": false,
    "members": [],
    "pins": [
        {
            "id": "1664758267.070389",
            "type": "C",
            "created": 1664758279,
            "user": "U03JWS43U3H",
            "owner": "U03JWS43U3H"
        }
    ],
    "topic": {
        "value": "Torquetuner Hackathon",
        "creator": "UK4BP4NH2",
        "last_set": 1664979653
    },
    "purpose": {
        "value": "Channel for Torquetuner Hackathon",
        "creator": "U03JWS43U3H",
        "last_set": 1664758233
    }
},
{
    "id": "C048V8DSP35",
    "name": "mpu",
    "created": 1667241124,
    "creator": "UJCU8BAAW",
    "is_archived": false,
    "is_general": false,
    "members": [
        "UJCU8BAAW",
        "U010FMZRE4A",
        "U010TD4329M",
        "U01APBW5N2J",
        "U029MNKJ0DR",
        "U03JTLB9FSS",
        "U03JWS43U3H",
        "U03NPGXF7GT"
    ],
    "topic": {
        "value": "",
        "creator": "",
        "last_set": 0
    },
    "purpose": {
        "value": "",
        "creator": "",
        "last_set": 0
    }
},
{
    "id": "C04BE1A5LRX",
    "name": "uwb-hackathon-2022",
    "created": 1668531026,
    "creator": "UJR4DDS12",
    "is_archived": false,
    "is_general": false,
    "members": [
        "UJR4DDS12",
        "UKGLCA1GS",
        "U01APBW5N2J",
        "U029MNKJ0DR",
        "U03JWS43U3H",
        "U03RKAGLHTP"
    ],
    "pins": [
        {
            "id": "1668531100.811629",
            "type": "C",
            "created": 1668531105,
            "user": "UJR4DDS12",
            "owner": "UJR4DDS12"
        }
    ],
    "topic": {
        "value": "",
        "creator": "",
        "last_set": 0
    },
    "purpose": {
        "value": "",
        "creator": "",
        "last_set": 0
    }
},
{
    "id": "C04KXAE1RJT",
    "name": "nime2023",
    "created": 1674586297,
    "creator": "U029MNKJ0DR",
    "is_archived": false,
    "is_general": false,
    "members": [
        "UJCU8BAAW",
        "UJQ9N9KA9",
        "UK4BP4NH2",
        "UKGLCA1GS",
        "U010FMZRE4A",
        "U010RL30MTJ",
        "U010TD4329M",
        "U0117KV340M",
        "U01APBW5N2J",
        "U01B29LEAE8",
        "U029MNKJ0DR",
        "U03JTLB9FSS",
        "U03JWS43U3H",
        "U03KSGRRF5F",
        "U03M3TQP9J4",
        "U03N8B9NV7Z",
        "U03NRB57K60",
        "U03RKAGLHTP",
        "U041WFL2TV2",
        "U04S9FVGL5R"
    ],
    "pins": [
        {
            "id": "1674935325.300539",
            "type": "C",
            "created": 1674935346,
            "user": "U029MNKJ0DR",
            "owner": "U029MNKJ0DR"
        },
        {
            "id": "1674935399.052299",
            "type": "C",
            "created": 1674935447,
            "user": "U029MNKJ0DR",
            "owner": "U029MNKJ0DR"
        },
        {
            "id": "1685555737.251069",
            "type": "C",
            "created": 1685555808,
            "user": "U01APBW5N2J",
            "owner": "U01APBW5N2J"
        }
    ],
    "topic": {
        "value": "",
        "creator": "",
        "last_set": 0
    },
    "purpose": {
        "value": "",
        "creator": "",
        "last_set": 0
    }
},
{
    "id": "C04QYR0TTFB",
    "name": "gitlab-migration",
    "created": 1676995967,
    "creator": "U01APBW5N2J",
    "is_archived": false,
    "is_general": false,
    "members": [
        "UKGLCA1GS",
        "U01APBW5N2J",
        "U029MNKJ0DR",
        "U03JWS43U3H",
        "U03RKAGLHTP"
    ],
    "topic": {
        "value": "",
        "creator": "",
        "last_set": 0
    },
    "purpose": {
        "value": "moving what we need from gitlab to github",
        "creator": "U01APBW5N2J",
        "last_set": 1676995967
    }
},
{
    "id": "C04RSPN54QL",
    "name": "git",
    "created": 1677614345,
    "creator": "UJQ9N9KA9",
    "is_archived": false,
    "is_general": false,
    "members": [
        "UJCU8BAAW",
        "UJQ9N9KA9",
        "UJR4DDS12",
        "UKGLCA1GS",
        "U010TD4329M",
        "U01APBW5N2J",
        "U029MNKJ0DR",
        "U03JWS43U3H",
        "U03KSGRRF5F"
    ],
    "topic": {
        "value": "",
        "creator": "",
        "last_set": 0
    },
    "purpose": {
        "value": "git github gitlab gitea\nChannel to request git access, and other admin related things with git",
        "creator": "U03JWS43U3H",
        "last_set": 1677694606
    }
},
{
    "id": "C05GL61TNCU",
    "name": "sensorwiki-migration",
    "created": 1689091968,
    "creator": "U03JWS43U3H",
    "is_archived": false,
    "is_general": false,
    "members": [
        "UKGLCA1GS",
        "U010TD4329M",
        "U01APBW5N2J",
        "U03JWS43U3H",
        "U03RKAGLHTP"
    ],
    "topic": {
        "value": "",
        "creator": "",
        "last_set": 0
    },
    "purpose": {
        "value": "",
        "creator": "",
        "last_set": 0
    }
}
]