[
    {
        "type": "message",
        "text": "First version of the Flex PCBs have arrived, this was ordered before I noticed that the current location of the connector and stiffener wasn't going to work, but will test them and replace some touch arrays on the sopraninos if they work",
        "files": [
            {
                "id": "F05LXN7RFHA",
                "created": 1691508772,
                "timestamp": 1691508772,
                "name": "20230808_113121.jpg",
                "title": "20230808_113121.jpg",
                "mimetype": "image\/jpeg",
                "filetype": "jpg",
                "pretty_type": "JPEG",
                "user": "U03JWS43U3H",
                "user_team": "TJPN85XRA",
                "editable": false,
                "size": 480515,
                "mode": "hosted",
                "is_external": false,
                "external_type": "",
                "is_public": true,
                "public_url_shared": false,
                "display_as_bot": false,
                "username": "",
                "url_private": "https:\/\/files.slack.com\/files-pri\/TJPN85XRA-F05LXN7RFHA\/20230808_113121.jpg?t=xoxe-635756201860-5811340279026-5796802002375-9213508a3164fd319a6249bc81596b76",
                "url_private_download": "https:\/\/files.slack.com\/files-pri\/TJPN85XRA-F05LXN7RFHA\/download\/20230808_113121.jpg?t=xoxe-635756201860-5811340279026-5796802002375-9213508a3164fd319a6249bc81596b76",
                "media_display_type": "unknown",
                "thumb_64": "https:\/\/files.slack.com\/files-tmb\/TJPN85XRA-F05LXN7RFHA-a0a89ff187\/20230808_113121_64.jpg?t=xoxe-635756201860-5811340279026-5796802002375-9213508a3164fd319a6249bc81596b76",
                "thumb_80": "https:\/\/files.slack.com\/files-tmb\/TJPN85XRA-F05LXN7RFHA-a0a89ff187\/20230808_113121_80.jpg?t=xoxe-635756201860-5811340279026-5796802002375-9213508a3164fd319a6249bc81596b76",
                "thumb_360": "https:\/\/files.slack.com\/files-tmb\/TJPN85XRA-F05LXN7RFHA-a0a89ff187\/20230808_113121_360.jpg?t=xoxe-635756201860-5811340279026-5796802002375-9213508a3164fd319a6249bc81596b76",
                "thumb_360_w": 170,
                "thumb_360_h": 360,
                "thumb_480": "https:\/\/files.slack.com\/files-tmb\/TJPN85XRA-F05LXN7RFHA-a0a89ff187\/20230808_113121_480.jpg?t=xoxe-635756201860-5811340279026-5796802002375-9213508a3164fd319a6249bc81596b76",
                "thumb_480_w": 227,
                "thumb_480_h": 480,
                "thumb_160": "https:\/\/files.slack.com\/files-tmb\/TJPN85XRA-F05LXN7RFHA-a0a89ff187\/20230808_113121_160.jpg?t=xoxe-635756201860-5811340279026-5796802002375-9213508a3164fd319a6249bc81596b76",
                "thumb_720": "https:\/\/files.slack.com\/files-tmb\/TJPN85XRA-F05LXN7RFHA-a0a89ff187\/20230808_113121_720.jpg?t=xoxe-635756201860-5811340279026-5796802002375-9213508a3164fd319a6249bc81596b76",
                "thumb_720_w": 341,
                "thumb_720_h": 720,
                "thumb_800": "https:\/\/files.slack.com\/files-tmb\/TJPN85XRA-F05LXN7RFHA-a0a89ff187\/20230808_113121_800.jpg?t=xoxe-635756201860-5811340279026-5796802002375-9213508a3164fd319a6249bc81596b76",
                "thumb_800_w": 800,
                "thumb_800_h": 1691,
                "thumb_960": "https:\/\/files.slack.com\/files-tmb\/TJPN85XRA-F05LXN7RFHA-a0a89ff187\/20230808_113121_960.jpg?t=xoxe-635756201860-5811340279026-5796802002375-9213508a3164fd319a6249bc81596b76",
                "thumb_960_w": 454,
                "thumb_960_h": 960,
                "thumb_1024": "https:\/\/files.slack.com\/files-tmb\/TJPN85XRA-F05LXN7RFHA-a0a89ff187\/20230808_113121_1024.jpg?t=xoxe-635756201860-5811340279026-5796802002375-9213508a3164fd319a6249bc81596b76",
                "thumb_1024_w": 485,
                "thumb_1024_h": 1024,
                "original_w": 1908,
                "original_h": 4032,
                "thumb_tiny": "AwAwABaEUuDu68U0jOz\/AHhR5hxnA6Z\/WpKJKSnGkoASNN+B0xzQ8BXjPqP61Lbjn8KdL1\/Gpk7FJEeKMU4UuKokWE4z9KbK3zH60wk44pvzE9DUS1ZSJVNLmmDIHNLmrJP\/2Q==",
                "permalink": "https:\/\/idmil.slack.com\/files\/U03JWS43U3H\/F05LXN7RFHA\/20230808_113121.jpg",
                "permalink_public": "https:\/\/slack-files.com\/TJPN85XRA-F05LXN7RFHA-4b4866aff5",
                "is_starred": false,
                "has_rich_preview": false,
                "file_access": "visible"
            }
        ],
        "upload": false,
        "user": "U03JWS43U3H",
        "display_as_bot": false,
        "ts": "1691508988.314989",
        "blocks": [
            {
                "type": "rich_text",
                "block_id": "nxU",
                "elements": [
                    {
                        "type": "rich_text_section",
                        "elements": [
                            {
                                "type": "text",
                                "text": "First version of the Flex PCBs have arrived, this was ordered before I noticed that the current location of the connector and stiffener wasn't going to work, but will test them and replace some touch arrays on the sopraninos if they work"
                            }
                        ]
                    }
                ]
            }
        ],
        "client_msg_id": "a56f0168-a8ad-4f45-9b8f-94055f0dea54",
        "thread_ts": "1691508988.314989",
        "reply_count": 6,
        "reply_users_count": 3,
        "latest_reply": "1692126987.437649",
        "reply_users": [
            "U03JWS43U3H",
            "UK4BP4NH2",
            "U010TD4329M"
        ],
        "replies": [
            {
                "user": "U03JWS43U3H",
                "ts": "1691509073.053349"
            },
            {
                "user": "UK4BP4NH2",
                "ts": "1691509287.970469"
            },
            {
                "user": "U010TD4329M",
                "ts": "1691847643.567689"
            },
            {
                "user": "U03JWS43U3H",
                "ts": "1692123045.813079"
            },
            {
                "user": "U03JWS43U3H",
                "ts": "1692126570.932789"
            },
            {
                "user": "U03JWS43U3H",
                "ts": "1692126987.437649"
            }
        ],
        "is_locked": false,
        "subscribed": false,
        "reactions": [
            {
                "name": "eyes",
                "users": [
                    "UJCU8BAAW",
                    "UK4BP4NH2",
                    "U03JTLB9FSS"
                ],
                "count": 3
            }
        ]
    },
    {
        "client_msg_id": "41a2fd5f-73cd-4774-872b-98c75947df9f",
        "type": "message",
        "text": "For those who want to know about cost, we technically ordered 3 (don't know why we got a fourth) for 105 USD from PCBWay, duties and shipping brought it up to 175USD so roughly 60USD per sopranino",
        "user": "U03JWS43U3H",
        "ts": "1691509073.053349",
        "blocks": [
            {
                "type": "rich_text",
                "block_id": "8hV",
                "elements": [
                    {
                        "type": "rich_text_section",
                        "elements": [
                            {
                                "type": "text",
                                "text": "For those who want to know about cost, we technically ordered 3 (don't know why we got a fourth) for 105 USD from PCBWay, duties and shipping brought it up to 175USD so roughly 60USD per sopranino"
                            }
                        ]
                    }
                ]
            }
        ],
        "team": "TJPN85XRA",
        "user_team": "TJPN85XRA",
        "source_team": "TJPN85XRA",
        "user_profile": {
            "avatar_hash": "g9dd84ade99b",
            "image_72": "https:\/\/secure.gravatar.com\/avatar\/9dd84ade99bb030e9269d9f654d3b81f.jpg?s=72&d=https%3A%2F%2Fa.slack-edge.com%2Fdf10d%2Fimg%2Favatars%2Fava_0006-72.png",
            "first_name": "Albert-Ngabo",
            "real_name": "Albert-Ngabo Niyonsenga",
            "display_name": "Albert-Ngabo Niyonsenga",
            "team": "TJPN85XRA",
            "name": "albert-ngabo.niyonsen",
            "is_restricted": false,
            "is_ultra_restricted": false
        },
        "thread_ts": "1691508988.314989",
        "parent_user_id": "U03JWS43U3H",
        "reactions": [
            {
                "name": "+1",
                "users": [
                    "UK4BP4NH2"
                ],
                "count": 1
            }
        ]
    },
    {
        "client_msg_id": "AB1EA03E-D404-4AD3-A92F-C24505C654C1",
        "type": "message",
        "text": "Very cool !",
        "user": "UK4BP4NH2",
        "ts": "1691509287.970469",
        "blocks": [
            {
                "type": "rich_text",
                "block_id": "1h1I",
                "elements": [
                    {
                        "type": "rich_text_section",
                        "elements": [
                            {
                                "type": "text",
                                "text": "Very cool !"
                            }
                        ]
                    }
                ]
            }
        ],
        "team": "TJPN85XRA",
        "user_team": "TJPN85XRA",
        "source_team": "TJPN85XRA",
        "user_profile": {
            "avatar_hash": "f8256459a816",
            "image_72": "https:\/\/avatars.slack-edge.com\/2022-06-14\/3669597334018_f8256459a8162b9e2d8e_72.png",
            "first_name": "vincentcusson",
            "real_name": "vincentcusson",
            "display_name": "vincentcusson",
            "team": "TJPN85XRA",
            "name": "cusson.v",
            "is_restricted": false,
            "is_ultra_restricted": false
        },
        "thread_ts": "1691508988.314989",
        "parent_user_id": "U03JWS43U3H"
    },
    {
        "client_msg_id": "cb3090af-4fd6-4a19-80be-366e55f4d30a",
        "type": "message",
        "text": "I just did some more testing and it seems that Serial.print() was messing up timing in a big way. After removing all debug statements jitter was down to ~1ms.",
        "user": "U010TD4329M",
        "ts": "1691514833.069029",
        "blocks": [
            {
                "type": "rich_text",
                "block_id": "hJO",
                "elements": [
                    {
                        "type": "rich_text_section",
                        "elements": [
                            {
                                "type": "text",
                                "text": "I just did some more testing and it seems that Serial.print() was messing up timing in a big way. After removing all debug statements jitter was down to ~1ms."
                            }
                        ]
                    }
                ]
            }
        ],
        "team": "TJPN85XRA",
        "user_team": "TJPN85XRA",
        "source_team": "TJPN85XRA",
        "user_profile": {
            "avatar_hash": "g76664e246bb",
            "image_72": "https:\/\/secure.gravatar.com\/avatar\/76664e246bb99704f2fe508d673b1124.jpg?s=72&d=https%3A%2F%2Fa.slack-edge.com%2Fdf10d%2Fimg%2Favatars%2Fava_0026-72.png",
            "first_name": "",
            "real_name": "Joe Malloch",
            "display_name": "Joe Malloch",
            "team": "TJPN85XRA",
            "name": "jmalloch",
            "is_restricted": false,
            "is_ultra_restricted": false
        },
        "thread_ts": "1690422214.987199",
        "parent_user_id": "U010TD4329M"
    },
    {
        "client_msg_id": "e50975e2-c296-4701-a3f0-4b4dda855783",
        "type": "message",
        "text": "Cool <@U010TD4329M>. Those results are for the same conditions as <@U03JWS43U3H>'s first tests (internal UDP messaging)?",
        "user": "UJCU8BAAW",
        "ts": "1691514962.151849",
        "blocks": [
            {
                "type": "rich_text",
                "block_id": "iVh4",
                "elements": [
                    {
                        "type": "rich_text_section",
                        "elements": [
                            {
                                "type": "text",
                                "text": "Cool "
                            },
                            {
                                "type": "user",
                                "user_id": "U010TD4329M"
                            },
                            {
                                "type": "text",
                                "text": ". Those results are for the same conditions as "
                            },
                            {
                                "type": "user",
                                "user_id": "U03JWS43U3H"
                            },
                            {
                                "type": "text",
                                "text": "'s first tests (internal UDP messaging)?"
                            }
                        ]
                    }
                ]
            }
        ],
        "team": "TJPN85XRA",
        "user_team": "TJPN85XRA",
        "source_team": "TJPN85XRA",
        "user_profile": {
            "avatar_hash": "d49c462f5537",
            "image_72": "https:\/\/avatars.slack-edge.com\/2021-06-14\/2154581376263_d49c462f5537edde8dbb_72.jpg",
            "first_name": "Edu",
            "real_name": "Edu Meneses",
            "display_name": "Edu Meneses",
            "team": "TJPN85XRA",
            "name": "eduardo.meneses",
            "is_restricted": false,
            "is_ultra_restricted": false
        },
        "thread_ts": "1690422214.987199",
        "parent_user_id": "U010TD4329M"
    },
    {
        "client_msg_id": "83c1a4b2-efa6-4aa2-9650-348d5e791f8c",
        "type": "message",
        "text": "No – this was round-trip messaging laptop-&gt;router-&gt;tinypico-&gt;router-&gt;laptop. Internal measurements of loop period on the tinypico were exposed as another libmapper signal, reporting jitter ~1ms. I didn't measure latency but it was low!",
        "user": "U010TD4329M",
        "ts": "1691518823.262069",
        "blocks": [
            {
                "type": "rich_text",
                "block_id": "sNLPQ",
                "elements": [
                    {
                        "type": "rich_text_section",
                        "elements": [
                            {
                                "type": "text",
                                "text": "No – this was round-trip messaging laptop->router->tinypico->router->laptop. Internal measurements of loop period on the tinypico were exposed as another libmapper signal, reporting jitter ~1ms. I didn't measure latency but it was low!"
                            }
                        ]
                    }
                ]
            }
        ],
        "team": "TJPN85XRA",
        "user_team": "TJPN85XRA",
        "source_team": "TJPN85XRA",
        "user_profile": {
            "avatar_hash": "g76664e246bb",
            "image_72": "https:\/\/secure.gravatar.com\/avatar\/76664e246bb99704f2fe508d673b1124.jpg?s=72&d=https%3A%2F%2Fa.slack-edge.com%2Fdf10d%2Fimg%2Favatars%2Fava_0026-72.png",
            "first_name": "",
            "real_name": "Joe Malloch",
            "display_name": "Joe Malloch",
            "team": "TJPN85XRA",
            "name": "jmalloch",
            "is_restricted": false,
            "is_ultra_restricted": false
        },
        "thread_ts": "1690422214.987199",
        "parent_user_id": "U010TD4329M",
        "reactions": [
            {
                "name": "clap::skin-tone-5",
                "users": [
                    "UJCU8BAAW"
                ],
                "count": 1
            }
        ]
    },
    {
        "client_msg_id": "34f9d53d-3f69-469c-b83a-a0b922ad0c54",
        "type": "message",
        "text": "Hum, It seems libraries\/firmware don´t impact latency\/jitter that much (and if they do, we can improve with better implementation). I'm then leaning towards Wi-Fi signal quality as a critical factor in latency\/jitter for our wireless instruments.\n\nWhat do you think?",
        "user": "UJCU8BAAW",
        "ts": "1691519075.921709",
        "blocks": [
            {
                "type": "rich_text",
                "block_id": "HTzH",
                "elements": [
                    {
                        "type": "rich_text_section",
                        "elements": [
                            {
                                "type": "text",
                                "text": "Hum, It seems libraries\/firmware don´t impact latency\/jitter that much (and if they do, we can improve with better implementation). I'm then leaning towards Wi-Fi signal quality as a critical factor in latency\/jitter for our wireless instruments.\n\nWhat do you think?"
                            }
                        ]
                    }
                ]
            }
        ],
        "team": "TJPN85XRA",
        "user_team": "TJPN85XRA",
        "source_team": "TJPN85XRA",
        "user_profile": {
            "avatar_hash": "d49c462f5537",
            "image_72": "https:\/\/avatars.slack-edge.com\/2021-06-14\/2154581376263_d49c462f5537edde8dbb_72.jpg",
            "first_name": "Edu",
            "real_name": "Edu Meneses",
            "display_name": "Edu Meneses",
            "team": "TJPN85XRA",
            "name": "eduardo.meneses",
            "is_restricted": false,
            "is_ultra_restricted": false
        },
        "thread_ts": "1690422214.987199",
        "parent_user_id": "U010TD4329M",
        "reactions": [
            {
                "name": "+1",
                "users": [
                    "U03JWS43U3H"
                ],
                "count": 1
            }
        ]
    },
    {
        "client_msg_id": "de00a9c2-ec1c-4041-aa53-79c502270dbd",
        "type": "message",
        "text": "Just did a rough measure of latency - mean 10.55ms round trip, some jitter of course since I'm using my laptop.",
        "user": "U010TD4329M",
        "ts": "1691519425.924629",
        "blocks": [
            {
                "type": "rich_text",
                "block_id": "vQp89",
                "elements": [
                    {
                        "type": "rich_text_section",
                        "elements": [
                            {
                                "type": "text",
                                "text": "Just did a rough measure of latency - mean 10.55ms round trip, some jitter of course since I'm using my laptop."
                            }
                        ]
                    }
                ]
            }
        ],
        "team": "TJPN85XRA",
        "user_team": "TJPN85XRA",
        "source_team": "TJPN85XRA",
        "user_profile": {
            "avatar_hash": "g76664e246bb",
            "image_72": "https:\/\/secure.gravatar.com\/avatar\/76664e246bb99704f2fe508d673b1124.jpg?s=72&d=https%3A%2F%2Fa.slack-edge.com%2Fdf10d%2Fimg%2Favatars%2Fava_0026-72.png",
            "first_name": "",
            "real_name": "Joe Malloch",
            "display_name": "Joe Malloch",
            "team": "TJPN85XRA",
            "name": "jmalloch",
            "is_restricted": false,
            "is_ultra_restricted": false
        },
        "thread_ts": "1690422214.987199",
        "parent_user_id": "U010TD4329M"
    }
]