[
    {
        "type": "message",
        "text": "Preliminary Network Testing Part 2 - ESP32's talking to each other using Libmapper (TinyPico sending data to a Sparkfun board and vice versa)\nTested at home connected to my home router\nConditions: both boards less than a foot apart from each other and roughly 45cm from the router, both boards are sending and receiving\nTime: 30 minutes\nNon-blocking (bottom graph is a simple moving average, window = 1 second)\nNotes: there is pretty significant jitter in general, but about every 60 seconds the average latency almost doubles (or triples for the sparkfun board) for about 10 seconds and comes down again back to the baseline, I'm going to have to recollect the data for the longer poll delays, but for delays above 100ms, they have significantly less jitter\nThings to test over the next week: this same test but with OSC messages, different distances from the router, different network conditions",
        "files": [
            {
                "id": "F05M6SU367J",
                "created": 1691293397,
                "timestamp": 1691293397,
                "name": "sparkfun-tinypico-synced.png",
                "title": "sparkfun-tinypico-synced.png",
                "mimetype": "image\/png",
                "filetype": "png",
                "pretty_type": "PNG",
                "user": "U03JWS43U3H",
                "user_team": "TJPN85XRA",
                "editable": false,
                "size": 127865,
                "mode": "hosted",
                "is_external": false,
                "external_type": "",
                "is_public": true,
                "public_url_shared": false,
                "display_as_bot": false,
                "username": "",
                "url_private": "https:\/\/files.slack.com\/files-pri\/TJPN85XRA-F05M6SU367J\/sparkfun-tinypico-synced.png?t=xoxe-635756201860-5811340279026-5796802002375-9213508a3164fd319a6249bc81596b76",
                "url_private_download": "https:\/\/files.slack.com\/files-pri\/TJPN85XRA-F05M6SU367J\/download\/sparkfun-tinypico-synced.png?t=xoxe-635756201860-5811340279026-5796802002375-9213508a3164fd319a6249bc81596b76",
                "media_display_type": "unknown",
                "thumb_64": "https:\/\/files.slack.com\/files-tmb\/TJPN85XRA-F05M6SU367J-bcb395b313\/sparkfun-tinypico-synced_64.png?t=xoxe-635756201860-5811340279026-5796802002375-9213508a3164fd319a6249bc81596b76",
                "thumb_80": "https:\/\/files.slack.com\/files-tmb\/TJPN85XRA-F05M6SU367J-bcb395b313\/sparkfun-tinypico-synced_80.png?t=xoxe-635756201860-5811340279026-5796802002375-9213508a3164fd319a6249bc81596b76",
                "thumb_360": "https:\/\/files.slack.com\/files-tmb\/TJPN85XRA-F05M6SU367J-bcb395b313\/sparkfun-tinypico-synced_360.png?t=xoxe-635756201860-5811340279026-5796802002375-9213508a3164fd319a6249bc81596b76",
                "thumb_360_w": 360,
                "thumb_360_h": 180,
                "thumb_480": "https:\/\/files.slack.com\/files-tmb\/TJPN85XRA-F05M6SU367J-bcb395b313\/sparkfun-tinypico-synced_480.png?t=xoxe-635756201860-5811340279026-5796802002375-9213508a3164fd319a6249bc81596b76",
                "thumb_480_w": 480,
                "thumb_480_h": 240,
                "thumb_160": "https:\/\/files.slack.com\/files-tmb\/TJPN85XRA-F05M6SU367J-bcb395b313\/sparkfun-tinypico-synced_160.png?t=xoxe-635756201860-5811340279026-5796802002375-9213508a3164fd319a6249bc81596b76",
                "thumb_720": "https:\/\/files.slack.com\/files-tmb\/TJPN85XRA-F05M6SU367J-bcb395b313\/sparkfun-tinypico-synced_720.png?t=xoxe-635756201860-5811340279026-5796802002375-9213508a3164fd319a6249bc81596b76",
                "thumb_720_w": 720,
                "thumb_720_h": 360,
                "thumb_800": "https:\/\/files.slack.com\/files-tmb\/TJPN85XRA-F05M6SU367J-bcb395b313\/sparkfun-tinypico-synced_800.png?t=xoxe-635756201860-5811340279026-5796802002375-9213508a3164fd319a6249bc81596b76",
                "thumb_800_w": 800,
                "thumb_800_h": 400,
                "thumb_960": "https:\/\/files.slack.com\/files-tmb\/TJPN85XRA-F05M6SU367J-bcb395b313\/sparkfun-tinypico-synced_960.png?t=xoxe-635756201860-5811340279026-5796802002375-9213508a3164fd319a6249bc81596b76",
                "thumb_960_w": 960,
                "thumb_960_h": 480,
                "thumb_1024": "https:\/\/files.slack.com\/files-tmb\/TJPN85XRA-F05M6SU367J-bcb395b313\/sparkfun-tinypico-synced_1024.png?t=xoxe-635756201860-5811340279026-5796802002375-9213508a3164fd319a6249bc81596b76",
                "thumb_1024_w": 1024,
                "thumb_1024_h": 512,
                "original_w": 1600,
                "original_h": 800,
                "thumb_tiny": "AwAYADDTNJz6ilNJmgAxQMUZpM0hjqRTkUbqF6UxCmmbD\/ean0UAM8vH8TUnl8dWqSilYdyPy\/8AaangYGKWiiwrn\/\/Z",
                "permalink": "https:\/\/idmil.slack.com\/files\/U03JWS43U3H\/F05M6SU367J\/sparkfun-tinypico-synced.png",
                "permalink_public": "https:\/\/slack-files.com\/TJPN85XRA-F05M6SU367J-a5912b0d96",
                "is_starred": false,
                "has_rich_preview": false,
                "file_access": "visible"
            },
            {
                "id": "F05LKKC09UL",
                "created": 1691293560,
                "timestamp": 1691293560,
                "name": "wifitests_0window1s_libmapperdelaysparkfun_board.png",
                "title": "wifitests_0window1s_libmapperdelaysparkfun_board.png",
                "mimetype": "image\/png",
                "filetype": "png",
                "pretty_type": "PNG",
                "user": "U03JWS43U3H",
                "user_team": "TJPN85XRA",
                "editable": false,
                "size": 124488,
                "mode": "hosted",
                "is_external": false,
                "external_type": "",
                "is_public": true,
                "public_url_shared": false,
                "display_as_bot": false,
                "username": "",
                "url_private": "https:\/\/files.slack.com\/files-pri\/TJPN85XRA-F05LKKC09UL\/wifitests_0window1s_libmapperdelaysparkfun_board.png?t=xoxe-635756201860-5811340279026-5796802002375-9213508a3164fd319a6249bc81596b76",
                "url_private_download": "https:\/\/files.slack.com\/files-pri\/TJPN85XRA-F05LKKC09UL\/download\/wifitests_0window1s_libmapperdelaysparkfun_board.png?t=xoxe-635756201860-5811340279026-5796802002375-9213508a3164fd319a6249bc81596b76",
                "media_display_type": "unknown",
                "thumb_64": "https:\/\/files.slack.com\/files-tmb\/TJPN85XRA-F05LKKC09UL-2518cee18e\/wifitests_0window1s_libmapperdelaysparkfun_board_64.png?t=xoxe-635756201860-5811340279026-5796802002375-9213508a3164fd319a6249bc81596b76",
                "thumb_80": "https:\/\/files.slack.com\/files-tmb\/TJPN85XRA-F05LKKC09UL-2518cee18e\/wifitests_0window1s_libmapperdelaysparkfun_board_80.png?t=xoxe-635756201860-5811340279026-5796802002375-9213508a3164fd319a6249bc81596b76",
                "thumb_360": "https:\/\/files.slack.com\/files-tmb\/TJPN85XRA-F05LKKC09UL-2518cee18e\/wifitests_0window1s_libmapperdelaysparkfun_board_360.png?t=xoxe-635756201860-5811340279026-5796802002375-9213508a3164fd319a6249bc81596b76",
                "thumb_360_w": 360,
                "thumb_360_h": 180,
                "thumb_480": "https:\/\/files.slack.com\/files-tmb\/TJPN85XRA-F05LKKC09UL-2518cee18e\/wifitests_0window1s_libmapperdelaysparkfun_board_480.png?t=xoxe-635756201860-5811340279026-5796802002375-9213508a3164fd319a6249bc81596b76",
                "thumb_480_w": 480,
                "thumb_480_h": 240,
                "thumb_160": "https:\/\/files.slack.com\/files-tmb\/TJPN85XRA-F05LKKC09UL-2518cee18e\/wifitests_0window1s_libmapperdelaysparkfun_board_160.png?t=xoxe-635756201860-5811340279026-5796802002375-9213508a3164fd319a6249bc81596b76",
                "thumb_720": "https:\/\/files.slack.com\/files-tmb\/TJPN85XRA-F05LKKC09UL-2518cee18e\/wifitests_0window1s_libmapperdelaysparkfun_board_720.png?t=xoxe-635756201860-5811340279026-5796802002375-9213508a3164fd319a6249bc81596b76",
                "thumb_720_w": 720,
                "thumb_720_h": 360,
                "thumb_800": "https:\/\/files.slack.com\/files-tmb\/TJPN85XRA-F05LKKC09UL-2518cee18e\/wifitests_0window1s_libmapperdelaysparkfun_board_800.png?t=xoxe-635756201860-5811340279026-5796802002375-9213508a3164fd319a6249bc81596b76",
                "thumb_800_w": 800,
                "thumb_800_h": 400,
                "thumb_960": "https:\/\/files.slack.com\/files-tmb\/TJPN85XRA-F05LKKC09UL-2518cee18e\/wifitests_0window1s_libmapperdelaysparkfun_board_960.png?t=xoxe-635756201860-5811340279026-5796802002375-9213508a3164fd319a6249bc81596b76",
                "thumb_960_w": 960,
                "thumb_960_h": 480,
                "thumb_1024": "https:\/\/files.slack.com\/files-tmb\/TJPN85XRA-F05LKKC09UL-2518cee18e\/wifitests_0window1s_libmapperdelaysparkfun_board_1024.png?t=xoxe-635756201860-5811340279026-5796802002375-9213508a3164fd319a6249bc81596b76",
                "thumb_1024_w": 1024,
                "thumb_1024_h": 512,
                "original_w": 1600,
                "original_h": 800,
                "thumb_tiny": "AwAYADDTNR+YuOop55FVvsaf3n\/SmrdRO\/Qm8xfUYpolB9KZ9jT+81J9kT+81PQWpKJl9RT423ID61B9jT+81TxqEQKM4HHNJ26DV+o403Deop1FIYzD+oo2tjqPyp9FADNr+o\/KnKMDmlooA\/\/Z",
                "permalink": "https:\/\/idmil.slack.com\/files\/U03JWS43U3H\/F05LKKC09UL\/wifitests_0window1s_libmapperdelaysparkfun_board.png",
                "permalink_public": "https:\/\/slack-files.com\/TJPN85XRA-F05LKKC09UL-0f11e64bd1",
                "is_starred": false,
                "has_rich_preview": false,
                "file_access": "visible"
            },
            {
                "id": "F05LH6BKGR0",
                "created": 1691293563,
                "timestamp": 1691293563,
                "name": "wifitests_0window1s_libmapperdelaytinypico_board.png",
                "title": "wifitests_0window1s_libmapperdelaytinypico_board.png",
                "mimetype": "image\/png",
                "filetype": "png",
                "pretty_type": "PNG",
                "user": "U03JWS43U3H",
                "user_team": "TJPN85XRA",
                "editable": false,
                "size": 114418,
                "mode": "hosted",
                "is_external": false,
                "external_type": "",
                "is_public": true,
                "public_url_shared": false,
                "display_as_bot": false,
                "username": "",
                "url_private": "https:\/\/files.slack.com\/files-pri\/TJPN85XRA-F05LH6BKGR0\/wifitests_0window1s_libmapperdelaytinypico_board.png?t=xoxe-635756201860-5811340279026-5796802002375-9213508a3164fd319a6249bc81596b76",
                "url_private_download": "https:\/\/files.slack.com\/files-pri\/TJPN85XRA-F05LH6BKGR0\/download\/wifitests_0window1s_libmapperdelaytinypico_board.png?t=xoxe-635756201860-5811340279026-5796802002375-9213508a3164fd319a6249bc81596b76",
                "media_display_type": "unknown",
                "thumb_64": "https:\/\/files.slack.com\/files-tmb\/TJPN85XRA-F05LH6BKGR0-c874aae039\/wifitests_0window1s_libmapperdelaytinypico_board_64.png?t=xoxe-635756201860-5811340279026-5796802002375-9213508a3164fd319a6249bc81596b76",
                "thumb_80": "https:\/\/files.slack.com\/files-tmb\/TJPN85XRA-F05LH6BKGR0-c874aae039\/wifitests_0window1s_libmapperdelaytinypico_board_80.png?t=xoxe-635756201860-5811340279026-5796802002375-9213508a3164fd319a6249bc81596b76",
                "thumb_360": "https:\/\/files.slack.com\/files-tmb\/TJPN85XRA-F05LH6BKGR0-c874aae039\/wifitests_0window1s_libmapperdelaytinypico_board_360.png?t=xoxe-635756201860-5811340279026-5796802002375-9213508a3164fd319a6249bc81596b76",
                "thumb_360_w": 360,
                "thumb_360_h": 180,
                "thumb_480": "https:\/\/files.slack.com\/files-tmb\/TJPN85XRA-F05LH6BKGR0-c874aae039\/wifitests_0window1s_libmapperdelaytinypico_board_480.png?t=xoxe-635756201860-5811340279026-5796802002375-9213508a3164fd319a6249bc81596b76",
                "thumb_480_w": 480,
                "thumb_480_h": 240,
                "thumb_160": "https:\/\/files.slack.com\/files-tmb\/TJPN85XRA-F05LH6BKGR0-c874aae039\/wifitests_0window1s_libmapperdelaytinypico_board_160.png?t=xoxe-635756201860-5811340279026-5796802002375-9213508a3164fd319a6249bc81596b76",
                "thumb_720": "https:\/\/files.slack.com\/files-tmb\/TJPN85XRA-F05LH6BKGR0-c874aae039\/wifitests_0window1s_libmapperdelaytinypico_board_720.png?t=xoxe-635756201860-5811340279026-5796802002375-9213508a3164fd319a6249bc81596b76",
                "thumb_720_w": 720,
                "thumb_720_h": 360,
                "thumb_800": "https:\/\/files.slack.com\/files-tmb\/TJPN85XRA-F05LH6BKGR0-c874aae039\/wifitests_0window1s_libmapperdelaytinypico_board_800.png?t=xoxe-635756201860-5811340279026-5796802002375-9213508a3164fd319a6249bc81596b76",
                "thumb_800_w": 800,
                "thumb_800_h": 400,
                "thumb_960": "https:\/\/files.slack.com\/files-tmb\/TJPN85XRA-F05LH6BKGR0-c874aae039\/wifitests_0window1s_libmapperdelaytinypico_board_960.png?t=xoxe-635756201860-5811340279026-5796802002375-9213508a3164fd319a6249bc81596b76",
                "thumb_960_w": 960,
                "thumb_960_h": 480,
                "thumb_1024": "https:\/\/files.slack.com\/files-tmb\/TJPN85XRA-F05LH6BKGR0-c874aae039\/wifitests_0window1s_libmapperdelaytinypico_board_1024.png?t=xoxe-635756201860-5811340279026-5796802002375-9213508a3164fd319a6249bc81596b76",
                "thumb_1024_w": 1024,
                "thumb_1024_h": 512,
                "original_w": 1600,
                "original_h": 800,
                "thumb_tiny": "AwAYADDTNR+aMckU88iq\/wBjT1f8xTVuonfoSCRT6UnmjGeKZ9jT+8350fZEP8TfnT0FqSecvYino25QfWoPsaf3m\/Op4lCoFGcD1pO3Qav1HGm4f1H5U6ikMbh\/7w\/Kk2tj736U+igBuH\/vD8qVRgUtFAH\/2Q==",
                "permalink": "https:\/\/idmil.slack.com\/files\/U03JWS43U3H\/F05LH6BKGR0\/wifitests_0window1s_libmapperdelaytinypico_board.png",
                "permalink_public": "https:\/\/slack-files.com\/TJPN85XRA-F05LH6BKGR0-e2c787e8d1",
                "is_starred": false,
                "has_rich_preview": false,
                "file_access": "visible"
            },
            {
                "id": "F05LKKXACRJ",
                "created": 1691294832,
                "timestamp": 1691294832,
                "name": "wifitests_100_libmapperdelaytinypico_board.png",
                "title": "wifitests_100_libmapperdelaytinypico_board.png",
                "mimetype": "image\/png",
                "filetype": "png",
                "pretty_type": "PNG",
                "user": "U03JWS43U3H",
                "user_team": "TJPN85XRA",
                "editable": false,
                "size": 160850,
                "mode": "hosted",
                "is_external": false,
                "external_type": "",
                "is_public": true,
                "public_url_shared": false,
                "display_as_bot": false,
                "username": "",
                "url_private": "https:\/\/files.slack.com\/files-pri\/TJPN85XRA-F05LKKXACRJ\/wifitests_100_libmapperdelaytinypico_board.png?t=xoxe-635756201860-5811340279026-5796802002375-9213508a3164fd319a6249bc81596b76",
                "url_private_download": "https:\/\/files.slack.com\/files-pri\/TJPN85XRA-F05LKKXACRJ\/download\/wifitests_100_libmapperdelaytinypico_board.png?t=xoxe-635756201860-5811340279026-5796802002375-9213508a3164fd319a6249bc81596b76",
                "media_display_type": "unknown",
                "thumb_64": "https:\/\/files.slack.com\/files-tmb\/TJPN85XRA-F05LKKXACRJ-ceeee82c05\/wifitests_100_libmapperdelaytinypico_board_64.png?t=xoxe-635756201860-5811340279026-5796802002375-9213508a3164fd319a6249bc81596b76",
                "thumb_80": "https:\/\/files.slack.com\/files-tmb\/TJPN85XRA-F05LKKXACRJ-ceeee82c05\/wifitests_100_libmapperdelaytinypico_board_80.png?t=xoxe-635756201860-5811340279026-5796802002375-9213508a3164fd319a6249bc81596b76",
                "thumb_360": "https:\/\/files.slack.com\/files-tmb\/TJPN85XRA-F05LKKXACRJ-ceeee82c05\/wifitests_100_libmapperdelaytinypico_board_360.png?t=xoxe-635756201860-5811340279026-5796802002375-9213508a3164fd319a6249bc81596b76",
                "thumb_360_w": 360,
                "thumb_360_h": 180,
                "thumb_480": "https:\/\/files.slack.com\/files-tmb\/TJPN85XRA-F05LKKXACRJ-ceeee82c05\/wifitests_100_libmapperdelaytinypico_board_480.png?t=xoxe-635756201860-5811340279026-5796802002375-9213508a3164fd319a6249bc81596b76",
                "thumb_480_w": 480,
                "thumb_480_h": 240,
                "thumb_160": "https:\/\/files.slack.com\/files-tmb\/TJPN85XRA-F05LKKXACRJ-ceeee82c05\/wifitests_100_libmapperdelaytinypico_board_160.png?t=xoxe-635756201860-5811340279026-5796802002375-9213508a3164fd319a6249bc81596b76",
                "thumb_720": "https:\/\/files.slack.com\/files-tmb\/TJPN85XRA-F05LKKXACRJ-ceeee82c05\/wifitests_100_libmapperdelaytinypico_board_720.png?t=xoxe-635756201860-5811340279026-5796802002375-9213508a3164fd319a6249bc81596b76",
                "thumb_720_w": 720,
                "thumb_720_h": 360,
                "thumb_800": "https:\/\/files.slack.com\/files-tmb\/TJPN85XRA-F05LKKXACRJ-ceeee82c05\/wifitests_100_libmapperdelaytinypico_board_800.png?t=xoxe-635756201860-5811340279026-5796802002375-9213508a3164fd319a6249bc81596b76",
                "thumb_800_w": 800,
                "thumb_800_h": 400,
                "thumb_960": "https:\/\/files.slack.com\/files-tmb\/TJPN85XRA-F05LKKXACRJ-ceeee82c05\/wifitests_100_libmapperdelaytinypico_board_960.png?t=xoxe-635756201860-5811340279026-5796802002375-9213508a3164fd319a6249bc81596b76",
                "thumb_960_w": 960,
                "thumb_960_h": 480,
                "thumb_1024": "https:\/\/files.slack.com\/files-tmb\/TJPN85XRA-F05LKKXACRJ-ceeee82c05\/wifitests_100_libmapperdelaytinypico_board_1024.png?t=xoxe-635756201860-5811340279026-5796802002375-9213508a3164fd319a6249bc81596b76",
                "thumb_1024_w": 1024,
                "thumb_1024_h": 512,
                "original_w": 1600,
                "original_h": 800,
                "thumb_tiny": "AwAYADDTNN3qe4pxpMD0FACZX1FGV9RS4HoKMewoAQMvYinA5pMewpRQAhHNGPrS0UAJijFLRQAmBSiiigD\/2Q==",
                "permalink": "https:\/\/idmil.slack.com\/files\/U03JWS43U3H\/F05LKKXACRJ\/wifitests_100_libmapperdelaytinypico_board.png",
                "permalink_public": "https:\/\/slack-files.com\/TJPN85XRA-F05LKKXACRJ-3dac297194",
                "is_starred": false,
                "has_rich_preview": false,
                "file_access": "visible"
            }
        ],
        "upload": false,
        "user": "U03JWS43U3H",
        "ts": "1691295510.953599",
        "blocks": [
            {
                "type": "rich_text",
                "block_id": "LWA",
                "elements": [
                    {
                        "type": "rich_text_section",
                        "elements": [
                            {
                                "type": "text",
                                "text": "Preliminary Network Testing Part 2 - ESP32's talking to each other using Libmapper (TinyPico sending data to a Sparkfun board and vice versa)\nTested at home connected to my home router\nConditions: both boards less than a foot apart from each other and roughly 45cm from the router, both boards are sending and receiving\nTime: 30 minutes\nNon-blocking (bottom graph is a simple moving average, window = 1 second)\nNotes: there is pretty significant jitter in general, but about every 60 seconds the average latency almost doubles (or triples for the sparkfun board) for about 10 seconds and comes down again back to the baseline, I'm going to have to recollect the data for the longer poll delays, but for delays above 100ms, they have significantly less jitter\nThings to test over the next week: this same test but with OSC messages, different distances from the router, different network conditions"
                            }
                        ]
                    }
                ]
            }
        ],
        "client_msg_id": "46ec4c56-f985-4f97-aed2-9889fd3065bf",
        "thread_ts": "1691295510.953599",
        "reply_count": 1,
        "reply_users_count": 1,
        "latest_reply": "1691415352.396429",
        "reply_users": [
            "UJCU8BAAW"
        ],
        "replies": [
            {
                "user": "UJCU8BAAW",
                "ts": "1691415352.396429"
            }
        ],
        "is_locked": false,
        "subscribed": false,
        "reactions": [
            {
                "name": "raised_hands",
                "users": [
                    "U03JTLB9FSS",
                    "UK4BP4NH2"
                ],
                "count": 2
            },
            {
                "name": "clap::skin-tone-5",
                "users": [
                    "UJCU8BAAW"
                ],
                "count": 1
            }
        ]
    }
]