[
    {
        "type": "message",
        "text": "Initial Network testing with the ESP32 - talking to itself through libmapper for different polling delays\nTested at IDMIL connected to 2tree network (raspberry pi)\nNon-Blocking",
        "files": [
            {
                "id": "F05LPNH0FEC",
                "created": 1690996398,
                "timestamp": 1690996398,
                "name": "wifitests_0_libmapperdelaytinypico_board.png",
                "title": "wifitests_0_libmapperdelaytinypico_board.png",
                "mimetype": "image\/png",
                "filetype": "png",
                "pretty_type": "PNG",
                "user": "U03JWS43U3H",
                "user_team": "TJPN85XRA",
                "editable": false,
                "size": 120119,
                "mode": "hosted",
                "is_external": false,
                "external_type": "",
                "is_public": true,
                "public_url_shared": false,
                "display_as_bot": false,
                "username": "",
                "url_private": "https:\/\/files.slack.com\/files-pri\/TJPN85XRA-F05LPNH0FEC\/wifitests_0_libmapperdelaytinypico_board.png?t=xoxe-635756201860-5811340279026-5796802002375-9213508a3164fd319a6249bc81596b76",
                "url_private_download": "https:\/\/files.slack.com\/files-pri\/TJPN85XRA-F05LPNH0FEC\/download\/wifitests_0_libmapperdelaytinypico_board.png?t=xoxe-635756201860-5811340279026-5796802002375-9213508a3164fd319a6249bc81596b76",
                "media_display_type": "unknown",
                "thumb_64": "https:\/\/files.slack.com\/files-tmb\/TJPN85XRA-F05LPNH0FEC-2a1a483aca\/wifitests_0_libmapperdelaytinypico_board_64.png?t=xoxe-635756201860-5811340279026-5796802002375-9213508a3164fd319a6249bc81596b76",
                "thumb_80": "https:\/\/files.slack.com\/files-tmb\/TJPN85XRA-F05LPNH0FEC-2a1a483aca\/wifitests_0_libmapperdelaytinypico_board_80.png?t=xoxe-635756201860-5811340279026-5796802002375-9213508a3164fd319a6249bc81596b76",
                "thumb_360": "https:\/\/files.slack.com\/files-tmb\/TJPN85XRA-F05LPNH0FEC-2a1a483aca\/wifitests_0_libmapperdelaytinypico_board_360.png?t=xoxe-635756201860-5811340279026-5796802002375-9213508a3164fd319a6249bc81596b76",
                "thumb_360_w": 360,
                "thumb_360_h": 180,
                "thumb_480": "https:\/\/files.slack.com\/files-tmb\/TJPN85XRA-F05LPNH0FEC-2a1a483aca\/wifitests_0_libmapperdelaytinypico_board_480.png?t=xoxe-635756201860-5811340279026-5796802002375-9213508a3164fd319a6249bc81596b76",
                "thumb_480_w": 480,
                "thumb_480_h": 240,
                "thumb_160": "https:\/\/files.slack.com\/files-tmb\/TJPN85XRA-F05LPNH0FEC-2a1a483aca\/wifitests_0_libmapperdelaytinypico_board_160.png?t=xoxe-635756201860-5811340279026-5796802002375-9213508a3164fd319a6249bc81596b76",
                "thumb_720": "https:\/\/files.slack.com\/files-tmb\/TJPN85XRA-F05LPNH0FEC-2a1a483aca\/wifitests_0_libmapperdelaytinypico_board_720.png?t=xoxe-635756201860-5811340279026-5796802002375-9213508a3164fd319a6249bc81596b76",
                "thumb_720_w": 720,
                "thumb_720_h": 360,
                "thumb_800": "https:\/\/files.slack.com\/files-tmb\/TJPN85XRA-F05LPNH0FEC-2a1a483aca\/wifitests_0_libmapperdelaytinypico_board_800.png?t=xoxe-635756201860-5811340279026-5796802002375-9213508a3164fd319a6249bc81596b76",
                "thumb_800_w": 800,
                "thumb_800_h": 400,
                "thumb_960": "https:\/\/files.slack.com\/files-tmb\/TJPN85XRA-F05LPNH0FEC-2a1a483aca\/wifitests_0_libmapperdelaytinypico_board_960.png?t=xoxe-635756201860-5811340279026-5796802002375-9213508a3164fd319a6249bc81596b76",
                "thumb_960_w": 960,
                "thumb_960_h": 480,
                "thumb_1024": "https:\/\/files.slack.com\/files-tmb\/TJPN85XRA-F05LPNH0FEC-2a1a483aca\/wifitests_0_libmapperdelaytinypico_board_1024.png?t=xoxe-635756201860-5811340279026-5796802002375-9213508a3164fd319a6249bc81596b76",
                "thumb_1024_w": 1024,
                "thumb_1024_h": 512,
                "original_w": 1600,
                "original_h": 800,
                "thumb_tiny": "AwAYADDTpNw9RQeRiofskfq350AS5X1FGV9RUX2WP1b86Pssfq3509Bak24eopRUH2WP1b86lRQihRnApDFPtUHl3P8Az0X8qsUU7iaK\/l3H\/PRfyo8u4\/56CrFFFwsV\/LuP+ei1MgYIN5y3c06ii4WP\/9k=",
                "permalink": "https:\/\/idmil.slack.com\/files\/U03JWS43U3H\/F05LPNH0FEC\/wifitests_0_libmapperdelaytinypico_board.png",
                "permalink_public": "https:\/\/slack-files.com\/TJPN85XRA-F05LPNH0FEC-271365f138",
                "is_starred": false,
                "has_rich_preview": false,
                "file_access": "visible"
            },
            {
                "id": "F05LCLNGGHX",
                "created": 1690996401,
                "timestamp": 1690996401,
                "name": "wifitests_0_libmapperdelaytinypico_board_distribution.png",
                "title": "wifitests_0_libmapperdelaytinypico_board_distribution.png",
                "mimetype": "image\/png",
                "filetype": "png",
                "pretty_type": "PNG",
                "user": "U03JWS43U3H",
                "user_team": "TJPN85XRA",
                "editable": false,
                "size": 21078,
                "mode": "hosted",
                "is_external": false,
                "external_type": "",
                "is_public": true,
                "public_url_shared": false,
                "display_as_bot": false,
                "username": "",
                "url_private": "https:\/\/files.slack.com\/files-pri\/TJPN85XRA-F05LCLNGGHX\/wifitests_0_libmapperdelaytinypico_board_distribution.png?t=xoxe-635756201860-5811340279026-5796802002375-9213508a3164fd319a6249bc81596b76",
                "url_private_download": "https:\/\/files.slack.com\/files-pri\/TJPN85XRA-F05LCLNGGHX\/download\/wifitests_0_libmapperdelaytinypico_board_distribution.png?t=xoxe-635756201860-5811340279026-5796802002375-9213508a3164fd319a6249bc81596b76",
                "media_display_type": "unknown",
                "thumb_64": "https:\/\/files.slack.com\/files-tmb\/TJPN85XRA-F05LCLNGGHX-8eebd3b4c4\/wifitests_0_libmapperdelaytinypico_board_distribution_64.png?t=xoxe-635756201860-5811340279026-5796802002375-9213508a3164fd319a6249bc81596b76",
                "thumb_80": "https:\/\/files.slack.com\/files-tmb\/TJPN85XRA-F05LCLNGGHX-8eebd3b4c4\/wifitests_0_libmapperdelaytinypico_board_distribution_80.png?t=xoxe-635756201860-5811340279026-5796802002375-9213508a3164fd319a6249bc81596b76",
                "thumb_360": "https:\/\/files.slack.com\/files-tmb\/TJPN85XRA-F05LCLNGGHX-8eebd3b4c4\/wifitests_0_libmapperdelaytinypico_board_distribution_360.png?t=xoxe-635756201860-5811340279026-5796802002375-9213508a3164fd319a6249bc81596b76",
                "thumb_360_w": 360,
                "thumb_360_h": 360,
                "thumb_480": "https:\/\/files.slack.com\/files-tmb\/TJPN85XRA-F05LCLNGGHX-8eebd3b4c4\/wifitests_0_libmapperdelaytinypico_board_distribution_480.png?t=xoxe-635756201860-5811340279026-5796802002375-9213508a3164fd319a6249bc81596b76",
                "thumb_480_w": 480,
                "thumb_480_h": 480,
                "thumb_160": "https:\/\/files.slack.com\/files-tmb\/TJPN85XRA-F05LCLNGGHX-8eebd3b4c4\/wifitests_0_libmapperdelaytinypico_board_distribution_160.png?t=xoxe-635756201860-5811340279026-5796802002375-9213508a3164fd319a6249bc81596b76",
                "original_w": 500,
                "original_h": 500,
                "thumb_tiny": "AwAwADDSJx2NL2pG+tKelAAORRSL90UtABRRRQA0nOflzjvSt9w\/ShvrikkOI2+lAAn3F+gp1Ni\/1a\/QU6gAooooARvpmoJ5MKVHc4NWCMiojArHJzk+9NCY23fPHooqeohbqOhYfQ05QRxlvxoBD6KTB9TQAc9aQz\/\/2Q==",
                "permalink": "https:\/\/idmil.slack.com\/files\/U03JWS43U3H\/F05LCLNGGHX\/wifitests_0_libmapperdelaytinypico_board_distribution.png",
                "permalink_public": "https:\/\/slack-files.com\/TJPN85XRA-F05LCLNGGHX-b0f8860ee8",
                "is_starred": false,
                "has_rich_preview": false,
                "file_access": "visible"
            }
        ],
        "upload": false,
        "user": "U03JWS43U3H",
        "ts": "1690996573.965799",
        "blocks": [
            {
                "type": "rich_text",
                "block_id": "5am",
                "elements": [
                    {
                        "type": "rich_text_section",
                        "elements": [
                            {
                                "type": "text",
                                "text": "Initial Network testing with the ESP32 - talking to itself through libmapper for different polling delays\nTested at IDMIL connected to 2tree network (raspberry pi)\nNon-Blocking"
                            }
                        ]
                    }
                ]
            }
        ],
        "client_msg_id": "a4fd8854-5c12-4a1e-9faa-adbff8b3d0d2",
        "thread_ts": "1690422214.987199",
        "parent_user_id": "U010TD4329M",
        "subtype": "thread_broadcast",
        "root": {
            "client_msg_id": "943639EA-54AE-495A-B0DB-248F42BB7B94",
            "type": "message",
            "text": "Any luck testing the esp32 jitter problem?",
            "user": "U010TD4329M",
            "ts": "1690422214.987199",
            "blocks": [
                {
                    "type": "rich_text",
                    "block_id": "e=4du",
                    "elements": [
                        {
                            "type": "rich_text_section",
                            "elements": [
                                {
                                    "type": "text",
                                    "text": "Any luck testing the esp32 jitter problem?"
                                }
                            ]
                        }
                    ]
                }
            ],
            "team": "TJPN85XRA",
            "thread_ts": "1690422214.987199",
            "reply_count": 18,
            "reply_users_count": 3,
            "latest_reply": "1691519425.924629",
            "reply_users": [
                "UJCU8BAAW",
                "U03JWS43U3H",
                "U010TD4329M"
            ],
            "replies": [
                {
                    "user": "UJCU8BAAW",
                    "ts": "1690459933.616169"
                },
                {
                    "user": "U03JWS43U3H",
                    "ts": "1690471297.550799"
                },
                {
                    "user": "U010TD4329M",
                    "ts": "1690483132.589449"
                },
                {
                    "user": "U03JWS43U3H",
                    "ts": "1690996573.965799"
                },
                {
                    "user": "U03JWS43U3H",
                    "ts": "1690996606.320559"
                },
                {
                    "user": "U03JWS43U3H",
                    "ts": "1690996629.333159"
                },
                {
                    "user": "U03JWS43U3H",
                    "ts": "1690996738.011729"
                },
                {
                    "user": "UJCU8BAAW",
                    "ts": "1690997856.417589"
                },
                {
                    "user": "U03JWS43U3H",
                    "ts": "1690998128.197359"
                },
                {
                    "user": "UJCU8BAAW",
                    "ts": "1690998447.779069"
                },
                {
                    "user": "UJCU8BAAW",
                    "ts": "1690998662.169509"
                },
                {
                    "user": "UJCU8BAAW",
                    "ts": "1690998707.684169"
                },
                {
                    "user": "U010TD4329M",
                    "ts": "1691170321.002479"
                },
                {
                    "user": "U010TD4329M",
                    "ts": "1691514833.069029"
                },
                {
                    "user": "UJCU8BAAW",
                    "ts": "1691514962.151849"
                },
                {
                    "user": "U010TD4329M",
                    "ts": "1691518823.262069"
                },
                {
                    "user": "UJCU8BAAW",
                    "ts": "1691519075.921709"
                },
                {
                    "user": "U010TD4329M",
                    "ts": "1691519425.924629"
                }
            ],
            "is_locked": false,
            "subscribed": false
        }
    },
    {
        "type": "message",
        "text": "100ms",
        "files": [
            {
                "id": "F05KX4NLG3X",
                "created": 1690996592,
                "timestamp": 1690996592,
                "name": "wifitests_100_libmapperdelaytinypico_board_distribution.png",
                "title": "wifitests_100_libmapperdelaytinypico_board_distribution.png",
                "mimetype": "image\/png",
                "filetype": "png",
                "pretty_type": "PNG",
                "user": "U03JWS43U3H",
                "user_team": "TJPN85XRA",
                "editable": false,
                "size": 19755,
                "mode": "hosted",
                "is_external": false,
                "external_type": "",
                "is_public": true,
                "public_url_shared": false,
                "display_as_bot": false,
                "username": "",
                "url_private": "https:\/\/files.slack.com\/files-pri\/TJPN85XRA-F05KX4NLG3X\/wifitests_100_libmapperdelaytinypico_board_distribution.png?t=xoxe-635756201860-5811340279026-5796802002375-9213508a3164fd319a6249bc81596b76",
                "url_private_download": "https:\/\/files.slack.com\/files-pri\/TJPN85XRA-F05KX4NLG3X\/download\/wifitests_100_libmapperdelaytinypico_board_distribution.png?t=xoxe-635756201860-5811340279026-5796802002375-9213508a3164fd319a6249bc81596b76",
                "media_display_type": "unknown",
                "thumb_64": "https:\/\/files.slack.com\/files-tmb\/TJPN85XRA-F05KX4NLG3X-19887b15e6\/wifitests_100_libmapperdelaytinypico_board_distribution_64.png?t=xoxe-635756201860-5811340279026-5796802002375-9213508a3164fd319a6249bc81596b76",
                "thumb_80": "https:\/\/files.slack.com\/files-tmb\/TJPN85XRA-F05KX4NLG3X-19887b15e6\/wifitests_100_libmapperdelaytinypico_board_distribution_80.png?t=xoxe-635756201860-5811340279026-5796802002375-9213508a3164fd319a6249bc81596b76",
                "thumb_360": "https:\/\/files.slack.com\/files-tmb\/TJPN85XRA-F05KX4NLG3X-19887b15e6\/wifitests_100_libmapperdelaytinypico_board_distribution_360.png?t=xoxe-635756201860-5811340279026-5796802002375-9213508a3164fd319a6249bc81596b76",
                "thumb_360_w": 360,
                "thumb_360_h": 360,
                "thumb_480": "https:\/\/files.slack.com\/files-tmb\/TJPN85XRA-F05KX4NLG3X-19887b15e6\/wifitests_100_libmapperdelaytinypico_board_distribution_480.png?t=xoxe-635756201860-5811340279026-5796802002375-9213508a3164fd319a6249bc81596b76",
                "thumb_480_w": 480,
                "thumb_480_h": 480,
                "thumb_160": "https:\/\/files.slack.com\/files-tmb\/TJPN85XRA-F05KX4NLG3X-19887b15e6\/wifitests_100_libmapperdelaytinypico_board_distribution_160.png?t=xoxe-635756201860-5811340279026-5796802002375-9213508a3164fd319a6249bc81596b76",
                "original_w": 500,
                "original_h": 500,
                "thumb_tiny": "AwAwADDSJPpS0hzS0AFIpyM0tMiOVPsxFAD6KKKAG5J\/A06kNLQAVFAeGHvT5DhGI9Kht2G5snk0xFiiiikMQ0tBGabtOOWP4UARXEgxsB+tQKdrA+hqz5C9yfzpBAp6hqdybMlBBHBpajWLaThiMn1p4BBOTmkUf\/\/Z",
                "permalink": "https:\/\/idmil.slack.com\/files\/U03JWS43U3H\/F05KX4NLG3X\/wifitests_100_libmapperdelaytinypico_board_distribution.png",
                "permalink_public": "https:\/\/slack-files.com\/TJPN85XRA-F05KX4NLG3X-e8f94c93c2",
                "is_starred": false,
                "has_rich_preview": false,
                "file_access": "visible"
            },
            {
                "id": "F05KZUTKTU3",
                "created": 1690996594,
                "timestamp": 1690996594,
                "name": "wifitests_100_libmapperdelaytinypico_board.png",
                "title": "wifitests_100_libmapperdelaytinypico_board.png",
                "mimetype": "image\/png",
                "filetype": "png",
                "pretty_type": "PNG",
                "user": "U03JWS43U3H",
                "user_team": "TJPN85XRA",
                "editable": false,
                "size": 198577,
                "mode": "hosted",
                "is_external": false,
                "external_type": "",
                "is_public": true,
                "public_url_shared": false,
                "display_as_bot": false,
                "username": "",
                "url_private": "https:\/\/files.slack.com\/files-pri\/TJPN85XRA-F05KZUTKTU3\/wifitests_100_libmapperdelaytinypico_board.png?t=xoxe-635756201860-5811340279026-5796802002375-9213508a3164fd319a6249bc81596b76",
                "url_private_download": "https:\/\/files.slack.com\/files-pri\/TJPN85XRA-F05KZUTKTU3\/download\/wifitests_100_libmapperdelaytinypico_board.png?t=xoxe-635756201860-5811340279026-5796802002375-9213508a3164fd319a6249bc81596b76",
                "media_display_type": "unknown",
                "thumb_64": "https:\/\/files.slack.com\/files-tmb\/TJPN85XRA-F05KZUTKTU3-d6af3d5147\/wifitests_100_libmapperdelaytinypico_board_64.png?t=xoxe-635756201860-5811340279026-5796802002375-9213508a3164fd319a6249bc81596b76",
                "thumb_80": "https:\/\/files.slack.com\/files-tmb\/TJPN85XRA-F05KZUTKTU3-d6af3d5147\/wifitests_100_libmapperdelaytinypico_board_80.png?t=xoxe-635756201860-5811340279026-5796802002375-9213508a3164fd319a6249bc81596b76",
                "thumb_360": "https:\/\/files.slack.com\/files-tmb\/TJPN85XRA-F05KZUTKTU3-d6af3d5147\/wifitests_100_libmapperdelaytinypico_board_360.png?t=xoxe-635756201860-5811340279026-5796802002375-9213508a3164fd319a6249bc81596b76",
                "thumb_360_w": 360,
                "thumb_360_h": 180,
                "thumb_480": "https:\/\/files.slack.com\/files-tmb\/TJPN85XRA-F05KZUTKTU3-d6af3d5147\/wifitests_100_libmapperdelaytinypico_board_480.png?t=xoxe-635756201860-5811340279026-5796802002375-9213508a3164fd319a6249bc81596b76",
                "thumb_480_w": 480,
                "thumb_480_h": 240,
                "thumb_160": "https:\/\/files.slack.com\/files-tmb\/TJPN85XRA-F05KZUTKTU3-d6af3d5147\/wifitests_100_libmapperdelaytinypico_board_160.png?t=xoxe-635756201860-5811340279026-5796802002375-9213508a3164fd319a6249bc81596b76",
                "thumb_720": "https:\/\/files.slack.com\/files-tmb\/TJPN85XRA-F05KZUTKTU3-d6af3d5147\/wifitests_100_libmapperdelaytinypico_board_720.png?t=xoxe-635756201860-5811340279026-5796802002375-9213508a3164fd319a6249bc81596b76",
                "thumb_720_w": 720,
                "thumb_720_h": 360,
                "thumb_800": "https:\/\/files.slack.com\/files-tmb\/TJPN85XRA-F05KZUTKTU3-d6af3d5147\/wifitests_100_libmapperdelaytinypico_board_800.png?t=xoxe-635756201860-5811340279026-5796802002375-9213508a3164fd319a6249bc81596b76",
                "thumb_800_w": 800,
                "thumb_800_h": 400,
                "thumb_960": "https:\/\/files.slack.com\/files-tmb\/TJPN85XRA-F05KZUTKTU3-d6af3d5147\/wifitests_100_libmapperdelaytinypico_board_960.png?t=xoxe-635756201860-5811340279026-5796802002375-9213508a3164fd319a6249bc81596b76",
                "thumb_960_w": 960,
                "thumb_960_h": 480,
                "thumb_1024": "https:\/\/files.slack.com\/files-tmb\/TJPN85XRA-F05KZUTKTU3-d6af3d5147\/wifitests_100_libmapperdelaytinypico_board_1024.png?t=xoxe-635756201860-5811340279026-5796802002375-9213508a3164fd319a6249bc81596b76",
                "thumb_1024_w": 1024,
                "thumb_1024_h": 512,
                "original_w": 1600,
                "original_h": 800,
                "thumb_tiny": "AwAYADDTNNEi4+8KcaSgBu9PUUb0x1FOo\/KgBPMX+9Sg5GR0opRQAGmeWPf86fRQAzyx7\/nR5a47\/nT6KAGeWvv+dOAwMUtFAH\/\/2Q==",
                "permalink": "https:\/\/idmil.slack.com\/files\/U03JWS43U3H\/F05KZUTKTU3\/wifitests_100_libmapperdelaytinypico_board.png",
                "permalink_public": "https:\/\/slack-files.com\/TJPN85XRA-F05KZUTKTU3-1b609dbf3c",
                "is_starred": false,
                "has_rich_preview": false,
                "file_access": "visible"
            }
        ],
        "upload": false,
        "user": "U03JWS43U3H",
        "ts": "1690996606.320559",
        "blocks": [
            {
                "type": "rich_text",
                "block_id": "3jDu",
                "elements": [
                    {
                        "type": "rich_text_section",
                        "elements": [
                            {
                                "type": "text",
                                "text": "100ms"
                            }
                        ]
                    }
                ]
            }
        ],
        "client_msg_id": "1a83963b-389d-4404-90c3-81a61f2a1a92",
        "thread_ts": "1690422214.987199",
        "parent_user_id": "U010TD4329M",
        "subtype": "thread_broadcast",
        "root": {
            "client_msg_id": "943639EA-54AE-495A-B0DB-248F42BB7B94",
            "type": "message",
            "text": "Any luck testing the esp32 jitter problem?",
            "user": "U010TD4329M",
            "ts": "1690422214.987199",
            "blocks": [
                {
                    "type": "rich_text",
                    "block_id": "e=4du",
                    "elements": [
                        {
                            "type": "rich_text_section",
                            "elements": [
                                {
                                    "type": "text",
                                    "text": "Any luck testing the esp32 jitter problem?"
                                }
                            ]
                        }
                    ]
                }
            ],
            "team": "TJPN85XRA",
            "thread_ts": "1690422214.987199",
            "reply_count": 18,
            "reply_users_count": 3,
            "latest_reply": "1691519425.924629",
            "reply_users": [
                "UJCU8BAAW",
                "U03JWS43U3H",
                "U010TD4329M"
            ],
            "replies": [
                {
                    "user": "UJCU8BAAW",
                    "ts": "1690459933.616169"
                },
                {
                    "user": "U03JWS43U3H",
                    "ts": "1690471297.550799"
                },
                {
                    "user": "U010TD4329M",
                    "ts": "1690483132.589449"
                },
                {
                    "user": "U03JWS43U3H",
                    "ts": "1690996573.965799"
                },
                {
                    "user": "U03JWS43U3H",
                    "ts": "1690996606.320559"
                },
                {
                    "user": "U03JWS43U3H",
                    "ts": "1690996629.333159"
                },
                {
                    "user": "U03JWS43U3H",
                    "ts": "1690996738.011729"
                },
                {
                    "user": "UJCU8BAAW",
                    "ts": "1690997856.417589"
                },
                {
                    "user": "U03JWS43U3H",
                    "ts": "1690998128.197359"
                },
                {
                    "user": "UJCU8BAAW",
                    "ts": "1690998447.779069"
                },
                {
                    "user": "UJCU8BAAW",
                    "ts": "1690998662.169509"
                },
                {
                    "user": "UJCU8BAAW",
                    "ts": "1690998707.684169"
                },
                {
                    "user": "U010TD4329M",
                    "ts": "1691170321.002479"
                },
                {
                    "user": "U010TD4329M",
                    "ts": "1691514833.069029"
                },
                {
                    "user": "UJCU8BAAW",
                    "ts": "1691514962.151849"
                },
                {
                    "user": "U010TD4329M",
                    "ts": "1691518823.262069"
                },
                {
                    "user": "UJCU8BAAW",
                    "ts": "1691519075.921709"
                },
                {
                    "user": "U010TD4329M",
                    "ts": "1691519425.924629"
                }
            ],
            "is_locked": false,
            "subscribed": false
        }
    },
    {
        "type": "message",
        "text": "500ms",
        "files": [
            {
                "id": "F05KTCUQA30",
                "created": 1690996619,
                "timestamp": 1690996619,
                "name": "wifitests_500_libmapperdelaytinypico_board.png",
                "title": "wifitests_500_libmapperdelaytinypico_board.png",
                "mimetype": "image\/png",
                "filetype": "png",
                "pretty_type": "PNG",
                "user": "U03JWS43U3H",
                "user_team": "TJPN85XRA",
                "editable": false,
                "size": 164680,
                "mode": "hosted",
                "is_external": false,
                "external_type": "",
                "is_public": true,
                "public_url_shared": false,
                "display_as_bot": false,
                "username": "",
                "url_private": "https:\/\/files.slack.com\/files-pri\/TJPN85XRA-F05KTCUQA30\/wifitests_500_libmapperdelaytinypico_board.png?t=xoxe-635756201860-5811340279026-5796802002375-9213508a3164fd319a6249bc81596b76",
                "url_private_download": "https:\/\/files.slack.com\/files-pri\/TJPN85XRA-F05KTCUQA30\/download\/wifitests_500_libmapperdelaytinypico_board.png?t=xoxe-635756201860-5811340279026-5796802002375-9213508a3164fd319a6249bc81596b76",
                "media_display_type": "unknown",
                "thumb_64": "https:\/\/files.slack.com\/files-tmb\/TJPN85XRA-F05KTCUQA30-d2c844a53d\/wifitests_500_libmapperdelaytinypico_board_64.png?t=xoxe-635756201860-5811340279026-5796802002375-9213508a3164fd319a6249bc81596b76",
                "thumb_80": "https:\/\/files.slack.com\/files-tmb\/TJPN85XRA-F05KTCUQA30-d2c844a53d\/wifitests_500_libmapperdelaytinypico_board_80.png?t=xoxe-635756201860-5811340279026-5796802002375-9213508a3164fd319a6249bc81596b76",
                "thumb_360": "https:\/\/files.slack.com\/files-tmb\/TJPN85XRA-F05KTCUQA30-d2c844a53d\/wifitests_500_libmapperdelaytinypico_board_360.png?t=xoxe-635756201860-5811340279026-5796802002375-9213508a3164fd319a6249bc81596b76",
                "thumb_360_w": 360,
                "thumb_360_h": 180,
                "thumb_480": "https:\/\/files.slack.com\/files-tmb\/TJPN85XRA-F05KTCUQA30-d2c844a53d\/wifitests_500_libmapperdelaytinypico_board_480.png?t=xoxe-635756201860-5811340279026-5796802002375-9213508a3164fd319a6249bc81596b76",
                "thumb_480_w": 480,
                "thumb_480_h": 240,
                "thumb_160": "https:\/\/files.slack.com\/files-tmb\/TJPN85XRA-F05KTCUQA30-d2c844a53d\/wifitests_500_libmapperdelaytinypico_board_160.png?t=xoxe-635756201860-5811340279026-5796802002375-9213508a3164fd319a6249bc81596b76",
                "thumb_720": "https:\/\/files.slack.com\/files-tmb\/TJPN85XRA-F05KTCUQA30-d2c844a53d\/wifitests_500_libmapperdelaytinypico_board_720.png?t=xoxe-635756201860-5811340279026-5796802002375-9213508a3164fd319a6249bc81596b76",
                "thumb_720_w": 720,
                "thumb_720_h": 360,
                "thumb_800": "https:\/\/files.slack.com\/files-tmb\/TJPN85XRA-F05KTCUQA30-d2c844a53d\/wifitests_500_libmapperdelaytinypico_board_800.png?t=xoxe-635756201860-5811340279026-5796802002375-9213508a3164fd319a6249bc81596b76",
                "thumb_800_w": 800,
                "thumb_800_h": 400,
                "thumb_960": "https:\/\/files.slack.com\/files-tmb\/TJPN85XRA-F05KTCUQA30-d2c844a53d\/wifitests_500_libmapperdelaytinypico_board_960.png?t=xoxe-635756201860-5811340279026-5796802002375-9213508a3164fd319a6249bc81596b76",
                "thumb_960_w": 960,
                "thumb_960_h": 480,
                "thumb_1024": "https:\/\/files.slack.com\/files-tmb\/TJPN85XRA-F05KTCUQA30-d2c844a53d\/wifitests_500_libmapperdelaytinypico_board_1024.png?t=xoxe-635756201860-5811340279026-5796802002375-9213508a3164fd319a6249bc81596b76",
                "thumb_1024_w": 1024,
                "thumb_1024_h": 512,
                "original_w": 1600,
                "original_h": 800,
                "thumb_tiny": "AwAYADDTNJuHrSmkwKADijj2oxRj2FAC596BSY9qUUABpu3mnUUAJj60YPqaWigBMfWlFFFAH\/\/Z",
                "permalink": "https:\/\/idmil.slack.com\/files\/U03JWS43U3H\/F05KTCUQA30\/wifitests_500_libmapperdelaytinypico_board.png",
                "permalink_public": "https:\/\/slack-files.com\/TJPN85XRA-F05KTCUQA30-96a426741c",
                "is_starred": false,
                "has_rich_preview": false,
                "file_access": "visible"
            },
            {
                "id": "F05KTCV2RUN",
                "created": 1690996622,
                "timestamp": 1690996622,
                "name": "wifitests_500_libmapperdelaytinypico_board_distribution.png",
                "title": "wifitests_500_libmapperdelaytinypico_board_distribution.png",
                "mimetype": "image\/png",
                "filetype": "png",
                "pretty_type": "PNG",
                "user": "U03JWS43U3H",
                "user_team": "TJPN85XRA",
                "editable": false,
                "size": 21622,
                "mode": "hosted",
                "is_external": false,
                "external_type": "",
                "is_public": true,
                "public_url_shared": false,
                "display_as_bot": false,
                "username": "",
                "url_private": "https:\/\/files.slack.com\/files-pri\/TJPN85XRA-F05KTCV2RUN\/wifitests_500_libmapperdelaytinypico_board_distribution.png?t=xoxe-635756201860-5811340279026-5796802002375-9213508a3164fd319a6249bc81596b76",
                "url_private_download": "https:\/\/files.slack.com\/files-pri\/TJPN85XRA-F05KTCV2RUN\/download\/wifitests_500_libmapperdelaytinypico_board_distribution.png?t=xoxe-635756201860-5811340279026-5796802002375-9213508a3164fd319a6249bc81596b76",
                "media_display_type": "unknown",
                "thumb_64": "https:\/\/files.slack.com\/files-tmb\/TJPN85XRA-F05KTCV2RUN-7a69f9ee6f\/wifitests_500_libmapperdelaytinypico_board_distribution_64.png?t=xoxe-635756201860-5811340279026-5796802002375-9213508a3164fd319a6249bc81596b76",
                "thumb_80": "https:\/\/files.slack.com\/files-tmb\/TJPN85XRA-F05KTCV2RUN-7a69f9ee6f\/wifitests_500_libmapperdelaytinypico_board_distribution_80.png?t=xoxe-635756201860-5811340279026-5796802002375-9213508a3164fd319a6249bc81596b76",
                "thumb_360": "https:\/\/files.slack.com\/files-tmb\/TJPN85XRA-F05KTCV2RUN-7a69f9ee6f\/wifitests_500_libmapperdelaytinypico_board_distribution_360.png?t=xoxe-635756201860-5811340279026-5796802002375-9213508a3164fd319a6249bc81596b76",
                "thumb_360_w": 360,
                "thumb_360_h": 360,
                "thumb_480": "https:\/\/files.slack.com\/files-tmb\/TJPN85XRA-F05KTCV2RUN-7a69f9ee6f\/wifitests_500_libmapperdelaytinypico_board_distribution_480.png?t=xoxe-635756201860-5811340279026-5796802002375-9213508a3164fd319a6249bc81596b76",
                "thumb_480_w": 480,
                "thumb_480_h": 480,
                "thumb_160": "https:\/\/files.slack.com\/files-tmb\/TJPN85XRA-F05KTCV2RUN-7a69f9ee6f\/wifitests_500_libmapperdelaytinypico_board_distribution_160.png?t=xoxe-635756201860-5811340279026-5796802002375-9213508a3164fd319a6249bc81596b76",
                "original_w": 500,
                "original_h": 500,
                "thumb_tiny": "AwAwADDSPUUMwVST2oPUU2b\/AFTUANeXCBlHX1qRTlQfWqu4lQuO9SW3Q\/hTaEmT0UUUhjep+hxSTf6s049RUM7HdgHjApoTIe\/4mprb+L8Kh7\/ialgO1WY9AKbEixRSKwcZFLUlCN0zVRmLHLHJ4q2wyKj8hcd\/zppiaK\/f8TShiFIB4I5qfyFz3xSCFTn7wp3FZiwkLHycDNS9elReQNvU5+vFOWPYflJx3yaQz\/\/Z",
                "permalink": "https:\/\/idmil.slack.com\/files\/U03JWS43U3H\/F05KTCV2RUN\/wifitests_500_libmapperdelaytinypico_board_distribution.png",
                "permalink_public": "https:\/\/slack-files.com\/TJPN85XRA-F05KTCV2RUN-6332ff49b7",
                "is_starred": false,
                "has_rich_preview": false,
                "file_access": "visible"
            }
        ],
        "upload": false,
        "user": "U03JWS43U3H",
        "ts": "1690996629.333159",
        "blocks": [
            {
                "type": "rich_text",
                "block_id": "JiEs6",
                "elements": [
                    {
                        "type": "rich_text_section",
                        "elements": [
                            {
                                "type": "text",
                                "text": "500ms"
                            }
                        ]
                    }
                ]
            }
        ],
        "client_msg_id": "d96a255b-9150-449f-b1c7-b3bd6089f365",
        "thread_ts": "1690422214.987199",
        "parent_user_id": "U010TD4329M",
        "subtype": "thread_broadcast",
        "root": {
            "client_msg_id": "943639EA-54AE-495A-B0DB-248F42BB7B94",
            "type": "message",
            "text": "Any luck testing the esp32 jitter problem?",
            "user": "U010TD4329M",
            "ts": "1690422214.987199",
            "blocks": [
                {
                    "type": "rich_text",
                    "block_id": "e=4du",
                    "elements": [
                        {
                            "type": "rich_text_section",
                            "elements": [
                                {
                                    "type": "text",
                                    "text": "Any luck testing the esp32 jitter problem?"
                                }
                            ]
                        }
                    ]
                }
            ],
            "team": "TJPN85XRA",
            "thread_ts": "1690422214.987199",
            "reply_count": 18,
            "reply_users_count": 3,
            "latest_reply": "1691519425.924629",
            "reply_users": [
                "UJCU8BAAW",
                "U03JWS43U3H",
                "U010TD4329M"
            ],
            "replies": [
                {
                    "user": "UJCU8BAAW",
                    "ts": "1690459933.616169"
                },
                {
                    "user": "U03JWS43U3H",
                    "ts": "1690471297.550799"
                },
                {
                    "user": "U010TD4329M",
                    "ts": "1690483132.589449"
                },
                {
                    "user": "U03JWS43U3H",
                    "ts": "1690996573.965799"
                },
                {
                    "user": "U03JWS43U3H",
                    "ts": "1690996606.320559"
                },
                {
                    "user": "U03JWS43U3H",
                    "ts": "1690996629.333159"
                },
                {
                    "user": "U03JWS43U3H",
                    "ts": "1690996738.011729"
                },
                {
                    "user": "UJCU8BAAW",
                    "ts": "1690997856.417589"
                },
                {
                    "user": "U03JWS43U3H",
                    "ts": "1690998128.197359"
                },
                {
                    "user": "UJCU8BAAW",
                    "ts": "1690998447.779069"
                },
                {
                    "user": "UJCU8BAAW",
                    "ts": "1690998662.169509"
                },
                {
                    "user": "UJCU8BAAW",
                    "ts": "1690998707.684169"
                },
                {
                    "user": "U010TD4329M",
                    "ts": "1691170321.002479"
                },
                {
                    "user": "U010TD4329M",
                    "ts": "1691514833.069029"
                },
                {
                    "user": "UJCU8BAAW",
                    "ts": "1691514962.151849"
                },
                {
                    "user": "U010TD4329M",
                    "ts": "1691518823.262069"
                },
                {
                    "user": "UJCU8BAAW",
                    "ts": "1691519075.921709"
                },
                {
                    "user": "U010TD4329M",
                    "ts": "1691519425.924629"
                }
            ],
            "is_locked": false,
            "subscribed": false
        }
    },
    {
        "client_msg_id": "69a5f9f7-4420-454e-a3f7-b6c7e7f36941",
        "type": "message",
        "text": "Data can be found in the selfResults folder here: <https:\/\/github.com\/aburt2\/TStick-tester>",
        "user": "U03JWS43U3H",
        "ts": "1690996738.011729",
        "blocks": [
            {
                "type": "rich_text",
                "block_id": "CPGW6",
                "elements": [
                    {
                        "type": "rich_text_section",
                        "elements": [
                            {
                                "type": "text",
                                "text": "Data can be found in the selfResults folder here: "
                            },
                            {
                                "type": "link",
                                "url": "https:\/\/github.com\/aburt2\/TStick-tester"
                            }
                        ]
                    }
                ]
            }
        ],
        "team": "TJPN85XRA",
        "user_team": "TJPN85XRA",
        "source_team": "TJPN85XRA",
        "user_profile": {
            "avatar_hash": "g9dd84ade99b",
            "image_72": "https:\/\/secure.gravatar.com\/avatar\/9dd84ade99bb030e9269d9f654d3b81f.jpg?s=72&d=https%3A%2F%2Fa.slack-edge.com%2Fdf10d%2Fimg%2Favatars%2Fava_0006-72.png",
            "first_name": "Albert-Ngabo",
            "real_name": "Albert-Ngabo Niyonsenga",
            "display_name": "Albert-Ngabo Niyonsenga",
            "team": "TJPN85XRA",
            "name": "albert-ngabo.niyonsen",
            "is_restricted": false,
            "is_ultra_restricted": false
        },
        "attachments": [
            {
                "id": 1,
                "color": "24292f",
                "bot_id": "B059X8HQYCD",
                "app_unfurl_url": "https:\/\/github.com\/aburt2\/TStick-tester",
                "is_app_unfurl": true,
                "app_id": "A01BP7R4KNY",
                "fallback": "aburt2\/TStick-tester",
                "text": "Program to test T-Stick performance",
                "title": "aburt2\/TStick-tester",
                "fields": [
                    {
                        "value": "Python",
                        "title": "Language",
                        "short": true
                    },
                    {
                        "value": "9 months ago",
                        "title": "Last updated",
                        "short": true
                    }
                ]
            }
        ],
        "thread_ts": "1690422214.987199",
        "parent_user_id": "U010TD4329M"
    },
    {
        "client_msg_id": "82ab6e68-0315-42b7-98c8-ccb8b11d15be",
        "type": "message",
        "text": "Ok, so if I understand correctly, that would be consistent with a ~3ms latency from regular timed UDP packages. Some questions though:\n\n• Do you have a middle device to receive the ESP32 messages and send it back? I might be wrong, but I think if you connect an output to an input from the same device the UDP packets may never leave the microcontroller (i.e., sending UDP messages to localhost)\n• Are you using a router or the Rpi as AP? \n• What's the distance between the ESP32 and the Rpi\/router?",
        "user": "UJCU8BAAW",
        "ts": "1690997856.417589",
        "blocks": [
            {
                "type": "rich_text",
                "block_id": "VpYm8",
                "elements": [
                    {
                        "type": "rich_text_section",
                        "elements": [
                            {
                                "type": "text",
                                "text": "Ok, so if I understand correctly, that would be consistent with a ~3ms latency from regular timed UDP packages. Some questions though:\n\n"
                            }
                        ]
                    },
                    {
                        "type": "rich_text_list",
                        "elements": [
                            {
                                "type": "rich_text_section",
                                "elements": [
                                    {
                                        "type": "text",
                                        "text": "Do you have a middle device to receive the ESP32 messages and send it back? I might be wrong, but I think if you connect an output to an input from the same device the UDP packets may never leave the microcontroller (i.e., sending UDP messages to localhost)"
                                    }
                                ]
                            },
                            {
                                "type": "rich_text_section",
                                "elements": [
                                    {
                                        "type": "text",
                                        "text": "Are you using a router or the Rpi as AP? "
                                    }
                                ]
                            },
                            {
                                "type": "rich_text_section",
                                "elements": [
                                    {
                                        "type": "text",
                                        "text": "What's the distance between the ESP32 and the Rpi\/router?"
                                    }
                                ]
                            }
                        ],
                        "style": "bullet",
                        "indent": 0,
                        "border": 0
                    }
                ]
            }
        ],
        "team": "TJPN85XRA",
        "user_team": "TJPN85XRA",
        "source_team": "TJPN85XRA",
        "user_profile": {
            "avatar_hash": "d49c462f5537",
            "image_72": "https:\/\/avatars.slack-edge.com\/2021-06-14\/2154581376263_d49c462f5537edde8dbb_72.jpg",
            "first_name": "Edu",
            "real_name": "Edu Meneses",
            "display_name": "Edu Meneses",
            "team": "TJPN85XRA",
            "name": "eduardo.meneses",
            "is_restricted": false,
            "is_ultra_restricted": false
        },
        "edited": {
            "user": "UJCU8BAAW",
            "ts": "1690998052.000000"
        },
        "thread_ts": "1690422214.987199",
        "parent_user_id": "U010TD4329M"
    },
    {
        "client_msg_id": "56b52c32-503b-4368-b250-2508f5651b59",
        "type": "message",
        "text": "• That is what I plan to test next (was planning to use a tinypico to talk to another tinypico but was having issues with having both of them show up in webmapper consistently)\n• I don't know how the 2tree network is setup but I think it is the raspberry acting as the access point, <@U029MNKJ0DR> should know more\n• haven't measure it but it is roughly 2ish meters",
        "user": "U03JWS43U3H",
        "ts": "1690998128.197359",
        "blocks": [
            {
                "type": "rich_text",
                "block_id": "MTQ",
                "elements": [
                    {
                        "type": "rich_text_list",
                        "elements": [
                            {
                                "type": "rich_text_section",
                                "elements": [
                                    {
                                        "type": "text",
                                        "text": "That is what I plan to test next (was planning to use a tinypico to talk to another tinypico but was having issues with having both of them show up in webmapper consistently)"
                                    }
                                ]
                            },
                            {
                                "type": "rich_text_section",
                                "elements": [
                                    {
                                        "type": "text",
                                        "text": "I don't know how the 2tree network is setup but I think it is the raspberry acting as the access point, "
                                    },
                                    {
                                        "type": "user",
                                        "user_id": "U029MNKJ0DR"
                                    },
                                    {
                                        "type": "text",
                                        "text": " should know more"
                                    }
                                ]
                            },
                            {
                                "type": "rich_text_section",
                                "elements": [
                                    {
                                        "type": "text",
                                        "text": "haven't measure it but it is roughly 2ish meters"
                                    }
                                ]
                            }
                        ],
                        "style": "bullet",
                        "indent": 0,
                        "border": 0
                    }
                ]
            }
        ],
        "team": "TJPN85XRA",
        "user_team": "TJPN85XRA",
        "source_team": "TJPN85XRA",
        "user_profile": {
            "avatar_hash": "g9dd84ade99b",
            "image_72": "https:\/\/secure.gravatar.com\/avatar\/9dd84ade99bb030e9269d9f654d3b81f.jpg?s=72&d=https%3A%2F%2Fa.slack-edge.com%2Fdf10d%2Fimg%2Favatars%2Fava_0006-72.png",
            "first_name": "Albert-Ngabo",
            "real_name": "Albert-Ngabo Niyonsenga",
            "display_name": "Albert-Ngabo Niyonsenga",
            "team": "TJPN85XRA",
            "name": "albert-ngabo.niyonsen",
            "is_restricted": false,
            "is_ultra_restricted": false
        },
        "edited": {
            "user": "U03JWS43U3H",
            "ts": "1690998160.000000"
        },
        "thread_ts": "1690422214.987199",
        "parent_user_id": "U010TD4329M"
    },
    {
        "client_msg_id": "486202d2-ccf1-4b9c-9037-f8dea7e89395",
        "type": "message",
        "text": "From <https:\/\/www.nime.org\/proc\/nime20_14\/index.html|our previous tests> with <@UJSJMACMC>, we find that the distance plays a significant factor in the speed. We teorize channel obstruction\/interference also has impact (we had plans to redo the tests in a isolated cabin in the countryside, but I'm not sure<@UJSJMACMC> made them). We did our tests 1m away from the router",
        "user": "UJCU8BAAW",
        "ts": "1690998447.779069",
        "blocks": [
            {
                "type": "rich_text",
                "block_id": "JWqEd",
                "elements": [
                    {
                        "type": "rich_text_section",
                        "elements": [
                            {
                                "type": "text",
                                "text": "From "
                            },
                            {
                                "type": "link",
                                "url": "https:\/\/www.nime.org\/proc\/nime20_14\/index.html",
                                "text": "our previous tests"
                            },
                            {
                                "type": "text",
                                "text": " with "
                            },
                            {
                                "type": "user",
                                "user_id": "UJSJMACMC"
                            },
                            {
                                "type": "text",
                                "text": ", we find that the distance plays a significant factor in the speed. We teorize channel obstruction\/interference also has impact (we had plans to redo the tests in a isolated cabin in the countryside, but I'm not sure"
                            },
                            {
                                "type": "user",
                                "user_id": "UJSJMACMC"
                            },
                            {
                                "type": "text",
                                "text": " made them). We did our tests 1m away from the router"
                            }
                        ]
                    }
                ]
            }
        ],
        "team": "TJPN85XRA",
        "user_team": "TJPN85XRA",
        "source_team": "TJPN85XRA",
        "user_profile": {
            "avatar_hash": "d49c462f5537",
            "image_72": "https:\/\/avatars.slack-edge.com\/2021-06-14\/2154581376263_d49c462f5537edde8dbb_72.jpg",
            "first_name": "Edu",
            "real_name": "Edu Meneses",
            "display_name": "Edu Meneses",
            "team": "TJPN85XRA",
            "name": "eduardo.meneses",
            "is_restricted": false,
            "is_ultra_restricted": false
        },
        "thread_ts": "1690422214.987199",
        "parent_user_id": "U010TD4329M",
        "reactions": [
            {
                "name": "+1::skin-tone-6",
                "users": [
                    "U03JWS43U3H"
                ],
                "count": 1
            }
        ]
    },
    {
        "client_msg_id": "ba29ab68-1b70-4a84-9582-c0ca9c8f5ba5",
        "type": "message",
        "text": "Maybe it would be interesting to do a test without libmapper as a preparation: OSC messages sent between 2 ESP32s. It will be nice as a baseline (I assume there will be no relevant difference but it is useful to actually access that)",
        "user": "UJCU8BAAW",
        "ts": "1690998662.169509",
        "blocks": [
            {
                "type": "rich_text",
                "block_id": "u7kR",
                "elements": [
                    {
                        "type": "rich_text_section",
                        "elements": [
                            {
                                "type": "text",
                                "text": "Maybe it would be interesting to do a test without libmapper as a preparation: OSC messages sent between 2 ESP32s. It will be nice as a baseline (I assume there will be no relevant difference but it is useful to actually access that)"
                            }
                        ]
                    }
                ]
            }
        ],
        "team": "TJPN85XRA",
        "user_team": "TJPN85XRA",
        "source_team": "TJPN85XRA",
        "user_profile": {
            "avatar_hash": "d49c462f5537",
            "image_72": "https:\/\/avatars.slack-edge.com\/2021-06-14\/2154581376263_d49c462f5537edde8dbb_72.jpg",
            "first_name": "Edu",
            "real_name": "Edu Meneses",
            "display_name": "Edu Meneses",
            "team": "TJPN85XRA",
            "name": "eduardo.meneses",
            "is_restricted": false,
            "is_ultra_restricted": false
        },
        "thread_ts": "1690422214.987199",
        "parent_user_id": "U010TD4329M"
    },
    {
        "client_msg_id": "2fc8e950-bc71-4ed6-abfa-cf15b5a30f17",
        "type": "message",
        "text": "I would use liblo just in case (there is difference in bechmark for different OSC libraries)",
        "user": "UJCU8BAAW",
        "ts": "1690998707.684169",
        "blocks": [
            {
                "type": "rich_text",
                "block_id": "lWytS",
                "elements": [
                    {
                        "type": "rich_text_section",
                        "elements": [
                            {
                                "type": "text",
                                "text": "I would use liblo just in case (there is difference in bechmark for different OSC libraries)"
                            }
                        ]
                    }
                ]
            }
        ],
        "team": "TJPN85XRA",
        "user_team": "TJPN85XRA",
        "source_team": "TJPN85XRA",
        "user_profile": {
            "avatar_hash": "d49c462f5537",
            "image_72": "https:\/\/avatars.slack-edge.com\/2021-06-14\/2154581376263_d49c462f5537edde8dbb_72.jpg",
            "first_name": "Edu",
            "real_name": "Edu Meneses",
            "display_name": "Edu Meneses",
            "team": "TJPN85XRA",
            "name": "eduardo.meneses",
            "is_restricted": false,
            "is_ultra_restricted": false
        },
        "thread_ts": "1690422214.987199",
        "parent_user_id": "U010TD4329M"
    }
]