[
    {
        "type": "message",
        "subtype": "thread_broadcast",
        "text": "Thank you for everyone who responded to the poll. The T-Stick meeting will be on Tuesday, August 29th at 10am. Everyone who responded should have received a meeting invite. If not just DM me your email and I will send it again. It will be recorded for those who cannot attend.\nZoom Link: <https:\/\/mcgill.zoom.us\/j\/87365899222?pwd=ZWhJbVJLQW12Z1llZFR5SVpUTnR5QT09>",
        "user": "U03JWS43U3H",
        "ts": "1692622249.504929",
        "thread_ts": "1692128720.276579",
        "root": {
            "client_msg_id": "45435757-2cf2-4332-b14e-67c5ebbc42b2",
            "type": "message",
            "text": "<@UJR4DDS12>, <@UJCU8BAAW>, <@U010TD4329M>, <@U04S9FVGL5R>, <@U010VMNKLD6>, <@UKGLCA1GS> and everyone else who is interested, It's been about a month since the last T-Stick meeting and I was thinking of scheduling a new one for later next week or the following week.\n\nI have made quite a bit of progress on the initial design for a new T-Stick prototype and Travis has made some progress on the firmware. This meeting is an opportunity provide feedback on hardware and firmware, to summarize the network testing results, and to narrow the focus of this round of design.\n\nCan you please fill out this WhenisGood to schedule a date?\n<http:\/\/whenisgood.net\/4xtk7js>",
            "user": "U03JWS43U3H",
            "ts": "1692128720.276579",
            "blocks": [
                {
                    "type": "rich_text",
                    "block_id": "CVx3l",
                    "elements": [
                        {
                            "type": "rich_text_section",
                            "elements": [
                                {
                                    "type": "user",
                                    "user_id": "UJR4DDS12"
                                },
                                {
                                    "type": "text",
                                    "text": ", "
                                },
                                {
                                    "type": "user",
                                    "user_id": "UJCU8BAAW"
                                },
                                {
                                    "type": "text",
                                    "text": ", "
                                },
                                {
                                    "type": "user",
                                    "user_id": "U010TD4329M"
                                },
                                {
                                    "type": "text",
                                    "text": ", "
                                },
                                {
                                    "type": "user",
                                    "user_id": "U04S9FVGL5R"
                                },
                                {
                                    "type": "text",
                                    "text": ", "
                                },
                                {
                                    "type": "user",
                                    "user_id": "U010VMNKLD6"
                                },
                                {
                                    "type": "text",
                                    "text": ", "
                                },
                                {
                                    "type": "user",
                                    "user_id": "UKGLCA1GS"
                                },
                                {
                                    "type": "text",
                                    "text": " and everyone else who is interested, It's been about a month since the last T-Stick meeting and I was thinking of scheduling a new one for later next week or the following week.\n\nI have made quite a bit of progress on the initial design for a new T-Stick prototype and Travis has made some progress on the firmware. This meeting is an opportunity provide feedback on hardware and firmware, to summarize the network testing results, and to narrow the focus of this round of design.\n\nCan you please fill out this WhenisGood to schedule a date?\n"
                                },
                                {
                                    "type": "link",
                                    "url": "http:\/\/whenisgood.net\/4xtk7js"
                                }
                            ]
                        }
                    ]
                }
            ],
            "team": "TJPN85XRA",
            "attachments": [
                {
                    "from_url": "http:\/\/whenisgood.net\/4xtk7js",
                    "service_icon": "http:\/\/whenisgood.net\/favicon.ico",
                    "id": 1,
                    "original_url": "http:\/\/whenisgood.net\/4xtk7js",
                    "fallback": "WhenIsGood: T-Stick Prototype Update",
                    "text": "Plan the time to have your meeting or event by co-ordinating availability with all the particpants using this fuss-free online tool.",
                    "title": "WhenIsGood: T-Stick Prototype Update",
                    "title_link": "http:\/\/whenisgood.net\/4xtk7js",
                    "service_name": "whenisgood.net"
                }
            ],
            "thread_ts": "1692128720.276579",
            "reply_count": 5,
            "reply_users_count": 3,
            "latest_reply": "1692622249.504929",
            "reply_users": [
                "U03JWS43U3H",
                "UK4BP4NH2",
                "UJR4DDS12"
            ],
            "replies": [
                {
                    "user": "U03JWS43U3H",
                    "ts": "1692128748.710909"
                },
                {
                    "user": "U03JWS43U3H",
                    "ts": "1692128811.605669"
                },
                {
                    "user": "UK4BP4NH2",
                    "ts": "1692129295.703929"
                },
                {
                    "user": "UJR4DDS12",
                    "ts": "1692129337.542659"
                },
                {
                    "user": "U03JWS43U3H",
                    "ts": "1692622249.504929"
                }
            ],
            "is_locked": false,
            "subscribed": false
        },
        "blocks": [
            {
                "type": "rich_text",
                "block_id": "Lf\/Pt",
                "elements": [
                    {
                        "type": "rich_text_section",
                        "elements": [
                            {
                                "type": "text",
                                "text": "Thank you for everyone who responded to the poll. The T-Stick meeting will be on Tuesday, August 29th at 10am. Everyone who responded should have received a meeting invite. If not just DM me your email and I will send it again. It will be recorded for those who cannot attend.\nZoom Link: "
                            },
                            {
                                "type": "link",
                                "url": "https:\/\/mcgill.zoom.us\/j\/87365899222?pwd=ZWhJbVJLQW12Z1llZFR5SVpUTnR5QT09"
                            }
                        ]
                    }
                ]
            }
        ],
        "client_msg_id": "d445ac24-04ec-4835-979c-7ab9fef19c9e",
        "reactions": [
            {
                "name": "+1::skin-tone-5",
                "users": [
                    "UJCU8BAAW"
                ],
                "count": 1
            }
        ]
    }
]