[
    {
        "client_msg_id": "224ABD0D-9159-461E-82C8-01FD96C70C44",
        "type": "message",
        "text": "Do they support multitouch?",
        "user": "U010TD4329M",
        "ts": "1691847643.567689",
        "blocks": [
            {
                "type": "rich_text",
                "block_id": "sMzi+",
                "elements": [
                    {
                        "type": "rich_text_section",
                        "elements": [
                            {
                                "type": "text",
                                "text": "Do they support multitouch?"
                            }
                        ]
                    }
                ]
            }
        ],
        "team": "TJPN85XRA",
        "user_team": "TJPN85XRA",
        "source_team": "TJPN85XRA",
        "user_profile": {
            "avatar_hash": "g76664e246bb",
            "image_72": "https:\/\/secure.gravatar.com\/avatar\/76664e246bb99704f2fe508d673b1124.jpg?s=72&d=https%3A%2F%2Fa.slack-edge.com%2Fdf10d%2Fimg%2Favatars%2Fava_0026-72.png",
            "first_name": "",
            "real_name": "Joe Malloch",
            "display_name": "Joe Malloch",
            "team": "TJPN85XRA",
            "name": "jmalloch",
            "is_restricted": false,
            "is_ultra_restricted": false
        },
        "thread_ts": "1691508988.314989",
        "parent_user_id": "U03JWS43U3H"
    }
]