[
    {
        "client_msg_id": "bcac3004-ed03-47c0-8efa-9b94a3018415",
        "type": "message",
        "text": "Nice preliminary results. Some thoughts:\n• jitter might be smaller when you add a polling delay as you introduce lucky (aka concurrent asynchronous tasks). Maybe the way liblo works to send messages plays a role. I'm still curious about \"pure liblo jitter\", e.g., sending a ping using only liblo in a predefined frequency in opposition to \"as fast as possible\". Looking forward to next-week tests\n• between thr TinyPico and the Sparkfun it seems to have a microprocessor difference (depending on the board versions). Some Sparkfun boards only has 1 core at max 240MHz. I think a sigle core gets busy with WiFi stuff and interrupts the main loop (or threads) more. That might justify the  ~2ms extra latency and higher jitter",
        "user": "UJCU8BAAW",
        "ts": "1691415352.396429",
        "blocks": [
            {
                "type": "rich_text",
                "block_id": "vMSWB",
                "elements": [
                    {
                        "type": "rich_text_section",
                        "elements": [
                            {
                                "type": "text",
                                "text": "Nice preliminary results. Some thoughts:\n"
                            }
                        ]
                    },
                    {
                        "type": "rich_text_list",
                        "elements": [
                            {
                                "type": "rich_text_section",
                                "elements": [
                                    {
                                        "type": "text",
                                        "text": "jitter might be smaller when you add a polling delay as you introduce lucky (aka concurrent asynchronous tasks). Maybe the way liblo works to send messages plays a role. I'm still curious about \"pure liblo jitter\", e.g., sending a ping using only liblo in a predefined frequency in opposition to \"as fast as possible\". Looking forward to next-week tests"
                                    }
                                ]
                            },
                            {
                                "type": "rich_text_section",
                                "elements": [
                                    {
                                        "type": "text",
                                        "text": "between thr TinyPico and the Sparkfun it seems to have a microprocessor difference (depending on the board versions). Some Sparkfun boards only has 1 core at max 240MHz. I think a sigle core gets busy with WiFi stuff and interrupts the main loop (or threads) more. That might justify the  ~2ms extra latency and higher jitter"
                                    }
                                ]
                            }
                        ],
                        "style": "bullet",
                        "indent": 0,
                        "border": 0
                    }
                ]
            }
        ],
        "team": "TJPN85XRA",
        "user_team": "TJPN85XRA",
        "source_team": "TJPN85XRA",
        "user_profile": {
            "avatar_hash": "d49c462f5537",
            "image_72": "https:\/\/avatars.slack-edge.com\/2021-06-14\/2154581376263_d49c462f5537edde8dbb_72.jpg",
            "first_name": "Edu",
            "real_name": "Edu Meneses",
            "display_name": "Edu Meneses",
            "team": "TJPN85XRA",
            "name": "eduardo.meneses",
            "is_restricted": false,
            "is_ultra_restricted": false
        },
        "thread_ts": "1691295510.953599",
        "parent_user_id": "U03JWS43U3H"
    }
]