[
    {
        "client_msg_id": "f51a8ef4-18eb-43b4-8159-8eebfdf44316",
        "type": "message",
        "text": "Local maps (from a signal to another signal on the same device or a device that shares a graph) are processed locally and never hit the network (not even local loopback).",
        "user": "U010TD4329M",
        "ts": "1691170321.002479",
        "blocks": [
            {
                "type": "rich_text",
                "block_id": "ieg5",
                "elements": [
                    {
                        "type": "rich_text_section",
                        "elements": [
                            {
                                "type": "text",
                                "text": "Local maps (from a signal to another signal on the same device or a device that shares a graph) are processed locally and never hit the network (not even local loopback)."
                            }
                        ]
                    }
                ]
            }
        ],
        "team": "TJPN85XRA",
        "user_team": "TJPN85XRA",
        "source_team": "TJPN85XRA",
        "user_profile": {
            "avatar_hash": "g76664e246bb",
            "image_72": "https:\/\/secure.gravatar.com\/avatar\/76664e246bb99704f2fe508d673b1124.jpg?s=72&d=https%3A%2F%2Fa.slack-edge.com%2Fdf10d%2Fimg%2Favatars%2Fava_0026-72.png",
            "first_name": "",
            "real_name": "Joe Malloch",
            "display_name": "Joe Malloch",
            "team": "TJPN85XRA",
            "name": "jmalloch",
            "is_restricted": false,
            "is_ultra_restricted": false
        },
        "thread_ts": "1690422214.987199",
        "parent_user_id": "U010TD4329M"
    }
]