[
    {
        "client_msg_id": "8ca1f1b3-8d17-444b-90ed-2522eace09c6",
        "type": "message",
        "text": "Hey, <@U03JWS43U3H> what does the Offset libmapper device do, is it to set the angle of the TT? My team is trying to move one TT with another over Libmapper.",
        "user": "U03RKAGLHTP",
        "ts": "1665175637.987299",
        "blocks": [
            {
                "type": "rich_text",
                "block_id": "04u",
                "elements": [
                    {
                        "type": "rich_text_section",
                        "elements": [
                            {
                                "type": "text",
                                "text": "Hey, "
                            },
                            {
                                "type": "user",
                                "user_id": "U03JWS43U3H"
                            },
                            {
                                "type": "text",
                                "text": " what does the Offset libmapper device do, is it to set the angle of the TT? My team is trying to move one TT with another over Libmapper."
                            }
                        ]
                    }
                ]
            }
        ],
        "team": "TJPN85XRA",
        "user_team": "TJPN85XRA",
        "source_team": "TJPN85XRA",
        "user_profile": {
            "avatar_hash": "g0c030baca6f",
            "image_72": "https:\/\/secure.gravatar.com\/avatar\/0c030baca6f5c1ffd705bc5dee6c672a.jpg?s=72&d=https%3A%2F%2Fa.slack-edge.com%2Fdf10d%2Fimg%2Favatars%2Fava_0018-72.png",
            "first_name": "Maxwell",
            "real_name": "Maxwell Gentili-Morin",
            "display_name": "Maxwell Gentili-Morin",
            "team": "TJPN85XRA",
            "name": "maxwell.gentili-morin",
            "is_restricted": false,
            "is_ultra_restricted": false
        },
        "thread_ts": "1665175637.987299",
        "reply_count": 4,
        "reply_users_count": 3,
        "latest_reply": "1665178321.115289",
        "reply_users": [
            "U03JWS43U3H",
            "U03RKAGLHTP",
            "U03JTLB9FSS"
        ],
        "replies": [
            {
                "user": "U03JWS43U3H",
                "ts": "1665176118.724549"
            },
            {
                "user": "U03RKAGLHTP",
                "ts": "1665176295.289429"
            },
            {
                "user": "U03JTLB9FSS",
                "ts": "1665178280.644029"
            },
            {
                "user": "U03JTLB9FSS",
                "ts": "1665178321.115289"
            }
        ],
        "is_locked": false,
        "subscribed": false
    },
    {
        "client_msg_id": "4e553782-c091-400e-9fe7-1c3e2c514ac6",
        "type": "message",
        "text": "its to change the angle offset for torque effects, so for things like the magnet effect or the linear spring effect it changes the neutral position",
        "user": "U03JWS43U3H",
        "ts": "1665176118.724549",
        "blocks": [
            {
                "type": "rich_text",
                "block_id": "96Xk",
                "elements": [
                    {
                        "type": "rich_text_section",
                        "elements": [
                            {
                                "type": "text",
                                "text": "its to change the angle offset for torque effects, so for things like the magnet effect or the linear spring effect it changes the neutral position"
                            }
                        ]
                    }
                ]
            }
        ],
        "team": "TJPN85XRA",
        "user_team": "TJPN85XRA",
        "source_team": "TJPN85XRA",
        "user_profile": {
            "avatar_hash": "g9dd84ade99b",
            "image_72": "https:\/\/secure.gravatar.com\/avatar\/9dd84ade99bb030e9269d9f654d3b81f.jpg?s=72&d=https%3A%2F%2Fa.slack-edge.com%2Fdf10d%2Fimg%2Favatars%2Fava_0006-72.png",
            "first_name": "Albert-Ngabo",
            "real_name": "Albert-Ngabo Niyonsenga",
            "display_name": "Albert-Ngabo Niyonsenga",
            "team": "TJPN85XRA",
            "name": "albert-ngabo.niyonsen",
            "is_restricted": false,
            "is_ultra_restricted": false
        },
        "thread_ts": "1665175637.987299",
        "parent_user_id": "U03RKAGLHTP"
    },
    {
        "client_msg_id": "9df3b8cb-a5ea-44b0-9a6c-963e055924f4",
        "type": "message",
        "text": "ok, is there any way you think we can have one be moved by another?",
        "user": "U03RKAGLHTP",
        "ts": "1665176295.289429",
        "blocks": [
            {
                "type": "rich_text",
                "block_id": "i5t",
                "elements": [
                    {
                        "type": "rich_text_section",
                        "elements": [
                            {
                                "type": "text",
                                "text": "ok, is there any way you think we can have one be moved by another?"
                            }
                        ]
                    }
                ]
            }
        ],
        "team": "TJPN85XRA",
        "user_team": "TJPN85XRA",
        "source_team": "TJPN85XRA",
        "user_profile": {
            "avatar_hash": "g0c030baca6f",
            "image_72": "https:\/\/secure.gravatar.com\/avatar\/0c030baca6f5c1ffd705bc5dee6c672a.jpg?s=72&d=https%3A%2F%2Fa.slack-edge.com%2Fdf10d%2Fimg%2Favatars%2Fava_0018-72.png",
            "first_name": "Maxwell",
            "real_name": "Maxwell Gentili-Morin",
            "display_name": "Maxwell Gentili-Morin",
            "team": "TJPN85XRA",
            "name": "maxwell.gentili-morin",
            "is_restricted": false,
            "is_ultra_restricted": false
        },
        "thread_ts": "1665175637.987299",
        "parent_user_id": "U03RKAGLHTP"
    },
    {
        "client_msg_id": "3c82f024-3d26-4a9e-af47-a1b73684a1a4",
        "type": "message",
        "text": "My branch here lets you set the torque over serial, maybe you could chain them with that: <https:\/\/gitlab.com\/bboettcher31\/TorqueTuner-ESP32\/-\/tree\/feat\/audio_scrub>",
        "user": "U03JTLB9FSS",
        "ts": "1665178280.644029",
        "blocks": [
            {
                "type": "rich_text",
                "block_id": "K3g69",
                "elements": [
                    {
                        "type": "rich_text_section",
                        "elements": [
                            {
                                "type": "text",
                                "text": "My branch here lets you set the torque over serial, maybe you could chain them with that: "
                            },
                            {
                                "type": "link",
                                "url": "https:\/\/gitlab.com\/bboettcher31\/TorqueTuner-ESP32\/-\/tree\/feat\/audio_scrub"
                            }
                        ]
                    }
                ]
            }
        ],
        "team": "TJPN85XRA",
        "user_team": "TJPN85XRA",
        "source_team": "TJPN85XRA",
        "user_profile": {
            "avatar_hash": "459fb8de8703",
            "image_72": "https:\/\/avatars.slack-edge.com\/2022-07-28\/3867310060339_459fb8de8703bb2678e5_72.jpg",
            "first_name": "Brady",
            "real_name": "Brady Boettcher",
            "display_name": "",
            "team": "TJPN85XRA",
            "name": "brady.boettcher",
            "is_restricted": false,
            "is_ultra_restricted": false
        },
        "thread_ts": "1665175637.987299",
        "parent_user_id": "U03RKAGLHTP"
    },
    {
        "client_msg_id": "f20d9124-58b9-448b-bd5d-b858c2f2fe8a",
        "type": "message",
        "text": "when in SERIAL_LISTEN mode it sends out the angle from serial as ints [0,3600] separated by spaces, and receives torque values [0,180]",
        "user": "U03JTLB9FSS",
        "ts": "1665178321.115289",
        "blocks": [
            {
                "type": "rich_text",
                "block_id": "XGssw",
                "elements": [
                    {
                        "type": "rich_text_section",
                        "elements": [
                            {
                                "type": "text",
                                "text": "when in SERIAL_LISTEN mode it sends out the angle from serial as ints [0,3600] separated by spaces, and receives torque values [0,180]"
                            }
                        ]
                    }
                ]
            }
        ],
        "team": "TJPN85XRA",
        "user_team": "TJPN85XRA",
        "source_team": "TJPN85XRA",
        "user_profile": {
            "avatar_hash": "459fb8de8703",
            "image_72": "https:\/\/avatars.slack-edge.com\/2022-07-28\/3867310060339_459fb8de8703bb2678e5_72.jpg",
            "first_name": "Brady",
            "real_name": "Brady Boettcher",
            "display_name": "",
            "team": "TJPN85XRA",
            "name": "brady.boettcher",
            "is_restricted": false,
            "is_ultra_restricted": false
        },
        "edited": {
            "user": "U03JTLB9FSS",
            "ts": "1665178401.000000"
        },
        "thread_ts": "1665175637.987299",
        "parent_user_id": "U03RKAGLHTP"
    }
]