[
    {
        "type": "message",
        "text": "Any plans for a TorqueTuner orchestra yet?",
        "files": [
            {
                "id": "F045MJ57UDB",
                "mode": "hidden_by_limit"
            }
        ],
        "upload": false,
        "user": "U03KSGRRF5F",
        "display_as_bot": false,
        "ts": "1665245887.147259",
        "blocks": [
            {
                "type": "rich_text",
                "block_id": "WKT",
                "elements": [
                    {
                        "type": "rich_text_section",
                        "elements": [
                            {
                                "type": "text",
                                "text": "Any plans for a TorqueTuner orchestra yet?"
                            }
                        ]
                    }
                ]
            }
        ],
        "client_msg_id": "45c95082-69ad-4f8e-ab0c-b59cd5684324"
    }
]