[
    {
        "client_msg_id": "9bd68328-248a-48d7-a04d-5e1db58defcf",
        "type": "message",
        "text": "I was wondering if other teams were looking into the customization or creation of new haptic modes.\ne.g. Deciding the number of click in a full or partial rotation.\n\nFrom what I understand, some rely only on code (wall, LinSpring) and some are using the embedded transfer functions.\nAlthough the [Feelix software ](<https:\/\/docs.feelix.xyz\/>) seems to have an export function, I doubt it would work right away as a replacement for any of the existing TF. I haven't found similar option with [ForceHost](<https:\/\/gitlab.com\/ForceHost>) which seems to be focused on direct connectivity with the motor.",
        "user": "UK4BP4NH2",
        "ts": "1664980057.225669",
        "blocks": [
            {
                "type": "rich_text",
                "block_id": "ZvFC",
                "elements": [
                    {
                        "type": "rich_text_section",
                        "elements": [
                            {
                                "type": "text",
                                "text": "I was wondering if other teams were looking into the customization or creation of new haptic modes.\ne.g. Deciding the number of click in a full or partial rotation.\n\nFrom what I understand, some rely only on code (wall, LinSpring) and some are using the embedded transfer functions.\nAlthough the [Feelix software ]("
                            },
                            {
                                "type": "link",
                                "url": "https:\/\/docs.feelix.xyz\/"
                            },
                            {
                                "type": "text",
                                "text": ") seems to have an export function, I doubt it would work right away as a replacement for any of the existing TF. I haven't found similar option with [ForceHost]("
                            },
                            {
                                "type": "link",
                                "url": "https:\/\/gitlab.com\/ForceHost"
                            },
                            {
                                "type": "text",
                                "text": ") which seems to be focused on direct connectivity with the motor."
                            }
                        ]
                    }
                ]
            }
        ],
        "team": "TJPN85XRA",
        "user_team": "TJPN85XRA",
        "source_team": "TJPN85XRA",
        "user_profile": {
            "avatar_hash": "f8256459a816",
            "image_72": "https:\/\/avatars.slack-edge.com\/2022-06-14\/3669597334018_f8256459a8162b9e2d8e_72.png",
            "first_name": "vincentcusson",
            "real_name": "vincentcusson",
            "display_name": "vincentcusson",
            "team": "TJPN85XRA",
            "name": "cusson.v",
            "is_restricted": false,
            "is_ultra_restricted": false
        },
        "edited": {
            "user": "UK4BP4NH2",
            "ts": "1664981403.000000"
        },
        "thread_ts": "1664980057.225669",
        "reply_count": 12,
        "reply_users_count": 2,
        "latest_reply": "1664983701.749219",
        "reply_users": [
            "UJQ9N9KA9",
            "UK4BP4NH2"
        ],
        "replies": [
            {
                "user": "UJQ9N9KA9",
                "ts": "1664983201.650269"
            },
            {
                "user": "UJQ9N9KA9",
                "ts": "1664983373.364809"
            },
            {
                "user": "UK4BP4NH2",
                "ts": "1664983417.070439"
            },
            {
                "user": "UJQ9N9KA9",
                "ts": "1664983452.600619"
            },
            {
                "user": "UJQ9N9KA9",
                "ts": "1664983462.697649"
            },
            {
                "user": "UJQ9N9KA9",
                "ts": "1664983474.097789"
            },
            {
                "user": "UJQ9N9KA9",
                "ts": "1664983512.602439"
            },
            {
                "user": "UJQ9N9KA9",
                "ts": "1664983532.273779"
            },
            {
                "user": "UJQ9N9KA9",
                "ts": "1664983608.222449"
            },
            {
                "user": "UJQ9N9KA9",
                "ts": "1664983635.334629"
            },
            {
                "user": "UJQ9N9KA9",
                "ts": "1664983654.024919"
            },
            {
                "user": "UJQ9N9KA9",
                "ts": "1664983701.749219"
            }
        ],
        "is_locked": false,
        "subscribed": false
    },
    {
        "client_msg_id": "6e33bc18-a6bd-43d2-8939-bcb7eae27c60",
        "type": "message",
        "text": "I'm in the lab today taking a look at it",
        "user": "U03JTLB9FSS",
        "ts": "1664980093.703079",
        "blocks": [
            {
                "type": "rich_text",
                "block_id": "FmPYA",
                "elements": [
                    {
                        "type": "rich_text_section",
                        "elements": [
                            {
                                "type": "text",
                                "text": "I'm in the lab today taking a look at it"
                            }
                        ]
                    }
                ]
            }
        ],
        "team": "TJPN85XRA",
        "user_team": "TJPN85XRA",
        "source_team": "TJPN85XRA",
        "user_profile": {
            "avatar_hash": "459fb8de8703",
            "image_72": "https:\/\/avatars.slack-edge.com\/2022-07-28\/3867310060339_459fb8de8703bb2678e5_72.jpg",
            "first_name": "Brady",
            "real_name": "Brady Boettcher",
            "display_name": "",
            "team": "TJPN85XRA",
            "name": "brady.boettcher",
            "is_restricted": false,
            "is_ultra_restricted": false
        },
        "thread_ts": "1664935035.304349",
        "parent_user_id": "U03JTLB9FSS"
    },
    {
        "client_msg_id": "08606fc4-54ac-4bab-b225-15c39a767cde",
        "type": "message",
        "text": "My team has talked about making a more dynamic mode that sets the torque continuously, but that doesn't fit the current mode abstraction so it would probably be a bit of extra work",
        "user": "U03JTLB9FSS",
        "ts": "1664980177.769979",
        "blocks": [
            {
                "type": "rich_text",
                "block_id": "GKy",
                "elements": [
                    {
                        "type": "rich_text_section",
                        "elements": [
                            {
                                "type": "text",
                                "text": "My team has talked about making a more dynamic mode that sets the torque continuously, but that doesn't fit the current mode abstraction so it would probably be a bit of extra work"
                            }
                        ]
                    }
                ]
            }
        ],
        "team": "TJPN85XRA",
        "user_team": "TJPN85XRA",
        "source_team": "TJPN85XRA",
        "user_profile": {
            "avatar_hash": "459fb8de8703",
            "image_72": "https:\/\/avatars.slack-edge.com\/2022-07-28\/3867310060339_459fb8de8703bb2678e5_72.jpg",
            "first_name": "Brady",
            "real_name": "Brady Boettcher",
            "display_name": "",
            "team": "TJPN85XRA",
            "name": "brady.boettcher",
            "is_restricted": false,
            "is_ultra_restricted": false
        }
    },
    {
        "client_msg_id": "eebeb004-5f3e-4cd6-9cb4-16b2763a9834",
        "type": "message",
        "text": "So <@U03JTLB9FSS> you would have to update:\n<https:\/\/gitlab.com\/idmil\/haptics\/moteus\/-\/blob\/RotaRep\/fw\/TorqueTuner.cpp>\n• `#define I2C_BUF_SIZE 14` \n• in `void sendI2C() {...}`  add after velocity something like: \n```tmp = 0.0f;\/\/v;\nif(bldcServo) tmp = ScaleTorque(bldcServo-&gt;status().torque_Nm, type);\nmemcpy(tx_data + 4, &amp;tmp , 4); \/\/ float```\n with `ScaleTorque` and `type` to be determined from <https:\/\/gitlab.com\/idmil\/haptics\/moteus\/-\/blob\/RotaRep\/fw\/moteus_controller.cc>",
        "user": "UJQ9N9KA9",
        "ts": "1664982646.413049",
        "blocks": [
            {
                "type": "rich_text",
                "block_id": "snX",
                "elements": [
                    {
                        "type": "rich_text_section",
                        "elements": [
                            {
                                "type": "text",
                                "text": "So "
                            },
                            {
                                "type": "user",
                                "user_id": "U03JTLB9FSS"
                            },
                            {
                                "type": "text",
                                "text": " you would have to update:\n"
                            },
                            {
                                "type": "link",
                                "url": "https:\/\/gitlab.com\/idmil\/haptics\/moteus\/-\/blob\/RotaRep\/fw\/TorqueTuner.cpp"
                            },
                            {
                                "type": "text",
                                "text": "\n"
                            }
                        ]
                    },
                    {
                        "type": "rich_text_list",
                        "elements": [
                            {
                                "type": "rich_text_section",
                                "elements": [
                                    {
                                        "type": "text",
                                        "text": "#define I2C_BUF_SIZE 14",
                                        "style": {
                                            "code": true
                                        }
                                    },
                                    {
                                        "type": "text",
                                        "text": " "
                                    }
                                ]
                            },
                            {
                                "type": "rich_text_section",
                                "elements": [
                                    {
                                        "type": "text",
                                        "text": "in "
                                    },
                                    {
                                        "type": "text",
                                        "text": "void sendI2C() {...} ",
                                        "style": {
                                            "code": true
                                        }
                                    },
                                    {
                                        "type": "text",
                                        "text": " add after velocity something like: "
                                    }
                                ]
                            }
                        ],
                        "style": "bullet",
                        "indent": 0,
                        "border": 0
                    },
                    {
                        "type": "rich_text_preformatted",
                        "elements": [
                            {
                                "type": "text",
                                "text": "tmp = 0.0f;\/\/v;\nif(bldcServo) tmp = ScaleTorque(bldcServo->status().torque_Nm, type);\nmemcpy(tx_data + 4, &tmp , 4); \/\/ float"
                            }
                        ],
                        "border": 0
                    },
                    {
                        "type": "rich_text_section",
                        "elements": [
                            {
                                "type": "text",
                                "text": " with "
                            },
                            {
                                "type": "text",
                                "text": "ScaleTorque",
                                "style": {
                                    "code": true
                                }
                            },
                            {
                                "type": "text",
                                "text": " and "
                            },
                            {
                                "type": "text",
                                "text": "type",
                                "style": {
                                    "code": true
                                }
                            },
                            {
                                "type": "text",
                                "text": " to be determined from "
                            },
                            {
                                "type": "link",
                                "url": "https:\/\/gitlab.com\/idmil\/haptics\/moteus\/-\/blob\/RotaRep\/fw\/moteus_controller.cc"
                            }
                        ]
                    }
                ]
            }
        ],
        "team": "TJPN85XRA",
        "user_team": "TJPN85XRA",
        "source_team": "TJPN85XRA",
        "user_profile": {
            "avatar_hash": "3be35bf04429",
            "image_72": "https:\/\/avatars.slack-edge.com\/2023-08-28\/5813587733204_3be35bf044296c45bdde_72.jpg",
            "first_name": "",
            "real_name": "ChristianFrisson",
            "display_name": "ChristianFrisson",
            "team": "TJPN85XRA",
            "name": "christian.frisson",
            "is_restricted": false,
            "is_ultra_restricted": false
        },
        "thread_ts": "1664935035.304349",
        "parent_user_id": "U03JTLB9FSS"
    },
    {
        "client_msg_id": "a516106c-17a7-45f0-a9a9-aa2419c796e2",
        "type": "message",
        "text": "then also:\n•  `const uint8_t I2C_BUF_SIZE = 14;`\n• and something like `memcpy(&amp;measured_torque, rx_data + 4, 4);` (with a new `measured_torque` variable, NOT `&amp;knob_-&gt;torque` !)\nin <https:\/\/gitlab.com\/idmil\/haptics\/TorqueTuner-ESP32\/-\/blob\/visual-feedback\/Firmware\/Esp32\/Esp32.ino> or <https:\/\/gitlab.com\/idmil\/haptics\/TorqueTuner-ESP32\/-\/blob\/platform\/src\/main.cpp>",
        "user": "UJQ9N9KA9",
        "ts": "1664982936.767269",
        "blocks": [
            {
                "type": "rich_text",
                "block_id": "2Gu+",
                "elements": [
                    {
                        "type": "rich_text_section",
                        "elements": [
                            {
                                "type": "text",
                                "text": "then also:\n"
                            }
                        ]
                    },
                    {
                        "type": "rich_text_list",
                        "elements": [
                            {
                                "type": "rich_text_section",
                                "elements": [
                                    {
                                        "type": "text",
                                        "text": " "
                                    },
                                    {
                                        "type": "text",
                                        "text": "const uint8_t I2C_BUF_SIZE = 14;",
                                        "style": {
                                            "code": true
                                        }
                                    }
                                ]
                            },
                            {
                                "type": "rich_text_section",
                                "elements": [
                                    {
                                        "type": "text",
                                        "text": "and something like "
                                    },
                                    {
                                        "type": "text",
                                        "text": "memcpy(&measured_torque, rx_data + 4, 4);",
                                        "style": {
                                            "code": true
                                        }
                                    },
                                    {
                                        "type": "text",
                                        "text": " (with a new "
                                    },
                                    {
                                        "type": "text",
                                        "text": "measured_torque",
                                        "style": {
                                            "code": true
                                        }
                                    },
                                    {
                                        "type": "text",
                                        "text": " variable, NOT "
                                    },
                                    {
                                        "type": "text",
                                        "text": "&knob_->torque",
                                        "style": {
                                            "code": true
                                        }
                                    },
                                    {
                                        "type": "text",
                                        "text": " !)"
                                    }
                                ]
                            }
                        ],
                        "style": "bullet",
                        "indent": 0,
                        "border": 0
                    },
                    {
                        "type": "rich_text_section",
                        "elements": [
                            {
                                "type": "text",
                                "text": "in "
                            },
                            {
                                "type": "link",
                                "url": "https:\/\/gitlab.com\/idmil\/haptics\/TorqueTuner-ESP32\/-\/blob\/visual-feedback\/Firmware\/Esp32\/Esp32.ino"
                            },
                            {
                                "type": "text",
                                "text": " or "
                            },
                            {
                                "type": "link",
                                "url": "https:\/\/gitlab.com\/idmil\/haptics\/TorqueTuner-ESP32\/-\/blob\/platform\/src\/main.cpp"
                            }
                        ]
                    }
                ]
            }
        ],
        "team": "TJPN85XRA",
        "user_team": "TJPN85XRA",
        "source_team": "TJPN85XRA",
        "user_profile": {
            "avatar_hash": "3be35bf04429",
            "image_72": "https:\/\/avatars.slack-edge.com\/2023-08-28\/5813587733204_3be35bf044296c45bdde_72.jpg",
            "first_name": "",
            "real_name": "ChristianFrisson",
            "display_name": "ChristianFrisson",
            "team": "TJPN85XRA",
            "name": "christian.frisson",
            "is_restricted": false,
            "is_ultra_restricted": false
        },
        "thread_ts": "1664935035.304349",
        "parent_user_id": "U03JTLB9FSS"
    },
    {
        "client_msg_id": "8c323f09-1993-4f75-92ba-930d74909fbd",
        "type": "message",
        "text": "But first and foremost <@U03JTLB9FSS> what would be your use-case with measured torque?",
        "user": "UJQ9N9KA9",
        "ts": "1664982970.250529",
        "blocks": [
            {
                "type": "rich_text",
                "block_id": "6Y6",
                "elements": [
                    {
                        "type": "rich_text_section",
                        "elements": [
                            {
                                "type": "text",
                                "text": "But first and foremost "
                            },
                            {
                                "type": "user",
                                "user_id": "U03JTLB9FSS"
                            },
                            {
                                "type": "text",
                                "text": " what would be your use-case with measured torque?"
                            }
                        ]
                    }
                ]
            }
        ],
        "team": "TJPN85XRA",
        "user_team": "TJPN85XRA",
        "source_team": "TJPN85XRA",
        "user_profile": {
            "avatar_hash": "3be35bf04429",
            "image_72": "https:\/\/avatars.slack-edge.com\/2023-08-28\/5813587733204_3be35bf044296c45bdde_72.jpg",
            "first_name": "",
            "real_name": "ChristianFrisson",
            "display_name": "ChristianFrisson",
            "team": "TJPN85XRA",
            "name": "christian.frisson",
            "is_restricted": false,
            "is_ultra_restricted": false
        },
        "thread_ts": "1664935035.304349",
        "parent_user_id": "U03JTLB9FSS"
    },
    {
        "client_msg_id": "ae7f5f2d-414c-45a5-bf56-04ad91e09a13",
        "type": "message",
        "text": "I guess this:\n<https:\/\/idmil.slack.com\/archives\/C04561FQHNV\/p1664980177769979>",
        "user": "UJQ9N9KA9",
        "ts": "1664982999.850399",
        "blocks": [
            {
                "type": "rich_text",
                "block_id": "aXpY",
                "elements": [
                    {
                        "type": "rich_text_section",
                        "elements": [
                            {
                                "type": "text",
                                "text": "I guess this:\n"
                            },
                            {
                                "type": "link",
                                "url": "https:\/\/idmil.slack.com\/archives\/C04561FQHNV\/p1664980177769979"
                            }
                        ]
                    }
                ]
            }
        ],
        "team": "TJPN85XRA",
        "user_team": "TJPN85XRA",
        "source_team": "TJPN85XRA",
        "user_profile": {
            "avatar_hash": "3be35bf04429",
            "image_72": "https:\/\/avatars.slack-edge.com\/2023-08-28\/5813587733204_3be35bf044296c45bdde_72.jpg",
            "first_name": "",
            "real_name": "ChristianFrisson",
            "display_name": "ChristianFrisson",
            "team": "TJPN85XRA",
            "name": "christian.frisson",
            "is_restricted": false,
            "is_ultra_restricted": false
        },
        "attachments": [
            {
                "from_url": "https:\/\/idmil.slack.com\/archives\/C04561FQHNV\/p1664980177769979",
                "ts": "1664980177.769979",
                "author_id": "U03JTLB9FSS",
                "channel_id": "C04561FQHNV",
                "channel_team": "TJPN85XRA",
                "is_msg_unfurl": true,
                "message_blocks": [
                    {
                        "team": "TJPN85XRA",
                        "channel": "C04561FQHNV",
                        "ts": "1664980177.769979",
                        "message": {
                            "blocks": [
                                {
                                    "type": "rich_text",
                                    "block_id": "GKy",
                                    "elements": [
                                        {
                                            "type": "rich_text_section",
                                            "elements": [
                                                {
                                                    "type": "text",
                                                    "text": "My team has talked about making a more dynamic mode that sets the torque continuously, but that doesn't fit the current mode abstraction so it would probably be a bit of extra work"
                                                }
                                            ]
                                        }
                                    ]
                                }
                            ]
                        }
                    }
                ],
                "id": 1,
                "original_url": "https:\/\/idmil.slack.com\/archives\/C04561FQHNV\/p1664980177769979",
                "fallback": "[October 5th, 2022 7:29 AM] brady.boettcher: My team has talked about making a more dynamic mode that sets the torque continuously, but that doesn't fit the current mode abstraction so it would probably be a bit of extra work",
                "text": "My team has talked about making a more dynamic mode that sets the torque continuously, but that doesn't fit the current mode abstraction so it would probably be a bit of extra work",
                "author_name": "Brady Boettcher",
                "author_link": "https:\/\/idmil.slack.com\/team\/U03JTLB9FSS",
                "author_icon": "https:\/\/avatars.slack-edge.com\/2022-07-28\/3867310060339_459fb8de8703bb2678e5_48.jpg",
                "author_subname": "Brady Boettcher",
                "mrkdwn_in": [
                    "text"
                ],
                "footer": "Slack conversation"
            }
        ],
        "thread_ts": "1664935035.304349",
        "parent_user_id": "U03JTLB9FSS"
    },
    {
        "client_msg_id": "2b752593-db12-49dd-b268-1a276129d8cf",
        "type": "message",
        "text": "But that still requires more explanation on why you would need torque measurement.",
        "user": "UJQ9N9KA9",
        "ts": "1664983086.720749",
        "blocks": [
            {
                "type": "rich_text",
                "block_id": "RLh",
                "elements": [
                    {
                        "type": "rich_text_section",
                        "elements": [
                            {
                                "type": "text",
                                "text": "But that still requires more explanation on why you would need torque measurement."
                            }
                        ]
                    }
                ]
            }
        ],
        "team": "TJPN85XRA",
        "user_team": "TJPN85XRA",
        "source_team": "TJPN85XRA",
        "user_profile": {
            "avatar_hash": "3be35bf04429",
            "image_72": "https:\/\/avatars.slack-edge.com\/2023-08-28\/5813587733204_3be35bf044296c45bdde_72.jpg",
            "first_name": "",
            "real_name": "ChristianFrisson",
            "display_name": "ChristianFrisson",
            "team": "TJPN85XRA",
            "name": "christian.frisson",
            "is_restricted": false,
            "is_ultra_restricted": false
        },
        "thread_ts": "1664935035.304349",
        "parent_user_id": "U03JTLB9FSS"
    },
    {
        "client_msg_id": "702b2e5e-73ce-4089-b2b1-198304cb535e",
        "type": "message",
        "text": "<@UK4BP4NH2> salut!",
        "user": "UJQ9N9KA9",
        "ts": "1664983201.650269",
        "blocks": [
            {
                "type": "rich_text",
                "block_id": "ipVua",
                "elements": [
                    {
                        "type": "rich_text_section",
                        "elements": [
                            {
                                "type": "user",
                                "user_id": "UK4BP4NH2"
                            },
                            {
                                "type": "text",
                                "text": " salut!"
                            }
                        ]
                    }
                ]
            }
        ],
        "team": "TJPN85XRA",
        "user_team": "TJPN85XRA",
        "source_team": "TJPN85XRA",
        "user_profile": {
            "avatar_hash": "3be35bf04429",
            "image_72": "https:\/\/avatars.slack-edge.com\/2023-08-28\/5813587733204_3be35bf044296c45bdde_72.jpg",
            "first_name": "",
            "real_name": "ChristianFrisson",
            "display_name": "ChristianFrisson",
            "team": "TJPN85XRA",
            "name": "christian.frisson",
            "is_restricted": false,
            "is_ultra_restricted": false
        },
        "thread_ts": "1664980057.225669",
        "parent_user_id": "UK4BP4NH2"
    },
    {
        "client_msg_id": "c6fa1a4d-ba09-4e16-8129-8b647053beb3",
        "type": "message",
        "text": "<@UJQ9N9KA9> 1 idea for measured torque and 1 for settable torque:\n• measured torque: have rings with variable numbers of bumps mounted as motor spins, detect contact with bumps from torque values and create rhythmic triggers\n• settable torque: seek through audio files and provide haptic feedback for the amplitude envelope",
        "user": "U03JTLB9FSS",
        "ts": "1664983208.387209",
        "blocks": [
            {
                "type": "rich_text",
                "block_id": "exV",
                "elements": [
                    {
                        "type": "rich_text_section",
                        "elements": [
                            {
                                "type": "user",
                                "user_id": "UJQ9N9KA9"
                            },
                            {
                                "type": "text",
                                "text": " 1 idea for measured torque and 1 for settable torque:\n"
                            }
                        ]
                    },
                    {
                        "type": "rich_text_list",
                        "elements": [
                            {
                                "type": "rich_text_section",
                                "elements": [
                                    {
                                        "type": "text",
                                        "text": "measured torque: have rings with variable numbers of bumps mounted as motor spins, detect contact with bumps from torque values and create rhythmic triggers"
                                    }
                                ]
                            },
                            {
                                "type": "rich_text_section",
                                "elements": [
                                    {
                                        "type": "text",
                                        "text": "settable torque: seek through audio files and provide haptic feedback for the amplitude envelope"
                                    }
                                ]
                            }
                        ],
                        "style": "bullet",
                        "indent": 0,
                        "border": 0
                    }
                ]
            }
        ],
        "team": "TJPN85XRA",
        "user_team": "TJPN85XRA",
        "source_team": "TJPN85XRA",
        "user_profile": {
            "avatar_hash": "459fb8de8703",
            "image_72": "https:\/\/avatars.slack-edge.com\/2022-07-28\/3867310060339_459fb8de8703bb2678e5_72.jpg",
            "first_name": "Brady",
            "real_name": "Brady Boettcher",
            "display_name": "",
            "team": "TJPN85XRA",
            "name": "brady.boettcher",
            "is_restricted": false,
            "is_ultra_restricted": false
        },
        "thread_ts": "1664935035.304349",
        "parent_user_id": "U03JTLB9FSS"
    },
    {
        "client_msg_id": "13891a21-8e8c-49e9-8c91-13d85eb4f326",
        "type": "message",
        "text": "so ForceHost embeds a transfer function editor in the firmware:\n<https:\/\/www.youtube.com\/watch?v=smFpkdw-J2w>",
        "user": "UJQ9N9KA9",
        "ts": "1664983373.364809",
        "blocks": [
            {
                "type": "rich_text",
                "block_id": "Z\/xv",
                "elements": [
                    {
                        "type": "rich_text_section",
                        "elements": [
                            {
                                "type": "text",
                                "text": "so ForceHost embeds a transfer function editor in the firmware:\n"
                            },
                            {
                                "type": "link",
                                "url": "https:\/\/www.youtube.com\/watch?v=smFpkdw-J2w"
                            }
                        ]
                    }
                ]
            }
        ],
        "team": "TJPN85XRA",
        "user_team": "TJPN85XRA",
        "source_team": "TJPN85XRA",
        "user_profile": {
            "avatar_hash": "3be35bf04429",
            "image_72": "https:\/\/avatars.slack-edge.com\/2023-08-28\/5813587733204_3be35bf044296c45bdde_72.jpg",
            "first_name": "",
            "real_name": "ChristianFrisson",
            "display_name": "ChristianFrisson",
            "team": "TJPN85XRA",
            "name": "christian.frisson",
            "is_restricted": false,
            "is_ultra_restricted": false
        },
        "attachments": [
            {
                "from_url": "https:\/\/www.youtube.com\/watch?v=smFpkdw-J2w",
                "thumb_url": "https:\/\/i.ytimg.com\/vi\/smFpkdw-J2w\/hqdefault.jpg",
                "thumb_width": 480,
                "thumb_height": 360,
                "video_html": "<iframe width=\"400\" height=\"225\" src=\"https:\/\/www.youtube.com\/embed\/smFpkdw-J2w?feature=oembed&autoplay=1&iv_load_policy=3\" frameborder=\"0\" allow=\"accelerometer; autoplay; clipboard-write; encrypted-media; gyroscope; picture-in-picture\" allowfullscreen title=\"ForceHost NIME 2022\"><\/iframe>",
                "video_html_width": 400,
                "video_html_height": 225,
                "service_icon": "https:\/\/a.slack-edge.com\/80588\/img\/unfurl_icons\/youtube.png",
                "id": 1,
                "original_url": "https:\/\/www.youtube.com\/watch?v=smFpkdw-J2w",
                "fallback": "YouTube Video: ForceHost NIME 2022",
                "title": "ForceHost NIME 2022",
                "title_link": "https:\/\/www.youtube.com\/watch?v=smFpkdw-J2w",
                "author_name": "Christian Frisson",
                "author_link": "https:\/\/www.youtube.com\/c\/ChristianFrisson",
                "service_name": "YouTube",
                "service_url": "https:\/\/www.youtube.com\/"
            }
        ],
        "thread_ts": "1664980057.225669",
        "parent_user_id": "UK4BP4NH2"
    },
    {
        "client_msg_id": "4CCB2213-4D76-4C0E-8F21-D224EC7FE398",
        "type": "message",
        "text": "Salut Christian ! Je rentre en répète jusqu’à environ 14h. On peut s’écrire \/ se parler à ce moment. Merci pour l’aide !",
        "user": "UK4BP4NH2",
        "ts": "1664983417.070439",
        "blocks": [
            {
                "type": "rich_text",
                "block_id": "CcTy",
                "elements": [
                    {
                        "type": "rich_text_section",
                        "elements": [
                            {
                                "type": "text",
                                "text": "Salut Christian ! Je rentre en "
                            },
                            {
                                "type": "text",
                                "text": "répète jusqu’à"
                            },
                            {
                                "type": "text",
                                "text": " environ 14h. On peut "
                            },
                            {
                                "type": "text",
                                "text": "s’écrire"
                            },
                            {
                                "type": "text",
                                "text": " \/ se parler à ce moment. Merci pour "
                            },
                            {
                                "type": "text",
                                "text": "l’aide"
                            },
                            {
                                "type": "text",
                                "text": " !"
                            }
                        ]
                    }
                ]
            }
        ],
        "team": "TJPN85XRA",
        "user_team": "TJPN85XRA",
        "source_team": "TJPN85XRA",
        "user_profile": {
            "avatar_hash": "f8256459a816",
            "image_72": "https:\/\/avatars.slack-edge.com\/2022-06-14\/3669597334018_f8256459a8162b9e2d8e_72.png",
            "first_name": "vincentcusson",
            "real_name": "vincentcusson",
            "display_name": "vincentcusson",
            "team": "TJPN85XRA",
            "name": "cusson.v",
            "is_restricted": false,
            "is_ultra_restricted": false
        },
        "thread_ts": "1664980057.225669",
        "parent_user_id": "UK4BP4NH2",
        "reactions": [
            {
                "name": "white_check_mark",
                "users": [
                    "UJQ9N9KA9"
                ],
                "count": 1
            }
        ]
    },
    {
        "client_msg_id": "2849bf0c-b8d8-4ee1-8d3e-817148bd005f",
        "type": "message",
        "text": "Just continuing over there while in the flow and for information for others.",
        "user": "UJQ9N9KA9",
        "ts": "1664983452.600619",
        "blocks": [
            {
                "type": "rich_text",
                "block_id": "OCQb6",
                "elements": [
                    {
                        "type": "rich_text_section",
                        "elements": [
                            {
                                "type": "text",
                                "text": "Just continuing over there while in the flow and for information for others."
                            }
                        ]
                    }
                ]
            }
        ],
        "team": "TJPN85XRA",
        "user_team": "TJPN85XRA",
        "source_team": "TJPN85XRA",
        "user_profile": {
            "avatar_hash": "3be35bf04429",
            "image_72": "https:\/\/avatars.slack-edge.com\/2023-08-28\/5813587733204_3be35bf044296c45bdde_72.jpg",
            "first_name": "",
            "real_name": "ChristianFrisson",
            "display_name": "ChristianFrisson",
            "team": "TJPN85XRA",
            "name": "christian.frisson",
            "is_restricted": false,
            "is_ultra_restricted": false
        },
        "thread_ts": "1664980057.225669",
        "parent_user_id": "UK4BP4NH2"
    },
    {
        "client_msg_id": "46d7895c-51dd-470b-b3bb-c1d6a85b85e5",
        "type": "message",
        "text": "So in the video you will see 2 instances of <http:\/\/nexus-js.github.io\/ui\/api\/#Envelope>",
        "user": "UJQ9N9KA9",
        "ts": "1664983462.697649",
        "blocks": [
            {
                "type": "rich_text",
                "block_id": "qYWQB",
                "elements": [
                    {
                        "type": "rich_text_section",
                        "elements": [
                            {
                                "type": "text",
                                "text": "So in the video you will see 2 instances of "
                            },
                            {
                                "type": "link",
                                "url": "http:\/\/nexus-js.github.io\/ui\/api\/#Envelope"
                            }
                        ]
                    }
                ]
            }
        ],
        "team": "TJPN85XRA",
        "user_team": "TJPN85XRA",
        "source_team": "TJPN85XRA",
        "user_profile": {
            "avatar_hash": "3be35bf04429",
            "image_72": "https:\/\/avatars.slack-edge.com\/2023-08-28\/5813587733204_3be35bf044296c45bdde_72.jpg",
            "first_name": "",
            "real_name": "ChristianFrisson",
            "display_name": "ChristianFrisson",
            "team": "TJPN85XRA",
            "name": "christian.frisson",
            "is_restricted": false,
            "is_ultra_restricted": false
        },
        "thread_ts": "1664980057.225669",
        "parent_user_id": "UK4BP4NH2"
    },
    {
        "client_msg_id": "7af14222-ccdf-463b-b37c-fe0fb2dcd9ff",
        "type": "message",
        "text": "That is the transfer function editor.",
        "user": "UJQ9N9KA9",
        "ts": "1664983474.097789",
        "blocks": [
            {
                "type": "rich_text",
                "block_id": "5501",
                "elements": [
                    {
                        "type": "rich_text_section",
                        "elements": [
                            {
                                "type": "text",
                                "text": "That is the transfer function editor."
                            }
                        ]
                    }
                ]
            }
        ],
        "team": "TJPN85XRA",
        "user_team": "TJPN85XRA",
        "source_team": "TJPN85XRA",
        "user_profile": {
            "avatar_hash": "3be35bf04429",
            "image_72": "https:\/\/avatars.slack-edge.com\/2023-08-28\/5813587733204_3be35bf044296c45bdde_72.jpg",
            "first_name": "",
            "real_name": "ChristianFrisson",
            "display_name": "ChristianFrisson",
            "team": "TJPN85XRA",
            "name": "christian.frisson",
            "is_restricted": false,
            "is_ultra_restricted": false
        },
        "thread_ts": "1664980057.225669",
        "parent_user_id": "UK4BP4NH2"
    },
    {
        "client_msg_id": "df5200f1-6539-41d9-bde3-282e9dc4f075",
        "type": "message",
        "text": "BUT ForceHost does not yet support the Moteus motor driver (only the former Mechaduino driver).",
        "user": "UJQ9N9KA9",
        "ts": "1664983512.602439",
        "blocks": [
            {
                "type": "rich_text",
                "block_id": "NPR3",
                "elements": [
                    {
                        "type": "rich_text_section",
                        "elements": [
                            {
                                "type": "text",
                                "text": "BUT ForceHost does not yet support the Moteus motor driver (only the former Mechaduino driver)."
                            }
                        ]
                    }
                ]
            }
        ],
        "team": "TJPN85XRA",
        "user_team": "TJPN85XRA",
        "source_team": "TJPN85XRA",
        "user_profile": {
            "avatar_hash": "3be35bf04429",
            "image_72": "https:\/\/avatars.slack-edge.com\/2023-08-28\/5813587733204_3be35bf044296c45bdde_72.jpg",
            "first_name": "",
            "real_name": "ChristianFrisson",
            "display_name": "ChristianFrisson",
            "team": "TJPN85XRA",
            "name": "christian.frisson",
            "is_restricted": false,
            "is_ultra_restricted": false
        },
        "thread_ts": "1664980057.225669",
        "parent_user_id": "UK4BP4NH2"
    },
    {
        "client_msg_id": "a4270785-f16c-4319-bbec-419fd9e5f1fe",
        "type": "message",
        "text": "So that's most likely not possible to use ForceHost for this hackathon, unless updating ForceHost to support the Moteus is your Hackathon project, but that will be hard.",
        "user": "UJQ9N9KA9",
        "ts": "1664983532.273779",
        "blocks": [
            {
                "type": "rich_text",
                "block_id": "5OBjg",
                "elements": [
                    {
                        "type": "rich_text_section",
                        "elements": [
                            {
                                "type": "text",
                                "text": "So that's most likely not possible to use ForceHost for this hackathon, unless updating ForceHost to support the Moteus is your Hackathon project, but that will be hard."
                            }
                        ]
                    }
                ]
            }
        ],
        "team": "TJPN85XRA",
        "user_team": "TJPN85XRA",
        "source_team": "TJPN85XRA",
        "user_profile": {
            "avatar_hash": "3be35bf04429",
            "image_72": "https:\/\/avatars.slack-edge.com\/2023-08-28\/5813587733204_3be35bf044296c45bdde_72.jpg",
            "first_name": "",
            "real_name": "ChristianFrisson",
            "display_name": "ChristianFrisson",
            "team": "TJPN85XRA",
            "name": "christian.frisson",
            "is_restricted": false,
            "is_ultra_restricted": false
        },
        "edited": {
            "user": "UJQ9N9KA9",
            "ts": "1664983571.000000"
        },
        "thread_ts": "1664980057.225669",
        "parent_user_id": "UK4BP4NH2"
    },
    {
        "client_msg_id": "196cac5b-2ed4-4815-a47d-5e1356c52aca",
        "type": "message",
        "text": "Feelix is now opensource: <https:\/\/github.com\/ankevanoosterhout\/Feelix2.0>",
        "user": "UJQ9N9KA9",
        "ts": "1664983608.222449",
        "blocks": [
            {
                "type": "rich_text",
                "block_id": "Yds4",
                "elements": [
                    {
                        "type": "rich_text_section",
                        "elements": [
                            {
                                "type": "text",
                                "text": "Feelix is now opensource: "
                            },
                            {
                                "type": "link",
                                "url": "https:\/\/github.com\/ankevanoosterhout\/Feelix2.0"
                            }
                        ]
                    }
                ]
            }
        ],
        "team": "TJPN85XRA",
        "user_team": "TJPN85XRA",
        "source_team": "TJPN85XRA",
        "user_profile": {
            "avatar_hash": "3be35bf04429",
            "image_72": "https:\/\/avatars.slack-edge.com\/2023-08-28\/5813587733204_3be35bf044296c45bdde_72.jpg",
            "first_name": "",
            "real_name": "ChristianFrisson",
            "display_name": "ChristianFrisson",
            "team": "TJPN85XRA",
            "name": "christian.frisson",
            "is_restricted": false,
            "is_ultra_restricted": false
        },
        "attachments": [
            {
                "from_url": "https:\/\/github.com\/ankevanoosterhout\/Feelix2.0",
                "image_url": "https:\/\/opengraph.githubassets.com\/c4359af73edb9ec0068e3aac7297306d29c845049aa283ba628d83cc341779d6\/ankevanoosterhout\/Feelix2.0",
                "image_width": 500,
                "image_height": 250,
                "image_bytes": 70855,
                "service_icon": "https:\/\/a.slack-edge.com\/80588\/img\/unfurl_icons\/github.png",
                "id": 1,
                "original_url": "https:\/\/github.com\/ankevanoosterhout\/Feelix2.0",
                "fallback": "GitHub: GitHub - ankevanoosterhout\/Feelix2.0",
                "text": "Contribute to ankevanoosterhout\/Feelix2.0 development by creating an account on GitHub.",
                "title": "GitHub - ankevanoosterhout\/Feelix2.0",
                "title_link": "https:\/\/github.com\/ankevanoosterhout\/Feelix2.0",
                "service_name": "GitHub"
            }
        ],
        "thread_ts": "1664980057.225669",
        "parent_user_id": "UK4BP4NH2"
    },
    {
        "client_msg_id": "d99b055a-61d6-44f4-b401-a9a4fc892cd0",
        "type": "message",
        "text": "We have thought of adding support for TorqueTuner\/ForceHost in Feelix.",
        "user": "UJQ9N9KA9",
        "ts": "1664983635.334629",
        "blocks": [
            {
                "type": "rich_text",
                "block_id": "S\/P",
                "elements": [
                    {
                        "type": "rich_text_section",
                        "elements": [
                            {
                                "type": "text",
                                "text": "We have thought of adding support for TorqueTuner\/ForceHost in Feelix."
                            }
                        ]
                    }
                ]
            }
        ],
        "team": "TJPN85XRA",
        "user_team": "TJPN85XRA",
        "source_team": "TJPN85XRA",
        "user_profile": {
            "avatar_hash": "3be35bf04429",
            "image_72": "https:\/\/avatars.slack-edge.com\/2023-08-28\/5813587733204_3be35bf044296c45bdde_72.jpg",
            "first_name": "",
            "real_name": "ChristianFrisson",
            "display_name": "ChristianFrisson",
            "team": "TJPN85XRA",
            "name": "christian.frisson",
            "is_restricted": false,
            "is_ultra_restricted": false
        },
        "thread_ts": "1664980057.225669",
        "parent_user_id": "UK4BP4NH2"
    },
    {
        "client_msg_id": "ba6f6769-eae9-4c94-a4ae-d53a32be6f72",
        "type": "message",
        "text": "But again, significant work probably hard to reach in one week.",
        "user": "UJQ9N9KA9",
        "ts": "1664983654.024919",
        "blocks": [
            {
                "type": "rich_text",
                "block_id": "hvShy",
                "elements": [
                    {
                        "type": "rich_text_section",
                        "elements": [
                            {
                                "type": "text",
                                "text": "But again, significant work probably hard to reach in one week."
                            }
                        ]
                    }
                ]
            }
        ],
        "team": "TJPN85XRA",
        "user_team": "TJPN85XRA",
        "source_team": "TJPN85XRA",
        "user_profile": {
            "avatar_hash": "3be35bf04429",
            "image_72": "https:\/\/avatars.slack-edge.com\/2023-08-28\/5813587733204_3be35bf044296c45bdde_72.jpg",
            "first_name": "",
            "real_name": "ChristianFrisson",
            "display_name": "ChristianFrisson",
            "team": "TJPN85XRA",
            "name": "christian.frisson",
            "is_restricted": false,
            "is_ultra_restricted": false
        },
        "thread_ts": "1664980057.225669",
        "parent_user_id": "UK4BP4NH2"
    },
    {
        "client_msg_id": "3b8c8be4-534e-47b1-841b-7d093a4501b4",
        "type": "message",
        "text": "Since both Feelix and TorqueTuner\/ForceHost probably store TF values in different ways.",
        "user": "UJQ9N9KA9",
        "ts": "1664983701.749219",
        "blocks": [
            {
                "type": "rich_text",
                "block_id": "XElCN",
                "elements": [
                    {
                        "type": "rich_text_section",
                        "elements": [
                            {
                                "type": "text",
                                "text": "Since both Feelix and TorqueTuner\/ForceHost probably store TF values in different ways."
                            }
                        ]
                    }
                ]
            }
        ],
        "team": "TJPN85XRA",
        "user_team": "TJPN85XRA",
        "source_team": "TJPN85XRA",
        "user_profile": {
            "avatar_hash": "3be35bf04429",
            "image_72": "https:\/\/avatars.slack-edge.com\/2023-08-28\/5813587733204_3be35bf044296c45bdde_72.jpg",
            "first_name": "",
            "real_name": "ChristianFrisson",
            "display_name": "ChristianFrisson",
            "team": "TJPN85XRA",
            "name": "christian.frisson",
            "is_restricted": false,
            "is_ultra_restricted": false
        },
        "edited": {
            "user": "UJQ9N9KA9",
            "ts": "1664983711.000000"
        },
        "thread_ts": "1664980057.225669",
        "parent_user_id": "UK4BP4NH2",
        "reactions": [
            {
                "name": "+1",
                "users": [
                    "UK4BP4NH2"
                ],
                "count": 1
            }
        ]
    },
    {
        "client_msg_id": "a0ba1c64-2d0f-41b8-b12f-a6a615c1a011",
        "type": "message",
        "text": "So for the 2nd settable torque use case, you won't need to measure torque: based on the angular position of the knob, mapped to the time position in the audio file, you would generate a torque based on the envelope and set that torque.",
        "user": "UJQ9N9KA9",
        "ts": "1664983833.325319",
        "blocks": [
            {
                "type": "rich_text",
                "block_id": "UhjLW",
                "elements": [
                    {
                        "type": "rich_text_section",
                        "elements": [
                            {
                                "type": "text",
                                "text": "So for the 2nd settable torque use case, you won't need to measure torque: based on the angular position of the knob, mapped to the time position in the audio file, you would generate a torque based on the envelope and set that torque."
                            }
                        ]
                    }
                ]
            }
        ],
        "team": "TJPN85XRA",
        "user_team": "TJPN85XRA",
        "source_team": "TJPN85XRA",
        "user_profile": {
            "avatar_hash": "3be35bf04429",
            "image_72": "https:\/\/avatars.slack-edge.com\/2023-08-28\/5813587733204_3be35bf044296c45bdde_72.jpg",
            "first_name": "",
            "real_name": "ChristianFrisson",
            "display_name": "ChristianFrisson",
            "team": "TJPN85XRA",
            "name": "christian.frisson",
            "is_restricted": false,
            "is_ultra_restricted": false
        },
        "thread_ts": "1664935035.304349",
        "parent_user_id": "U03JTLB9FSS",
        "reactions": [
            {
                "name": "white_check_mark",
                "users": [
                    "U03JTLB9FSS"
                ],
                "count": 1
            }
        ]
    },
    {
        "client_msg_id": "ce5c39a2-72c4-4cba-a377-38ba17df3085",
        "type": "message",
        "text": "And for the 1st item, you could predefine the positions of rings\/bumps and use Click or Wall <https:\/\/gitlab.com\/idmil\/haptics\/TorqueTuner-ESP32\/-\/blob\/platform\/src\/haptics.cpp>",
        "user": "UJQ9N9KA9",
        "ts": "1664984160.154799",
        "blocks": [
            {
                "type": "rich_text",
                "block_id": "inC",
                "elements": [
                    {
                        "type": "rich_text_section",
                        "elements": [
                            {
                                "type": "text",
                                "text": "And for the 1st item, you could predefine the positions of rings\/bumps and use Click or Wall "
                            },
                            {
                                "type": "link",
                                "url": "https:\/\/gitlab.com\/idmil\/haptics\/TorqueTuner-ESP32\/-\/blob\/platform\/src\/haptics.cpp"
                            }
                        ]
                    }
                ]
            }
        ],
        "team": "TJPN85XRA",
        "user_team": "TJPN85XRA",
        "source_team": "TJPN85XRA",
        "user_profile": {
            "avatar_hash": "3be35bf04429",
            "image_72": "https:\/\/avatars.slack-edge.com\/2023-08-28\/5813587733204_3be35bf044296c45bdde_72.jpg",
            "first_name": "",
            "real_name": "ChristianFrisson",
            "display_name": "ChristianFrisson",
            "team": "TJPN85XRA",
            "name": "christian.frisson",
            "is_restricted": false,
            "is_ultra_restricted": false
        },
        "thread_ts": "1664935035.304349",
        "parent_user_id": "U03JTLB9FSS"
    },
    {
        "client_msg_id": "cf1f3a5d-abe9-4d59-ba43-c72d44aefdad",
        "type": "message",
        "text": "The full seeking use case would have the motor spinning as well (and audio playing) and apply the torque only when the user interacts with the motor (like a haptic dj jog wheel), so the measured torque could come into play there",
        "user": "U03JTLB9FSS",
        "ts": "1664984198.538189",
        "blocks": [
            {
                "type": "rich_text",
                "block_id": "s\/9CC",
                "elements": [
                    {
                        "type": "rich_text_section",
                        "elements": [
                            {
                                "type": "text",
                                "text": "The full seeking use case would have the motor spinning as well (and audio playing) and apply the torque only when the user interacts with the motor (like a haptic dj jog wheel), so the measured torque could come into play there"
                            }
                        ]
                    }
                ]
            }
        ],
        "team": "TJPN85XRA",
        "user_team": "TJPN85XRA",
        "source_team": "TJPN85XRA",
        "user_profile": {
            "avatar_hash": "459fb8de8703",
            "image_72": "https:\/\/avatars.slack-edge.com\/2022-07-28\/3867310060339_459fb8de8703bb2678e5_72.jpg",
            "first_name": "Brady",
            "real_name": "Brady Boettcher",
            "display_name": "",
            "team": "TJPN85XRA",
            "name": "brady.boettcher",
            "is_restricted": false,
            "is_ultra_restricted": false
        },
        "edited": {
            "user": "U03JTLB9FSS",
            "ts": "1664984217.000000"
        },
        "thread_ts": "1664935035.304349",
        "parent_user_id": "U03JTLB9FSS",
        "reactions": [
            {
                "name": "white_check_mark",
                "users": [
                    "UJQ9N9KA9"
                ],
                "count": 1
            }
        ]
    },
    {
        "client_msg_id": "75762c1e-3c07-4072-b8e4-41308be48224",
        "type": "message",
        "text": "I'm not sure if predefined bumps would work though, you'd still need to measure the torque to detect interactions as the motor spins. There could be several levels of rings too, each with their own bump patterns to produce different rhythms, so the measurement is the only way to measure that",
        "user": "U03JTLB9FSS",
        "ts": "1664984426.411399",
        "blocks": [
            {
                "type": "rich_text",
                "block_id": "LFzSa",
                "elements": [
                    {
                        "type": "rich_text_section",
                        "elements": [
                            {
                                "type": "text",
                                "text": "I'm not sure if predefined bumps would work though, you'd still need to measure the torque to detect interactions as the motor spins. There could be several levels of rings too, each with their own bump patterns to produce different rhythms, so the measurement is the only way to measure that"
                            }
                        ]
                    }
                ]
            }
        ],
        "team": "TJPN85XRA",
        "user_team": "TJPN85XRA",
        "source_team": "TJPN85XRA",
        "user_profile": {
            "avatar_hash": "459fb8de8703",
            "image_72": "https:\/\/avatars.slack-edge.com\/2022-07-28\/3867310060339_459fb8de8703bb2678e5_72.jpg",
            "first_name": "Brady",
            "real_name": "Brady Boettcher",
            "display_name": "",
            "team": "TJPN85XRA",
            "name": "brady.boettcher",
            "is_restricted": false,
            "is_ultra_restricted": false
        },
        "thread_ts": "1664935035.304349",
        "parent_user_id": "U03JTLB9FSS"
    },
    {
        "client_msg_id": "0aa35844-11a1-43c7-847b-4f42cf345325",
        "type": "message",
        "text": "Maybe it's easier to first implement scrubbing without constant velocity, then go for the torque output firmware mods?",
        "user": "UJQ9N9KA9",
        "ts": "1664984455.238949",
        "blocks": [
            {
                "type": "rich_text",
                "block_id": "zPS",
                "elements": [
                    {
                        "type": "rich_text_section",
                        "elements": [
                            {
                                "type": "text",
                                "text": "Maybe it's easier to first implement scrubbing without constant velocity, then go for the torque output firmware mods?"
                            }
                        ]
                    }
                ]
            }
        ],
        "team": "TJPN85XRA",
        "user_team": "TJPN85XRA",
        "source_team": "TJPN85XRA",
        "user_profile": {
            "avatar_hash": "3be35bf04429",
            "image_72": "https:\/\/avatars.slack-edge.com\/2023-08-28\/5813587733204_3be35bf044296c45bdde_72.jpg",
            "first_name": "",
            "real_name": "ChristianFrisson",
            "display_name": "ChristianFrisson",
            "team": "TJPN85XRA",
            "name": "christian.frisson",
            "is_restricted": false,
            "is_ultra_restricted": false
        },
        "thread_ts": "1664935035.304349",
        "parent_user_id": "U03JTLB9FSS",
        "reactions": [
            {
                "name": "white_check_mark",
                "users": [
                    "U03JTLB9FSS"
                ],
                "count": 1
            }
        ]
    },
    {
        "client_msg_id": "773380f5-85b0-46a1-964b-7db7642a3482",
        "type": "message",
        "text": "That sounds good!",
        "user": "U03JTLB9FSS",
        "ts": "1664984482.306709",
        "blocks": [
            {
                "type": "rich_text",
                "block_id": "D64d+",
                "elements": [
                    {
                        "type": "rich_text_section",
                        "elements": [
                            {
                                "type": "text",
                                "text": "That sounds good!"
                            }
                        ]
                    }
                ]
            }
        ],
        "team": "TJPN85XRA",
        "user_team": "TJPN85XRA",
        "source_team": "TJPN85XRA",
        "user_profile": {
            "avatar_hash": "459fb8de8703",
            "image_72": "https:\/\/avatars.slack-edge.com\/2022-07-28\/3867310060339_459fb8de8703bb2678e5_72.jpg",
            "first_name": "Brady",
            "real_name": "Brady Boettcher",
            "display_name": "",
            "team": "TJPN85XRA",
            "name": "brady.boettcher",
            "is_restricted": false,
            "is_ultra_restricted": false
        },
        "thread_ts": "1664935035.304349",
        "parent_user_id": "U03JTLB9FSS"
    },
    {
        "client_msg_id": "f3afbb3d-5d9a-4ef3-b112-3c2b5b4359c9",
        "type": "message",
        "text": "As I understand v2 would build upon v1.",
        "user": "UJQ9N9KA9",
        "ts": "1664984502.656779",
        "blocks": [
            {
                "type": "rich_text",
                "block_id": "vmUI",
                "elements": [
                    {
                        "type": "rich_text_section",
                        "elements": [
                            {
                                "type": "text",
                                "text": "As I understand v2 would build upon v1."
                            }
                        ]
                    }
                ]
            }
        ],
        "team": "TJPN85XRA",
        "user_team": "TJPN85XRA",
        "source_team": "TJPN85XRA",
        "user_profile": {
            "avatar_hash": "3be35bf04429",
            "image_72": "https:\/\/avatars.slack-edge.com\/2023-08-28\/5813587733204_3be35bf044296c45bdde_72.jpg",
            "first_name": "",
            "real_name": "ChristianFrisson",
            "display_name": "ChristianFrisson",
            "team": "TJPN85XRA",
            "name": "christian.frisson",
            "is_restricted": false,
            "is_ultra_restricted": false
        },
        "thread_ts": "1664935035.304349",
        "parent_user_id": "U03JTLB9FSS"
    },
    {
        "client_msg_id": "acca62af-c14a-46fb-b910-aa5729632b61",
        "type": "message",
        "text": "And for rings\/bumps, maybe I did not get a proper idea of the setup, if you had a sketch or picture that would help.",
        "user": "UJQ9N9KA9",
        "ts": "1664984570.229599",
        "blocks": [
            {
                "type": "rich_text",
                "block_id": "wv=hU",
                "elements": [
                    {
                        "type": "rich_text_section",
                        "elements": [
                            {
                                "type": "text",
                                "text": "And for rings\/bumps, maybe I did not get a proper idea of the setup, if you had a sketch or picture that would help."
                            }
                        ]
                    }
                ]
            }
        ],
        "team": "TJPN85XRA",
        "user_team": "TJPN85XRA",
        "source_team": "TJPN85XRA",
        "user_profile": {
            "avatar_hash": "3be35bf04429",
            "image_72": "https:\/\/avatars.slack-edge.com\/2023-08-28\/5813587733204_3be35bf044296c45bdde_72.jpg",
            "first_name": "",
            "real_name": "ChristianFrisson",
            "display_name": "ChristianFrisson",
            "team": "TJPN85XRA",
            "name": "christian.frisson",
            "is_restricted": false,
            "is_ultra_restricted": false
        },
        "thread_ts": "1664935035.304349",
        "parent_user_id": "U03JTLB9FSS"
    },
    {
        "type": "message",
        "text": "",
        "files": [
            {
                "id": "F045YN9DK4Y",
                "mode": "hidden_by_limit"
            }
        ],
        "upload": false,
        "user": "U03JTLB9FSS",
        "display_as_bot": false,
        "ts": "1664984745.604299",
        "blocks": [
            {
                "type": "rich_text",
                "block_id": "2Yg",
                "elements": [
                    {
                        "type": "rich_text_section",
                        "elements": []
                    }
                ]
            }
        ],
        "client_msg_id": "88c75c52-7d34-4912-85d8-94ae6fcbcca8",
        "thread_ts": "1664935035.304349",
        "parent_user_id": "U03JTLB9FSS"
    },
    {
        "client_msg_id": "2ecd7e2e-aeaa-4ff2-a460-7092fe747b19",
        "type": "message",
        "text": "so the rings would be stackable, and any spikes in measured torque would be detected as triggers",
        "user": "U03JTLB9FSS",
        "ts": "1664984792.007589",
        "blocks": [
            {
                "type": "rich_text",
                "block_id": "Tjt",
                "elements": [
                    {
                        "type": "rich_text_section",
                        "elements": [
                            {
                                "type": "text",
                                "text": "so the rings would be stackable, and any spikes in measured torque would be detected as triggers"
                            }
                        ]
                    }
                ]
            }
        ],
        "team": "TJPN85XRA",
        "user_team": "TJPN85XRA",
        "source_team": "TJPN85XRA",
        "user_profile": {
            "avatar_hash": "459fb8de8703",
            "image_72": "https:\/\/avatars.slack-edge.com\/2022-07-28\/3867310060339_459fb8de8703bb2678e5_72.jpg",
            "first_name": "Brady",
            "real_name": "Brady Boettcher",
            "display_name": "",
            "team": "TJPN85XRA",
            "name": "brady.boettcher",
            "is_restricted": false,
            "is_ultra_restricted": false
        },
        "thread_ts": "1664935035.304349",
        "parent_user_id": "U03JTLB9FSS"
    },
    {
        "client_msg_id": "57ec0233-bf68-4ff5-9634-b9cc989d3612",
        "type": "message",
        "text": "alright!",
        "user": "UJQ9N9KA9",
        "ts": "1664985828.927649",
        "blocks": [
            {
                "type": "rich_text",
                "block_id": "k6m",
                "elements": [
                    {
                        "type": "rich_text_section",
                        "elements": [
                            {
                                "type": "text",
                                "text": "alright!"
                            }
                        ]
                    }
                ]
            }
        ],
        "team": "TJPN85XRA",
        "user_team": "TJPN85XRA",
        "source_team": "TJPN85XRA",
        "user_profile": {
            "avatar_hash": "3be35bf04429",
            "image_72": "https:\/\/avatars.slack-edge.com\/2023-08-28\/5813587733204_3be35bf044296c45bdde_72.jpg",
            "first_name": "",
            "real_name": "ChristianFrisson",
            "display_name": "ChristianFrisson",
            "team": "TJPN85XRA",
            "name": "christian.frisson",
            "is_restricted": false,
            "is_ultra_restricted": false
        },
        "thread_ts": "1664935035.304349",
        "parent_user_id": "U03JTLB9FSS"
    },
    {
        "client_msg_id": "d73db662-15a3-4df3-b395-4beea0653ace",
        "type": "message",
        "text": "so that would require the firmware mods for v2 plus more",
        "user": "UJQ9N9KA9",
        "ts": "1664985843.154929",
        "blocks": [
            {
                "type": "rich_text",
                "block_id": "gbL2q",
                "elements": [
                    {
                        "type": "rich_text_section",
                        "elements": [
                            {
                                "type": "text",
                                "text": "so that would require the firmware mods for v2 plus more"
                            }
                        ]
                    }
                ]
            }
        ],
        "team": "TJPN85XRA",
        "user_team": "TJPN85XRA",
        "source_team": "TJPN85XRA",
        "user_profile": {
            "avatar_hash": "3be35bf04429",
            "image_72": "https:\/\/avatars.slack-edge.com\/2023-08-28\/5813587733204_3be35bf044296c45bdde_72.jpg",
            "first_name": "",
            "real_name": "ChristianFrisson",
            "display_name": "ChristianFrisson",
            "team": "TJPN85XRA",
            "name": "christian.frisson",
            "is_restricted": false,
            "is_ultra_restricted": false
        },
        "thread_ts": "1664935035.304349",
        "parent_user_id": "U03JTLB9FSS"
    },
    {
        "client_msg_id": "ad908abb-09f6-4685-96e2-941103937b6f",
        "type": "message",
        "text": "We considered analyzing torque output for TorqueTuner (at the time of Mechaduino before Moteus as motor driver) for compensating cogging effects: <https:\/\/gitlab.com\/idmil\/haptics\/LilleHammer\/-\/issues\/36>",
        "user": "UJQ9N9KA9",
        "ts": "1664985900.678959",
        "blocks": [
            {
                "type": "rich_text",
                "block_id": "crt",
                "elements": [
                    {
                        "type": "rich_text_section",
                        "elements": [
                            {
                                "type": "text",
                                "text": "We considered analyzing torque output for TorqueTuner (at the time of Mechaduino before Moteus as motor driver) for compensating cogging effects: "
                            },
                            {
                                "type": "link",
                                "url": "https:\/\/gitlab.com\/idmil\/haptics\/LilleHammer\/-\/issues\/36"
                            }
                        ]
                    }
                ]
            }
        ],
        "team": "TJPN85XRA",
        "user_team": "TJPN85XRA",
        "source_team": "TJPN85XRA",
        "user_profile": {
            "avatar_hash": "3be35bf04429",
            "image_72": "https:\/\/avatars.slack-edge.com\/2023-08-28\/5813587733204_3be35bf044296c45bdde_72.jpg",
            "first_name": "",
            "real_name": "ChristianFrisson",
            "display_name": "ChristianFrisson",
            "team": "TJPN85XRA",
            "name": "christian.frisson",
            "is_restricted": false,
            "is_ultra_restricted": false
        },
        "thread_ts": "1664935035.304349",
        "parent_user_id": "U03JTLB9FSS"
    },
    {
        "client_msg_id": "3398d5ea-4ecd-4863-b308-9bc9ee8e63c3",
        "type": "message",
        "text": "Here you would have to filter out \/ neglect motor cogging plus extract ring torque peaks plus unpredictable user interaction.",
        "user": "UJQ9N9KA9",
        "ts": "1664986031.202989",
        "blocks": [
            {
                "type": "rich_text",
                "block_id": "7NFp2",
                "elements": [
                    {
                        "type": "rich_text_section",
                        "elements": [
                            {
                                "type": "text",
                                "text": "Here you would have to filter out \/ neglect motor cogging plus extract ring torque peaks plus unpredictable user interaction."
                            }
                        ]
                    }
                ]
            }
        ],
        "team": "TJPN85XRA",
        "user_team": "TJPN85XRA",
        "source_team": "TJPN85XRA",
        "user_profile": {
            "avatar_hash": "3be35bf04429",
            "image_72": "https:\/\/avatars.slack-edge.com\/2023-08-28\/5813587733204_3be35bf044296c45bdde_72.jpg",
            "first_name": "",
            "real_name": "ChristianFrisson",
            "display_name": "ChristianFrisson",
            "team": "TJPN85XRA",
            "name": "christian.frisson",
            "is_restricted": false,
            "is_ultra_restricted": false
        },
        "thread_ts": "1664935035.304349",
        "parent_user_id": "U03JTLB9FSS"
    },
    {
        "client_msg_id": "f4348f07-cac9-4b70-9c85-92acef947f0b",
        "type": "message",
        "text": "So that sounds like a v3 probably?",
        "user": "UJQ9N9KA9",
        "ts": "1664986046.662989",
        "blocks": [
            {
                "type": "rich_text",
                "block_id": "T=+L",
                "elements": [
                    {
                        "type": "rich_text_section",
                        "elements": [
                            {
                                "type": "text",
                                "text": "So that sounds like a v3 probably?"
                            }
                        ]
                    }
                ]
            }
        ],
        "team": "TJPN85XRA",
        "user_team": "TJPN85XRA",
        "source_team": "TJPN85XRA",
        "user_profile": {
            "avatar_hash": "3be35bf04429",
            "image_72": "https:\/\/avatars.slack-edge.com\/2023-08-28\/5813587733204_3be35bf044296c45bdde_72.jpg",
            "first_name": "",
            "real_name": "ChristianFrisson",
            "display_name": "ChristianFrisson",
            "team": "TJPN85XRA",
            "name": "christian.frisson",
            "is_restricted": false,
            "is_ultra_restricted": false
        },
        "thread_ts": "1664935035.304349",
        "parent_user_id": "U03JTLB9FSS",
        "reactions": [
            {
                "name": "white_check_mark",
                "users": [
                    "U03JTLB9FSS"
                ],
                "count": 1
            }
        ]
    }
]