[
    {
        "type": "message",
        "subtype": "channel_join",
        "ts": "1664758119.644459",
        "user": "U03JWS43U3H",
        "text": "<@U03JWS43U3H> has joined the channel"
    },
    {
        "type": "message",
        "subtype": "channel_join",
        "ts": "1664758182.161199",
        "user": "U03JTLB9FSS",
        "text": "<@U03JTLB9FSS> has joined the channel",
        "inviter": "U03JWS43U3H"
    },
    {
        "type": "message",
        "subtype": "channel_join",
        "ts": "1664758182.229419",
        "user": "UKGLCA1GS",
        "text": "<@UKGLCA1GS> has joined the channel",
        "inviter": "U03JWS43U3H"
    },
    {
        "type": "message",
        "subtype": "channel_join",
        "ts": "1664758182.296559",
        "user": "U029MNKJ0DR",
        "text": "<@U029MNKJ0DR> has joined the channel",
        "inviter": "U03JWS43U3H"
    },
    {
        "type": "message",
        "subtype": "channel_join",
        "ts": "1664758182.369799",
        "user": "U01APBW5N2J",
        "text": "<@U01APBW5N2J> has joined the channel",
        "inviter": "U03JWS43U3H"
    },
    {
        "type": "message",
        "subtype": "channel_join",
        "ts": "1664758182.456059",
        "user": "UK4BP4NH2",
        "text": "<@UK4BP4NH2> has joined the channel",
        "inviter": "U03JWS43U3H"
    },
    {
        "type": "message",
        "subtype": "channel_join",
        "ts": "1664758182.539319",
        "user": "U041WFL2TV2",
        "text": "<@U041WFL2TV2> has joined the channel",
        "inviter": "U03JWS43U3H"
    },
    {
        "type": "message",
        "subtype": "channel_join",
        "ts": "1664758182.603339",
        "user": "U03KSGRRF5F",
        "text": "<@U03KSGRRF5F> has joined the channel",
        "inviter": "U03JWS43U3H"
    },
    {
        "type": "message",
        "subtype": "channel_join",
        "ts": "1664758182.666589",
        "user": "U03RKAGLHTP",
        "text": "<@U03RKAGLHTP> has joined the channel",
        "inviter": "U03JWS43U3H"
    },
    {
        "type": "message",
        "subtype": "channel_join",
        "ts": "1664758182.726999",
        "user": "UJR4DDS12",
        "text": "<@UJR4DDS12> has joined the channel",
        "inviter": "U03JWS43U3H"
    },
    {
        "type": "message",
        "subtype": "channel_join",
        "ts": "1664758182.802619",
        "user": "UJQ9N9KA9",
        "text": "<@UJQ9N9KA9> has joined the channel",
        "inviter": "U03JWS43U3H"
    },
    {
        "client_msg_id": "5801f4ce-324d-4bdc-abfc-f8f7027e0ac8",
        "type": "message",
        "text": "Resources:\nKirkegaard, M., Bredholt, M., Frisson, C., Wanderley, M. M. (2020). TorqueTuner: A self contained module for designing rotary haptic force feedback for digital musical instruments. In Proceedings of the 2020 International Conference on New Interfaces for Musical Expression (NIME 2020) (pp. 6). Birmingham, UK.\n\nHAID Work In Progress Submission: <https:\/\/drive.google.com\/file\/d\/18_EPQUfvQg93lIa6retsoUYR4VHyhTxN\/view?usp=sharing>\n\nTorquetuner-ESP32 Source Code(LCD code in visual feedback branch): <https:\/\/gitlab.com\/idmil\/haptics\/TorqueTuner-ESP32\/-\/tree\/visual-feedback>\n\nTorquetuner 3D printing Case files (torquetuner-moteus branch): <https:\/\/gitlab.com\/idmil\/haptics\/rotarep\/-\/tree\/torquetuner-moteus>\n\nSupercollider Demos from NIME (demos folder): <https:\/\/gitlab.com\/idmil\/haptics\/torquetuner>\n\nTorquetuner Intro Talk: <https:\/\/drive.google.com\/file\/d\/1JngohqB1SlpGCioHFIMbP2Sb2OOstYtd\/view?usp=sharing>",
        "user": "U03JWS43U3H",
        "ts": "1664758267.070389",
        "blocks": [
            {
                "type": "rich_text",
                "block_id": "5+mo",
                "elements": [
                    {
                        "type": "rich_text_section",
                        "elements": [
                            {
                                "type": "text",
                                "text": "Resources:\nKirkegaard, M., Bredholt, M., Frisson, C., Wanderley, M. M. (2020). TorqueTuner: A self contained module for designing rotary haptic force feedback for digital musical instruments. In Proceedings of the 2020 International Conference on New Interfaces for Musical Expression (NIME 2020) (pp. 6). Birmingham, UK.\n\nHAID Work In Progress Submission: "
                            },
                            {
                                "type": "link",
                                "url": "https:\/\/drive.google.com\/file\/d\/18_EPQUfvQg93lIa6retsoUYR4VHyhTxN\/view?usp=sharing"
                            },
                            {
                                "type": "text",
                                "text": "\n\nTorquetuner-ESP32 Source Code(LCD code in visual feedback branch): "
                            },
                            {
                                "type": "link",
                                "url": "https:\/\/gitlab.com\/idmil\/haptics\/TorqueTuner-ESP32\/-\/tree\/visual-feedback"
                            },
                            {
                                "type": "text",
                                "text": "\n\nTorquetuner 3D printing Case files (torquetuner-moteus branch): "
                            },
                            {
                                "type": "link",
                                "url": "https:\/\/gitlab.com\/idmil\/haptics\/rotarep\/-\/tree\/torquetuner-moteus"
                            },
                            {
                                "type": "text",
                                "text": "\n\nSupercollider Demos from NIME (demos folder): "
                            },
                            {
                                "type": "link",
                                "url": "https:\/\/gitlab.com\/idmil\/haptics\/torquetuner"
                            },
                            {
                                "type": "text",
                                "text": "\n\nTorquetuner Intro Talk: "
                            },
                            {
                                "type": "link",
                                "url": "https:\/\/drive.google.com\/file\/d\/1JngohqB1SlpGCioHFIMbP2Sb2OOstYtd\/view?usp=sharing"
                            }
                        ]
                    }
                ]
            }
        ],
        "team": "TJPN85XRA",
        "user_team": "TJPN85XRA",
        "source_team": "TJPN85XRA",
        "user_profile": {
            "avatar_hash": "g9dd84ade99b",
            "image_72": "https:\/\/secure.gravatar.com\/avatar\/9dd84ade99bb030e9269d9f654d3b81f.jpg?s=72&d=https%3A%2F%2Fa.slack-edge.com%2Fdf10d%2Fimg%2Favatars%2Fava_0006-72.png",
            "first_name": "Albert-Ngabo",
            "real_name": "Albert-Ngabo Niyonsenga",
            "display_name": "Albert-Ngabo Niyonsenga",
            "team": "TJPN85XRA",
            "name": "albert-ngabo.niyonsen",
            "is_restricted": false,
            "is_ultra_restricted": false
        },
        "edited": {
            "user": "U03JWS43U3H",
            "ts": "1664759139.000000"
        },
        "reactions": [
            {
                "name": "raised_hands",
                "users": [
                    "UJQ9N9KA9"
                ],
                "count": 1
            }
        ]
    }
]