[
    {
        "client_msg_id": "d7c28ee5-6661-4bfd-a2e8-95bad561407b",
        "type": "message",
        "text": "Hello <!channel>, I won't be able to make it in the lab today but you can grab your torquetuner module + PSU from my desk (two psu are in rectangular cardboard boxes), If you have any issues please message me or post it on this channel.\nHave fun torquetuning everyone :slightly_smiling_face: !",
        "user": "U03JWS43U3H",
        "ts": "1664889242.893139",
        "blocks": [
            {
                "type": "rich_text",
                "block_id": "tsVk",
                "elements": [
                    {
                        "type": "rich_text_section",
                        "elements": [
                            {
                                "type": "text",
                                "text": "Hello "
                            },
                            {
                                "type": "broadcast",
                                "range": "channel"
                            },
                            {
                                "type": "text",
                                "text": ", I won't be able to make it in the lab today but you can grab your torquetuner module + PSU from my desk (two psu are in rectangular cardboard boxes), If you have any issues please message me or post it on this channel.\nHave fun torquetuning everyone "
                            },
                            {
                                "type": "emoji",
                                "name": "slightly_smiling_face",
                                "unicode": "1f642"
                            },
                            {
                                "type": "text",
                                "text": " !"
                            }
                        ]
                    }
                ]
            }
        ],
        "team": "TJPN85XRA",
        "user_team": "TJPN85XRA",
        "source_team": "TJPN85XRA",
        "user_profile": {
            "avatar_hash": "g9dd84ade99b",
            "image_72": "https:\/\/secure.gravatar.com\/avatar\/9dd84ade99bb030e9269d9f654d3b81f.jpg?s=72&d=https%3A%2F%2Fa.slack-edge.com%2Fdf10d%2Fimg%2Favatars%2Fava_0006-72.png",
            "first_name": "Albert-Ngabo",
            "real_name": "Albert-Ngabo Niyonsenga",
            "display_name": "Albert-Ngabo Niyonsenga",
            "team": "TJPN85XRA",
            "name": "albert-ngabo.niyonsen",
            "is_restricted": false,
            "is_ultra_restricted": false
        }
    },
    {
        "type": "message",
        "text": "Cool music idea?",
        "files": [
            {
                "id": "F045G31VC01",
                "mode": "hidden_by_limit"
            }
        ],
        "upload": false,
        "user": "U03RKAGLHTP",
        "display_as_bot": false,
        "ts": "1664902424.815959",
        "blocks": [
            {
                "type": "rich_text",
                "block_id": "T=hpW",
                "elements": [
                    {
                        "type": "rich_text_section",
                        "elements": [
                            {
                                "type": "text",
                                "text": "Cool music idea?"
                            }
                        ]
                    }
                ]
            }
        ],
        "client_msg_id": "6DB5C70D-98C6-4489-BA7D-5BE18B8CECE4",
        "reactions": [
            {
                "name": "headset_parrot",
                "users": [
                    "U03JTLB9FSS"
                ],
                "count": 1
            },
            {
                "name": "+1",
                "users": [
                    "UKGLCA1GS"
                ],
                "count": 1
            },
            {
                "name": "raised_hands",
                "users": [
                    "UJQ9N9KA9"
                ],
                "count": 1
            }
        ]
    },
    {
        "type": "message",
        "subtype": "channel_join",
        "ts": "1664906762.848069",
        "user": "U03NRB57K60",
        "text": "<@U03NRB57K60> has joined the channel",
        "inviter": "U03KSGRRF5F",
        "reactions": [
            {
                "name": "headset_parrot",
                "users": [
                    "U03RKAGLHTP"
                ],
                "count": 1
            }
        ]
    },
    {
        "client_msg_id": "89c7e714-55c8-40dd-8fdc-d11900e48500",
        "type": "message",
        "text": "Hey <@U03JWS43U3H>, I'm looking into whether you can measure applied torque at any point in time, and I see that you can read from registers using CAN-FD frames: <https:\/\/github.com\/mjbots\/moteus\/blob\/main\/docs\/reference.md#a-register-command-set>\nTorque can be read from one of the registers:\n```0x003 - Torque\nMode: Read only\n\nThe current applied torque as measured at the output shaft.```\nIt looks like these registers can only be read from the CAN bus on the moteus controller, do you know if it's possible to read it from the TinyPico using I2C instead of the fdcanusb device?",
        "user": "U03JTLB9FSS",
        "ts": "1664935035.304349",
        "blocks": [
            {
                "type": "rich_text",
                "block_id": "nbZf",
                "elements": [
                    {
                        "type": "rich_text_section",
                        "elements": [
                            {
                                "type": "text",
                                "text": "Hey "
                            },
                            {
                                "type": "user",
                                "user_id": "U03JWS43U3H"
                            },
                            {
                                "type": "text",
                                "text": ", I'm looking into whether you can measure applied torque at any point in time, and I see that you can read from registers using CAN-FD frames: "
                            },
                            {
                                "type": "link",
                                "url": "https:\/\/github.com\/mjbots\/moteus\/blob\/main\/docs\/reference.md#a-register-command-set"
                            },
                            {
                                "type": "text",
                                "text": "\nTorque can be read from one of the registers:\n"
                            }
                        ]
                    },
                    {
                        "type": "rich_text_preformatted",
                        "elements": [
                            {
                                "type": "text",
                                "text": "0x003 - Torque\nMode: Read only\n\nThe current applied torque as measured at the output shaft."
                            }
                        ],
                        "border": 0
                    },
                    {
                        "type": "rich_text_section",
                        "elements": [
                            {
                                "type": "text",
                                "text": "It looks like these registers can only be read from the CAN bus on the moteus controller, do you know if it's possible to read it from the TinyPico using I2C instead of the fdcanusb device?"
                            }
                        ]
                    }
                ]
            }
        ],
        "team": "TJPN85XRA",
        "user_team": "TJPN85XRA",
        "source_team": "TJPN85XRA",
        "user_profile": {
            "avatar_hash": "459fb8de8703",
            "image_72": "https:\/\/avatars.slack-edge.com\/2022-07-28\/3867310060339_459fb8de8703bb2678e5_72.jpg",
            "first_name": "Brady",
            "real_name": "Brady Boettcher",
            "display_name": "",
            "team": "TJPN85XRA",
            "name": "brady.boettcher",
            "is_restricted": false,
            "is_ultra_restricted": false
        },
        "edited": {
            "user": "U03JTLB9FSS",
            "ts": "1664935232.000000"
        },
        "thread_ts": "1664935035.304349",
        "reply_count": 24,
        "reply_users_count": 3,
        "latest_reply": "1664986046.662989",
        "reply_users": [
            "U03JWS43U3H",
            "U03JTLB9FSS",
            "UJQ9N9KA9"
        ],
        "replies": [
            {
                "user": "U03JWS43U3H",
                "ts": "1664942638.848199"
            },
            {
                "user": "U03JWS43U3H",
                "ts": "1664942666.195019"
            },
            {
                "user": "U03JTLB9FSS",
                "ts": "1664980093.703079"
            },
            {
                "user": "UJQ9N9KA9",
                "ts": "1664982646.413049"
            },
            {
                "user": "UJQ9N9KA9",
                "ts": "1664982936.767269"
            },
            {
                "user": "UJQ9N9KA9",
                "ts": "1664982970.250529"
            },
            {
                "user": "UJQ9N9KA9",
                "ts": "1664982999.850399"
            },
            {
                "user": "UJQ9N9KA9",
                "ts": "1664983086.720749"
            },
            {
                "user": "U03JTLB9FSS",
                "ts": "1664983208.387209"
            },
            {
                "user": "UJQ9N9KA9",
                "ts": "1664983833.325319"
            },
            {
                "user": "UJQ9N9KA9",
                "ts": "1664984160.154799"
            },
            {
                "user": "U03JTLB9FSS",
                "ts": "1664984198.538189"
            },
            {
                "user": "U03JTLB9FSS",
                "ts": "1664984426.411399"
            },
            {
                "user": "UJQ9N9KA9",
                "ts": "1664984455.238949"
            },
            {
                "user": "U03JTLB9FSS",
                "ts": "1664984482.306709"
            },
            {
                "user": "UJQ9N9KA9",
                "ts": "1664984502.656779"
            },
            {
                "user": "UJQ9N9KA9",
                "ts": "1664984570.229599"
            },
            {
                "user": "U03JTLB9FSS",
                "ts": "1664984745.604299"
            },
            {
                "user": "U03JTLB9FSS",
                "ts": "1664984792.007589"
            },
            {
                "user": "UJQ9N9KA9",
                "ts": "1664985828.927649"
            },
            {
                "user": "UJQ9N9KA9",
                "ts": "1664985843.154929"
            },
            {
                "user": "UJQ9N9KA9",
                "ts": "1664985900.678959"
            },
            {
                "user": "UJQ9N9KA9",
                "ts": "1664986031.202989"
            },
            {
                "user": "UJQ9N9KA9",
                "ts": "1664986046.662989"
            }
        ],
        "is_locked": false,
        "subscribed": false
    },
    {
        "client_msg_id": "cbefd9e6-6066-457e-9d83-fcf3200c6b13",
        "type": "message",
        "text": "Currently no (at least I'm pretty sure <@UJQ9N9KA9> can confirm), you might be able to change the moteus boards firmware directly so that the board sends it over I2C",
        "user": "U03JWS43U3H",
        "ts": "1664942638.848199",
        "blocks": [
            {
                "type": "rich_text",
                "block_id": "pMps",
                "elements": [
                    {
                        "type": "rich_text_section",
                        "elements": [
                            {
                                "type": "text",
                                "text": "Currently no (at least I'm pretty sure "
                            },
                            {
                                "type": "user",
                                "user_id": "UJQ9N9KA9"
                            },
                            {
                                "type": "text",
                                "text": " can confirm), you might be able to change the moteus boards firmware directly so that the board sends it over I2C"
                            }
                        ]
                    }
                ]
            }
        ],
        "team": "TJPN85XRA",
        "user_team": "TJPN85XRA",
        "source_team": "TJPN85XRA",
        "user_profile": {
            "avatar_hash": "g9dd84ade99b",
            "image_72": "https:\/\/secure.gravatar.com\/avatar\/9dd84ade99bb030e9269d9f654d3b81f.jpg?s=72&d=https%3A%2F%2Fa.slack-edge.com%2Fdf10d%2Fimg%2Favatars%2Fava_0006-72.png",
            "first_name": "Albert-Ngabo",
            "real_name": "Albert-Ngabo Niyonsenga",
            "display_name": "Albert-Ngabo Niyonsenga",
            "team": "TJPN85XRA",
            "name": "albert-ngabo.niyonsen",
            "is_restricted": false,
            "is_ultra_restricted": false
        },
        "thread_ts": "1664935035.304349",
        "parent_user_id": "U03JTLB9FSS"
    },
    {
        "client_msg_id": "ab017941-4541-413c-bde5-648d34c82899",
        "type": "message",
        "text": "If you are in the lab tomorrow I can walk you through how to flash firmware on the moteus board",
        "user": "U03JWS43U3H",
        "ts": "1664942666.195019",
        "blocks": [
            {
                "type": "rich_text",
                "block_id": "yvJ",
                "elements": [
                    {
                        "type": "rich_text_section",
                        "elements": [
                            {
                                "type": "text",
                                "text": "If you are in the lab tomorrow I can walk you through how to flash firmware on the moteus board"
                            }
                        ]
                    }
                ]
            }
        ],
        "team": "TJPN85XRA",
        "user_team": "TJPN85XRA",
        "source_team": "TJPN85XRA",
        "user_profile": {
            "avatar_hash": "g9dd84ade99b",
            "image_72": "https:\/\/secure.gravatar.com\/avatar\/9dd84ade99bb030e9269d9f654d3b81f.jpg?s=72&d=https%3A%2F%2Fa.slack-edge.com%2Fdf10d%2Fimg%2Favatars%2Fava_0006-72.png",
            "first_name": "Albert-Ngabo",
            "real_name": "Albert-Ngabo Niyonsenga",
            "display_name": "Albert-Ngabo Niyonsenga",
            "team": "TJPN85XRA",
            "name": "albert-ngabo.niyonsen",
            "is_restricted": false,
            "is_ultra_restricted": false
        },
        "thread_ts": "1664935035.304349",
        "parent_user_id": "U03JTLB9FSS",
        "reactions": [
            {
                "name": "raised_hands",
                "users": [
                    "U03JTLB9FSS"
                ],
                "count": 1
            }
        ]
    }
]