[
    {
        "client_msg_id": "a7c97c2b-e7a8-483e-ac1c-a6477f1637b9",
        "type": "message",
        "text": "I've long imagined developing a better way to assemble T-Sticks. Some ideas I've considered that you're welcome to appropriate: 3D printing the entire tube with integrated touch sensor elements (pressure and capacitive) using conductive filament (Marcelo has expressed that we could considered getting one of the newer 3D printers with a tool changer for printing multiple filaments more reliably); using a single large flexible PCB that wraps around the outside of the tube for the touch sensing elements; a key advantage of the last one (or two?) ideas being that you wouldn't need to cut the tube in half lengthwise to assemble the device, meaning that all of the interior components could just slide into  and out of the tube during assembly and maintenance; using a fabric sleeve for the exterior, held in place by the end caps such that you can remove the end caps, pull the sock off, and immediately access the internals; as an alternative to a flex PCB, printing the exterior touch sensors on paper with conductive ink, and\/or making the exterior touch sensing assembly with a combination of conductive paper, ink, regular paper, and copper tape, so that the sensor can be assembled on a flat surface and then wrapped around the tube",
        "user": "UJR4DDS12",
        "ts": "1658245893.760339",
        "blocks": [
            {
                "type": "rich_text",
                "block_id": "8OKMr",
                "elements": [
                    {
                        "type": "rich_text_section",
                        "elements": [
                            {
                                "type": "text",
                                "text": "I've long imagined developing a better way to assemble T-Sticks. Some ideas I've considered that you're welcome to appropriate: 3D printing the entire tube with integrated touch sensor elements (pressure and capacitive) using conductive filament (Marcelo has expressed that we could considered getting one of the newer 3D printers with a tool changer for printing multiple filaments more reliably); using a single large flexible PCB that wraps around the outside of the tube for the touch sensing elements; a key advantage of the last one (or two?) ideas being that you wouldn't need to cut the tube in half lengthwise to assemble the device, meaning that all of the interior components could just slide into  and out of the tube during assembly and maintenance; using a fabric sleeve for the exterior, held in place by the end caps such that you can remove the end caps, pull the sock off, and immediately access the internals; as an alternative to a flex PCB, printing the exterior touch sensors on paper with conductive ink, and\/or making the exterior touch sensing assembly with a combination of conductive paper, ink, regular paper, and copper tape, so that the sensor can be assembled on a flat surface and then wrapped around the tube"
                            }
                        ]
                    }
                ]
            }
        ],
        "team": "TJPN85XRA",
        "user_team": "TJPN85XRA",
        "source_team": "TJPN85XRA",
        "user_profile": {
            "avatar_hash": "a59dc6f2aaf0",
            "image_72": "https:\/\/avatars.slack-edge.com\/2022-06-18\/3673671924631_a59dc6f2aaf006d655d2_72.jpg",
            "first_name": "Travis",
            "real_name": "Travis West",
            "display_name": "Travis",
            "team": "TJPN85XRA",
            "name": "travis.west",
            "is_restricted": false,
            "is_ultra_restricted": false
        },
        "thread_ts": "1655134577.661839",
        "parent_user_id": "U03JWS43U3H",
        "reactions": [
            {
                "name": "+1::skin-tone-6",
                "users": [
                    "U03JWS43U3H"
                ],
                "count": 1
            }
        ]
    },
    {
        "client_msg_id": "9c4cc492-ccbe-4cfa-b52b-1e6bd53dbd9b",
        "type": "message",
        "text": "I've used Eagle in the past. I believe Fusion360 also has ECAD integrated now, since Autodesk acquired Eagle. But lately I am trying to switch to KiCAD and rely more on FLOSS since I am running Linux and Fusion360 is not available.",
        "user": "UJR4DDS12",
        "ts": "1658249624.172429",
        "blocks": [
            {
                "type": "rich_text",
                "block_id": "2oWGJ",
                "elements": [
                    {
                        "type": "rich_text_section",
                        "elements": [
                            {
                                "type": "text",
                                "text": "I've used Eagle in the past. I believe Fusion360 also has ECAD integrated now, since Autodesk acquired Eagle. But lately I am trying to switch to KiCAD and rely more on FLOSS since I am running Linux and Fusion360 is not available."
                            }
                        ]
                    }
                ]
            }
        ],
        "team": "TJPN85XRA",
        "user_team": "TJPN85XRA",
        "source_team": "TJPN85XRA",
        "user_profile": {
            "avatar_hash": "a59dc6f2aaf0",
            "image_72": "https:\/\/avatars.slack-edge.com\/2022-06-18\/3673671924631_a59dc6f2aaf006d655d2_72.jpg",
            "first_name": "Travis",
            "real_name": "Travis West",
            "display_name": "Travis",
            "team": "TJPN85XRA",
            "name": "travis.west",
            "is_restricted": false,
            "is_ultra_restricted": false
        },
        "thread_ts": "1655134971.929789",
        "parent_user_id": "U03JTLB9FSS"
    }
]