[
    {
        "client_msg_id": "68f6505c-6c9b-4800-8d62-496b37cc36ff",
        "type": "message",
        "text": "I'd also be interested in getting in on this!",
        "user": "U029MNKJ0DR",
        "ts": "1655231723.865319",
        "blocks": [
            {
                "type": "rich_text",
                "block_id": "si7",
                "elements": [
                    {
                        "type": "rich_text_section",
                        "elements": [
                            {
                                "type": "text",
                                "text": "I'd also be interested in getting in on this!"
                            }
                        ]
                    }
                ]
            }
        ],
        "team": "TJPN85XRA",
        "user_team": "TJPN85XRA",
        "source_team": "TJPN85XRA",
        "user_profile": {
            "avatar_hash": "f350669b1e49",
            "image_72": "https:\/\/avatars.slack-edge.com\/2021-07-29\/2324539512645_f350669b1e496193ea11_72.jpg",
            "first_name": "",
            "real_name": "Paul Buser",
            "display_name": "Paul Buser",
            "team": "TJPN85XRA",
            "name": "buser.paul",
            "is_restricted": false,
            "is_ultra_restricted": false
        },
        "thread_ts": "1655134971.929789",
        "parent_user_id": "U03JTLB9FSS"
    },
    {
        "client_msg_id": "ee5c4367-3654-4788-aad9-9db09b4d3f9f",
        "type": "message",
        "text": "I've used Fritzing in the past, and while it's been pretty easy to work with, it's not particularly powerful and has some frustrating limitations",
        "user": "U029MNKJ0DR",
        "ts": "1655231791.833579",
        "blocks": [
            {
                "type": "rich_text",
                "block_id": "dnLV",
                "elements": [
                    {
                        "type": "rich_text_section",
                        "elements": [
                            {
                                "type": "text",
                                "text": "I've used Fritzing in the past, and while it's been pretty easy to work with, it's not particularly powerful and has some frustrating limitations"
                            }
                        ]
                    }
                ]
            }
        ],
        "team": "TJPN85XRA",
        "user_team": "TJPN85XRA",
        "source_team": "TJPN85XRA",
        "user_profile": {
            "avatar_hash": "f350669b1e49",
            "image_72": "https:\/\/avatars.slack-edge.com\/2021-07-29\/2324539512645_f350669b1e496193ea11_72.jpg",
            "first_name": "",
            "real_name": "Paul Buser",
            "display_name": "Paul Buser",
            "team": "TJPN85XRA",
            "name": "buser.paul",
            "is_restricted": false,
            "is_ultra_restricted": false
        },
        "thread_ts": "1655134971.929789",
        "parent_user_id": "U03JTLB9FSS"
    },
    {
        "type": "message",
        "subtype": "channel_join",
        "ts": "1655260328.333289",
        "user": "UK4BP4NH2",
        "text": "<@UK4BP4NH2> has joined the channel"
    },
    {
        "client_msg_id": "80220DCA-9C07-4ACA-8A7C-89A75122DF47",
        "type": "message",
        "text": "I might also be interested in designing pcb for an instrument and has already looked a bit into kiCAD",
        "user": "UK4BP4NH2",
        "ts": "1655260412.414349",
        "blocks": [
            {
                "type": "rich_text",
                "block_id": "vMUc",
                "elements": [
                    {
                        "type": "rich_text_section",
                        "elements": [
                            {
                                "type": "text",
                                "text": "I"
                            },
                            {
                                "type": "text",
                                "text": " "
                            },
                            {
                                "type": "text",
                                "text": "might"
                            },
                            {
                                "type": "text",
                                "text": " "
                            },
                            {
                                "type": "text",
                                "text": "also"
                            },
                            {
                                "type": "text",
                                "text": " "
                            },
                            {
                                "type": "text",
                                "text": "be"
                            },
                            {
                                "type": "text",
                                "text": " interested "
                            },
                            {
                                "type": "text",
                                "text": "in"
                            },
                            {
                                "type": "text",
                                "text": " "
                            },
                            {
                                "type": "text",
                                "text": "designing"
                            },
                            {
                                "type": "text",
                                "text": " "
                            },
                            {
                                "type": "text",
                                "text": "pcb"
                            },
                            {
                                "type": "text",
                                "text": " "
                            },
                            {
                                "type": "text",
                                "text": "for"
                            },
                            {
                                "type": "text",
                                "text": " "
                            },
                            {
                                "type": "text",
                                "text": "an"
                            },
                            {
                                "type": "text",
                                "text": " instrument and "
                            },
                            {
                                "type": "text",
                                "text": "has"
                            },
                            {
                                "type": "text",
                                "text": " "
                            },
                            {
                                "type": "text",
                                "text": "already"
                            },
                            {
                                "type": "text",
                                "text": " "
                            },
                            {
                                "type": "text",
                                "text": "looked"
                            },
                            {
                                "type": "text",
                                "text": " "
                            },
                            {
                                "type": "text",
                                "text": "a"
                            },
                            {
                                "type": "text",
                                "text": " "
                            },
                            {
                                "type": "text",
                                "text": "bit"
                            },
                            {
                                "type": "text",
                                "text": " "
                            },
                            {
                                "type": "text",
                                "text": "into"
                            },
                            {
                                "type": "text",
                                "text": " "
                            },
                            {
                                "type": "text",
                                "text": "kiCAD"
                            }
                        ]
                    }
                ]
            }
        ],
        "team": "TJPN85XRA",
        "user_team": "TJPN85XRA",
        "source_team": "TJPN85XRA",
        "user_profile": {
            "avatar_hash": "f8256459a816",
            "image_72": "https:\/\/avatars.slack-edge.com\/2022-06-14\/3669597334018_f8256459a8162b9e2d8e_72.png",
            "first_name": "vincentcusson",
            "real_name": "vincentcusson",
            "display_name": "vincentcusson",
            "team": "TJPN85XRA",
            "name": "cusson.v",
            "is_restricted": false,
            "is_ultra_restricted": false
        },
        "thread_ts": "1655134971.929789",
        "parent_user_id": "U03JTLB9FSS"
    }
]