[
    {
        "type": "message",
        "subtype": "channel_join",
        "ts": "1558034618.000200",
        "user": "UJSJMACMC",
        "text": "<@UJSJMACMC> has joined the channel"
    },
    {
        "type": "message",
        "subtype": "channel_join",
        "ts": "1558034618.000500",
        "user": "UJCU8BAAW",
        "text": "<@UJCU8BAAW> has joined the channel",
        "inviter": "UJSJMACMC"
    },
    {
        "client_msg_id": "3df4e228-d8c2-42bc-acb1-780308e59768",
        "type": "message",
        "text": "<https:\/\/github.com\/espressif\/arduino-esp32\/issues\/1743>",
        "user": "UJSJMACMC",
        "ts": "1558034623.000700",
        "blocks": [
            {
                "type": "rich_text",
                "block_id": "TM5\/",
                "elements": [
                    {
                        "type": "rich_text_section",
                        "elements": [
                            {
                                "type": "link",
                                "url": "https:\/\/github.com\/espressif\/arduino-esp32\/issues\/1743"
                            }
                        ]
                    }
                ]
            }
        ],
        "team": "TJPN85XRA",
        "user_team": "TJPN85XRA",
        "source_team": "TJPN85XRA",
        "user_profile": {
            "avatar_hash": "g6469eb15662",
            "image_72": "https:\/\/secure.gravatar.com\/avatar\/f6469eb15662c142e04293e07926ec97.jpg?s=72&d=https%3A%2F%2Fa.slack-edge.com%2Fdf10d%2Fimg%2Favatars%2Fava_0025-72.png",
            "first_name": "",
            "real_name": "johnty",
            "display_name": "johnty",
            "team": "TJPN85XRA",
            "name": "johntywang",
            "is_restricted": false,
            "is_ultra_restricted": false
        },
        "attachments": [
            {
                "service_name": "GitHub",
                "title": "WiFi.SSID returning null or empty using esp_wifi_sta_get_ap_info  · Issue #1743 · espressif\/arduino-esp32",
                "title_link": "https:\/\/github.com\/espressif\/arduino-esp32\/issues\/1743",
                "text": "Hardware: Board: ESP32 Dev Module Core Installation\/update date: 30\/jul\/2018 IDE name: Arduino IDE Flash Frequency: 40Mhz Upload Speed: 92600 Description: As far as i know that if esp32 connected t...",
                "fallback": "GitHub: WiFi.SSID returning null or empty using esp_wifi_sta_get_ap_info  · Issue #1743 · espressif\/arduino-esp32",
                "thumb_url": "https:\/\/avatars3.githubusercontent.com\/u\/9460735?s=400&v=4",
                "from_url": "https:\/\/github.com\/espressif\/arduino-esp32\/issues\/1743",
                "thumb_width": 280,
                "thumb_height": 280,
                "service_icon": "https:\/\/a.slack-edge.com\/bfaba\/img\/unfurl_icons\/github.png",
                "id": 1,
                "original_url": "https:\/\/github.com\/espressif\/arduino-esp32\/issues\/1743"
            }
        ]
    }
]