[
    {
        "type": "message",
        "subtype": "channel_join",
        "ts": "1585325357.000200",
        "user": "U010FMZRE4A",
        "text": "<@U010FMZRE4A> has joined the channel"
    },
    {
        "client_msg_id": "2ae2ba8f-f728-48c2-b119-3b501da52e36",
        "type": "message",
        "text": "testestest",
        "user": "U010FMZRE4A",
        "ts": "1585325363.000500",
        "blocks": [
            {
                "type": "rich_text",
                "block_id": "sJp",
                "elements": [
                    {
                        "type": "rich_text_section",
                        "elements": [
                            {
                                "type": "text",
                                "text": "testestest"
                            }
                        ]
                    }
                ]
            }
        ],
        "team": "TJPN85XRA",
        "user_team": "TJPN85XRA",
        "source_team": "TJPN85XRA",
        "user_profile": {
            "avatar_hash": "c0adc2d8c593",
            "image_72": "https:\/\/avatars.slack-edge.com\/2020-03-26\/1027782097284_c0adc2d8c5932b435e7b_72.jpg",
            "first_name": "",
            "real_name": "Takuto Fukuda",
            "display_name": "Takuto Fukuda",
            "team": "TJPN85XRA",
            "name": "takuto.fukuda",
            "is_restricted": false,
            "is_ultra_restricted": false
        }
    },
    {
        "client_msg_id": "9d23497d-a43f-4821-99c1-7b84d3f9fea7",
        "type": "message",
        "text": "<@U010FMZRE4A> Received!",
        "user": "UJCU8BAAW",
        "ts": "1585326413.000800",
        "blocks": [
            {
                "type": "rich_text",
                "block_id": "gLN",
                "elements": [
                    {
                        "type": "rich_text_section",
                        "elements": [
                            {
                                "type": "user",
                                "user_id": "U010FMZRE4A"
                            },
                            {
                                "type": "text",
                                "text": " Received!"
                            }
                        ]
                    }
                ]
            }
        ],
        "team": "TJPN85XRA",
        "user_team": "TJPN85XRA",
        "source_team": "TJPN85XRA",
        "user_profile": {
            "avatar_hash": "d49c462f5537",
            "image_72": "https:\/\/avatars.slack-edge.com\/2021-06-14\/2154581376263_d49c462f5537edde8dbb_72.jpg",
            "first_name": "Edu",
            "real_name": "Edu Meneses",
            "display_name": "Edu Meneses",
            "team": "TJPN85XRA",
            "name": "eduardo.meneses",
            "is_restricted": false,
            "is_ultra_restricted": false
        },
        "reactions": [
            {
                "name": "+1",
                "users": [
                    "U010FMZRE4A"
                ],
                "count": 1
            }
        ]
    },
    {
        "client_msg_id": "0a1826bb-76f3-41d6-8be9-13320d25f115",
        "type": "message",
        "text": "Is my yellow T-Stick stranded in the IDMIL room?",
        "user": "U010FMZRE4A",
        "ts": "1585327170.001700",
        "blocks": [
            {
                "type": "rich_text",
                "block_id": "o2O",
                "elements": [
                    {
                        "type": "rich_text_section",
                        "elements": [
                            {
                                "type": "text",
                                "text": "Is my yellow T-Stick stranded in the IDMIL room?"
                            }
                        ]
                    }
                ]
            }
        ],
        "team": "TJPN85XRA",
        "user_team": "TJPN85XRA",
        "source_team": "TJPN85XRA",
        "user_profile": {
            "avatar_hash": "c0adc2d8c593",
            "image_72": "https:\/\/avatars.slack-edge.com\/2020-03-26\/1027782097284_c0adc2d8c5932b435e7b_72.jpg",
            "first_name": "",
            "real_name": "Takuto Fukuda",
            "display_name": "Takuto Fukuda",
            "team": "TJPN85XRA",
            "name": "takuto.fukuda",
            "is_restricted": false,
            "is_ultra_restricted": false
        }
    },
    {
        "client_msg_id": "e954417a-794c-4378-8c39-9dcfb80bf855",
        "type": "message",
        "text": "I didn't see it there, I thought you took it back before they chooses the lab. Maybe someone took it home, I know Matthias was looking for a T-Stick to take home. You can check if gitlab is up to date or ask everyone who has it",
        "user": "UJCU8BAAW",
        "ts": "1585327834.005000",
        "blocks": [
            {
                "type": "rich_text",
                "block_id": "opEUP",
                "elements": [
                    {
                        "type": "rich_text_section",
                        "elements": [
                            {
                                "type": "text",
                                "text": "I didn't see it there, I thought you took it back before they chooses the lab. Maybe someone took it home, I know Matthias was looking for a T-Stick to take home. You can check if gitlab is up to date or ask everyone who has it"
                            }
                        ]
                    }
                ]
            }
        ],
        "team": "TJPN85XRA",
        "user_team": "TJPN85XRA",
        "source_team": "TJPN85XRA",
        "user_profile": {
            "avatar_hash": "d49c462f5537",
            "image_72": "https:\/\/avatars.slack-edge.com\/2021-06-14\/2154581376263_d49c462f5537edde8dbb_72.jpg",
            "first_name": "Edu",
            "real_name": "Edu Meneses",
            "display_name": "Edu Meneses",
            "team": "TJPN85XRA",
            "name": "eduardo.meneses",
            "is_restricted": false,
            "is_ultra_restricted": false
        }
    },
    {
        "client_msg_id": "52ebff2f-aabc-453d-bf0e-4cfce7e5dd77",
        "type": "message",
        "text": "I've already checked the GitLab issue (<https:\/\/gitlab.com\/idmil\/administrative\/equipment\/issues\/3>) and the T-Stick #194 isn't assigned to anyone. Last time I went to the lab the only T-Stick I saw was #193, but it may be there somewhere. Mathias B. and K. already updated the issue with the T-Stick they have, so maybe we should check here and, if no one has it, it's probably at IDMIL somewhere.",
        "user": "UJCU8BAAW",
        "ts": "1585328247.008600",
        "blocks": [
            {
                "type": "rich_text",
                "block_id": "1wK",
                "elements": [
                    {
                        "type": "rich_text_section",
                        "elements": [
                            {
                                "type": "text",
                                "text": "I've already checked the GitLab issue ("
                            },
                            {
                                "type": "link",
                                "url": "https:\/\/gitlab.com\/idmil\/administrative\/equipment\/issues\/3"
                            },
                            {
                                "type": "text",
                                "text": ") and the T-Stick #194 isn't assigned to anyone. Last time I went to the lab the only T-Stick I saw was #193, but it may be there somewhere. Mathias B. and K. already updated the issue with the T-Stick they have, so maybe we should check here and, if no one has it, it's probably at IDMIL somewhere."
                            }
                        ]
                    }
                ]
            }
        ],
        "team": "TJPN85XRA",
        "user_team": "TJPN85XRA",
        "source_team": "TJPN85XRA",
        "user_profile": {
            "avatar_hash": "d49c462f5537",
            "image_72": "https:\/\/avatars.slack-edge.com\/2021-06-14\/2154581376263_d49c462f5537edde8dbb_72.jpg",
            "first_name": "Edu",
            "real_name": "Edu Meneses",
            "display_name": "Edu Meneses",
            "team": "TJPN85XRA",
            "name": "eduardo.meneses",
            "is_restricted": false,
            "is_ultra_restricted": false
        },
        "reactions": [
            {
                "name": "+1",
                "users": [
                    "U010FMZRE4A"
                ],
                "count": 1
            }
        ]
    },
    {
        "client_msg_id": "6cd63ad2-583d-44c4-850e-0bd5595adc5e",
        "type": "message",
        "text": "I'll also check with Sylvain just in case",
        "user": "UJCU8BAAW",
        "ts": "1585328261.009000",
        "blocks": [
            {
                "type": "rich_text",
                "block_id": "cnz",
                "elements": [
                    {
                        "type": "rich_text_section",
                        "elements": [
                            {
                                "type": "text",
                                "text": "I'll also check with Sylvain just in case"
                            }
                        ]
                    }
                ]
            }
        ],
        "team": "TJPN85XRA",
        "user_team": "TJPN85XRA",
        "source_team": "TJPN85XRA",
        "user_profile": {
            "avatar_hash": "d49c462f5537",
            "image_72": "https:\/\/avatars.slack-edge.com\/2021-06-14\/2154581376263_d49c462f5537edde8dbb_72.jpg",
            "first_name": "Edu",
            "real_name": "Edu Meneses",
            "display_name": "Edu Meneses",
            "team": "TJPN85XRA",
            "name": "eduardo.meneses",
            "is_restricted": false,
            "is_ultra_restricted": false
        },
        "thread_ts": "1585328261.009000",
        "reply_count": 4,
        "reply_users_count": 2,
        "latest_reply": "1585667147.000500",
        "reply_users": [
            "U010FMZRE4A",
            "UJCU8BAAW"
        ],
        "replies": [
            {
                "user": "U010FMZRE4A",
                "ts": "1585663559.000200"
            },
            {
                "user": "UJCU8BAAW",
                "ts": "1585667037.000100"
            },
            {
                "user": "UJCU8BAAW",
                "ts": "1585667101.000300"
            },
            {
                "user": "UJCU8BAAW",
                "ts": "1585667147.000500"
            }
        ],
        "is_locked": false,
        "subscribed": false
    }
]