[
    {
        "client_msg_id": "69f19a03-6b08-4e81-9502-8b6b328cc3ed",
        "type": "message",
        "text": "Thanks Edu. It sounds like you added a new functionality of T-Stick that is a pair of legs lol",
        "user": "U010FMZRE4A",
        "ts": "1585663559.000200",
        "blocks": [
            {
                "type": "rich_text",
                "block_id": "0DR",
                "elements": [
                    {
                        "type": "rich_text_section",
                        "elements": [
                            {
                                "type": "text",
                                "text": "Thanks Edu. It sounds like you added a new functionality of T-Stick that is a pair of legs lol"
                            }
                        ]
                    }
                ]
            }
        ],
        "team": "TJPN85XRA",
        "user_team": "TJPN85XRA",
        "source_team": "TJPN85XRA",
        "user_profile": {
            "avatar_hash": "c0adc2d8c593",
            "image_72": "https:\/\/avatars.slack-edge.com\/2020-03-26\/1027782097284_c0adc2d8c5932b435e7b_72.jpg",
            "first_name": "",
            "real_name": "Takuto Fukuda",
            "display_name": "Takuto Fukuda",
            "team": "TJPN85XRA",
            "name": "takuto.fukuda",
            "is_restricted": false,
            "is_ultra_restricted": false
        },
        "thread_ts": "1585328261.009000",
        "parent_user_id": "UJCU8BAAW"
    },
    {
        "client_msg_id": "791faca9-2bcb-47a8-bef1-76e8d0e01c81",
        "type": "message",
        "text": "I wish hahaha. In fact, what happened was: I lent the yellow T-Stick to Sylvain temporarily until I finish the Vivier ones. I should have finish them by now, but now it's impossible to do for obvious reasons. I sent him a message asking if I can have it back for now (I still own a T-Stick for Vivier), but he didn't replied yet.",
        "user": "UJCU8BAAW",
        "ts": "1585667037.000100",
        "blocks": [
            {
                "type": "rich_text",
                "block_id": "oaJf9",
                "elements": [
                    {
                        "type": "rich_text_section",
                        "elements": [
                            {
                                "type": "text",
                                "text": "I wish hahaha. In fact, what happened was: I lent the yellow T-Stick to Sylvain temporarily until I finish the Vivier ones. I should have finish them by now, but now it's impossible to do for obvious reasons. I sent him a message asking if I can have it back for now (I still own a T-Stick for Vivier), but he didn't replied yet."
                            }
                        ]
                    }
                ]
            }
        ],
        "team": "TJPN85XRA",
        "user_team": "TJPN85XRA",
        "source_team": "TJPN85XRA",
        "user_profile": {
            "avatar_hash": "d49c462f5537",
            "image_72": "https:\/\/avatars.slack-edge.com\/2021-06-14\/2154581376263_d49c462f5537edde8dbb_72.jpg",
            "first_name": "Edu",
            "real_name": "Edu Meneses",
            "display_name": "Edu Meneses",
            "team": "TJPN85XRA",
            "name": "eduardo.meneses",
            "is_restricted": false,
            "is_ultra_restricted": false
        },
        "thread_ts": "1585328261.009000",
        "parent_user_id": "UJCU8BAAW"
    },
    {
        "client_msg_id": "570fa0f4-2713-40d0-980d-a878f9a0a1a7",
        "type": "message",
        "text": "I'm the meantime, you can use the red one that's in my desk. The battery is not great, but otherwise it works fine",
        "user": "UJCU8BAAW",
        "ts": "1585667101.000300",
        "blocks": [
            {
                "type": "rich_text",
                "block_id": "i0XH",
                "elements": [
                    {
                        "type": "rich_text_section",
                        "elements": [
                            {
                                "type": "text",
                                "text": "I'm the meantime, you can use the red one that's in my desk. The battery is not great, but otherwise it works fine"
                            }
                        ]
                    }
                ]
            }
        ],
        "team": "TJPN85XRA",
        "user_team": "TJPN85XRA",
        "source_team": "TJPN85XRA",
        "user_profile": {
            "avatar_hash": "d49c462f5537",
            "image_72": "https:\/\/avatars.slack-edge.com\/2021-06-14\/2154581376263_d49c462f5537edde8dbb_72.jpg",
            "first_name": "Edu",
            "real_name": "Edu Meneses",
            "display_name": "Edu Meneses",
            "team": "TJPN85XRA",
            "name": "eduardo.meneses",
            "is_restricted": false,
            "is_ultra_restricted": false
        },
        "thread_ts": "1585328261.009000",
        "parent_user_id": "UJCU8BAAW"
    },
    {
        "client_msg_id": "9ed81ae4-422f-43c3-b8b4-ac7873b67d25",
        "type": "message",
        "text": "Please ask Darryl to take for you if you want it",
        "user": "UJCU8BAAW",
        "ts": "1585667147.000500",
        "blocks": [
            {
                "type": "rich_text",
                "block_id": "dBhe",
                "elements": [
                    {
                        "type": "rich_text_section",
                        "elements": [
                            {
                                "type": "text",
                                "text": "Please ask Darryl to take for you if you want it"
                            }
                        ]
                    }
                ]
            }
        ],
        "team": "TJPN85XRA",
        "user_team": "TJPN85XRA",
        "source_team": "TJPN85XRA",
        "user_profile": {
            "avatar_hash": "d49c462f5537",
            "image_72": "https:\/\/avatars.slack-edge.com\/2021-06-14\/2154581376263_d49c462f5537edde8dbb_72.jpg",
            "first_name": "Edu",
            "real_name": "Edu Meneses",
            "display_name": "Edu Meneses",
            "team": "TJPN85XRA",
            "name": "eduardo.meneses",
            "is_restricted": false,
            "is_ultra_restricted": false
        },
        "thread_ts": "1585328261.009000",
        "parent_user_id": "UJCU8BAAW",
        "reactions": [
            {
                "name": "+1",
                "users": [
                    "U010FMZRE4A"
                ],
                "count": 1
            }
        ]
    },
    {
        "type": "message",
        "subtype": "channel_join",
        "ts": "1585689458.000200",
        "user": "UJR4DDS12",
        "text": "<@UJR4DDS12> has joined the channel"
    }
]