[
    {
        "type": "message",
        "subtype": "channel_join",
        "ts": "1585238570.000200",
        "user": "U010TD4329M",
        "text": "<@U010TD4329M> has joined the channel"
    },
    {
        "type": "message",
        "subtype": "channel_join",
        "ts": "1585254425.000400",
        "user": "U010VMNKLD6",
        "text": "<@U010VMNKLD6> has joined the channel"
    },
    {
        "client_msg_id": "86110a42-b7fe-4911-acd2-7319944168a0",
        "type": "message",
        "text": ":alien:",
        "user": "U010VMNKLD6",
        "ts": "1585254459.000600",
        "blocks": [
            {
                "type": "rich_text",
                "block_id": "pzP",
                "elements": [
                    {
                        "type": "rich_text_section",
                        "elements": [
                            {
                                "type": "emoji",
                                "name": "alien",
                                "unicode": "1f47d"
                            }
                        ]
                    }
                ]
            }
        ],
        "team": "TJPN85XRA",
        "user_team": "TJPN85XRA",
        "source_team": "TJPN85XRA",
        "user_profile": {
            "avatar_hash": "g4865e914ca8",
            "image_72": "https:\/\/secure.gravatar.com\/avatar\/4865e914ca803ddaf35e22d48a565b27.jpg?s=72&d=https%3A%2F%2Fa.slack-edge.com%2Fdf10d%2Fimg%2Favatars%2Fava_0007-72.png",
            "first_name": "",
            "real_name": "Alex Nieva",
            "display_name": "Alex Nieva",
            "team": "TJPN85XRA",
            "name": "alexnieva",
            "is_restricted": false,
            "is_ultra_restricted": false
        }
    }
]