[
    {
        "client_msg_id": "cd096ac9-2518-4d63-8ffa-cfba8d4173a6",
        "type": "message",
        "text": "Is there a newest generation T-Stick available? I would like to try it.",
        "user": "U010FMZRE4A",
        "ts": "1665415849.757479",
        "blocks": [
            {
                "type": "rich_text",
                "block_id": "Btf",
                "elements": [
                    {
                        "type": "rich_text_section",
                        "elements": [
                            {
                                "type": "text",
                                "text": "Is there a newest generation T-Stick available? I would like to try it."
                            }
                        ]
                    }
                ]
            }
        ],
        "team": "TJPN85XRA",
        "user_team": "TJPN85XRA",
        "source_team": "TJPN85XRA",
        "user_profile": {
            "avatar_hash": "c0adc2d8c593",
            "image_72": "https:\/\/avatars.slack-edge.com\/2020-03-26\/1027782097284_c0adc2d8c5932b435e7b_72.jpg",
            "first_name": "",
            "real_name": "Takuto Fukuda",
            "display_name": "Takuto Fukuda",
            "team": "TJPN85XRA",
            "name": "takuto.fukuda",
            "is_restricted": false,
            "is_ultra_restricted": false
        },
        "thread_ts": "1665415849.757479",
        "reply_count": 3,
        "reply_users_count": 2,
        "latest_reply": "1665507588.523639",
        "reply_users": [
            "U03JWS43U3H",
            "U010FMZRE4A"
        ],
        "replies": [
            {
                "user": "U03JWS43U3H",
                "ts": "1665416036.705129"
            },
            {
                "user": "U03JWS43U3H",
                "ts": "1665506051.515619"
            },
            {
                "user": "U010FMZRE4A",
                "ts": "1665507588.523639"
            }
        ],
        "is_locked": false,
        "subscribed": false
    },
    {
        "client_msg_id": "f621156a-4fa3-43e9-a177-eda9b992db03",
        "type": "message",
        "text": "There should be, I'll double check tomorrow",
        "user": "U03JWS43U3H",
        "ts": "1665416036.705129",
        "blocks": [
            {
                "type": "rich_text",
                "block_id": "lf9",
                "elements": [
                    {
                        "type": "rich_text_section",
                        "elements": [
                            {
                                "type": "text",
                                "text": "There should be, I'll double check tomorrow"
                            }
                        ]
                    }
                ]
            }
        ],
        "team": "TJPN85XRA",
        "user_team": "TJPN85XRA",
        "source_team": "TJPN85XRA",
        "user_profile": {
            "avatar_hash": "g9dd84ade99b",
            "image_72": "https:\/\/secure.gravatar.com\/avatar\/9dd84ade99bb030e9269d9f654d3b81f.jpg?s=72&d=https%3A%2F%2Fa.slack-edge.com%2Fdf10d%2Fimg%2Favatars%2Fava_0006-72.png",
            "first_name": "Albert-Ngabo",
            "real_name": "Albert-Ngabo Niyonsenga",
            "display_name": "Albert-Ngabo Niyonsenga",
            "team": "TJPN85XRA",
            "name": "albert-ngabo.niyonsen",
            "is_restricted": false,
            "is_ultra_restricted": false
        },
        "thread_ts": "1665415849.757479",
        "parent_user_id": "U010FMZRE4A",
        "reactions": [
            {
                "name": "pray",
                "users": [
                    "U010FMZRE4A"
                ],
                "count": 1
            }
        ]
    },
    {
        "client_msg_id": "50d249c7-cc3c-4ce6-b7be-f1c0012d6210",
        "type": "message",
        "text": "<@U010FMZRE4A> have you had time to dig for the patches from the previous workshops? I can do it later, but I'm sure i've made modifications to mine",
        "user": "U01APBW5N2J",
        "ts": "1665426903.467029",
        "blocks": [
            {
                "type": "rich_text",
                "block_id": "ajQ\/m",
                "elements": [
                    {
                        "type": "rich_text_section",
                        "elements": [
                            {
                                "type": "user",
                                "user_id": "U010FMZRE4A"
                            },
                            {
                                "type": "text",
                                "text": " have you had time to dig for the patches from the previous workshops? I can do it later, but I'm sure i've made modifications to mine"
                            }
                        ]
                    }
                ]
            }
        ],
        "team": "TJPN85XRA",
        "user_team": "TJPN85XRA",
        "source_team": "TJPN85XRA",
        "user_profile": {
            "avatar_hash": "fe0a901d9daf",
            "image_72": "https:\/\/avatars.slack-edge.com\/2020-09-17\/1355731656631_fe0a901d9daf26440442_72.png",
            "first_name": "",
            "real_name": "Kasey Pocius",
            "display_name": "Kasey Pocius",
            "team": "TJPN85XRA",
            "name": "kaseypocius",
            "is_restricted": false,
            "is_ultra_restricted": false
        },
        "thread_ts": "1664999150.032939",
        "parent_user_id": "U01APBW5N2J"
    },
    {
        "client_msg_id": "c07a7012-7eaa-49d6-abd4-e9567a121538",
        "type": "message",
        "text": "Well, I have the patches from the previous workshops. But my feeling is that we need to modify them or make a new patch that reflects the user feedback from the past workshops and changes made in T-Sticks. I will start working on that once I get the new generation T-Stick.",
        "user": "U010FMZRE4A",
        "ts": "1665432184.653049",
        "blocks": [
            {
                "type": "rich_text",
                "block_id": "cKuPA",
                "elements": [
                    {
                        "type": "rich_text_section",
                        "elements": [
                            {
                                "type": "text",
                                "text": "Well, I have the patches from the previous workshops. But my feeling is that we need to modify them or make a new patch that reflects the user feedback from the past workshops and changes made in T-Sticks. I will start working on that once I get the new generation T-Stick."
                            }
                        ]
                    }
                ]
            }
        ],
        "team": "TJPN85XRA",
        "user_team": "TJPN85XRA",
        "source_team": "TJPN85XRA",
        "user_profile": {
            "avatar_hash": "c0adc2d8c593",
            "image_72": "https:\/\/avatars.slack-edge.com\/2020-03-26\/1027782097284_c0adc2d8c5932b435e7b_72.jpg",
            "first_name": "",
            "real_name": "Takuto Fukuda",
            "display_name": "Takuto Fukuda",
            "team": "TJPN85XRA",
            "name": "takuto.fukuda",
            "is_restricted": false,
            "is_ultra_restricted": false
        },
        "thread_ts": "1664999150.032939",
        "parent_user_id": "U01APBW5N2J",
        "reactions": [
            {
                "name": "+1",
                "users": [
                    "U01APBW5N2J"
                ],
                "count": 1
            }
        ]
    },
    {
        "client_msg_id": "74ef2f0a-4081-43fd-903c-d357b1811cd5",
        "type": "message",
        "text": "I’m happy to help with the max\/reaper end of things - it might be best to start with the supercollider one on your end, once you get the newest t-stick. The current students at the lab, myself included, don’t have a lot of supercollider experience (AFAIK)",
        "user": "U01APBW5N2J",
        "ts": "1665433921.725469",
        "blocks": [
            {
                "type": "rich_text",
                "block_id": "j6j",
                "elements": [
                    {
                        "type": "rich_text_section",
                        "elements": [
                            {
                                "type": "text",
                                "text": "I’m happy to help with the max\/reaper end of things - it might be best to start with the supercollider one on your end, once you get the newest t-stick. The current students at the lab, myself included, don’t have a lot of supercollider experience (AFAIK)"
                            }
                        ]
                    }
                ]
            }
        ],
        "team": "TJPN85XRA",
        "user_team": "TJPN85XRA",
        "source_team": "TJPN85XRA",
        "user_profile": {
            "avatar_hash": "fe0a901d9daf",
            "image_72": "https:\/\/avatars.slack-edge.com\/2020-09-17\/1355731656631_fe0a901d9daf26440442_72.png",
            "first_name": "",
            "real_name": "Kasey Pocius",
            "display_name": "Kasey Pocius",
            "team": "TJPN85XRA",
            "name": "kaseypocius",
            "is_restricted": false,
            "is_ultra_restricted": false
        },
        "edited": {
            "user": "U01APBW5N2J",
            "ts": "1665434014.000000"
        },
        "thread_ts": "1664999150.032939",
        "parent_user_id": "U01APBW5N2J"
    },
    {
        "client_msg_id": "5cd0d1ba-4653-4b25-b14d-d995fed6ffed",
        "type": "message",
        "text": "I’d suggest we focus on the Max patch for now rather than dispersing our force into various environments since I need to introduce the patch to students soon at the beginning of the winter semester in the Digital Studio Composition class. I can prototype the patch and it would be nice if I can get feedback from you.",
        "user": "U010FMZRE4A",
        "ts": "1665439483.848369",
        "blocks": [
            {
                "type": "rich_text",
                "block_id": "yjHG",
                "elements": [
                    {
                        "type": "rich_text_section",
                        "elements": [
                            {
                                "type": "text",
                                "text": "I’d suggest we focus on the Max patch for now rather than dispersing our force into various environments since I need to introduce the patch to students soon at the beginning of the winter semester in the Digital Studio Composition class. I can prototype the patch and it would be nice if I can get feedback from you."
                            }
                        ]
                    }
                ]
            }
        ],
        "team": "TJPN85XRA",
        "user_team": "TJPN85XRA",
        "source_team": "TJPN85XRA",
        "user_profile": {
            "avatar_hash": "c0adc2d8c593",
            "image_72": "https:\/\/avatars.slack-edge.com\/2020-03-26\/1027782097284_c0adc2d8c5932b435e7b_72.jpg",
            "first_name": "",
            "real_name": "Takuto Fukuda",
            "display_name": "Takuto Fukuda",
            "team": "TJPN85XRA",
            "name": "takuto.fukuda",
            "is_restricted": false,
            "is_ultra_restricted": false
        },
        "thread_ts": "1664999150.032939",
        "parent_user_id": "U01APBW5N2J",
        "reactions": [
            {
                "name": "+1",
                "users": [
                    "U01APBW5N2J"
                ],
                "count": 1
            }
        ]
    },
    {
        "client_msg_id": "f7bb0606-8a32-49bc-9fa7-98c0fa840527",
        "type": "message",
        "text": "That sounds good to me! Though having some supercollider demos would be nice to have for the future, especially considering some of the upcoming projects that will be using the SAT tools",
        "user": "U01APBW5N2J",
        "ts": "1665447990.117499",
        "blocks": [
            {
                "type": "rich_text",
                "block_id": "Xf3y0",
                "elements": [
                    {
                        "type": "rich_text_section",
                        "elements": [
                            {
                                "type": "text",
                                "text": "That sounds good to me! Though having some supercollider demos would be nice to have for the future, especially considering some of the upcoming projects that will be using the SAT tools"
                            }
                        ]
                    }
                ]
            }
        ],
        "team": "TJPN85XRA",
        "user_team": "TJPN85XRA",
        "source_team": "TJPN85XRA",
        "user_profile": {
            "avatar_hash": "fe0a901d9daf",
            "image_72": "https:\/\/avatars.slack-edge.com\/2020-09-17\/1355731656631_fe0a901d9daf26440442_72.png",
            "first_name": "",
            "real_name": "Kasey Pocius",
            "display_name": "Kasey Pocius",
            "team": "TJPN85XRA",
            "name": "kaseypocius",
            "is_restricted": false,
            "is_ultra_restricted": false
        },
        "thread_ts": "1664999150.032939",
        "parent_user_id": "U01APBW5N2J",
        "reactions": [
            {
                "name": "+1",
                "users": [
                    "U010FMZRE4A"
                ],
                "count": 1
            }
        ]
    }
]