[
    {
        "client_msg_id": "339aa138-948e-463c-998c-9d4c55b1bdd3",
        "type": "message",
        "text": "<@U029MNKJ0DR> and <@U03JTLB9FSS>: looks like it is possible to set a different static ip address for the ESP32 using <https:\/\/docs.espressif.com\/projects\/esp-idf\/en\/v3.3\/api-reference\/network\/tcpip_adapter.html#_CPPv425tcpip_adapter_set_ip_info18tcpip_adapter_if_tPK23tcpip_adapter_ip_info_t|tcpip_adapter_set_ip_info>. However, I think the best approach would be to have a different default subnet for the MPU, as ESP32-based controllers using non-Puara firmwares might present the same issue.",
        "user": "UJCU8BAAW",
        "ts": "1666719269.821189",
        "blocks": [
            {
                "type": "rich_text",
                "block_id": "Xden",
                "elements": [
                    {
                        "type": "rich_text_section",
                        "elements": [
                            {
                                "type": "user",
                                "user_id": "U029MNKJ0DR"
                            },
                            {
                                "type": "text",
                                "text": " and "
                            },
                            {
                                "type": "user",
                                "user_id": "U03JTLB9FSS"
                            },
                            {
                                "type": "text",
                                "text": ": looks like it is possible to set a different static ip address for the ESP32 using "
                            },
                            {
                                "type": "link",
                                "url": "https:\/\/docs.espressif.com\/projects\/esp-idf\/en\/v3.3\/api-reference\/network\/tcpip_adapter.html#_CPPv425tcpip_adapter_set_ip_info18tcpip_adapter_if_tPK23tcpip_adapter_ip_info_t",
                                "text": "tcpip_adapter_set_ip_info"
                            },
                            {
                                "type": "text",
                                "text": ". However, I think the best approach would be to have a different default subnet for the MPU, as ESP32-based controllers using non-Puara firmwares might present the same issue."
                            }
                        ]
                    }
                ]
            }
        ],
        "team": "TJPN85XRA",
        "user_team": "TJPN85XRA",
        "source_team": "TJPN85XRA",
        "user_profile": {
            "avatar_hash": "d49c462f5537",
            "image_72": "https:\/\/avatars.slack-edge.com\/2021-06-14\/2154581376263_d49c462f5537edde8dbb_72.jpg",
            "first_name": "Edu",
            "real_name": "Edu Meneses",
            "display_name": "Edu Meneses",
            "team": "TJPN85XRA",
            "name": "eduardo.meneses",
            "is_restricted": false,
            "is_ultra_restricted": false
        }
    },
    {
        "client_msg_id": "ca0bef90-15cb-4fa4-adc0-ac54437d755a",
        "type": "message",
        "text": "I'll change the MPU005's subnet before I leave. Please test the connection when you can.",
        "user": "UJCU8BAAW",
        "ts": "1666719307.083859",
        "blocks": [
            {
                "type": "rich_text",
                "block_id": "i9Sm",
                "elements": [
                    {
                        "type": "rich_text_section",
                        "elements": [
                            {
                                "type": "text",
                                "text": "I'll change the MPU005's subnet before I leave. Please test the connection when you can."
                            }
                        ]
                    }
                ]
            }
        ],
        "team": "TJPN85XRA",
        "user_team": "TJPN85XRA",
        "source_team": "TJPN85XRA",
        "user_profile": {
            "avatar_hash": "d49c462f5537",
            "image_72": "https:\/\/avatars.slack-edge.com\/2021-06-14\/2154581376263_d49c462f5537edde8dbb_72.jpg",
            "first_name": "Edu",
            "real_name": "Edu Meneses",
            "display_name": "Edu Meneses",
            "team": "TJPN85XRA",
            "name": "eduardo.meneses",
            "is_restricted": false,
            "is_ultra_restricted": false
        }
    },
    {
        "client_msg_id": "efa7eafc-4928-4e34-be5e-da4d85d30b57",
        "type": "message",
        "text": "I changed the MPU address to 192.168.5.1",
        "user": "UJCU8BAAW",
        "ts": "1666719544.931159",
        "blocks": [
            {
                "type": "rich_text",
                "block_id": "+jByh",
                "elements": [
                    {
                        "type": "rich_text_section",
                        "elements": [
                            {
                                "type": "text",
                                "text": "I changed the MPU address to 192.168.5.1"
                            }
                        ]
                    }
                ]
            }
        ],
        "team": "TJPN85XRA",
        "user_team": "TJPN85XRA",
        "source_team": "TJPN85XRA",
        "user_profile": {
            "avatar_hash": "d49c462f5537",
            "image_72": "https:\/\/avatars.slack-edge.com\/2021-06-14\/2154581376263_d49c462f5537edde8dbb_72.jpg",
            "first_name": "Edu",
            "real_name": "Edu Meneses",
            "display_name": "Edu Meneses",
            "team": "TJPN85XRA",
            "name": "eduardo.meneses",
            "is_restricted": false,
            "is_ultra_restricted": false
        }
    },
    {
        "client_msg_id": "fed6a162-429f-4e6f-ba6c-0252d4a1355b",
        "type": "message",
        "text": "Also, I left the MPU003 ready and took the 005 with me to prepare a new image without the bugs we found today",
        "user": "UJCU8BAAW",
        "ts": "1666720865.100719",
        "blocks": [
            {
                "type": "rich_text",
                "block_id": "Z+33",
                "elements": [
                    {
                        "type": "rich_text_section",
                        "elements": [
                            {
                                "type": "text",
                                "text": "Also, I left the MPU003 ready and took the 005 with me to prepare a new image without the bugs we found today"
                            }
                        ]
                    }
                ]
            }
        ],
        "team": "TJPN85XRA",
        "user_team": "TJPN85XRA",
        "source_team": "TJPN85XRA",
        "user_profile": {
            "avatar_hash": "d49c462f5537",
            "image_72": "https:\/\/avatars.slack-edge.com\/2021-06-14\/2154581376263_d49c462f5537edde8dbb_72.jpg",
            "first_name": "Edu",
            "real_name": "Edu Meneses",
            "display_name": "Edu Meneses",
            "team": "TJPN85XRA",
            "name": "eduardo.meneses",
            "is_restricted": false,
            "is_ultra_restricted": false
        }
    }
]