[
    {
        "client_msg_id": "9ffbece0-cc9a-4238-a9e7-8f94db0f66d6",
        "type": "message",
        "text": "Can anyone indicate what kind of heat shrink we've been using for the exterior wrap on the T-Sticks? What diameter? Where do we get it? What shrink ratio? Etc.",
        "user": "UJR4DDS12",
        "ts": "1669735472.333329",
        "blocks": [
            {
                "type": "rich_text",
                "block_id": "J9f",
                "elements": [
                    {
                        "type": "rich_text_section",
                        "elements": [
                            {
                                "type": "text",
                                "text": "Can anyone indicate what kind of heat shrink we've been using for the exterior wrap on the T-Sticks? What diameter? Where do we get it? What shrink ratio? Etc."
                            }
                        ]
                    }
                ]
            }
        ],
        "team": "TJPN85XRA",
        "user_team": "TJPN85XRA",
        "source_team": "TJPN85XRA",
        "user_profile": {
            "avatar_hash": "a59dc6f2aaf0",
            "image_72": "https:\/\/avatars.slack-edge.com\/2022-06-18\/3673671924631_a59dc6f2aaf006d655d2_72.jpg",
            "first_name": "Travis",
            "real_name": "Travis West",
            "display_name": "Travis",
            "team": "TJPN85XRA",
            "name": "travis.west",
            "is_restricted": false,
            "is_ultra_restricted": false
        },
        "thread_ts": "1669735472.333329",
        "reply_count": 8,
        "reply_users_count": 4,
        "latest_reply": "1669814611.268009",
        "reply_users": [
            "U03JWS43U3H",
            "UJCU8BAAW",
            "UJR4DDS12",
            "U03JTLB9FSS"
        ],
        "replies": [
            {
                "user": "U03JWS43U3H",
                "ts": "1669735596.685359"
            },
            {
                "user": "UJCU8BAAW",
                "ts": "1669736957.293169"
            },
            {
                "user": "UJCU8BAAW",
                "ts": "1669737065.611839"
            },
            {
                "user": "UJR4DDS12",
                "ts": "1669737610.379119"
            },
            {
                "user": "U03JTLB9FSS",
                "ts": "1669779473.502139"
            },
            {
                "user": "U03JTLB9FSS",
                "ts": "1669779500.718239"
            },
            {
                "user": "UJR4DDS12",
                "ts": "1669814535.206109"
            },
            {
                "user": "UJR4DDS12",
                "ts": "1669814611.268009"
            }
        ],
        "is_locked": false,
        "subscribed": false
    },
    {
        "client_msg_id": "066a1966-9916-40f7-926b-c6ef18d5e054",
        "type": "message",
        "text": "According to Edu we normally get it from Aliexpress, he doesn't remember the shrink ratio, but the current heat shrink we currently have is around 80mm",
        "user": "U03JWS43U3H",
        "ts": "1669735596.685359",
        "blocks": [
            {
                "type": "rich_text",
                "block_id": "B9bc",
                "elements": [
                    {
                        "type": "rich_text_section",
                        "elements": [
                            {
                                "type": "text",
                                "text": "According to Edu we normally get it from Aliexpress, he doesn't remember the shrink ratio, but the current heat shrink we currently have is around 80mm"
                            }
                        ]
                    }
                ]
            }
        ],
        "team": "TJPN85XRA",
        "user_team": "TJPN85XRA",
        "source_team": "TJPN85XRA",
        "user_profile": {
            "avatar_hash": "g9dd84ade99b",
            "image_72": "https:\/\/secure.gravatar.com\/avatar\/9dd84ade99bb030e9269d9f654d3b81f.jpg?s=72&d=https%3A%2F%2Fa.slack-edge.com%2Fdf10d%2Fimg%2Favatars%2Fava_0006-72.png",
            "first_name": "Albert-Ngabo",
            "real_name": "Albert-Ngabo Niyonsenga",
            "display_name": "Albert-Ngabo Niyonsenga",
            "team": "TJPN85XRA",
            "name": "albert-ngabo.niyonsen",
            "is_restricted": false,
            "is_ultra_restricted": false
        },
        "thread_ts": "1669735472.333329",
        "parent_user_id": "UJR4DDS12"
    },
    {
        "client_msg_id": "04d8cbf0-2cc1-4c01-b947-2694b8610d76",
        "type": "message",
        "text": "Shrink ratio is 50% (2:1), but I'm not sure about the exact diameter we purchased last time.\n\nAs I said to <@U03JWS43U3H>, at this shrink rate we don't need to be accurate, a small difference in diameter will not heavily influence the result (it also gives us more room to search and purchase)",
        "user": "UJCU8BAAW",
        "ts": "1669736957.293169",
        "blocks": [
            {
                "type": "rich_text",
                "block_id": "aFm",
                "elements": [
                    {
                        "type": "rich_text_section",
                        "elements": [
                            {
                                "type": "text",
                                "text": "Shrink ratio is 50% (2:1), but I'm not sure about the exact diameter we purchased last time.\n\nAs I said to "
                            },
                            {
                                "type": "user",
                                "user_id": "U03JWS43U3H"
                            },
                            {
                                "type": "text",
                                "text": ", at this shrink rate we don't need to be accurate, a small difference in diameter will not heavily influence the result (it also gives us more room to search and purchase)"
                            }
                        ]
                    }
                ]
            }
        ],
        "team": "TJPN85XRA",
        "user_team": "TJPN85XRA",
        "source_team": "TJPN85XRA",
        "user_profile": {
            "avatar_hash": "d49c462f5537",
            "image_72": "https:\/\/avatars.slack-edge.com\/2021-06-14\/2154581376263_d49c462f5537edde8dbb_72.jpg",
            "first_name": "Edu",
            "real_name": "Edu Meneses",
            "display_name": "Edu Meneses",
            "team": "TJPN85XRA",
            "name": "eduardo.meneses",
            "is_restricted": false,
            "is_ultra_restricted": false
        },
        "thread_ts": "1669735472.333329",
        "parent_user_id": "UJR4DDS12"
    },
    {
        "client_msg_id": "ccac54b3-7ca8-4a9e-a7bc-5508443cd128",
        "type": "message",
        "text": "we usually shrink it way under the max to avoid saturate the FSR (and usually only shrink the capacitive sensor side)",
        "user": "UJCU8BAAW",
        "ts": "1669737065.611839",
        "blocks": [
            {
                "type": "rich_text",
                "block_id": "tFOmj",
                "elements": [
                    {
                        "type": "rich_text_section",
                        "elements": [
                            {
                                "type": "text",
                                "text": "we usually shrink it way under the max to avoid saturate the FSR (and usually only shrink the capacitive sensor side)"
                            }
                        ]
                    }
                ]
            }
        ],
        "team": "TJPN85XRA",
        "user_team": "TJPN85XRA",
        "source_team": "TJPN85XRA",
        "user_profile": {
            "avatar_hash": "d49c462f5537",
            "image_72": "https:\/\/avatars.slack-edge.com\/2021-06-14\/2154581376263_d49c462f5537edde8dbb_72.jpg",
            "first_name": "Edu",
            "real_name": "Edu Meneses",
            "display_name": "Edu Meneses",
            "team": "TJPN85XRA",
            "name": "eduardo.meneses",
            "is_restricted": false,
            "is_ultra_restricted": false
        },
        "thread_ts": "1669735472.333329",
        "parent_user_id": "UJR4DDS12"
    },
    {
        "client_msg_id": "2e76badf-c236-434c-b3da-35ba12c32cf1",
        "type": "message",
        "text": "Thanks all!",
        "user": "UJR4DDS12",
        "ts": "1669737610.379119",
        "blocks": [
            {
                "type": "rich_text",
                "block_id": "SScoV",
                "elements": [
                    {
                        "type": "rich_text_section",
                        "elements": [
                            {
                                "type": "text",
                                "text": "Thanks all!"
                            }
                        ]
                    }
                ]
            }
        ],
        "team": "TJPN85XRA",
        "user_team": "TJPN85XRA",
        "source_team": "TJPN85XRA",
        "user_profile": {
            "avatar_hash": "a59dc6f2aaf0",
            "image_72": "https:\/\/avatars.slack-edge.com\/2022-06-18\/3673671924631_a59dc6f2aaf006d655d2_72.jpg",
            "first_name": "Travis",
            "real_name": "Travis West",
            "display_name": "Travis",
            "team": "TJPN85XRA",
            "name": "travis.west",
            "is_restricted": false,
            "is_ultra_restricted": false
        },
        "thread_ts": "1669735472.333329",
        "parent_user_id": "UJR4DDS12"
    },
    {
        "type": "message",
        "subtype": "thread_broadcast",
        "text": "I've updated the requirements in the design document based on everyone's suggestions. If anyone has time next Friday (Dec 9th) morning, to have a meeting going over the requirements and finalize the initial set and do a pairwise analysis to rank them in terms of importance",
        "user": "U03JWS43U3H",
        "ts": "1669763351.103979",
        "thread_ts": "1668442816.177179",
        "root": {
            "client_msg_id": "16b03268-6168-44ed-a23d-a0251523f87f",
            "type": "message",
            "text": "Over the past month and a bit I've been very very slowly working on a design document\/proposal for the next generation of T-Sticks focusing on outlining:\n- Current state of the T-Stick design (current architecture and current problems)\n- What are our goals\n- How are we measuring how well the goals are met\n- How will this be managed\n I really just needed to throw all my ideas on paper and to properly organise them, but I think this is useful just to have a good think about what exactly we expect from a T-Stick and how we are ensuring the T-Stick actually meets those expectations. The document is still very much in a draft state but if anyone has any feedback it would be greatly appreciated.\nLink to proposal: <https:\/\/docs.google.com\/document\/d\/1pC6LKJvb6raFl4GzoX5fpOwOvTH9vMK12k4BNMw25Ms\/edit?usp=sharing>",
            "user": "U03JWS43U3H",
            "ts": "1668442816.177179",
            "blocks": [
                {
                    "type": "rich_text",
                    "block_id": "n7gZM",
                    "elements": [
                        {
                            "type": "rich_text_section",
                            "elements": [
                                {
                                    "type": "text",
                                    "text": "Over the past month and a bit I've been very very slowly working on a design document\/proposal for the next generation of T-Sticks focusing on outlining:\n- Current state of the T-Stick design (current architecture and current problems)\n- What are our goals\n- How are we measuring how well the goals are met\n- How will this be managed\n I really just needed to throw all my ideas on paper and to properly organise them, but I think this is useful just to have a good think about what exactly we expect from a T-Stick and how we are ensuring the T-Stick actually meets those expectations. The document is still very much in a draft state but if anyone has any feedback it would be greatly appreciated.\nLink to proposal: "
                                },
                                {
                                    "type": "link",
                                    "url": "https:\/\/docs.google.com\/document\/d\/1pC6LKJvb6raFl4GzoX5fpOwOvTH9vMK12k4BNMw25Ms\/edit?usp=sharing"
                                }
                            ]
                        }
                    ]
                }
            ],
            "team": "TJPN85XRA",
            "thread_ts": "1668442816.177179",
            "reply_count": 2,
            "reply_users_count": 2,
            "latest_reply": "1669763351.103979",
            "reply_users": [
                "UJR4DDS12",
                "U03JWS43U3H"
            ],
            "replies": [
                {
                    "user": "UJR4DDS12",
                    "ts": "1668469211.552949"
                },
                {
                    "user": "U03JWS43U3H",
                    "ts": "1669763351.103979"
                }
            ],
            "is_locked": false,
            "subscribed": false
        },
        "blocks": [
            {
                "type": "rich_text",
                "block_id": "yYy",
                "elements": [
                    {
                        "type": "rich_text_section",
                        "elements": [
                            {
                                "type": "text",
                                "text": "I've updated the requirements in the design document based on everyone's suggestions. If anyone has time next Friday (Dec 9th) morning, to have a meeting going over the requirements and finalize the initial set and do a pairwise analysis to rank them in terms of importance"
                            }
                        ]
                    }
                ]
            }
        ],
        "client_msg_id": "2193f171-ed23-4937-abd6-2ebb6edcafba",
        "reactions": [
            {
                "name": "+1",
                "users": [
                    "U010TD4329M"
                ],
                "count": 1
            }
        ]
    },
    {
        "client_msg_id": "6c50b092-e514-4a92-be54-50b7ab39d89d",
        "type": "message",
        "text": "<@UJR4DDS12>, with your new design could we just shrink the main body and leave the endcaps unshrunk since they're screwed in place? the only thing I can imagine being a pain is working around the soldered FSR that's stuck in place",
        "user": "U03JTLB9FSS",
        "ts": "1669779473.502139",
        "blocks": [
            {
                "type": "rich_text",
                "block_id": "4X7d",
                "elements": [
                    {
                        "type": "rich_text_section",
                        "elements": [
                            {
                                "type": "user",
                                "user_id": "UJR4DDS12"
                            },
                            {
                                "type": "text",
                                "text": ", with your new design could we just shrink the main body and leave the endcaps unshrunk since they're screwed in place? the only thing I can imagine being a pain is working around the soldered FSR that's stuck in place"
                            }
                        ]
                    }
                ]
            }
        ],
        "team": "TJPN85XRA",
        "user_team": "TJPN85XRA",
        "source_team": "TJPN85XRA",
        "user_profile": {
            "avatar_hash": "459fb8de8703",
            "image_72": "https:\/\/avatars.slack-edge.com\/2022-07-28\/3867310060339_459fb8de8703bb2678e5_72.jpg",
            "first_name": "Brady",
            "real_name": "Brady Boettcher",
            "display_name": "",
            "team": "TJPN85XRA",
            "name": "brady.boettcher",
            "is_restricted": false,
            "is_ultra_restricted": false
        },
        "thread_ts": "1669735472.333329",
        "parent_user_id": "UJR4DDS12"
    },
    {
        "client_msg_id": "35f48216-638b-4e85-bafb-8f7f0d08caec",
        "type": "message",
        "text": "but it would make repairability a lot better",
        "user": "U03JTLB9FSS",
        "ts": "1669779500.718239",
        "blocks": [
            {
                "type": "rich_text",
                "block_id": "eX3",
                "elements": [
                    {
                        "type": "rich_text_section",
                        "elements": [
                            {
                                "type": "text",
                                "text": "but it would make repairability a lot better"
                            }
                        ]
                    }
                ]
            }
        ],
        "team": "TJPN85XRA",
        "user_team": "TJPN85XRA",
        "source_team": "TJPN85XRA",
        "user_profile": {
            "avatar_hash": "459fb8de8703",
            "image_72": "https:\/\/avatars.slack-edge.com\/2022-07-28\/3867310060339_459fb8de8703bb2678e5_72.jpg",
            "first_name": "Brady",
            "real_name": "Brady Boettcher",
            "display_name": "",
            "team": "TJPN85XRA",
            "name": "brady.boettcher",
            "is_restricted": false,
            "is_ultra_restricted": false
        },
        "thread_ts": "1669735472.333329",
        "parent_user_id": "UJR4DDS12"
    }
]