[
    {
        "client_msg_id": "8cca4388-06f7-4b34-b3e1-a8b52780c8fa",
        "type": "message",
        "text": "Hey <@U029MNKJ0DR>, it's taking longer than expected and I got sick last week. I'm catching up this week, but the T-Stick firmware will probably be revamped between this week and the next one. If you really need libmapper and can't wait until next week, you can temporarily use the current firmware and incorporate the <https:\/\/github.com\/mathiasbredholt\/libmapper-arduino|libmapper-arduino> library to the code. Mathias has a <https:\/\/github.com\/mathiasbredholt\/libmapper-arduino\/blob\/main\/examples\/Example_CppApi\/Example_CppApi.ino|nice example using the C++ API> that is easy to use.",
        "user": "UJCU8BAAW",
        "ts": "1657033262.094299",
        "blocks": [
            {
                "type": "rich_text",
                "block_id": "7L4k",
                "elements": [
                    {
                        "type": "rich_text_section",
                        "elements": [
                            {
                                "type": "text",
                                "text": "Hey "
                            },
                            {
                                "type": "user",
                                "user_id": "U029MNKJ0DR"
                            },
                            {
                                "type": "text",
                                "text": ", it's taking longer than expected and I got sick last week. I'm catching up this week, but the T-Stick firmware will probably be revamped between this week and the next one. If you really need libmapper and can't wait until next week, you can temporarily use the current firmware and incorporate the "
                            },
                            {
                                "type": "link",
                                "url": "https:\/\/github.com\/mathiasbredholt\/libmapper-arduino",
                                "text": "libmapper-arduino"
                            },
                            {
                                "type": "text",
                                "text": " library to the code. Mathias has a "
                            },
                            {
                                "type": "link",
                                "url": "https:\/\/github.com\/mathiasbredholt\/libmapper-arduino\/blob\/main\/examples\/Example_CppApi\/Example_CppApi.ino",
                                "text": "nice example using the C++ API"
                            },
                            {
                                "type": "text",
                                "text": " that is easy to use."
                            }
                        ]
                    }
                ]
            }
        ],
        "team": "TJPN85XRA",
        "user_team": "TJPN85XRA",
        "source_team": "TJPN85XRA",
        "user_profile": {
            "avatar_hash": "d49c462f5537",
            "image_72": "https:\/\/avatars.slack-edge.com\/2021-06-14\/2154581376263_d49c462f5537edde8dbb_72.jpg",
            "first_name": "Edu",
            "real_name": "Edu Meneses",
            "display_name": "Edu Meneses",
            "team": "TJPN85XRA",
            "name": "eduardo.meneses",
            "is_restricted": false,
            "is_ultra_restricted": false
        }
    },
    {
        "client_msg_id": "6238ce80-59c7-4d81-ab88-8d319b7fb5a6",
        "type": "message",
        "text": "The current state can be seen <https:\/\/github.com\/Puara\/puara-manager\/tree\/esp-idf|here>, but I'll probably port everything I can to C, and the current code doesn't have OSC and libmapper yet (working on that right now)",
        "user": "UJCU8BAAW",
        "ts": "1657033485.348589",
        "blocks": [
            {
                "type": "rich_text",
                "block_id": "2jxa",
                "elements": [
                    {
                        "type": "rich_text_section",
                        "elements": [
                            {
                                "type": "text",
                                "text": "The current state can be seen "
                            },
                            {
                                "type": "link",
                                "url": "https:\/\/github.com\/Puara\/puara-manager\/tree\/esp-idf",
                                "text": "here"
                            },
                            {
                                "type": "text",
                                "text": ", but I'll probably port everything I can to C, and the current code doesn't have OSC and libmapper yet (working on that right now)"
                            }
                        ]
                    }
                ]
            }
        ],
        "team": "TJPN85XRA",
        "user_team": "TJPN85XRA",
        "source_team": "TJPN85XRA",
        "user_profile": {
            "avatar_hash": "d49c462f5537",
            "image_72": "https:\/\/avatars.slack-edge.com\/2021-06-14\/2154581376263_d49c462f5537edde8dbb_72.jpg",
            "first_name": "Edu",
            "real_name": "Edu Meneses",
            "display_name": "Edu Meneses",
            "team": "TJPN85XRA",
            "name": "eduardo.meneses",
            "is_restricted": false,
            "is_ultra_restricted": false
        },
        "edited": {
            "user": "UJCU8BAAW",
            "ts": "1657033495.000000"
        }
    }
]