[
    {
        "client_msg_id": "D1975C13-F5CA-4170-81A7-829BADA2B653",
        "type": "message",
        "text": "Edu and I noticed that the platformio CLI doesn't provide the exact same build environment as the vscode plugin, and the build currently fails when running pio builds from the command line. We'd need to sort that out first",
        "user": "UJR4DDS12",
        "ts": "1667392979.602389",
        "blocks": [
            {
                "type": "rich_text",
                "block_id": "\/4W",
                "elements": [
                    {
                        "type": "rich_text_section",
                        "elements": [
                            {
                                "type": "text",
                                "text": "Edu and I noticed that the platformio CLI doesn't provide the exact same build environment as the vscode plugin, and the build currently fails when running pio builds from the command line. We'd need to sort that out first"
                            }
                        ]
                    }
                ]
            }
        ],
        "team": "TJPN85XRA",
        "user_team": "TJPN85XRA",
        "source_team": "TJPN85XRA",
        "user_profile": {
            "avatar_hash": "a59dc6f2aaf0",
            "image_72": "https:\/\/avatars.slack-edge.com\/2022-06-18\/3673671924631_a59dc6f2aaf006d655d2_72.jpg",
            "first_name": "Travis",
            "real_name": "Travis West",
            "display_name": "Travis",
            "team": "TJPN85XRA",
            "name": "travis.west",
            "is_restricted": false,
            "is_ultra_restricted": false
        },
        "thread_ts": "1667355751.492769",
        "parent_user_id": "U03JTLB9FSS"
    },
    {
        "client_msg_id": "98ca3483-54d7-415d-a1b2-ef4a2c90e78c",
        "type": "message",
        "text": "Indeed, we looked at YPR yesterday. TL;DR: data is good, order is wrong, yaw is useless for now.\n\nThe right array order currently is Roll, Pitch, Yaw, regardless of the *YPR* name (sorry for that mistake). Also, Pitch ranges from -90 to 90 while yaw\/roll range from -180 to 180. My current suggested workaround is to use roll and pitch as it is (multiplying the output pitch by 2 to correct the range.\n\n At this point I advocate to implement Joe's code and make it work properly once for all. I'm tired of IMU sensor fusion orientation problems. Tagging <@U03JTLB9FSS> as we plan to make this work at most next week",
        "user": "UJCU8BAAW",
        "ts": "1667393564.559669",
        "blocks": [
            {
                "type": "rich_text",
                "block_id": "9o\/",
                "elements": [
                    {
                        "type": "rich_text_section",
                        "elements": [
                            {
                                "type": "text",
                                "text": "Indeed, we looked at YPR yesterday. TL;DR: data is good, order is wrong, yaw is useless for now.\n\nThe right array order currently is Roll, Pitch, Yaw, regardless of the "
                            },
                            {
                                "type": "text",
                                "text": "YPR",
                                "style": {
                                    "bold": true
                                }
                            },
                            {
                                "type": "text",
                                "text": " name (sorry for that mistake). Also, Pitch ranges from -90 to 90 while yaw\/roll range from -180 to 180. My current suggested workaround is to use roll and pitch as it is (multiplying the output pitch by 2 to correct the range.\n\n At this point I advocate to implement Joe's code and make it work properly once for all. I'm tired of IMU sensor fusion orientation problems. Tagging "
                            },
                            {
                                "type": "user",
                                "user_id": "U03JTLB9FSS"
                            },
                            {
                                "type": "text",
                                "text": " as we plan to make this work at most next week"
                            }
                        ]
                    }
                ]
            }
        ],
        "team": "TJPN85XRA",
        "user_team": "TJPN85XRA",
        "source_team": "TJPN85XRA",
        "user_profile": {
            "avatar_hash": "d49c462f5537",
            "image_72": "https:\/\/avatars.slack-edge.com\/2021-06-14\/2154581376263_d49c462f5537edde8dbb_72.jpg",
            "first_name": "Edu",
            "real_name": "Edu Meneses",
            "display_name": "Edu Meneses",
            "team": "TJPN85XRA",
            "name": "eduardo.meneses",
            "is_restricted": false,
            "is_ultra_restricted": false
        },
        "thread_ts": "1667247363.578629",
        "parent_user_id": "UJCU8BAAW",
        "reactions": [
            {
                "name": "+1",
                "users": [
                    "U03JTLB9FSS"
                ],
                "count": 1
            }
        ]
    },
    {
        "client_msg_id": "BD41DD3F-879C-4C17-9DEC-857C1BE4F394",
        "type": "message",
        "text": "actually -90 to 90 is appropriate for pitch (altitude angle)",
        "user": "UJR4DDS12",
        "ts": "1667394118.470049",
        "blocks": [
            {
                "type": "rich_text",
                "block_id": "51jc",
                "elements": [
                    {
                        "type": "rich_text_section",
                        "elements": [
                            {
                                "type": "text",
                                "text": "actually -90 to 90 is appropriate for pitch (altitude angle)"
                            }
                        ]
                    }
                ]
            }
        ],
        "team": "TJPN85XRA",
        "user_team": "TJPN85XRA",
        "source_team": "TJPN85XRA",
        "user_profile": {
            "avatar_hash": "a59dc6f2aaf0",
            "image_72": "https:\/\/avatars.slack-edge.com\/2022-06-18\/3673671924631_a59dc6f2aaf006d655d2_72.jpg",
            "first_name": "Travis",
            "real_name": "Travis West",
            "display_name": "Travis",
            "team": "TJPN85XRA",
            "name": "travis.west",
            "is_restricted": false,
            "is_ultra_restricted": false
        },
        "thread_ts": "1667247363.578629",
        "parent_user_id": "UJCU8BAAW"
    },
    {
        "client_msg_id": "43986edb-d0ad-4e81-956e-77c832d57796",
        "type": "message",
        "text": "in theory yes, but since we can fully flip the T-Stick \"upside down\" (from button end being in the top to being in the bottom), I'm changing my mind and advocating to have it from -180 to 180 (think of it as aircraft rotation angles)",
        "user": "UJCU8BAAW",
        "ts": "1667395003.628489",
        "blocks": [
            {
                "type": "rich_text",
                "block_id": "=f6cD",
                "elements": [
                    {
                        "type": "rich_text_section",
                        "elements": [
                            {
                                "type": "text",
                                "text": "in theory yes, but since we can fully flip the T-Stick \"upside down\" (from button end being in the top to being in the bottom), I'm changing my mind and advocating to have it from -180 to 180 (think of it as aircraft rotation angles)"
                            }
                        ]
                    }
                ]
            }
        ],
        "team": "TJPN85XRA",
        "user_team": "TJPN85XRA",
        "source_team": "TJPN85XRA",
        "user_profile": {
            "avatar_hash": "d49c462f5537",
            "image_72": "https:\/\/avatars.slack-edge.com\/2021-06-14\/2154581376263_d49c462f5537edde8dbb_72.jpg",
            "first_name": "Edu",
            "real_name": "Edu Meneses",
            "display_name": "Edu Meneses",
            "team": "TJPN85XRA",
            "name": "eduardo.meneses",
            "is_restricted": false,
            "is_ultra_restricted": false
        },
        "thread_ts": "1667247363.578629",
        "parent_user_id": "UJCU8BAAW"
    },
    {
        "client_msg_id": "F9425B2E-47EA-4D57-B2AD-BCF0E3C8EA37",
        "type": "message",
        "text": "what are the names of the t-sticks coordinate axes? Remind me so I can explain how you're ~wrong~potentially missing the full complexity better :sweat_smile:",
        "user": "UJR4DDS12",
        "ts": "1667395311.874579",
        "blocks": [
            {
                "type": "rich_text",
                "block_id": "hxK91",
                "elements": [
                    {
                        "type": "rich_text_section",
                        "elements": [
                            {
                                "type": "text",
                                "text": "what are the names of the t-sticks coordinate axes? Remind me so I can explain how you're "
                            },
                            {
                                "type": "text",
                                "text": "wrong",
                                "style": {
                                    "strike": true
                                }
                            },
                            {
                                "type": "text",
                                "text": "potentially missing the full complexity better "
                            },
                            {
                                "type": "emoji",
                                "name": "sweat_smile",
                                "unicode": "1f605"
                            }
                        ]
                    }
                ]
            }
        ],
        "team": "TJPN85XRA",
        "user_team": "TJPN85XRA",
        "source_team": "TJPN85XRA",
        "user_profile": {
            "avatar_hash": "a59dc6f2aaf0",
            "image_72": "https:\/\/avatars.slack-edge.com\/2022-06-18\/3673671924631_a59dc6f2aaf006d655d2_72.jpg",
            "first_name": "Travis",
            "real_name": "Travis West",
            "display_name": "Travis",
            "team": "TJPN85XRA",
            "name": "travis.west",
            "is_restricted": false,
            "is_ultra_restricted": false
        },
        "edited": {
            "user": "UJR4DDS12",
            "ts": "1667395833.000000"
        },
        "thread_ts": "1667247363.578629",
        "parent_user_id": "UJCU8BAAW"
    },
    {
        "client_msg_id": "E0334EEB-9E97-421A-BBB9-D44DC519B452",
        "type": "message",
        "text": "nvm, found it <https:\/\/github.com\/IDMIL\/T-Stick\/blob\/master\/Docs\/images\/T-Stick-Orientation.png|https:\/\/github.com\/IDMIL\/T-Stick\/blob\/master\/Docs\/images\/T-Stick-Orientation.png>",
        "user": "UJR4DDS12",
        "ts": "1667395404.732499",
        "blocks": [
            {
                "type": "rich_text",
                "block_id": "n9cXn",
                "elements": [
                    {
                        "type": "rich_text_section",
                        "elements": [
                            {
                                "type": "text",
                                "text": "nvm, found it "
                            },
                            {
                                "type": "link",
                                "url": "https:\/\/github.com\/IDMIL\/T-Stick\/blob\/master\/Docs\/images\/T-Stick-Orientation.png",
                                "text": "https:\/\/github.com\/IDMIL\/T-Stick\/blob\/master\/Docs\/images\/T-Stick-Orientation.png"
                            }
                        ]
                    }
                ]
            }
        ],
        "team": "TJPN85XRA",
        "user_team": "TJPN85XRA",
        "source_team": "TJPN85XRA",
        "user_profile": {
            "avatar_hash": "a59dc6f2aaf0",
            "image_72": "https:\/\/avatars.slack-edge.com\/2022-06-18\/3673671924631_a59dc6f2aaf006d655d2_72.jpg",
            "first_name": "Travis",
            "real_name": "Travis West",
            "display_name": "Travis",
            "team": "TJPN85XRA",
            "name": "travis.west",
            "is_restricted": false,
            "is_ultra_restricted": false
        },
        "thread_ts": "1667247363.578629",
        "parent_user_id": "UJCU8BAAW"
    },
    {
        "client_msg_id": "A46D7090-DE27-4060-9840-F3FF18EB98B5",
        "type": "message",
        "text": "if altitude angle (i.e what we are calling \"pitch\") is zero degrees, the x axis lies in a plane parallel to the ground. Assuming the z-axis is pointing straight up, If you rotate about the y axis +90 degrees from zero, then the stick points directly up. If you rotate about the y axis -90 degrees from zero, then the stick points down. If you were to rotate 180 degrees from zero, then the stick would be upside down, but still lying in a plane parallel to the ground, and thus with an altitude angle of zero degrees. ",
        "user": "UJR4DDS12",
        "ts": "1667395626.711559",
        "blocks": [
            {
                "type": "rich_text",
                "block_id": "ll1",
                "elements": [
                    {
                        "type": "rich_text_section",
                        "elements": [
                            {
                                "type": "text",
                                "text": "if altitude angle (i.e what we are calling \"pitch\") is zero degrees, the x axis lies in a plane parallel to the ground. Assuming the z-axis is pointing straight up, If you rotate about the y axis +90 degrees from zero, then the stick points directly up. If you rotate about the y axis -90 degrees from zero, then the stick points down. If you were to rotate 180 degrees from zero, then the stick would be upside down, but still lying in a plane parallel to the ground, and thus with an altitude angle of zero degrees. "
                            }
                        ]
                    }
                ]
            }
        ],
        "team": "TJPN85XRA",
        "user_team": "TJPN85XRA",
        "source_team": "TJPN85XRA",
        "user_profile": {
            "avatar_hash": "a59dc6f2aaf0",
            "image_72": "https:\/\/avatars.slack-edge.com\/2022-06-18\/3673671924631_a59dc6f2aaf006d655d2_72.jpg",
            "first_name": "Travis",
            "real_name": "Travis West",
            "display_name": "Travis",
            "team": "TJPN85XRA",
            "name": "travis.west",
            "is_restricted": false,
            "is_ultra_restricted": false
        },
        "thread_ts": "1667247363.578629",
        "parent_user_id": "UJCU8BAAW"
    },
    {
        "client_msg_id": "048A0A81-E255-41D4-B9E2-A79A2987FE37",
        "type": "message",
        "text": "Defining it this way makes pitch unambiguous and smooth. If making the stick upside down (i.e the z axis points down) means that you have 180 degree pitch, then what happens if you take a t-stick with 0 deg pitch, z axis poitning up, and then rotate it about the x axis without any other rotation? Eventually the pitch flips around suddenly!",
        "user": "UJR4DDS12",
        "ts": "1667395789.125229",
        "blocks": [
            {
                "type": "rich_text",
                "block_id": "tNF",
                "elements": [
                    {
                        "type": "rich_text_section",
                        "elements": [
                            {
                                "type": "text",
                                "text": "Defining it this way makes pitch unambiguous and smooth. If making the stick upside down (i.e the z axis points down) means that you have 180 degree pitch, then what happens if you take a t-stick with 0 deg pitch, z axis poitning up, and then rotate it about the x axis without any other rotation? Eventually the pitch flips around suddenly!"
                            }
                        ]
                    }
                ]
            }
        ],
        "team": "TJPN85XRA",
        "user_team": "TJPN85XRA",
        "source_team": "TJPN85XRA",
        "user_profile": {
            "avatar_hash": "a59dc6f2aaf0",
            "image_72": "https:\/\/avatars.slack-edge.com\/2022-06-18\/3673671924631_a59dc6f2aaf006d655d2_72.jpg",
            "first_name": "Travis",
            "real_name": "Travis West",
            "display_name": "Travis",
            "team": "TJPN85XRA",
            "name": "travis.west",
            "is_restricted": false,
            "is_ultra_restricted": false
        },
        "thread_ts": "1667247363.578629",
        "parent_user_id": "UJCU8BAAW"
    },
    {
        "client_msg_id": "3d70ba03-5d98-4ee2-965e-fd3cc1e159e1",
        "type": "message",
        "text": "agreed, looks like you and my past me was right and present me ~is~ was ~wrong~ not grasping the full complexity",
        "user": "UJCU8BAAW",
        "ts": "1667395969.507159",
        "blocks": [
            {
                "type": "rich_text",
                "block_id": "FweaH",
                "elements": [
                    {
                        "type": "rich_text_section",
                        "elements": [
                            {
                                "type": "text",
                                "text": "agreed, looks like you and my past me was right and present me "
                            },
                            {
                                "type": "text",
                                "text": "is",
                                "style": {
                                    "strike": true
                                }
                            },
                            {
                                "type": "text",
                                "text": " was "
                            },
                            {
                                "type": "text",
                                "text": "wrong",
                                "style": {
                                    "strike": true
                                }
                            },
                            {
                                "type": "text",
                                "text": " not grasping the full complexity"
                            }
                        ]
                    }
                ]
            }
        ],
        "team": "TJPN85XRA",
        "user_team": "TJPN85XRA",
        "source_team": "TJPN85XRA",
        "user_profile": {
            "avatar_hash": "d49c462f5537",
            "image_72": "https:\/\/avatars.slack-edge.com\/2021-06-14\/2154581376263_d49c462f5537edde8dbb_72.jpg",
            "first_name": "Edu",
            "real_name": "Edu Meneses",
            "display_name": "Edu Meneses",
            "team": "TJPN85XRA",
            "name": "eduardo.meneses",
            "is_restricted": false,
            "is_ultra_restricted": false
        },
        "edited": {
            "user": "UJCU8BAAW",
            "ts": "1667396143.000000"
        },
        "thread_ts": "1667247363.578629",
        "parent_user_id": "UJCU8BAAW"
    },
    {
        "client_msg_id": "3da0e3d4-141f-4190-a974-6c636b56c572",
        "type": "message",
        "text": "Here's the dump from the serial console:\n```ets Jun  8 2016 00:22:57\n\nrst:0xc (SW_CPU_RESET),boot:0x13 (SPI_FAST_FLASH_BOOT)\nconfigsip: 188777542, SPIWP:0xee\nclk_drv:0x00,q_drv:0x00,d_drv:0x00,cs0_drv:0x00,hd_drv:0x00,wp_drv:0x00\nmode:DIO, clock div:1\nload:0x3fff0030,len:1344\nload:0x40078000,len:13864\nload:0x40080400,len:3608\nentry 0x400805f0\n\n**********************************************************\n* Puara Module Manager                                   *\n* Metalab - Société des Arts Technologiques (SAT)        *\n* Input Devices and Music Interaction Laboratory (IDMIL) *\n* Edu Meneses (2022) - <https:\/\/www.edumeneses.com>        *\n* Firmware version: 220929                             *\n**********************************************************\n\njson: Mounting FS\nspiffs: Initializing SPIFFS\nspiffs: Partition size: total: 173441, used: 21084\njson: Opening config json file\njson: Reading json file\njson: Getting data\n\njson: Data collected:\n\ndevice: TStick\nid: 312\nauthor: Edu Meneses\ninstitution: SAT\/IDMIL (2022)\nAPpasswd: mappings\nwifiSSID: twLAN\nwifiPSK: 4383558419\npersistentAP: 0\noscIP1: 192.168.1.135\noscPORT1: 8000\noscIP2: 192.168.0.100\noscPORT2: 8000\nlocalPORT: 80005\n\nDevice unique name defined: TStick_312\nspiffs: SPIFFS unmounted\njson: Mounting FS\nspiffs: Initializing SPIFFS\nspiffs: Partition size: total: 173441, used: 21084\njson: Opening settings json file\njson: Reading json file\njson: Getting data\njson: Parse settings information\njson: Extract info\n\nModule-specific settings:\n\nfsr_offset: 0\n\nspiffs: SPIFFS unmounted\nstartWifi: Starting WiFi config\nwifi_init: hostname: TStick_312\nwifi_init: setting wifi mode\nwifi_init:     STA mode\nwifi_init: loading STA config\nwifi_init: esp_wifi_start\nwifi_init: wifi_init finished.\nwifi\/sta_event_handler: got ip:192.168.1.144\nwifi_init: Connected to SSID: twLAN\nwebserver: Starting server on port: 80\nwebserver: Registering URI handlers\nMDNS Init completed. Device name: TStick_312\n\nwifi_scan: Total APs scanned = 19\nStarting serial monitor...\nE (7727) uart: UART driver already installed\nserial listening ready\nPuara Start Done!\n\n  Type \"reboot\" in the serial monitor to reset the ESP32.\n\n    Initializing button configuration... done\n    Initializing IMU... done\n    Initializing FSR... done (offset value: 0)\n    Initializing touch sensor... done\nGuru Meditation Error: Core  1 panic'ed (LoadProhibited). Exception was unhandled.\n\nCore  1 register dump:\nPC      : 0x4008c411  PS      : 0x00060d30  A0      : 0x8019b1b4  A1      : 0x3ffb22a0  \nA2      : 0x00000000  A3      : 0xfffffffc  A4      : 0x000000ff  A5      : 0x0000ff00  \nA6      : 0x00ff0000  A7      : 0xff000000  A8      : 0x00000000  A9      : 0x3ffb2260  \nA10     : 0x00000000  A11     : 0x00000000  A12     : 0x3ffb24e4  A13     : 0x00000000  \nA14     : 0x3ffb6f84  A15     : 0x00000003  SAR     : 0x00000004  EXCCAUSE: 0x0000001c  \nEXCVADDR: 0x00000000  LBEG    : 0x4008c411  LEND    : 0x4008c421  LCOUNT  : 0xffffffff  \n\n\nBacktrace:0x4008c40e:0x3ffb22a00x4019b1b1:0x3ffb22b0 0x401921e1:0x3ffb25c0 0x400d3797:0x3ffb2610 0x400d7720:0x3ffb2630 0x400d7ede:0x3ffb2650 0x400d81ab:0x3ffb2740 0x400d8238:0x3ffb2770 0x400d824d:0x3ffb2790 0x400d4267:0x3ffb27b0 0x400f36be:0x3ffb2820 \n\n  #0  0x4008c40e:0x3ffb22a0 in strlen at \/builds\/idf\/crosstool-NG\/.build\/xtensa-esp32-elf\/src\/newlib\/newlib\/libc\/machine\/xtensa\/strlen.S:82\n  #1  0x4019b1b1:0x3ffb22b0 in _vfprintf_r at \/builds\/idf\/crosstool-NG\/.build\/xtensa-esp32-elf\/src\/newlib\/newlib\/libc\/stdio\/vfprintf.c:1528\n  #2  0x401921e1:0x3ffb25c0 in printf at \/builds\/idf\/crosstool-NG\/.build\/xtensa-esp32-elf\/src\/newlib\/newlib\/libc\/stdio\/printf.c:56 (discriminator 5)\n  #3  0x400d3797:0x3ffb2610 in error(int, char const*, char const*) at src\/main.cpp:164\n  #4  0x400d7720:0x3ffb2630 in lo_throw at .pio\/libdeps\/tinypico\/libmapper\/src\/lo\/server.c:2444\n      (inlined by) lo_throw at .pio\/libdeps\/tinypico\/libmapper\/src\/lo\/server.c:2430\n  #5  0x400d7ede:0x3ffb2650 in lo_server_new_with_proto_internal at .pio\/libdeps\/tinypico\/libmapper\/src\/lo\/server.c:701\n  #6  0x400d81ab:0x3ffb2740 in lo_server_new_with_proto at .pio\/libdeps\/tinypico\/libmapper\/src\/lo\/server.c:254\n  #7  0x400d8238:0x3ffb2770 in lo_server_thread_new_with_proto at .pio\/libdeps\/tinypico\/libmapper\/src\/lo\/server_thread.c:98\n  #8  0x400d824d:0x3ffb2790 in lo_server_thread_new at .pio\/libdeps\/tinypico\/libmapper\/src\/lo\/server_thread.c:53\n  #9  0x400d4267:0x3ffb27b0 in setup() at src\/main.cpp:330\n  #10 0x400f36be:0x3ffb2820 in loopTask(void*) at \/home\/deck\/.platformio\/packages\/framework-arduinoespressif32\/cores\/esp32\/main.cpp:42\n\n\n\n\nELF file SHA256: 0000000000000000\n\nRebooting...```",
        "user": "UJR4DDS12",
        "ts": "1667397628.102629",
        "blocks": [
            {
                "type": "rich_text",
                "block_id": "45hSL",
                "elements": [
                    {
                        "type": "rich_text_section",
                        "elements": [
                            {
                                "type": "text",
                                "text": "Here's the dump from the serial console:\n"
                            }
                        ]
                    },
                    {
                        "type": "rich_text_preformatted",
                        "elements": [
                            {
                                "type": "text",
                                "text": "ets Jun  8 2016 00:22:57\n\nrst:0xc (SW_CPU_RESET),boot:0x13 (SPI_FAST_FLASH_BOOT)\nconfigsip: 188777542, SPIWP:0xee\nclk_drv:0x00,q_drv:0x00,d_drv:0x00,cs0_drv:0x00,hd_drv:0x00,wp_drv:0x00\nmode:DIO, clock div:1\nload:0x3fff0030,len:1344\nload:0x40078000,len:13864\nload:0x40080400,len:3608\nentry 0x400805f0\n\n**********************************************************\n* Puara Module Manager                                   *\n* Metalab - Société des Arts Technologiques (SAT)        *\n* Input Devices and Music Interaction Laboratory (IDMIL) *\n* Edu Meneses (2022) - "
                            },
                            {
                                "type": "link",
                                "url": "https:\/\/www.edumeneses.com"
                            },
                            {
                                "type": "text",
                                "text": "        *\n* Firmware version: 220929                             *\n**********************************************************\n\njson: Mounting FS\nspiffs: Initializing SPIFFS\nspiffs: Partition size: total: 173441, used: 21084\njson: Opening config json file\njson: Reading json file\njson: Getting data\n\njson: Data collected:\n\ndevice: TStick\nid: 312\nauthor: Edu Meneses\ninstitution: SAT\/IDMIL (2022)\nAPpasswd: mappings\nwifiSSID: twLAN\nwifiPSK: 4383558419\npersistentAP: 0\noscIP1: 192.168.1.135\noscPORT1: 8000\noscIP2: 192.168.0.100\noscPORT2: 8000\nlocalPORT: 80005\n\nDevice unique name defined: TStick_312\nspiffs: SPIFFS unmounted\njson: Mounting FS\nspiffs: Initializing SPIFFS\nspiffs: Partition size: total: 173441, used: 21084\njson: Opening settings json file\njson: Reading json file\njson: Getting data\njson: Parse settings information\njson: Extract info\n\nModule-specific settings:\n\nfsr_offset: 0\n\nspiffs: SPIFFS unmounted\nstartWifi: Starting WiFi config\nwifi_init: hostname: TStick_312\nwifi_init: setting wifi mode\nwifi_init:     STA mode\nwifi_init: loading STA config\nwifi_init: esp_wifi_start\nwifi_init: wifi_init finished.\nwifi\/sta_event_handler: got ip:192.168.1.144\nwifi_init: Connected to SSID: twLAN\nwebserver: Starting server on port: 80\nwebserver: Registering URI handlers\nMDNS Init completed. Device name: TStick_312\n\nwifi_scan: Total APs scanned = 19\nStarting serial monitor...\nE (7727) uart: UART driver already installed\nserial listening ready\nPuara Start Done!\n\n  Type \"reboot\" in the serial monitor to reset the ESP32.\n\n    Initializing button configuration... done\n    Initializing IMU... done\n    Initializing FSR... done (offset value: 0)\n    Initializing touch sensor... done\nGuru Meditation Error: Core  1 panic'ed (LoadProhibited). Exception was unhandled.\n\nCore  1 register dump:\nPC      : 0x4008c411  PS      : 0x00060d30  A0      : 0x8019b1b4  A1      : 0x3ffb22a0  \nA2      : 0x00000000  A3      : 0xfffffffc  A4      : 0x000000ff  A5      : 0x0000ff00  \nA6      : 0x00ff0000  A7      : 0xff000000  A8      : 0x00000000  A9      : 0x3ffb2260  \nA10     : 0x00000000  A11     : 0x00000000  A12     : 0x3ffb24e4  A13     : 0x00000000  \nA14     : 0x3ffb6f84  A15     : 0x00000003  SAR     : 0x00000004  EXCCAUSE: 0x0000001c  \nEXCVADDR: 0x00000000  LBEG    : 0x4008c411  LEND    : 0x4008c421  LCOUNT  : 0xffffffff  \n\n\nBacktrace:0x4008c40e:0x3ffb22a00x4019b1b1:0x3ffb22b0 0x401921e1:0x3ffb25c0 0x400d3797:0x3ffb2610 0x400d7720:0x3ffb2630 0x400d7ede:0x3ffb2650 0x400d81ab:0x3ffb2740 0x400d8238:0x3ffb2770 0x400d824d:0x3ffb2790 0x400d4267:0x3ffb27b0 0x400f36be:0x3ffb2820 \n\n  #0  0x4008c40e:0x3ffb22a0 in strlen at \/builds\/idf\/crosstool-NG\/.build\/xtensa-esp32-elf\/src\/newlib\/newlib\/libc\/machine\/xtensa\/strlen.S:82\n  #1  0x4019b1b1:0x3ffb22b0 in _vfprintf_r at \/builds\/idf\/crosstool-NG\/.build\/xtensa-esp32-elf\/src\/newlib\/newlib\/libc\/stdio\/vfprintf.c:1528\n  #2  0x401921e1:0x3ffb25c0 in printf at \/builds\/idf\/crosstool-NG\/.build\/xtensa-esp32-elf\/src\/newlib\/newlib\/libc\/stdio\/printf.c:56 (discriminator 5)\n  #3  0x400d3797:0x3ffb2610 in error(int, char const*, char const*) at src\/main.cpp:164\n  #4  0x400d7720:0x3ffb2630 in lo_throw at .pio\/libdeps\/tinypico\/libmapper\/src\/lo\/server.c:2444\n      (inlined by) lo_throw at .pio\/libdeps\/tinypico\/libmapper\/src\/lo\/server.c:2430\n  #5  0x400d7ede:0x3ffb2650 in lo_server_new_with_proto_internal at .pio\/libdeps\/tinypico\/libmapper\/src\/lo\/server.c:701\n  #6  0x400d81ab:0x3ffb2740 in lo_server_new_with_proto at .pio\/libdeps\/tinypico\/libmapper\/src\/lo\/server.c:254\n  #7  0x400d8238:0x3ffb2770 in lo_server_thread_new_with_proto at .pio\/libdeps\/tinypico\/libmapper\/src\/lo\/server_thread.c:98\n  #8  0x400d824d:0x3ffb2790 in lo_server_thread_new at .pio\/libdeps\/tinypico\/libmapper\/src\/lo\/server_thread.c:53\n  #9  0x400d4267:0x3ffb27b0 in setup() at src\/main.cpp:330\n  #10 0x400f36be:0x3ffb2820 in loopTask(void*) at \/home\/deck\/.platformio\/packages\/framework-arduinoespressif32\/cores\/esp32\/main.cpp:42\n\n\n\n\nELF file SHA256: 0000000000000000\n\nRebooting..."
                            }
                        ],
                        "border": 0
                    }
                ]
            }
        ],
        "team": "TJPN85XRA",
        "user_team": "TJPN85XRA",
        "source_team": "TJPN85XRA",
        "user_profile": {
            "avatar_hash": "a59dc6f2aaf0",
            "image_72": "https:\/\/avatars.slack-edge.com\/2022-06-18\/3673671924631_a59dc6f2aaf006d655d2_72.jpg",
            "first_name": "Travis",
            "real_name": "Travis West",
            "display_name": "Travis",
            "team": "TJPN85XRA",
            "name": "travis.west",
            "is_restricted": false,
            "is_ultra_restricted": false
        },
        "thread_ts": "1667343083.146569",
        "parent_user_id": "UJR4DDS12"
    },
    {
        "client_msg_id": "8d3e3d35-629d-45de-a4f0-1e8566344139",
        "type": "message",
        "text": "not sure how to use the exception decoder, but the problem is clearly related to setting up the liblo server. It looks like liblo tries to throw an exception (`lo_throw at ... server.c:2444`), which tries to printf something, which causes a core dump? Bad memory access or something?",
        "user": "UJR4DDS12",
        "ts": "1667397862.697529",
        "blocks": [
            {
                "type": "rich_text",
                "block_id": "AXO",
                "elements": [
                    {
                        "type": "rich_text_section",
                        "elements": [
                            {
                                "type": "text",
                                "text": "not sure how to use the exception decoder, but the problem is clearly related to setting up the liblo server. It looks like liblo tries to throw an exception ("
                            },
                            {
                                "type": "text",
                                "text": "lo_throw at ... server.c:2444",
                                "style": {
                                    "code": true
                                }
                            },
                            {
                                "type": "text",
                                "text": "), which tries to printf something, which causes a core dump? Bad memory access or something?"
                            }
                        ]
                    }
                ]
            }
        ],
        "team": "TJPN85XRA",
        "user_team": "TJPN85XRA",
        "source_team": "TJPN85XRA",
        "user_profile": {
            "avatar_hash": "a59dc6f2aaf0",
            "image_72": "https:\/\/avatars.slack-edge.com\/2022-06-18\/3673671924631_a59dc6f2aaf006d655d2_72.jpg",
            "first_name": "Travis",
            "real_name": "Travis West",
            "display_name": "Travis",
            "team": "TJPN85XRA",
            "name": "travis.west",
            "is_restricted": false,
            "is_ultra_restricted": false
        },
        "thread_ts": "1667343083.146569",
        "parent_user_id": "UJR4DDS12"
    },
    {
        "client_msg_id": "5f140486-7276-4d3c-8c08-71f5bb736aa5",
        "type": "message",
        "text": "hmm... have you uploaded the config.json already? and if so, is the localPORT property something other than 8000?",
        "user": "U03JTLB9FSS",
        "ts": "1667398765.350169",
        "blocks": [
            {
                "type": "rich_text",
                "block_id": "p1rC8",
                "elements": [
                    {
                        "type": "rich_text_section",
                        "elements": [
                            {
                                "type": "text",
                                "text": "hmm... have you uploaded the config.json already? and if so, is the localPORT property something other than 8000?"
                            }
                        ]
                    }
                ]
            }
        ],
        "team": "TJPN85XRA",
        "user_team": "TJPN85XRA",
        "source_team": "TJPN85XRA",
        "user_profile": {
            "avatar_hash": "459fb8de8703",
            "image_72": "https:\/\/avatars.slack-edge.com\/2022-07-28\/3867310060339_459fb8de8703bb2678e5_72.jpg",
            "first_name": "Brady",
            "real_name": "Brady Boettcher",
            "display_name": "",
            "team": "TJPN85XRA",
            "name": "brady.boettcher",
            "is_restricted": false,
            "is_ultra_restricted": false
        },
        "thread_ts": "1667343083.146569",
        "parent_user_id": "UJR4DDS12"
    },
    {
        "client_msg_id": "44b368dc-d22a-406b-b610-c0bc60c045c0",
        "type": "message",
        "text": "I think I've located the source of the problem. I edited the print line before setting up the server to print the port that is being bound to and it told me this:\n`Initializing Liblo server\/client at 80005 ...`",
        "user": "UJR4DDS12",
        "ts": "1667398810.816129",
        "blocks": [
            {
                "type": "rich_text",
                "block_id": "canb",
                "elements": [
                    {
                        "type": "rich_text_section",
                        "elements": [
                            {
                                "type": "text",
                                "text": "I think I've located the source of the problem. I edited the print line before setting up the server to print the port that is being bound to and it told me this:\n"
                            },
                            {
                                "type": "text",
                                "text": "Initializing Liblo server\/client at 80005 ...",
                                "style": {
                                    "code": true
                                }
                            }
                        ]
                    }
                ]
            }
        ],
        "team": "TJPN85XRA",
        "user_team": "TJPN85XRA",
        "source_team": "TJPN85XRA",
        "user_profile": {
            "avatar_hash": "a59dc6f2aaf0",
            "image_72": "https:\/\/avatars.slack-edge.com\/2022-06-18\/3673671924631_a59dc6f2aaf006d655d2_72.jpg",
            "first_name": "Travis",
            "real_name": "Travis West",
            "display_name": "Travis",
            "team": "TJPN85XRA",
            "name": "travis.west",
            "is_restricted": false,
            "is_ultra_restricted": false
        },
        "thread_ts": "1667343083.146569",
        "parent_user_id": "UJR4DDS12"
    },
    {
        "client_msg_id": "2ce8b46d-1842-438c-be15-527f86132d8a",
        "type": "message",
        "text": "So yeah. I must have changed the port in the config to this clearly invalid number",
        "user": "UJR4DDS12",
        "ts": "1667398827.179969",
        "blocks": [
            {
                "type": "rich_text",
                "block_id": "SE\/y8",
                "elements": [
                    {
                        "type": "rich_text_section",
                        "elements": [
                            {
                                "type": "text",
                                "text": "So yeah. I must have changed the port in the config to this clearly invalid number"
                            }
                        ]
                    }
                ]
            }
        ],
        "team": "TJPN85XRA",
        "user_team": "TJPN85XRA",
        "source_team": "TJPN85XRA",
        "user_profile": {
            "avatar_hash": "a59dc6f2aaf0",
            "image_72": "https:\/\/avatars.slack-edge.com\/2022-06-18\/3673671924631_a59dc6f2aaf006d655d2_72.jpg",
            "first_name": "Travis",
            "real_name": "Travis West",
            "display_name": "Travis",
            "team": "TJPN85XRA",
            "name": "travis.west",
            "is_restricted": false,
            "is_ultra_restricted": false
        },
        "thread_ts": "1667343083.146569",
        "parent_user_id": "UJR4DDS12",
        "reactions": [
            {
                "name": "white_check_mark",
                "users": [
                    "U03JTLB9FSS"
                ],
                "count": 1
            }
        ]
    },
    {
        "client_msg_id": "c4eed954-30f0-4fd3-a507-37a78417b486",
        "type": "message",
        "text": "<@UJCU8BAAW> maybe puara could check to make sure the port number is valid when you are editing the config? (That happens in puara land, right?)",
        "user": "UJR4DDS12",
        "ts": "1667398883.083189",
        "blocks": [
            {
                "type": "rich_text",
                "block_id": "NkMe",
                "elements": [
                    {
                        "type": "rich_text_section",
                        "elements": [
                            {
                                "type": "user",
                                "user_id": "UJCU8BAAW"
                            },
                            {
                                "type": "text",
                                "text": " maybe puara could check to make sure the port number is valid when you are editing the config? (That happens in puara land, right?)"
                            }
                        ]
                    }
                ]
            }
        ],
        "team": "TJPN85XRA",
        "user_team": "TJPN85XRA",
        "source_team": "TJPN85XRA",
        "user_profile": {
            "avatar_hash": "a59dc6f2aaf0",
            "image_72": "https:\/\/avatars.slack-edge.com\/2022-06-18\/3673671924631_a59dc6f2aaf006d655d2_72.jpg",
            "first_name": "Travis",
            "real_name": "Travis West",
            "display_name": "Travis",
            "team": "TJPN85XRA",
            "name": "travis.west",
            "is_restricted": false,
            "is_ultra_restricted": false
        },
        "thread_ts": "1667343083.146569",
        "parent_user_id": "UJR4DDS12"
    },
    {
        "client_msg_id": "8f2fbcc9-f88b-4edc-a98f-65cbd8ac0261",
        "type": "message",
        "text": "hard coding the port number has resolved the crash.",
        "user": "UJR4DDS12",
        "ts": "1667398979.957059",
        "blocks": [
            {
                "type": "rich_text",
                "block_id": "4KYF",
                "elements": [
                    {
                        "type": "rich_text_section",
                        "elements": [
                            {
                                "type": "text",
                                "text": "hard coding the port number has resolved the crash."
                            }
                        ]
                    }
                ]
            }
        ],
        "team": "TJPN85XRA",
        "user_team": "TJPN85XRA",
        "source_team": "TJPN85XRA",
        "user_profile": {
            "avatar_hash": "a59dc6f2aaf0",
            "image_72": "https:\/\/avatars.slack-edge.com\/2022-06-18\/3673671924631_a59dc6f2aaf006d655d2_72.jpg",
            "first_name": "Travis",
            "real_name": "Travis West",
            "display_name": "Travis",
            "team": "TJPN85XRA",
            "name": "travis.west",
            "is_restricted": false,
            "is_ultra_restricted": false
        },
        "thread_ts": "1667343083.146569",
        "parent_user_id": "UJR4DDS12"
    },
    {
        "client_msg_id": "8874467f-41e9-45a2-ae20-c971fcdba19b",
        "type": "message",
        "text": "You might even be able to do the check client-side in the HTML config page...",
        "user": "UJR4DDS12",
        "ts": "1667399674.293239",
        "blocks": [
            {
                "type": "rich_text",
                "block_id": "4Ona",
                "elements": [
                    {
                        "type": "rich_text_section",
                        "elements": [
                            {
                                "type": "text",
                                "text": "You might even be able to do the check client-side in the HTML config page..."
                            }
                        ]
                    }
                ]
            }
        ],
        "team": "TJPN85XRA",
        "user_team": "TJPN85XRA",
        "source_team": "TJPN85XRA",
        "user_profile": {
            "avatar_hash": "a59dc6f2aaf0",
            "image_72": "https:\/\/avatars.slack-edge.com\/2022-06-18\/3673671924631_a59dc6f2aaf006d655d2_72.jpg",
            "first_name": "Travis",
            "real_name": "Travis West",
            "display_name": "Travis",
            "team": "TJPN85XRA",
            "name": "travis.west",
            "is_restricted": false,
            "is_ultra_restricted": false
        },
        "thread_ts": "1667343083.146569",
        "parent_user_id": "UJR4DDS12"
    },
    {
        "client_msg_id": "619e4ad5-4a32-4610-ac95-1fafdbc1245e",
        "type": "message",
        "text": "checking is the way to go. I don't want to hard code the number. Probably will implement before starting the liblo server and or sending OSC messages as one can edit the JSON file directly and bypass the HTML form verification",
        "user": "UJCU8BAAW",
        "ts": "1667399957.612119",
        "blocks": [
            {
                "type": "rich_text",
                "block_id": "lu4n",
                "elements": [
                    {
                        "type": "rich_text_section",
                        "elements": [
                            {
                                "type": "text",
                                "text": "checking is the way to go. I don't want to hard code the number. Probably will implement before starting the liblo server and or sending OSC messages as one can edit the JSON file directly and bypass the HTML form verification"
                            }
                        ]
                    }
                ]
            }
        ],
        "team": "TJPN85XRA",
        "user_team": "TJPN85XRA",
        "source_team": "TJPN85XRA",
        "user_profile": {
            "avatar_hash": "d49c462f5537",
            "image_72": "https:\/\/avatars.slack-edge.com\/2021-06-14\/2154581376263_d49c462f5537edde8dbb_72.jpg",
            "first_name": "Edu",
            "real_name": "Edu Meneses",
            "display_name": "Edu Meneses",
            "team": "TJPN85XRA",
            "name": "eduardo.meneses",
            "is_restricted": false,
            "is_ultra_restricted": false
        },
        "thread_ts": "1667343083.146569",
        "parent_user_id": "UJR4DDS12"
    },
    {
        "client_msg_id": "f48b19f1-1a02-4aea-be5e-495b3447c86d",
        "type": "message",
        "text": "Yeah, hardcoding was just a convenient stopgap since I don't know how to edit the json directly :grimacing:",
        "user": "UJR4DDS12",
        "ts": "1667400054.932359",
        "blocks": [
            {
                "type": "rich_text",
                "block_id": "d05",
                "elements": [
                    {
                        "type": "rich_text_section",
                        "elements": [
                            {
                                "type": "text",
                                "text": "Yeah, hardcoding was just a convenient stopgap since I don't know how to edit the json directly "
                            },
                            {
                                "type": "emoji",
                                "name": "grimacing",
                                "unicode": "1f62c"
                            }
                        ]
                    }
                ]
            }
        ],
        "team": "TJPN85XRA",
        "user_team": "TJPN85XRA",
        "source_team": "TJPN85XRA",
        "user_profile": {
            "avatar_hash": "a59dc6f2aaf0",
            "image_72": "https:\/\/avatars.slack-edge.com\/2022-06-18\/3673671924631_a59dc6f2aaf006d655d2_72.jpg",
            "first_name": "Travis",
            "real_name": "Travis West",
            "display_name": "Travis",
            "team": "TJPN85XRA",
            "name": "travis.west",
            "is_restricted": false,
            "is_ultra_restricted": false
        },
        "thread_ts": "1667343083.146569",
        "parent_user_id": "UJR4DDS12"
    },
    {
        "client_msg_id": "6a444e98-c02f-487b-a40c-379fd78d000a",
        "type": "message",
        "text": "having the HTML form do some verification would probably still be worthwhile so that naive users such as myself can't accidentally brick their T-Stick",
        "user": "UJR4DDS12",
        "ts": "1667400081.926869",
        "blocks": [
            {
                "type": "rich_text",
                "block_id": "8PA",
                "elements": [
                    {
                        "type": "rich_text_section",
                        "elements": [
                            {
                                "type": "text",
                                "text": "having the HTML form do some verification would probably still be worthwhile so that naive users such as myself can't accidentally brick their T-Stick"
                            }
                        ]
                    }
                ]
            }
        ],
        "team": "TJPN85XRA",
        "user_team": "TJPN85XRA",
        "source_team": "TJPN85XRA",
        "user_profile": {
            "avatar_hash": "a59dc6f2aaf0",
            "image_72": "https:\/\/avatars.slack-edge.com\/2022-06-18\/3673671924631_a59dc6f2aaf006d655d2_72.jpg",
            "first_name": "Travis",
            "real_name": "Travis West",
            "display_name": "Travis",
            "team": "TJPN85XRA",
            "name": "travis.west",
            "is_restricted": false,
            "is_ultra_restricted": false
        },
        "thread_ts": "1667343083.146569",
        "parent_user_id": "UJR4DDS12"
    },
    {
        "client_msg_id": "314cb510-a022-4c64-a51c-3aba1f41a577",
        "type": "message",
        "text": "My plan is to revert to default (8000) if the check fails, then you can not break the T-Stick even if you hardcode an invalid port.\n\nIf you have the time to add a check statement and PR to <https:\/\/github.com\/Puara\/puara-module> it would be great, otherwise I'll do it as soon as possible (I'll touch the M5Stick firmware next week and can do this update by then)",
        "user": "UJCU8BAAW",
        "ts": "1667400198.582659",
        "blocks": [
            {
                "type": "rich_text",
                "block_id": "4dAny",
                "elements": [
                    {
                        "type": "rich_text_section",
                        "elements": [
                            {
                                "type": "text",
                                "text": "My plan is to revert to default (8000) if the check fails, then you can not break the T-Stick even if you hardcode an invalid port.\n\nIf you have the time to add a check statement and PR to "
                            },
                            {
                                "type": "link",
                                "url": "https:\/\/github.com\/Puara\/puara-module"
                            },
                            {
                                "type": "text",
                                "text": " it would be great, otherwise I'll do it as soon as possible (I'll touch the M5Stick firmware next week and can do this update by then)"
                            }
                        ]
                    }
                ]
            }
        ],
        "team": "TJPN85XRA",
        "user_team": "TJPN85XRA",
        "source_team": "TJPN85XRA",
        "user_profile": {
            "avatar_hash": "d49c462f5537",
            "image_72": "https:\/\/avatars.slack-edge.com\/2021-06-14\/2154581376263_d49c462f5537edde8dbb_72.jpg",
            "first_name": "Edu",
            "real_name": "Edu Meneses",
            "display_name": "Edu Meneses",
            "team": "TJPN85XRA",
            "name": "eduardo.meneses",
            "is_restricted": false,
            "is_ultra_restricted": false
        },
        "thread_ts": "1667343083.146569",
        "parent_user_id": "UJR4DDS12"
    },
    {
        "client_msg_id": "f858ac72-a911-4eac-9b2c-6ef6889951e8",
        "type": "message",
        "text": "I don't feel like touching the HTML part now :stuck_out_tongue: .... we would have to warn the user about the wrong port, prevent saving, etc. It's good as future improvements though",
        "user": "UJCU8BAAW",
        "ts": "1667400307.745189",
        "blocks": [
            {
                "type": "rich_text",
                "block_id": "o9F",
                "elements": [
                    {
                        "type": "rich_text_section",
                        "elements": [
                            {
                                "type": "text",
                                "text": "I don't feel like touching the HTML part now "
                            },
                            {
                                "type": "emoji",
                                "name": "stuck_out_tongue",
                                "unicode": "1f61b"
                            },
                            {
                                "type": "text",
                                "text": " .... we would have to warn the user about the wrong port, prevent saving, etc. It's good as future improvements though"
                            }
                        ]
                    }
                ]
            }
        ],
        "team": "TJPN85XRA",
        "user_team": "TJPN85XRA",
        "source_team": "TJPN85XRA",
        "user_profile": {
            "avatar_hash": "d49c462f5537",
            "image_72": "https:\/\/avatars.slack-edge.com\/2021-06-14\/2154581376263_d49c462f5537edde8dbb_72.jpg",
            "first_name": "Edu",
            "real_name": "Edu Meneses",
            "display_name": "Edu Meneses",
            "team": "TJPN85XRA",
            "name": "eduardo.meneses",
            "is_restricted": false,
            "is_ultra_restricted": false
        },
        "thread_ts": "1667343083.146569",
        "parent_user_id": "UJR4DDS12",
        "reactions": [
            {
                "name": "+1",
                "users": [
                    "UJR4DDS12"
                ],
                "count": 1
            }
        ]
    }
]