[
    {
        "client_msg_id": "7036d605-8e4e-429b-811f-d75fbdf2b513",
        "type": "message",
        "text": "There appear to be 5 sopranos, 6 sopraninos, and 1 alto (tenor?) within eyeshot of my desk, assuming I've got the taxonomy right. Can't say how many are in a working order though.",
        "user": "UJR4DDS12",
        "ts": "1665672943.458069",
        "blocks": [
            {
                "type": "rich_text",
                "block_id": "PTxjC",
                "elements": [
                    {
                        "type": "rich_text_section",
                        "elements": [
                            {
                                "type": "text",
                                "text": "There appear to be 5 sopranos, 6 sopraninos, and 1 alto (tenor?) within eyeshot of my desk, assuming I've got the taxonomy right. Can't say how many are in a working order though."
                            }
                        ]
                    }
                ]
            }
        ],
        "team": "TJPN85XRA",
        "user_team": "TJPN85XRA",
        "source_team": "TJPN85XRA",
        "user_profile": {
            "avatar_hash": "a59dc6f2aaf0",
            "image_72": "https:\/\/avatars.slack-edge.com\/2022-06-18\/3673671924631_a59dc6f2aaf006d655d2_72.jpg",
            "first_name": "Travis",
            "real_name": "Travis West",
            "display_name": "Travis",
            "team": "TJPN85XRA",
            "name": "travis.west",
            "is_restricted": false,
            "is_ultra_restricted": false
        },
        "thread_ts": "1665504501.265729",
        "parent_user_id": "U010FMZRE4A"
    }
]