[
    {
        "client_msg_id": "0641b9dc-bea9-4575-a0fa-37909285e651",
        "type": "message",
        "text": "State of T-Sticks at IDMIL\nWe've had a couple of people ask if there are T-Sticks available in the lab. So I figured I might as well give a brief update on how many T-Sticks we have, how many are working and who currently has a T-Stick to my best knowledge.\n\nT-Stick cheat sheet\n• If a T-Stick is on the T-Tree it is working and available\n• If it is on or around my desk it is broken\n• If it is in the box behind Travis and Monica's desk it is an old wired T-Stick\nWorking and Available T-Sticks\n• T-Stick 203: Red Sopranino\n• T-Stick 315: Yellow Soprano\nOut and about T-Sticks\n• <@UJCU8BAAW> took a sopranino for someone can't remember who\n• <@U010FMZRE4A> has a yellow sopranino(I think T-Stick 314)\n• <@UJR4DDS12> has a green sopranino T-Stick (last I checked)\n• <@U01APBW5N2J> has a yellow sopranino T-Stick 311\nT-Sticks whose location I don't know\n• There was a blue sopranino T Stick on the tree I don't know if someone has it or not\nBroken T-Sticks (to be fixed in late November\/December)\n• Alto T-Stick: spine\/backbone is stuck in the PVC pipe, needs some wire to be resoldered, requires a T-Stick software update to support Tenor and Alto T-Sticks\n• Tenor T-Stick: soldering needs checking, requires a T-Stick software update to support Tenor and Alto T-Sticks\n• T-Stick 193 (red sopranino): I2C error, potentially requires a new battery\n• T-Stick 309 (black soprano): I2C error, sending OSC at a really slow rate\nWired\/Outdated T-Sticks (don't know if they work)\n• 2 black Sopranos T-Sticks\n• Black tenor T-Sticks\n• Red Soprano T-Stick\n• Green Soprano T-Stick\n• Black Sopranino T-Stick\nEventually this will all be in a spreadsheet in Gitlab once I can get around to organising this.\n\n<@U010FMZRE4A> and <@U03NPGXF7GT> I know you two were interested in using T-Sticks next term for your course. Ideally if we can use some combination of the T-Sticks we already have rather then build any new ones, as in my opinion we should be focusing our efforts on evaluating what works and doesn't work with the current design rather than add more T-Sticks to our maintenance load.",
        "user": "U03JWS43U3H",
        "ts": "1666890623.501009",
        "blocks": [
            {
                "type": "rich_text",
                "block_id": "jj2c",
                "elements": [
                    {
                        "type": "rich_text_section",
                        "elements": [
                            {
                                "type": "text",
                                "text": "State of T-Sticks at IDMIL\nWe've had a couple of people ask if there are T-Sticks available in the lab. So I figured I might as well give a brief update on how many T-Sticks we have, how many are working and who currently has a T-Stick to my best knowledge.\n\nT-Stick cheat sheet\n"
                            }
                        ]
                    },
                    {
                        "type": "rich_text_list",
                        "elements": [
                            {
                                "type": "rich_text_section",
                                "elements": [
                                    {
                                        "type": "text",
                                        "text": "If a T-Stick is on the T-Tree it is working and available"
                                    }
                                ]
                            },
                            {
                                "type": "rich_text_section",
                                "elements": [
                                    {
                                        "type": "text",
                                        "text": "If it is on or around my desk it is broken"
                                    }
                                ]
                            },
                            {
                                "type": "rich_text_section",
                                "elements": [
                                    {
                                        "type": "text",
                                        "text": "If it is in the box behind Travis and Monica's desk it is an old wired T-Stick"
                                    }
                                ]
                            }
                        ],
                        "style": "bullet",
                        "indent": 0,
                        "offset": 0,
                        "border": 0
                    },
                    {
                        "type": "rich_text_section",
                        "elements": [
                            {
                                "type": "text",
                                "text": "\nWorking and Available T-Sticks\n"
                            }
                        ]
                    },
                    {
                        "type": "rich_text_list",
                        "elements": [
                            {
                                "type": "rich_text_section",
                                "elements": [
                                    {
                                        "type": "text",
                                        "text": "T-Stick 203: Red Sopranino"
                                    }
                                ]
                            },
                            {
                                "type": "rich_text_section",
                                "elements": [
                                    {
                                        "type": "text",
                                        "text": "T-Stick 315: Yellow Soprano"
                                    }
                                ]
                            }
                        ],
                        "style": "bullet",
                        "indent": 0,
                        "offset": 0,
                        "border": 0
                    },
                    {
                        "type": "rich_text_section",
                        "elements": [
                            {
                                "type": "text",
                                "text": "\nOut and about T-Sticks\n"
                            }
                        ]
                    },
                    {
                        "type": "rich_text_list",
                        "elements": [
                            {
                                "type": "rich_text_section",
                                "elements": [
                                    {
                                        "type": "user",
                                        "user_id": "UJCU8BAAW"
                                    },
                                    {
                                        "type": "text",
                                        "text": " took a sopranino for someone can't remember who"
                                    }
                                ]
                            },
                            {
                                "type": "rich_text_section",
                                "elements": [
                                    {
                                        "type": "user",
                                        "user_id": "U010FMZRE4A"
                                    },
                                    {
                                        "type": "text",
                                        "text": " has a yellow sopranino(I think T-Stick 314)"
                                    }
                                ]
                            },
                            {
                                "type": "rich_text_section",
                                "elements": [
                                    {
                                        "type": "user",
                                        "user_id": "UJR4DDS12"
                                    },
                                    {
                                        "type": "text",
                                        "text": " has a green sopranino T-Stick (last I checked)"
                                    }
                                ]
                            },
                            {
                                "type": "rich_text_section",
                                "elements": [
                                    {
                                        "type": "user",
                                        "user_id": "U01APBW5N2J"
                                    },
                                    {
                                        "type": "text",
                                        "text": " has a yellow sopranino T-Stick 311"
                                    }
                                ]
                            }
                        ],
                        "style": "bullet",
                        "indent": 0,
                        "offset": 0,
                        "border": 0
                    },
                    {
                        "type": "rich_text_section",
                        "elements": [
                            {
                                "type": "text",
                                "text": "\nT-Sticks whose location I don't know\n"
                            }
                        ]
                    },
                    {
                        "type": "rich_text_list",
                        "elements": [
                            {
                                "type": "rich_text_section",
                                "elements": [
                                    {
                                        "type": "text",
                                        "text": "There was a blue sopranino T Stick on the tree I don't know if someone has it or not"
                                    }
                                ]
                            }
                        ],
                        "style": "bullet",
                        "indent": 0,
                        "offset": 0,
                        "border": 0
                    },
                    {
                        "type": "rich_text_section",
                        "elements": [
                            {
                                "type": "text",
                                "text": "\nBroken T-Sticks (to be fixed in late November\/December)\n"
                            }
                        ]
                    },
                    {
                        "type": "rich_text_list",
                        "elements": [
                            {
                                "type": "rich_text_section",
                                "elements": [
                                    {
                                        "type": "text",
                                        "text": "Alto T-Stick: spine\/backbone is stuck in the PVC pipe, needs some wire to be resoldered, requires a T-Stick software update to support Tenor and Alto T-Sticks"
                                    }
                                ]
                            },
                            {
                                "type": "rich_text_section",
                                "elements": [
                                    {
                                        "type": "text",
                                        "text": "Tenor T-Stick: soldering needs checking, requires a T-Stick software update to support Tenor and Alto T-Sticks"
                                    }
                                ]
                            },
                            {
                                "type": "rich_text_section",
                                "elements": [
                                    {
                                        "type": "text",
                                        "text": "T-Stick 193 (red sopranino): I2C error, potentially requires a new battery"
                                    }
                                ]
                            },
                            {
                                "type": "rich_text_section",
                                "elements": [
                                    {
                                        "type": "text",
                                        "text": "T-Stick 309 (black soprano): I2C error, sending OSC at a really slow rate"
                                    }
                                ]
                            }
                        ],
                        "style": "bullet",
                        "indent": 0,
                        "offset": 0,
                        "border": 0
                    },
                    {
                        "type": "rich_text_section",
                        "elements": [
                            {
                                "type": "text",
                                "text": "\nWired\/Outdated T-Sticks (don't know if they work)\n"
                            }
                        ]
                    },
                    {
                        "type": "rich_text_list",
                        "elements": [
                            {
                                "type": "rich_text_section",
                                "elements": [
                                    {
                                        "type": "text",
                                        "text": "2 black Sopranos T-Sticks"
                                    }
                                ]
                            },
                            {
                                "type": "rich_text_section",
                                "elements": [
                                    {
                                        "type": "text",
                                        "text": "Black tenor T-Sticks"
                                    }
                                ]
                            },
                            {
                                "type": "rich_text_section",
                                "elements": [
                                    {
                                        "type": "text",
                                        "text": "Red Soprano T-Stick"
                                    }
                                ]
                            },
                            {
                                "type": "rich_text_section",
                                "elements": [
                                    {
                                        "type": "text",
                                        "text": "Green Soprano T-Stick"
                                    }
                                ]
                            },
                            {
                                "type": "rich_text_section",
                                "elements": [
                                    {
                                        "type": "text",
                                        "text": "Black Sopranino T-Stick"
                                    }
                                ]
                            }
                        ],
                        "style": "bullet",
                        "indent": 0,
                        "offset": 0,
                        "border": 0
                    },
                    {
                        "type": "rich_text_section",
                        "elements": [
                            {
                                "type": "text",
                                "text": "\nEventually this will all be in a spreadsheet in Gitlab once I can get around to organising this.\n\n"
                            },
                            {
                                "type": "user",
                                "user_id": "U010FMZRE4A"
                            },
                            {
                                "type": "text",
                                "text": " and "
                            },
                            {
                                "type": "user",
                                "user_id": "U03NPGXF7GT"
                            },
                            {
                                "type": "text",
                                "text": " I know you two were interested in using T-Sticks next term for your course. Ideally if we can use some combination of the T-Sticks we already have rather then build any new ones, as in my opinion we should be focusing our efforts on evaluating what works and doesn't work with the current design rather than add more T-Sticks to our maintenance load."
                            }
                        ]
                    }
                ]
            }
        ],
        "team": "TJPN85XRA",
        "user_team": "TJPN85XRA",
        "source_team": "TJPN85XRA",
        "user_profile": {
            "avatar_hash": "g9dd84ade99b",
            "image_72": "https:\/\/secure.gravatar.com\/avatar\/9dd84ade99bb030e9269d9f654d3b81f.jpg?s=72&d=https%3A%2F%2Fa.slack-edge.com%2Fdf10d%2Fimg%2Favatars%2Fava_0006-72.png",
            "first_name": "Albert-Ngabo",
            "real_name": "Albert-Ngabo Niyonsenga",
            "display_name": "Albert-Ngabo Niyonsenga",
            "team": "TJPN85XRA",
            "name": "albert-ngabo.niyonsen",
            "is_restricted": false,
            "is_ultra_restricted": false
        },
        "edited": {
            "user": "U03JWS43U3H",
            "ts": "1666891398.000000"
        },
        "thread_ts": "1666890623.501009",
        "reply_count": 14,
        "reply_users_count": 5,
        "latest_reply": "1667245598.908369",
        "reply_users": [
            "U01APBW5N2J",
            "UJCU8BAAW",
            "U029MNKJ0DR",
            "U03JWS43U3H",
            "U010FMZRE4A"
        ],
        "replies": [
            {
                "user": "U01APBW5N2J",
                "ts": "1666890958.679559"
            },
            {
                "user": "UJCU8BAAW",
                "ts": "1666890982.914479"
            },
            {
                "user": "U01APBW5N2J",
                "ts": "1666893488.590469"
            },
            {
                "user": "U029MNKJ0DR",
                "ts": "1666899727.075389"
            },
            {
                "user": "U029MNKJ0DR",
                "ts": "1666899749.329339"
            },
            {
                "user": "U029MNKJ0DR",
                "ts": "1666899784.423479"
            },
            {
                "user": "UJCU8BAAW",
                "ts": "1666902389.492799"
            },
            {
                "user": "U03JWS43U3H",
                "ts": "1666907654.967269"
            },
            {
                "user": "UJCU8BAAW",
                "ts": "1666908275.408299"
            },
            {
                "user": "UJCU8BAAW",
                "ts": "1666908499.991729"
            },
            {
                "user": "U010FMZRE4A",
                "ts": "1667226379.557229"
            },
            {
                "user": "U010FMZRE4A",
                "ts": "1667226599.741509"
            },
            {
                "user": "U01APBW5N2J",
                "ts": "1667243437.691049"
            },
            {
                "user": "U03JWS43U3H",
                "ts": "1667245598.908369"
            }
        ],
        "is_locked": false,
        "subscribed": false
    },
    {
        "client_msg_id": "275796F5-67A3-4295-8C27-7CFBE4ABAAD6",
        "type": "message",
        "text": "I’ve got a yellow, firmware reports at 311 but the cap says 19X (also it’s they\/them, not he\/him :wink:)! It’s also running what is probably a legacy firmware (last flashed in June). \n\nI had some odd behaviour with it last night, which I’m still troubleshooting (IMU stopped responding and just started sending fixed values, rebooting the t-stick it seems to have fixed it)",
        "user": "U01APBW5N2J",
        "ts": "1666890958.679559",
        "blocks": [
            {
                "type": "rich_text",
                "block_id": "gcUO",
                "elements": [
                    {
                        "type": "rich_text_section",
                        "elements": [
                            {
                                "type": "text",
                                "text": "I’ve got a yellow, firmware reports at 311 but the cap says 19X (also it’s they\/them, not he\/him "
                            },
                            {
                                "type": "emoji",
                                "name": "wink",
                                "unicode": "1f609"
                            },
                            {
                                "type": "text",
                                "text": ")! It’s also running what is probably a legacy firmware (last flashed in June). \n\nI had some odd behaviour with it last night, which I’m still troubleshooting (IMU stopped responding and just started sending fixed values, rebooting the t-stick it seems to have fixed it)"
                            }
                        ]
                    }
                ]
            }
        ],
        "team": "TJPN85XRA",
        "user_team": "TJPN85XRA",
        "source_team": "TJPN85XRA",
        "user_profile": {
            "avatar_hash": "fe0a901d9daf",
            "image_72": "https:\/\/avatars.slack-edge.com\/2020-09-17\/1355731656631_fe0a901d9daf26440442_72.png",
            "first_name": "",
            "real_name": "Kasey Pocius",
            "display_name": "Kasey Pocius",
            "team": "TJPN85XRA",
            "name": "kaseypocius",
            "is_restricted": false,
            "is_ultra_restricted": false
        },
        "edited": {
            "user": "U01APBW5N2J",
            "ts": "1666891267.000000"
        },
        "thread_ts": "1666890623.501009",
        "parent_user_id": "U03JWS43U3H",
        "reactions": [
            {
                "name": "+1::skin-tone-6",
                "users": [
                    "U03JWS43U3H"
                ],
                "count": 1
            }
        ]
    },
    {
        "client_msg_id": "981f906d-e911-46a0-8f78-ac6a7b370933",
        "type": "message",
        "text": "Thanks <@U03JWS43U3H>. To complete the information, we have this (outdated) list: <https:\/\/gitlab.com\/idmil\/administrative\/equipment\/-\/issues\/3>. Maybe we can migrate the information and cheatsheet to the <https:\/\/gitlab.com\/idmil\/administrative\/equipment|Equipment repo> for future reference.\n\nThe Bumblebee-Yellow (195) T-Stick mentioned on the list is open at the lab (broken capsense) next to the Probatio desk. The Boring-Black (192) that was with Diego Chamberland was returned and I lent to Michał Seta to replace the broken 195.",
        "user": "UJCU8BAAW",
        "ts": "1666890982.914479",
        "blocks": [
            {
                "type": "rich_text",
                "block_id": "Aujab",
                "elements": [
                    {
                        "type": "rich_text_section",
                        "elements": [
                            {
                                "type": "text",
                                "text": "Thanks "
                            },
                            {
                                "type": "user",
                                "user_id": "U03JWS43U3H"
                            },
                            {
                                "type": "text",
                                "text": ". To complete the information, we have this (outdated) list: "
                            },
                            {
                                "type": "link",
                                "url": "https:\/\/gitlab.com\/idmil\/administrative\/equipment\/-\/issues\/3"
                            },
                            {
                                "type": "text",
                                "text": ". Maybe we can migrate the information and cheatsheet to the "
                            },
                            {
                                "type": "link",
                                "url": "https:\/\/gitlab.com\/idmil\/administrative\/equipment",
                                "text": "Equipment repo"
                            },
                            {
                                "type": "text",
                                "text": " for future reference.\n\nThe Bumblebee-Yellow (195) T-Stick mentioned on the list is open at the lab (broken capsense) next to the Probatio desk. The Boring-Black (192) that was with Diego Chamberland was returned and I lent to Michał Seta to replace the broken 195."
                            }
                        ]
                    }
                ]
            }
        ],
        "team": "TJPN85XRA",
        "user_team": "TJPN85XRA",
        "source_team": "TJPN85XRA",
        "user_profile": {
            "avatar_hash": "d49c462f5537",
            "image_72": "https:\/\/avatars.slack-edge.com\/2021-06-14\/2154581376263_d49c462f5537edde8dbb_72.jpg",
            "first_name": "Edu",
            "real_name": "Edu Meneses",
            "display_name": "Edu Meneses",
            "team": "TJPN85XRA",
            "name": "eduardo.meneses",
            "is_restricted": false,
            "is_ultra_restricted": false
        },
        "edited": {
            "user": "UJCU8BAAW",
            "ts": "1666891023.000000"
        },
        "thread_ts": "1666890623.501009",
        "parent_user_id": "U03JWS43U3H"
    },
    {
        "client_msg_id": "e16fc202-d699-4756-be5c-7f8d3c285913",
        "type": "message",
        "text": "And confirming that Erich still has 191, and that the t-stick is still working!",
        "user": "U01APBW5N2J",
        "ts": "1666893488.590469",
        "blocks": [
            {
                "type": "rich_text",
                "block_id": "M=qB",
                "elements": [
                    {
                        "type": "rich_text_section",
                        "elements": [
                            {
                                "type": "text",
                                "text": "And confirming that Erich still has 191, and that the t-stick is still working!"
                            }
                        ]
                    }
                ]
            }
        ],
        "team": "TJPN85XRA",
        "user_team": "TJPN85XRA",
        "source_team": "TJPN85XRA",
        "user_profile": {
            "avatar_hash": "fe0a901d9daf",
            "image_72": "https:\/\/avatars.slack-edge.com\/2020-09-17\/1355731656631_fe0a901d9daf26440442_72.png",
            "first_name": "",
            "real_name": "Kasey Pocius",
            "display_name": "Kasey Pocius",
            "team": "TJPN85XRA",
            "name": "kaseypocius",
            "is_restricted": false,
            "is_ultra_restricted": false
        },
        "edited": {
            "user": "U01APBW5N2J",
            "ts": "1666893503.000000"
        },
        "thread_ts": "1666890623.501009",
        "parent_user_id": "U03JWS43U3H",
        "reactions": [
            {
                "name": "raised_hands::skin-tone-5",
                "users": [
                    "UJCU8BAAW"
                ],
                "count": 1
            },
            {
                "name": "raised_hands::skin-tone-6",
                "users": [
                    "U03JWS43U3H"
                ],
                "count": 1
            }
        ]
    },
    {
        "client_msg_id": "ed4e120e-b79b-4fb6-be22-e326c2c7318e",
        "type": "message",
        "text": "I have a blue Sopranino, #311, at my apartment",
        "user": "U029MNKJ0DR",
        "ts": "1666899727.075389",
        "blocks": [
            {
                "type": "rich_text",
                "block_id": "3=En",
                "elements": [
                    {
                        "type": "rich_text_section",
                        "elements": [
                            {
                                "type": "text",
                                "text": "I have a blue Sopranino, #311, at my apartment"
                            }
                        ]
                    }
                ]
            }
        ],
        "team": "TJPN85XRA",
        "user_team": "TJPN85XRA",
        "source_team": "TJPN85XRA",
        "user_profile": {
            "avatar_hash": "f350669b1e49",
            "image_72": "https:\/\/avatars.slack-edge.com\/2021-07-29\/2324539512645_f350669b1e496193ea11_72.jpg",
            "first_name": "",
            "real_name": "Paul Buser",
            "display_name": "Paul Buser",
            "team": "TJPN85XRA",
            "name": "buser.paul",
            "is_restricted": false,
            "is_ultra_restricted": false
        },
        "thread_ts": "1666890623.501009",
        "parent_user_id": "U03JWS43U3H"
    },
    {
        "client_msg_id": "4dd1c3e3-335a-456f-916c-1e0e65c08bd9",
        "type": "message",
        "text": "It works, mostly. If you shake it too hard when it's not plugged in it reboots (battery issue?)",
        "user": "U029MNKJ0DR",
        "ts": "1666899749.329339",
        "blocks": [
            {
                "type": "rich_text",
                "block_id": "8=6q",
                "elements": [
                    {
                        "type": "rich_text_section",
                        "elements": [
                            {
                                "type": "text",
                                "text": "It works, mostly. If you shake it too hard when it's not plugged in it reboots (battery issue?)"
                            }
                        ]
                    }
                ]
            }
        ],
        "team": "TJPN85XRA",
        "user_team": "TJPN85XRA",
        "source_team": "TJPN85XRA",
        "user_profile": {
            "avatar_hash": "f350669b1e49",
            "image_72": "https:\/\/avatars.slack-edge.com\/2021-07-29\/2324539512645_f350669b1e496193ea11_72.jpg",
            "first_name": "",
            "real_name": "Paul Buser",
            "display_name": "Paul Buser",
            "team": "TJPN85XRA",
            "name": "buser.paul",
            "is_restricted": false,
            "is_ultra_restricted": false
        },
        "thread_ts": "1666890623.501009",
        "parent_user_id": "U03JWS43U3H"
    },
    {
        "client_msg_id": "37a2d504-1ec5-4876-a420-4b4a0d57fc9e",
        "type": "message",
        "text": "I'd like to have at least 4 working T-Sticks before <@U01APBW5N2J> and I perform for live@CIRMMT on December 9th!",
        "user": "U029MNKJ0DR",
        "ts": "1666899784.423479",
        "blocks": [
            {
                "type": "rich_text",
                "block_id": "c+sy",
                "elements": [
                    {
                        "type": "rich_text_section",
                        "elements": [
                            {
                                "type": "text",
                                "text": "I'd like to have at least 4 working T-Sticks before "
                            },
                            {
                                "type": "user",
                                "user_id": "U01APBW5N2J"
                            },
                            {
                                "type": "text",
                                "text": " and I perform for live@CIRMMT on December 9th!"
                            }
                        ]
                    }
                ]
            }
        ],
        "team": "TJPN85XRA",
        "user_team": "TJPN85XRA",
        "source_team": "TJPN85XRA",
        "user_profile": {
            "avatar_hash": "f350669b1e49",
            "image_72": "https:\/\/avatars.slack-edge.com\/2021-07-29\/2324539512645_f350669b1e496193ea11_72.jpg",
            "first_name": "",
            "real_name": "Paul Buser",
            "display_name": "Paul Buser",
            "team": "TJPN85XRA",
            "name": "buser.paul",
            "is_restricted": false,
            "is_ultra_restricted": false
        },
        "thread_ts": "1666890623.501009",
        "parent_user_id": "U03JWS43U3H"
    },
    {
        "client_msg_id": "05831b44-20c7-48cc-8099-9ed4e2438a16",
        "type": "message",
        "text": "Maybeit is worth making more then. Apart from batteries and maybe FSRs, IDMIL probably have all parts needed. The really annoying part is to solder the capacitive wires, but I estimate 1 day (2 days for the first time) per T-Stick per person (TBC with <@U03JWS43U3H>).",
        "user": "UJCU8BAAW",
        "ts": "1666902389.492799",
        "blocks": [
            {
                "type": "rich_text",
                "block_id": "2gnxL",
                "elements": [
                    {
                        "type": "rich_text_section",
                        "elements": [
                            {
                                "type": "text",
                                "text": "Maybeit is worth making more then. Apart from batteries and maybe FSRs, IDMIL probably have all parts needed. The really annoying part is to solder the capacitive wires, but I estimate 1 day (2 days for the first time) per T-Stick per person (TBC with "
                            },
                            {
                                "type": "user",
                                "user_id": "U03JWS43U3H"
                            },
                            {
                                "type": "text",
                                "text": ")."
                            }
                        ]
                    }
                ]
            }
        ],
        "team": "TJPN85XRA",
        "user_team": "TJPN85XRA",
        "source_team": "TJPN85XRA",
        "user_profile": {
            "avatar_hash": "d49c462f5537",
            "image_72": "https:\/\/avatars.slack-edge.com\/2021-06-14\/2154581376263_d49c462f5537edde8dbb_72.jpg",
            "first_name": "Edu",
            "real_name": "Edu Meneses",
            "display_name": "Edu Meneses",
            "team": "TJPN85XRA",
            "name": "eduardo.meneses",
            "is_restricted": false,
            "is_ultra_restricted": false
        },
        "edited": {
            "user": "UJCU8BAAW",
            "ts": "1666902420.000000"
        },
        "thread_ts": "1666890623.501009",
        "parent_user_id": "U03JWS43U3H"
    },
    {
        "client_msg_id": "c0e3df2e-0823-48e6-9e53-7b53a49fb139",
        "type": "message",
        "text": "batteries, battery holders and some more shrink wrap(they can't all be black) is all we should need, I'll double check the T-Stick parts box and see how many parts we have",
        "user": "U03JWS43U3H",
        "ts": "1666907654.967269",
        "blocks": [
            {
                "type": "rich_text",
                "block_id": "+vF",
                "elements": [
                    {
                        "type": "rich_text_section",
                        "elements": [
                            {
                                "type": "text",
                                "text": "batteries, battery holders and some more shrink wrap(they can't all be black) is all we should need, I'll double check the T-Stick parts box and see how many parts we have"
                            }
                        ]
                    }
                ]
            }
        ],
        "team": "TJPN85XRA",
        "user_team": "TJPN85XRA",
        "source_team": "TJPN85XRA",
        "user_profile": {
            "avatar_hash": "g9dd84ade99b",
            "image_72": "https:\/\/secure.gravatar.com\/avatar\/9dd84ade99bb030e9269d9f654d3b81f.jpg?s=72&d=https%3A%2F%2Fa.slack-edge.com%2Fdf10d%2Fimg%2Favatars%2Fava_0006-72.png",
            "first_name": "Albert-Ngabo",
            "real_name": "Albert-Ngabo Niyonsenga",
            "display_name": "Albert-Ngabo Niyonsenga",
            "team": "TJPN85XRA",
            "name": "albert-ngabo.niyonsen",
            "is_restricted": false,
            "is_ultra_restricted": false
        },
        "thread_ts": "1666890623.501009",
        "parent_user_id": "U03JWS43U3H"
    },
    {
        "client_msg_id": "148e4a4e-671d-4549-879c-994adacbfb9e",
        "type": "message",
        "text": "Shrink tubing is annoying to buy. Last time we ordered from AliExpress",
        "user": "UJCU8BAAW",
        "ts": "1666908275.408299",
        "blocks": [
            {
                "type": "rich_text",
                "block_id": "fmQn",
                "elements": [
                    {
                        "type": "rich_text_section",
                        "elements": [
                            {
                                "type": "text",
                                "text": "Shrink tubing is annoying to buy. Last time we ordered from AliExpress"
                            }
                        ]
                    }
                ]
            }
        ],
        "team": "TJPN85XRA",
        "user_team": "TJPN85XRA",
        "source_team": "TJPN85XRA",
        "user_profile": {
            "avatar_hash": "d49c462f5537",
            "image_72": "https:\/\/avatars.slack-edge.com\/2021-06-14\/2154581376263_d49c462f5537edde8dbb_72.jpg",
            "first_name": "Edu",
            "real_name": "Edu Meneses",
            "display_name": "Edu Meneses",
            "team": "TJPN85XRA",
            "name": "eduardo.meneses",
            "is_restricted": false,
            "is_ultra_restricted": false
        },
        "thread_ts": "1666890623.501009",
        "parent_user_id": "U03JWS43U3H"
    },
    {
        "client_msg_id": "cd6e172e-1d72-45ac-9af7-f4c6012a7198",
        "type": "message",
        "text": "It's possible to find in Canada, but usually only in black.\n\nPlease add white to the list of colors. It wasn't available last time and some artists (+ me) want white T-Sticks",
        "user": "UJCU8BAAW",
        "ts": "1666908499.991729",
        "blocks": [
            {
                "type": "rich_text",
                "block_id": "bHb",
                "elements": [
                    {
                        "type": "rich_text_section",
                        "elements": [
                            {
                                "type": "text",
                                "text": "It's possible to find in Canada, but usually only in black.\n\nPlease add white to the list of colors. It wasn't available last time and some artists (+ me) want white T-Sticks"
                            }
                        ]
                    }
                ]
            }
        ],
        "team": "TJPN85XRA",
        "user_team": "TJPN85XRA",
        "source_team": "TJPN85XRA",
        "user_profile": {
            "avatar_hash": "d49c462f5537",
            "image_72": "https:\/\/avatars.slack-edge.com\/2021-06-14\/2154581376263_d49c462f5537edde8dbb_72.jpg",
            "first_name": "Edu",
            "real_name": "Edu Meneses",
            "display_name": "Edu Meneses",
            "team": "TJPN85XRA",
            "name": "eduardo.meneses",
            "is_restricted": false,
            "is_ultra_restricted": false
        },
        "thread_ts": "1666890623.501009",
        "parent_user_id": "U03JWS43U3H"
    }
]