[
    {
        "type": "message",
        "text": "",
        "files": [
            {
                "id": "F049DDJM7T5",
                "mode": "hidden_by_limit"
            }
        ],
        "upload": false,
        "user": "U03JTLB9FSS",
        "display_as_bot": false,
        "ts": "1667497041.587829",
        "client_msg_id": "de493f0e-d01e-4d5f-a54b-6f811a12081d",
        "thread_ts": "1667497041.587829",
        "reply_count": 5,
        "reply_users_count": 3,
        "latest_reply": "1667506212.201099",
        "reply_users": [
            "U010TD4329M",
            "U03JTLB9FSS",
            "UJCU8BAAW"
        ],
        "replies": [
            {
                "user": "U010TD4329M",
                "ts": "1667497803.174369"
            },
            {
                "user": "U03JTLB9FSS",
                "ts": "1667498168.462069"
            },
            {
                "user": "UJCU8BAAW",
                "ts": "1667505515.241299"
            },
            {
                "user": "U010TD4329M",
                "ts": "1667505569.986199"
            },
            {
                "user": "U03JTLB9FSS",
                "ts": "1667506212.201099"
            }
        ],
        "is_locked": false,
        "subscribed": false
    },
    {
        "client_msg_id": "2eaa7124-da5c-4ae2-8d62-692d19cf22a0",
        "type": "message",
        "text": "Nice! Is this just the roll axis?",
        "user": "U010TD4329M",
        "ts": "1667497803.174369",
        "blocks": [
            {
                "type": "rich_text",
                "block_id": "Rxo",
                "elements": [
                    {
                        "type": "rich_text_section",
                        "elements": [
                            {
                                "type": "text",
                                "text": "Nice! Is this just the roll axis?"
                            }
                        ]
                    }
                ]
            }
        ],
        "team": "TJPN85XRA",
        "user_team": "TJPN85XRA",
        "source_team": "TJPN85XRA",
        "user_profile": {
            "avatar_hash": "g76664e246bb",
            "image_72": "https:\/\/secure.gravatar.com\/avatar\/76664e246bb99704f2fe508d673b1124.jpg?s=72&d=https%3A%2F%2Fa.slack-edge.com%2Fdf10d%2Fimg%2Favatars%2Fava_0026-72.png",
            "first_name": "",
            "real_name": "Joe Malloch",
            "display_name": "Joe Malloch",
            "team": "TJPN85XRA",
            "name": "jmalloch",
            "is_restricted": false,
            "is_ultra_restricted": false
        },
        "thread_ts": "1667497041.587829",
        "parent_user_id": "U03JTLB9FSS"
    },
    {
        "client_msg_id": "1a42f624-18b7-4994-9b6f-55891483b21d",
        "type": "message",
        "text": "yup! with the current orientation code, not the new stuff",
        "user": "U03JTLB9FSS",
        "ts": "1667498168.462069",
        "blocks": [
            {
                "type": "rich_text",
                "block_id": "m1Ei0",
                "elements": [
                    {
                        "type": "rich_text_section",
                        "elements": [
                            {
                                "type": "text",
                                "text": "yup! with the current orientation code, not the new stuff"
                            }
                        ]
                    }
                ]
            }
        ],
        "team": "TJPN85XRA",
        "user_team": "TJPN85XRA",
        "source_team": "TJPN85XRA",
        "user_profile": {
            "avatar_hash": "459fb8de8703",
            "image_72": "https:\/\/avatars.slack-edge.com\/2022-07-28\/3867310060339_459fb8de8703bb2678e5_72.jpg",
            "first_name": "Brady",
            "real_name": "Brady Boettcher",
            "display_name": "",
            "team": "TJPN85XRA",
            "name": "brady.boettcher",
            "is_restricted": false,
            "is_ultra_restricted": false
        },
        "edited": {
            "user": "U03JTLB9FSS",
            "ts": "1667498198.000000"
        },
        "thread_ts": "1667497041.587829",
        "parent_user_id": "U03JTLB9FSS",
        "reactions": [
            {
                "name": "+1",
                "users": [
                    "U010TD4329M"
                ],
                "count": 1
            }
        ]
    },
    {
        "type": "message",
        "subtype": "channel_join",
        "ts": "1667503460.205729",
        "user": "U04920VRM1S",
        "text": "<@U04920VRM1S> has joined the channel"
    },
    {
        "client_msg_id": "1f0cf087-6d9e-4063-b11a-477a1eddcb34",
        "type": "message",
        "text": "cool, nice mapping\/visuals",
        "user": "UJCU8BAAW",
        "ts": "1667505515.241299",
        "blocks": [
            {
                "type": "rich_text",
                "block_id": "gRuC",
                "elements": [
                    {
                        "type": "rich_text_section",
                        "elements": [
                            {
                                "type": "text",
                                "text": "cool, nice mapping\/visuals"
                            }
                        ]
                    }
                ]
            }
        ],
        "team": "TJPN85XRA",
        "user_team": "TJPN85XRA",
        "source_team": "TJPN85XRA",
        "user_profile": {
            "avatar_hash": "d49c462f5537",
            "image_72": "https:\/\/avatars.slack-edge.com\/2021-06-14\/2154581376263_d49c462f5537edde8dbb_72.jpg",
            "first_name": "Edu",
            "real_name": "Edu Meneses",
            "display_name": "Edu Meneses",
            "team": "TJPN85XRA",
            "name": "eduardo.meneses",
            "is_restricted": false,
            "is_ultra_restricted": false
        },
        "thread_ts": "1667497041.587829",
        "parent_user_id": "U03JTLB9FSS"
    },
    {
        "client_msg_id": "0DE6C00D-6923-4A44-A20C-72A13691FAB6",
        "type": "message",
        "text": "How are the visuals generated?",
        "user": "U010TD4329M",
        "ts": "1667505569.986199",
        "blocks": [
            {
                "type": "rich_text",
                "block_id": "7mIJ",
                "elements": [
                    {
                        "type": "rich_text_section",
                        "elements": [
                            {
                                "type": "text",
                                "text": "How are the visuals generated?"
                            }
                        ]
                    }
                ]
            }
        ],
        "team": "TJPN85XRA",
        "user_team": "TJPN85XRA",
        "source_team": "TJPN85XRA",
        "user_profile": {
            "avatar_hash": "g76664e246bb",
            "image_72": "https:\/\/secure.gravatar.com\/avatar\/76664e246bb99704f2fe508d673b1124.jpg?s=72&d=https%3A%2F%2Fa.slack-edge.com%2Fdf10d%2Fimg%2Favatars%2Fava_0026-72.png",
            "first_name": "",
            "real_name": "Joe Malloch",
            "display_name": "Joe Malloch",
            "team": "TJPN85XRA",
            "name": "jmalloch",
            "is_restricted": false,
            "is_ultra_restricted": false
        },
        "thread_ts": "1667497041.587829",
        "parent_user_id": "U03JTLB9FSS"
    },
    {
        "client_msg_id": "419a6fb7-fc61-47f7-b2da-50f37b6cc376",
        "type": "message",
        "text": "With touchdesigner, using the MapperTD bridge :)",
        "user": "U03JTLB9FSS",
        "ts": "1667506212.201099",
        "blocks": [
            {
                "type": "rich_text",
                "block_id": "HsV",
                "elements": [
                    {
                        "type": "rich_text_section",
                        "elements": [
                            {
                                "type": "text",
                                "text": "With touchdesigner, using the MapperTD bridge :)"
                            }
                        ]
                    }
                ]
            }
        ],
        "team": "TJPN85XRA",
        "user_team": "TJPN85XRA",
        "source_team": "TJPN85XRA",
        "user_profile": {
            "avatar_hash": "459fb8de8703",
            "image_72": "https:\/\/avatars.slack-edge.com\/2022-07-28\/3867310060339_459fb8de8703bb2678e5_72.jpg",
            "first_name": "Brady",
            "real_name": "Brady Boettcher",
            "display_name": "",
            "team": "TJPN85XRA",
            "name": "brady.boettcher",
            "is_restricted": false,
            "is_ultra_restricted": false
        },
        "thread_ts": "1667497041.587829",
        "parent_user_id": "U03JTLB9FSS",
        "reactions": [
            {
                "name": "headset_parrot",
                "users": [
                    "U010TD4329M",
                    "UKGLCA1GS"
                ],
                "count": 2
            }
        ]
    },
    {
        "client_msg_id": "8c2c4fdd-d067-4c82-ba96-ba687e9c1628",
        "type": "message",
        "text": "hence quaternions :slightly_smiling_face:",
        "user": "U010TD4329M",
        "ts": "1667527105.848099",
        "blocks": [
            {
                "type": "rich_text",
                "block_id": "Mdd",
                "elements": [
                    {
                        "type": "rich_text_section",
                        "elements": [
                            {
                                "type": "text",
                                "text": "hence quaternions "
                            },
                            {
                                "type": "emoji",
                                "name": "slightly_smiling_face",
                                "unicode": "1f642"
                            }
                        ]
                    }
                ]
            }
        ],
        "team": "TJPN85XRA",
        "user_team": "TJPN85XRA",
        "source_team": "TJPN85XRA",
        "user_profile": {
            "avatar_hash": "g76664e246bb",
            "image_72": "https:\/\/secure.gravatar.com\/avatar\/76664e246bb99704f2fe508d673b1124.jpg?s=72&d=https%3A%2F%2Fa.slack-edge.com%2Fdf10d%2Fimg%2Favatars%2Fava_0026-72.png",
            "first_name": "",
            "real_name": "Joe Malloch",
            "display_name": "Joe Malloch",
            "team": "TJPN85XRA",
            "name": "jmalloch",
            "is_restricted": false,
            "is_ultra_restricted": false
        },
        "thread_ts": "1667247363.578629",
        "parent_user_id": "UJCU8BAAW"
    }
]