[
    {
        "client_msg_id": "aa0301db-025b-40e4-8c26-93d7c2939679",
        "type": "message",
        "text": "<@U029MNKJ0DR> Want to organise a meeting to go through potential T-stick design changes and see what the next generation of T-Stickes might look like?",
        "user": "U03JWS43U3H",
        "ts": "1664201123.708889",
        "blocks": [
            {
                "type": "rich_text",
                "block_id": "diT",
                "elements": [
                    {
                        "type": "rich_text_section",
                        "elements": [
                            {
                                "type": "user",
                                "user_id": "U029MNKJ0DR"
                            },
                            {
                                "type": "text",
                                "text": " Want to organise a meeting to go through potential T-stick design changes and see what the next generation of T-Stickes might look like?"
                            }
                        ]
                    }
                ]
            }
        ],
        "team": "TJPN85XRA",
        "user_team": "TJPN85XRA",
        "source_team": "TJPN85XRA",
        "user_profile": {
            "avatar_hash": "g9dd84ade99b",
            "image_72": "https:\/\/secure.gravatar.com\/avatar\/9dd84ade99bb030e9269d9f654d3b81f.jpg?s=72&d=https%3A%2F%2Fa.slack-edge.com%2Fdf10d%2Fimg%2Favatars%2Fava_0006-72.png",
            "first_name": "Albert-Ngabo",
            "real_name": "Albert-Ngabo Niyonsenga",
            "display_name": "Albert-Ngabo Niyonsenga",
            "team": "TJPN85XRA",
            "name": "albert-ngabo.niyonsen",
            "is_restricted": false,
            "is_ultra_restricted": false
        },
        "thread_ts": "1664201123.708889",
        "reply_count": 7,
        "reply_users_count": 4,
        "latest_reply": "1664991998.936099",
        "reply_users": [
            "U010TD4329M",
            "U029MNKJ0DR",
            "U03JWS43U3H",
            "UJR4DDS12"
        ],
        "replies": [
            {
                "user": "U010TD4329M",
                "ts": "1664207931.515969"
            },
            {
                "user": "U029MNKJ0DR",
                "ts": "1664208047.316139"
            },
            {
                "user": "U010TD4329M",
                "ts": "1664208399.403969"
            },
            {
                "user": "U03JWS43U3H",
                "ts": "1664208799.437209"
            },
            {
                "user": "U029MNKJ0DR",
                "ts": "1664218936.972079"
            },
            {
                "user": "UJR4DDS12",
                "ts": "1664989753.299019"
            },
            {
                "user": "U010TD4329M",
                "ts": "1664991998.936099"
            }
        ],
        "is_locked": false,
        "subscribed": false
    },
    {
        "client_msg_id": "1fb365da-e332-4e22-8e6d-907ffe5279ad",
        "type": "message",
        "text": "I have plans for sensing upgrades that are needed IMO. Touch on the current generation is slower than the first gen and still has the same spatial resolution as the second gen.",
        "user": "U010TD4329M",
        "ts": "1664207931.515969",
        "blocks": [
            {
                "type": "rich_text",
                "block_id": "kb=",
                "elements": [
                    {
                        "type": "rich_text_section",
                        "elements": [
                            {
                                "type": "text",
                                "text": "I have plans for sensing upgrades that are needed IMO. Touch on the current generation is slower than the first gen and still has the same spatial resolution as the second gen."
                            }
                        ]
                    }
                ]
            }
        ],
        "team": "TJPN85XRA",
        "user_team": "TJPN85XRA",
        "source_team": "TJPN85XRA",
        "user_profile": {
            "avatar_hash": "g76664e246bb",
            "image_72": "https:\/\/secure.gravatar.com\/avatar\/76664e246bb99704f2fe508d673b1124.jpg?s=72&d=https%3A%2F%2Fa.slack-edge.com%2Fdf10d%2Fimg%2Favatars%2Fava_0026-72.png",
            "first_name": "",
            "real_name": "Joe Malloch",
            "display_name": "Joe Malloch",
            "team": "TJPN85XRA",
            "name": "jmalloch",
            "is_restricted": false,
            "is_ultra_restricted": false
        },
        "thread_ts": "1664201123.708889",
        "parent_user_id": "U03JWS43U3H"
    },
    {
        "client_msg_id": "520E67AD-0467-4644-9528-132866BEF7BC",
        "type": "message",
        "text": "Yeah let's all meet! How about next week, Wednesday?",
        "user": "U029MNKJ0DR",
        "ts": "1664208047.316139",
        "blocks": [
            {
                "type": "rich_text",
                "block_id": "pJiB",
                "elements": [
                    {
                        "type": "rich_text_section",
                        "elements": [
                            {
                                "type": "text",
                                "text": "Yeah let's all meet! How about next week, Wednesday?"
                            }
                        ]
                    }
                ]
            }
        ],
        "team": "TJPN85XRA",
        "user_team": "TJPN85XRA",
        "source_team": "TJPN85XRA",
        "user_profile": {
            "avatar_hash": "f350669b1e49",
            "image_72": "https:\/\/avatars.slack-edge.com\/2021-07-29\/2324539512645_f350669b1e496193ea11_72.jpg",
            "first_name": "",
            "real_name": "Paul Buser",
            "display_name": "Paul Buser",
            "team": "TJPN85XRA",
            "name": "buser.paul",
            "is_restricted": false,
            "is_ultra_restricted": false
        },
        "thread_ts": "1664201123.708889",
        "parent_user_id": "U03JWS43U3H"
    },
    {
        "client_msg_id": "068350a2-9f92-4900-9244-8c24b30727c6",
        "type": "message",
        "text": "I can do wednesday afternoon next week",
        "user": "U010TD4329M",
        "ts": "1664208399.403969",
        "blocks": [
            {
                "type": "rich_text",
                "block_id": "XuiON",
                "elements": [
                    {
                        "type": "rich_text_section",
                        "elements": [
                            {
                                "type": "text",
                                "text": "I can do wednesday afternoon next week"
                            }
                        ]
                    }
                ]
            }
        ],
        "team": "TJPN85XRA",
        "user_team": "TJPN85XRA",
        "source_team": "TJPN85XRA",
        "user_profile": {
            "avatar_hash": "g76664e246bb",
            "image_72": "https:\/\/secure.gravatar.com\/avatar\/76664e246bb99704f2fe508d673b1124.jpg?s=72&d=https%3A%2F%2Fa.slack-edge.com%2Fdf10d%2Fimg%2Favatars%2Fava_0026-72.png",
            "first_name": "",
            "real_name": "Joe Malloch",
            "display_name": "Joe Malloch",
            "team": "TJPN85XRA",
            "name": "jmalloch",
            "is_restricted": false,
            "is_ultra_restricted": false
        },
        "thread_ts": "1664201123.708889",
        "parent_user_id": "U03JWS43U3H",
        "reactions": [
            {
                "name": "+1::skin-tone-6",
                "users": [
                    "U03JWS43U3H"
                ],
                "count": 1
            }
        ]
    },
    {
        "client_msg_id": "faaa9adf-446b-4725-a316-e28ecc57b511",
        "type": "message",
        "text": "Wednesday afternoon works for me as well",
        "user": "U03JWS43U3H",
        "ts": "1664208799.437209",
        "blocks": [
            {
                "type": "rich_text",
                "block_id": "3yB",
                "elements": [
                    {
                        "type": "rich_text_section",
                        "elements": [
                            {
                                "type": "text",
                                "text": "Wednesday afternoon works for me as well"
                            }
                        ]
                    }
                ]
            }
        ],
        "team": "TJPN85XRA",
        "user_team": "TJPN85XRA",
        "source_team": "TJPN85XRA",
        "user_profile": {
            "avatar_hash": "g9dd84ade99b",
            "image_72": "https:\/\/secure.gravatar.com\/avatar\/9dd84ade99bb030e9269d9f654d3b81f.jpg?s=72&d=https%3A%2F%2Fa.slack-edge.com%2Fdf10d%2Fimg%2Favatars%2Fava_0006-72.png",
            "first_name": "Albert-Ngabo",
            "real_name": "Albert-Ngabo Niyonsenga",
            "display_name": "Albert-Ngabo Niyonsenga",
            "team": "TJPN85XRA",
            "name": "albert-ngabo.niyonsen",
            "is_restricted": false,
            "is_ultra_restricted": false
        },
        "thread_ts": "1664201123.708889",
        "parent_user_id": "U03JWS43U3H"
    },
    {
        "client_msg_id": "7ff46421-89f4-4bc3-ba1e-42f3e91ece1d",
        "type": "message",
        "text": "Let's plan for 2pm on 10\/5, IDMIL Zoom room",
        "user": "U029MNKJ0DR",
        "ts": "1664218936.972079",
        "blocks": [
            {
                "type": "rich_text",
                "block_id": "4Fe",
                "elements": [
                    {
                        "type": "rich_text_section",
                        "elements": [
                            {
                                "type": "text",
                                "text": "Let's plan for 2pm on 10\/5, IDMIL Zoom room"
                            }
                        ]
                    }
                ]
            }
        ],
        "team": "TJPN85XRA",
        "user_team": "TJPN85XRA",
        "source_team": "TJPN85XRA",
        "user_profile": {
            "avatar_hash": "f350669b1e49",
            "image_72": "https:\/\/avatars.slack-edge.com\/2021-07-29\/2324539512645_f350669b1e496193ea11_72.jpg",
            "first_name": "",
            "real_name": "Paul Buser",
            "display_name": "Paul Buser",
            "team": "TJPN85XRA",
            "name": "buser.paul",
            "is_restricted": false,
            "is_ultra_restricted": false
        },
        "thread_ts": "1664201123.708889",
        "parent_user_id": "U03JWS43U3H",
        "reactions": [
            {
                "name": "+1::skin-tone-6",
                "users": [
                    "U03JWS43U3H",
                    "UKGLCA1GS"
                ],
                "count": 2
            }
        ]
    }
]