[
    {
        "client_msg_id": "B17A6BE6-D9A9-412B-A9B3-5E36DD4DC841",
        "type": "message",
        "text": "RE: ongoing T-Stick design specifications discussion\n<https:\/\/youtu.be\/IPxs7T6iY10|https:\/\/youtu.be\/IPxs7T6iY10>",
        "user": "UJR4DDS12",
        "ts": "1669490628.061929",
        "blocks": [
            {
                "type": "rich_text",
                "block_id": "fAs",
                "elements": [
                    {
                        "type": "rich_text_section",
                        "elements": [
                            {
                                "type": "text",
                                "text": "RE: ongoing T-Stick design specifications discussion"
                            },
                            {
                                "type": "text",
                                "text": "\n"
                            },
                            {
                                "type": "link",
                                "url": "https:\/\/youtu.be\/IPxs7T6iY10",
                                "text": "https:\/\/youtu.be\/IPxs7T6iY10"
                            }
                        ]
                    }
                ]
            }
        ],
        "team": "TJPN85XRA",
        "user_team": "TJPN85XRA",
        "source_team": "TJPN85XRA",
        "user_profile": {
            "avatar_hash": "a59dc6f2aaf0",
            "image_72": "https:\/\/avatars.slack-edge.com\/2022-06-18\/3673671924631_a59dc6f2aaf006d655d2_72.jpg",
            "first_name": "Travis",
            "real_name": "Travis West",
            "display_name": "Travis",
            "team": "TJPN85XRA",
            "name": "travis.west",
            "is_restricted": false,
            "is_ultra_restricted": false
        },
        "attachments": [
            {
                "from_url": "https:\/\/youtu.be\/IPxs7T6iY10",
                "thumb_url": "https:\/\/i.ytimg.com\/vi\/IPxs7T6iY10\/hqdefault.jpg",
                "thumb_width": 480,
                "thumb_height": 360,
                "video_html": "<iframe width=\"400\" height=\"225\" src=\"https:\/\/www.youtube.com\/embed\/IPxs7T6iY10?feature=oembed&autoplay=1&iv_load_policy=3\" frameborder=\"0\" allow=\"accelerometer; autoplay; clipboard-write; encrypted-media; gyroscope; picture-in-picture\" allowfullscreen title=\"The Foolproof Marble Gate - Does it Exist?\"><\/iframe>",
                "video_html_width": 400,
                "video_html_height": 225,
                "service_icon": "https:\/\/a.slack-edge.com\/80588\/img\/unfurl_icons\/youtube.png",
                "id": 1,
                "original_url": "https:\/\/youtu.be\/IPxs7T6iY10",
                "fallback": "YouTube Video: The Foolproof Marble Gate - Does it Exist?",
                "title": "The Foolproof Marble Gate - Does it Exist?",
                "title_link": "https:\/\/youtu.be\/IPxs7T6iY10",
                "author_name": "Wintergatan",
                "author_link": "https:\/\/www.youtube.com\/@Wintergatan",
                "service_name": "YouTube",
                "service_url": "https:\/\/www.youtube.com\/"
            }
        ],
        "thread_ts": "1669490628.061929",
        "reply_count": 4,
        "reply_users_count": 2,
        "latest_reply": "1670550043.543479",
        "reply_users": [
            "U03JTLB9FSS",
            "UJR4DDS12"
        ],
        "replies": [
            {
                "user": "U03JTLB9FSS",
                "ts": "1669491572.863409"
            },
            {
                "user": "UJR4DDS12",
                "ts": "1670548606.412909"
            },
            {
                "user": "UJR4DDS12",
                "ts": "1670548631.959229"
            },
            {
                "user": "UJR4DDS12",
                "ts": "1670550043.543479"
            }
        ],
        "is_locked": false,
        "subscribed": false
    },
    {
        "type": "message",
        "text": "cool! here's one of the important concepts in screenshot form from the vid:",
        "files": [
            {
                "id": "F04C5EPE3DM",
                "mode": "hidden_by_limit"
            }
        ],
        "upload": false,
        "user": "U03JTLB9FSS",
        "display_as_bot": false,
        "ts": "1669491572.863409",
        "blocks": [
            {
                "type": "rich_text",
                "block_id": "7oK",
                "elements": [
                    {
                        "type": "rich_text_section",
                        "elements": [
                            {
                                "type": "text",
                                "text": "cool! here's one of the important concepts in screenshot form from the vid:"
                            }
                        ]
                    }
                ]
            }
        ],
        "client_msg_id": "d1e393e9-69ae-4f3f-a8a4-28af9ab88b3d",
        "thread_ts": "1669490628.061929",
        "parent_user_id": "UJR4DDS12"
    }
]