[
    {
        "client_msg_id": "f36a3f40-2182-45de-9376-6e0a41eed603",
        "type": "message",
        "text": "I think I am!",
        "user": "U010FMZRE4A",
        "ts": "1667308835.835199",
        "blocks": [
            {
                "type": "rich_text",
                "block_id": "leS=",
                "elements": [
                    {
                        "type": "rich_text_section",
                        "elements": [
                            {
                                "type": "text",
                                "text": "I think I am!"
                            }
                        ]
                    }
                ]
            }
        ],
        "team": "TJPN85XRA",
        "user_team": "TJPN85XRA",
        "source_team": "TJPN85XRA",
        "user_profile": {
            "avatar_hash": "c0adc2d8c593",
            "image_72": "https:\/\/avatars.slack-edge.com\/2020-03-26\/1027782097284_c0adc2d8c5932b435e7b_72.jpg",
            "first_name": "",
            "real_name": "Takuto Fukuda",
            "display_name": "Takuto Fukuda",
            "team": "TJPN85XRA",
            "name": "takuto.fukuda",
            "is_restricted": false,
            "is_ultra_restricted": false
        },
        "thread_ts": "1667247363.578629",
        "parent_user_id": "UJCU8BAAW"
    },
    {
        "client_msg_id": "10a4b8cc-1cf4-4961-aad0-a619f02f4252",
        "type": "message",
        "text": "I have been beginning to examine the current firmware and have noticed very bizarre unusable ypr data, among other abnormalities...",
        "user": "UJR4DDS12",
        "ts": "1667343043.910869",
        "blocks": [
            {
                "type": "rich_text",
                "block_id": "gqRJ",
                "elements": [
                    {
                        "type": "rich_text_section",
                        "elements": [
                            {
                                "type": "text",
                                "text": "I have been beginning to examine the current firmware and have noticed very bizarre unusable ypr data, among other abnormalities..."
                            }
                        ]
                    }
                ]
            }
        ],
        "team": "TJPN85XRA",
        "user_team": "TJPN85XRA",
        "source_team": "TJPN85XRA",
        "user_profile": {
            "avatar_hash": "a59dc6f2aaf0",
            "image_72": "https:\/\/avatars.slack-edge.com\/2022-06-18\/3673671924631_a59dc6f2aaf006d655d2_72.jpg",
            "first_name": "Travis",
            "real_name": "Travis West",
            "display_name": "Travis",
            "team": "TJPN85XRA",
            "name": "travis.west",
            "is_restricted": false,
            "is_ultra_restricted": false
        },
        "thread_ts": "1667247363.578629",
        "parent_user_id": "UJCU8BAAW"
    },
    {
        "client_msg_id": "2616373f-cca7-44f2-b9d2-f7907c0e7657",
        "type": "message",
        "text": "Anyone else getting core dump crashes on main branch T-Stick firmware related to setting up the liblo server?",
        "user": "UJR4DDS12",
        "ts": "1667343083.146569",
        "blocks": [
            {
                "type": "rich_text",
                "block_id": "XKL1",
                "elements": [
                    {
                        "type": "rich_text_section",
                        "elements": [
                            {
                                "type": "text",
                                "text": "Anyone else getting core dump crashes on main branch T-Stick firmware related to setting up the liblo server?"
                            }
                        ]
                    }
                ]
            }
        ],
        "team": "TJPN85XRA",
        "user_team": "TJPN85XRA",
        "source_team": "TJPN85XRA",
        "user_profile": {
            "avatar_hash": "a59dc6f2aaf0",
            "image_72": "https:\/\/avatars.slack-edge.com\/2022-06-18\/3673671924631_a59dc6f2aaf006d655d2_72.jpg",
            "first_name": "Travis",
            "real_name": "Travis West",
            "display_name": "Travis",
            "team": "TJPN85XRA",
            "name": "travis.west",
            "is_restricted": false,
            "is_ultra_restricted": false
        },
        "thread_ts": "1667343083.146569",
        "reply_count": 14,
        "reply_users_count": 3,
        "latest_reply": "1667400307.745189",
        "reply_users": [
            "U03JTLB9FSS",
            "UJR4DDS12",
            "UJCU8BAAW"
        ],
        "replies": [
            {
                "user": "U03JTLB9FSS",
                "ts": "1667343764.488859"
            },
            {
                "user": "UJR4DDS12",
                "ts": "1667397628.102629"
            },
            {
                "user": "UJR4DDS12",
                "ts": "1667397862.697529"
            },
            {
                "user": "U03JTLB9FSS",
                "ts": "1667398765.350169"
            },
            {
                "user": "UJR4DDS12",
                "ts": "1667398810.816129"
            },
            {
                "user": "UJR4DDS12",
                "ts": "1667398827.179969"
            },
            {
                "user": "UJR4DDS12",
                "ts": "1667398883.083189"
            },
            {
                "user": "UJR4DDS12",
                "ts": "1667398979.957059"
            },
            {
                "user": "UJR4DDS12",
                "ts": "1667399674.293239"
            },
            {
                "user": "UJCU8BAAW",
                "ts": "1667399957.612119"
            },
            {
                "user": "UJR4DDS12",
                "ts": "1667400054.932359"
            },
            {
                "user": "UJR4DDS12",
                "ts": "1667400081.926869"
            },
            {
                "user": "UJCU8BAAW",
                "ts": "1667400198.582659"
            },
            {
                "user": "UJCU8BAAW",
                "ts": "1667400307.745189"
            }
        ],
        "is_locked": false,
        "subscribed": false
    },
    {
        "client_msg_id": "58a6a513-0e64-4f9d-9c55-b1cf80cdb3b1",
        "type": "message",
        "text": "I flashed a few times today with the idmil\/T-stick master branch and had no issues, can you run the dump through the esp32 exception decoder?",
        "user": "U03JTLB9FSS",
        "ts": "1667343764.488859",
        "blocks": [
            {
                "type": "rich_text",
                "block_id": "6uL",
                "elements": [
                    {
                        "type": "rich_text_section",
                        "elements": [
                            {
                                "type": "text",
                                "text": "I flashed a few times today with the idmil\/T-stick master branch and had no issues, can you run the dump through the esp32 exception decoder?"
                            }
                        ]
                    }
                ]
            }
        ],
        "team": "TJPN85XRA",
        "user_team": "TJPN85XRA",
        "source_team": "TJPN85XRA",
        "user_profile": {
            "avatar_hash": "459fb8de8703",
            "image_72": "https:\/\/avatars.slack-edge.com\/2022-07-28\/3867310060339_459fb8de8703bb2678e5_72.jpg",
            "first_name": "Brady",
            "real_name": "Brady Boettcher",
            "display_name": "",
            "team": "TJPN85XRA",
            "name": "brady.boettcher",
            "is_restricted": false,
            "is_ultra_restricted": false
        },
        "thread_ts": "1667343083.146569",
        "parent_user_id": "UJR4DDS12"
    },
    {
        "client_msg_id": "9ed5cbba-864c-4b58-b96c-bf1a913990dc",
        "type": "message",
        "text": "I see that there's the <https:\/\/docs.platformio.org\/en\/stable\/core\/index.html|platformio core CLI> that can run headless on raspberry pi's... maybe <@U029MNKJ0DR>’s serial config GUI could be extended to also build and flash T-Sticks with the correct #define's?",
        "user": "U03JTLB9FSS",
        "ts": "1667355751.492769",
        "blocks": [
            {
                "type": "rich_text",
                "block_id": "Y0inc",
                "elements": [
                    {
                        "type": "rich_text_section",
                        "elements": [
                            {
                                "type": "text",
                                "text": "I see that there's the "
                            },
                            {
                                "type": "link",
                                "url": "https:\/\/docs.platformio.org\/en\/stable\/core\/index.html",
                                "text": "platformio core CLI"
                            },
                            {
                                "type": "text",
                                "text": " that can run headless on raspberry pi's... maybe "
                            },
                            {
                                "type": "user",
                                "user_id": "U029MNKJ0DR"
                            },
                            {
                                "type": "text",
                                "text": "’s serial config GUI could be extended to also build and flash T-Sticks with the correct #define's?"
                            }
                        ]
                    }
                ]
            }
        ],
        "team": "TJPN85XRA",
        "user_team": "TJPN85XRA",
        "source_team": "TJPN85XRA",
        "user_profile": {
            "avatar_hash": "459fb8de8703",
            "image_72": "https:\/\/avatars.slack-edge.com\/2022-07-28\/3867310060339_459fb8de8703bb2678e5_72.jpg",
            "first_name": "Brady",
            "real_name": "Brady Boettcher",
            "display_name": "",
            "team": "TJPN85XRA",
            "name": "brady.boettcher",
            "is_restricted": false,
            "is_ultra_restricted": false
        },
        "edited": {
            "user": "U03JTLB9FSS",
            "ts": "1667355772.000000"
        },
        "thread_ts": "1667355751.492769",
        "reply_count": 1,
        "reply_users_count": 1,
        "latest_reply": "1667392979.602389",
        "reply_users": [
            "UJR4DDS12"
        ],
        "replies": [
            {
                "user": "UJR4DDS12",
                "ts": "1667392979.602389"
            }
        ],
        "is_locked": false,
        "subscribed": false
    }
]