[
    {
        "client_msg_id": "6230a71a-e976-40b3-ab0f-84ffdf8f1e4d",
        "type": "message",
        "text": "Hello IDMILers, I'd like to have a T-Stick to test the new firmware and present at the CIRMMT's workshop Monday. Do we have any T-Stick available at the lab?",
        "user": "UJCU8BAAW",
        "ts": "1662575609.982849",
        "blocks": [
            {
                "type": "rich_text",
                "block_id": "pBMo",
                "elements": [
                    {
                        "type": "rich_text_section",
                        "elements": [
                            {
                                "type": "text",
                                "text": "Hello IDMILers, I'd like to have a T-Stick to test the new firmware and present at the CIRMMT's workshop Monday. Do we have any T-Stick available at the lab?"
                            }
                        ]
                    }
                ]
            }
        ],
        "team": "TJPN85XRA",
        "user_team": "TJPN85XRA",
        "source_team": "TJPN85XRA",
        "user_profile": {
            "avatar_hash": "d49c462f5537",
            "image_72": "https:\/\/avatars.slack-edge.com\/2021-06-14\/2154581376263_d49c462f5537edde8dbb_72.jpg",
            "first_name": "Edu",
            "real_name": "Edu Meneses",
            "display_name": "Edu Meneses",
            "team": "TJPN85XRA",
            "name": "eduardo.meneses",
            "is_restricted": false,
            "is_ultra_restricted": false
        }
    }
]