[
    {
        "client_msg_id": "d6681947-c65f-4430-bf9f-22279aeab035",
        "type": "message",
        "text": "<@UJCU8BAAW> I tried flashing the firmware from your Puara branch and the t-Stick is now bootlooping with this error:\n```nevermind, i messed up```",
        "user": "U029MNKJ0DR",
        "ts": "1663169212.153029",
        "blocks": [
            {
                "type": "rich_text",
                "block_id": "UY6T",
                "elements": [
                    {
                        "type": "rich_text_section",
                        "elements": [
                            {
                                "type": "user",
                                "user_id": "UJCU8BAAW"
                            },
                            {
                                "type": "text",
                                "text": " I tried flashing the firmware from your Puara branch and the t-Stick is now bootlooping with this error:\n"
                            }
                        ]
                    },
                    {
                        "type": "rich_text_preformatted",
                        "elements": [
                            {
                                "type": "text",
                                "text": "nevermind, i messed up"
                            }
                        ],
                        "border": 0
                    }
                ]
            }
        ],
        "team": "TJPN85XRA",
        "user_team": "TJPN85XRA",
        "source_team": "TJPN85XRA",
        "user_profile": {
            "avatar_hash": "f350669b1e49",
            "image_72": "https:\/\/avatars.slack-edge.com\/2021-07-29\/2324539512645_f350669b1e496193ea11_72.jpg",
            "first_name": "",
            "real_name": "Paul Buser",
            "display_name": "Paul Buser",
            "team": "TJPN85XRA",
            "name": "buser.paul",
            "is_restricted": false,
            "is_ultra_restricted": false
        },
        "edited": {
            "user": "U029MNKJ0DR",
            "ts": "1663169859.000000"
        }
    },
    {
        "client_msg_id": "71168c8a-9a2a-4156-9c60-e83402bc1a2a",
        "type": "message",
        "text": "This is not the right firmware. Witch branch are you using?",
        "user": "UJCU8BAAW",
        "ts": "1663169281.724599",
        "blocks": [
            {
                "type": "rich_text",
                "block_id": "N1fMS",
                "elements": [
                    {
                        "type": "rich_text_section",
                        "elements": [
                            {
                                "type": "text",
                                "text": "This is not the right firmware. Witch branch are you using?"
                            }
                        ]
                    }
                ]
            }
        ],
        "team": "TJPN85XRA",
        "user_team": "TJPN85XRA",
        "source_team": "TJPN85XRA",
        "user_profile": {
            "avatar_hash": "d49c462f5537",
            "image_72": "https:\/\/avatars.slack-edge.com\/2021-06-14\/2154581376263_d49c462f5537edde8dbb_72.jpg",
            "first_name": "Edu",
            "real_name": "Edu Meneses",
            "display_name": "Edu Meneses",
            "team": "TJPN85XRA",
            "name": "eduardo.meneses",
            "is_restricted": false,
            "is_ultra_restricted": false
        }
    },
    {
        "client_msg_id": "5daf61ef-94b9-4f0b-a639-98acc4dd56c3",
        "type": "message",
        "text": "Oops--forgot to switch to `develop` :flushed:",
        "user": "U029MNKJ0DR",
        "ts": "1663169309.447309",
        "blocks": [
            {
                "type": "rich_text",
                "block_id": "Xzbt",
                "elements": [
                    {
                        "type": "rich_text_section",
                        "elements": [
                            {
                                "type": "text",
                                "text": "Oops--forgot to switch to "
                            },
                            {
                                "type": "text",
                                "text": "develop",
                                "style": {
                                    "code": true
                                }
                            },
                            {
                                "type": "text",
                                "text": " "
                            },
                            {
                                "type": "emoji",
                                "name": "flushed",
                                "unicode": "1f633"
                            }
                        ]
                    }
                ]
            }
        ],
        "team": "TJPN85XRA",
        "user_team": "TJPN85XRA",
        "source_team": "TJPN85XRA",
        "user_profile": {
            "avatar_hash": "f350669b1e49",
            "image_72": "https:\/\/avatars.slack-edge.com\/2021-07-29\/2324539512645_f350669b1e496193ea11_72.jpg",
            "first_name": "",
            "real_name": "Paul Buser",
            "display_name": "Paul Buser",
            "team": "TJPN85XRA",
            "name": "buser.paul",
            "is_restricted": false,
            "is_ultra_restricted": false
        },
        "reactions": [
            {
                "name": "+1::skin-tone-5",
                "users": [
                    "UJCU8BAAW"
                ],
                "count": 1
            }
        ]
    },
    {
        "client_msg_id": "4a20c310-a94b-4f5d-a54d-b51d8dff726c",
        "type": "message",
        "text": "You're using the Puara repo, right? I didn't push upstream yet",
        "user": "UJCU8BAAW",
        "ts": "1663169447.744929",
        "blocks": [
            {
                "type": "rich_text",
                "block_id": "Z05Mg",
                "elements": [
                    {
                        "type": "rich_text_section",
                        "elements": [
                            {
                                "type": "text",
                                "text": "You're using the Puara repo, right? I didn't push upstream yet"
                            }
                        ]
                    }
                ]
            }
        ],
        "team": "TJPN85XRA",
        "user_team": "TJPN85XRA",
        "source_team": "TJPN85XRA",
        "user_profile": {
            "avatar_hash": "d49c462f5537",
            "image_72": "https:\/\/avatars.slack-edge.com\/2021-06-14\/2154581376263_d49c462f5537edde8dbb_72.jpg",
            "first_name": "Edu",
            "real_name": "Edu Meneses",
            "display_name": "Edu Meneses",
            "team": "TJPN85XRA",
            "name": "eduardo.meneses",
            "is_restricted": false,
            "is_ultra_restricted": false
        },
        "edited": {
            "user": "UJCU8BAAW",
            "ts": "1663169460.000000"
        }
    },
    {
        "client_msg_id": "e5bd3909-2445-4669-b253-38361e9d3198",
        "type": "message",
        "text": "Yep, from <https:\/\/github.com\/Puara\/T-Stick\/tree\/develop>",
        "user": "U029MNKJ0DR",
        "ts": "1663169475.721919",
        "blocks": [
            {
                "type": "rich_text",
                "block_id": "oQmC2",
                "elements": [
                    {
                        "type": "rich_text_section",
                        "elements": [
                            {
                                "type": "text",
                                "text": "Yep, from "
                            },
                            {
                                "type": "link",
                                "url": "https:\/\/github.com\/Puara\/T-Stick\/tree\/develop"
                            }
                        ]
                    }
                ]
            }
        ],
        "team": "TJPN85XRA",
        "user_team": "TJPN85XRA",
        "source_team": "TJPN85XRA",
        "user_profile": {
            "avatar_hash": "f350669b1e49",
            "image_72": "https:\/\/avatars.slack-edge.com\/2021-07-29\/2324539512645_f350669b1e496193ea11_72.jpg",
            "first_name": "",
            "real_name": "Paul Buser",
            "display_name": "Paul Buser",
            "team": "TJPN85XRA",
            "name": "buser.paul",
            "is_restricted": false,
            "is_ultra_restricted": false
        },
        "attachments": [
            {
                "from_url": "https:\/\/github.com\/Puara\/T-Stick\/tree\/develop",
                "image_url": "https:\/\/opengraph.githubassets.com\/aa8b1f696e738bc5c1196812fca93ef2b7bfd182f1212766ca5a253064d138e1\/Puara\/T-Stick",
                "image_width": 500,
                "image_height": 250,
                "image_bytes": 36271,
                "service_icon": "https:\/\/a.slack-edge.com\/80588\/img\/unfurl_icons\/github.png",
                "id": 1,
                "original_url": "https:\/\/github.com\/Puara\/T-Stick\/tree\/develop",
                "fallback": "GitHub: GitHub - Puara\/T-Stick at develop",
                "text": "T-Stick Digital Musical Instrument (DMI). Contribute to Puara\/T-Stick development by creating an account on GitHub.",
                "title": "GitHub - Puara\/T-Stick at develop",
                "title_link": "https:\/\/github.com\/Puara\/T-Stick\/tree\/develop",
                "service_name": "GitHub"
            }
        ]
    },
    {
        "client_msg_id": "6629f4cb-07e0-4b98-bf66-bfb549e64480",
        "type": "message",
        "text": "kk, we've got a different bootloop now:\n```turns out i needed to upload the filesystem image```",
        "user": "U029MNKJ0DR",
        "ts": "1663169587.013819",
        "blocks": [
            {
                "type": "rich_text",
                "block_id": "vF9RX",
                "elements": [
                    {
                        "type": "rich_text_section",
                        "elements": [
                            {
                                "type": "text",
                                "text": "kk, we've got a different bootloop now:\n"
                            }
                        ]
                    },
                    {
                        "type": "rich_text_preformatted",
                        "elements": [
                            {
                                "type": "text",
                                "text": "turns out i needed to upload the filesystem image"
                            }
                        ],
                        "border": 0
                    }
                ]
            }
        ],
        "team": "TJPN85XRA",
        "user_team": "TJPN85XRA",
        "source_team": "TJPN85XRA",
        "user_profile": {
            "avatar_hash": "f350669b1e49",
            "image_72": "https:\/\/avatars.slack-edge.com\/2021-07-29\/2324539512645_f350669b1e496193ea11_72.jpg",
            "first_name": "",
            "real_name": "Paul Buser",
            "display_name": "Paul Buser",
            "team": "TJPN85XRA",
            "name": "buser.paul",
            "is_restricted": false,
            "is_ultra_restricted": false
        },
        "edited": {
            "user": "U029MNKJ0DR",
            "ts": "1663169881.000000"
        }
    },
    {
        "client_msg_id": "3e1118cf-aeb4-4bf2-95e1-9cf99b876a35",
        "type": "message",
        "text": "Ah, I think I need to upload a filesystem image",
        "user": "U029MNKJ0DR",
        "ts": "1663169684.425079",
        "blocks": [
            {
                "type": "rich_text",
                "block_id": "EC+4W",
                "elements": [
                    {
                        "type": "rich_text_section",
                        "elements": [
                            {
                                "type": "text",
                                "text": "Ah, I think I need to upload a filesystem image"
                            }
                        ]
                    }
                ]
            }
        ],
        "team": "TJPN85XRA",
        "user_team": "TJPN85XRA",
        "source_team": "TJPN85XRA",
        "user_profile": {
            "avatar_hash": "f350669b1e49",
            "image_72": "https:\/\/avatars.slack-edge.com\/2021-07-29\/2324539512645_f350669b1e496193ea11_72.jpg",
            "first_name": "",
            "real_name": "Paul Buser",
            "display_name": "Paul Buser",
            "team": "TJPN85XRA",
            "name": "buser.paul",
            "is_restricted": false,
            "is_ultra_restricted": false
        },
        "reactions": [
            {
                "name": "+1::skin-tone-5",
                "users": [
                    "UJCU8BAAW"
                ],
                "count": 1
            }
        ]
    },
    {
        "client_msg_id": "70a75272-90e1-4a25-9afc-375772f30054",
        "type": "message",
        "text": "OK, it works!!!!!",
        "user": "U029MNKJ0DR",
        "ts": "1663169743.658639",
        "blocks": [
            {
                "type": "rich_text",
                "block_id": "k4HDq",
                "elements": [
                    {
                        "type": "rich_text_section",
                        "elements": [
                            {
                                "type": "text",
                                "text": "OK, it works!!!!!"
                            }
                        ]
                    }
                ]
            }
        ],
        "team": "TJPN85XRA",
        "user_team": "TJPN85XRA",
        "source_team": "TJPN85XRA",
        "user_profile": {
            "avatar_hash": "f350669b1e49",
            "image_72": "https:\/\/avatars.slack-edge.com\/2021-07-29\/2324539512645_f350669b1e496193ea11_72.jpg",
            "first_name": "",
            "real_name": "Paul Buser",
            "display_name": "Paul Buser",
            "team": "TJPN85XRA",
            "name": "buser.paul",
            "is_restricted": false,
            "is_ultra_restricted": false
        }
    },
    {
        "client_msg_id": "5ce03408-f93f-421b-9540-23075424af12",
        "type": "message",
        "text": ":headset_parrot:",
        "user": "U029MNKJ0DR",
        "ts": "1663169749.071149",
        "blocks": [
            {
                "type": "rich_text",
                "block_id": "Of62",
                "elements": [
                    {
                        "type": "rich_text_section",
                        "elements": [
                            {
                                "type": "emoji",
                                "name": "headset_parrot"
                            }
                        ]
                    }
                ]
            }
        ],
        "team": "TJPN85XRA",
        "user_team": "TJPN85XRA",
        "source_team": "TJPN85XRA",
        "user_profile": {
            "avatar_hash": "f350669b1e49",
            "image_72": "https:\/\/avatars.slack-edge.com\/2021-07-29\/2324539512645_f350669b1e496193ea11_72.jpg",
            "first_name": "",
            "real_name": "Paul Buser",
            "display_name": "Paul Buser",
            "team": "TJPN85XRA",
            "name": "buser.paul",
            "is_restricted": false,
            "is_ultra_restricted": false
        },
        "reactions": [
            {
                "name": "headset_parrot",
                "users": [
                    "UJCU8BAAW"
                ],
                "count": 1
            }
        ]
    },
    {
        "client_msg_id": "3c2f0ee6-c7f0-4d8b-b17a-a55463be9390",
        "type": "message",
        "text": "was about to point that. You might want to edit the *\/data\/config.json* file manually to set the T-Stick ID properly (otherwise it will be T-Stick_001). You can also set SSID\/passord there to connect to the network (you can change later with the wifimanager)",
        "user": "UJCU8BAAW",
        "ts": "1663169868.738729",
        "blocks": [
            {
                "type": "rich_text",
                "block_id": "r7l\/",
                "elements": [
                    {
                        "type": "rich_text_section",
                        "elements": [
                            {
                                "type": "text",
                                "text": "was about to point that. You might want to edit the "
                            },
                            {
                                "type": "text",
                                "text": "\/data\/config.json ",
                                "style": {
                                    "bold": true
                                }
                            },
                            {
                                "type": "text",
                                "text": "file manually to set the T-Stick ID properly (otherwise it will be T-Stick_001). You can also set SSID\/passord there to connect to the network (you can change later with the wifimanager)"
                            }
                        ]
                    }
                ]
            }
        ],
        "team": "TJPN85XRA",
        "user_team": "TJPN85XRA",
        "source_team": "TJPN85XRA",
        "user_profile": {
            "avatar_hash": "d49c462f5537",
            "image_72": "https:\/\/avatars.slack-edge.com\/2021-06-14\/2154581376263_d49c462f5537edde8dbb_72.jpg",
            "first_name": "Edu",
            "real_name": "Edu Meneses",
            "display_name": "Edu Meneses",
            "team": "TJPN85XRA",
            "name": "eduardo.meneses",
            "is_restricted": false,
            "is_ultra_restricted": false
        }
    },
    {
        "client_msg_id": "4f717efe-6408-40a9-8317-b244369aead9",
        "type": "message",
        "text": "Can we go ahead and merge Puara\/T-Stick with IDMIL\/T-Stick?",
        "user": "U029MNKJ0DR",
        "ts": "1663170701.874309",
        "blocks": [
            {
                "type": "rich_text",
                "block_id": "vXj",
                "elements": [
                    {
                        "type": "rich_text_section",
                        "elements": [
                            {
                                "type": "text",
                                "text": "Can we go ahead and merge Puara\/T-Stick with IDMIL\/T-Stick?"
                            }
                        ]
                    }
                ]
            }
        ],
        "team": "TJPN85XRA",
        "user_team": "TJPN85XRA",
        "source_team": "TJPN85XRA",
        "user_profile": {
            "avatar_hash": "f350669b1e49",
            "image_72": "https:\/\/avatars.slack-edge.com\/2021-07-29\/2324539512645_f350669b1e496193ea11_72.jpg",
            "first_name": "",
            "real_name": "Paul Buser",
            "display_name": "Paul Buser",
            "team": "TJPN85XRA",
            "name": "buser.paul",
            "is_restricted": false,
            "is_ultra_restricted": false
        }
    },
    {
        "client_msg_id": "0cc03f44-0db3-4cb8-9f8c-b9b344bb0a06",
        "type": "message",
        "text": "If not, what's blocking us?",
        "user": "U029MNKJ0DR",
        "ts": "1663170710.661619",
        "blocks": [
            {
                "type": "rich_text",
                "block_id": "hi0De",
                "elements": [
                    {
                        "type": "rich_text_section",
                        "elements": [
                            {
                                "type": "text",
                                "text": "If not, what's blocking us?"
                            }
                        ]
                    }
                ]
            }
        ],
        "team": "TJPN85XRA",
        "user_team": "TJPN85XRA",
        "source_team": "TJPN85XRA",
        "user_profile": {
            "avatar_hash": "f350669b1e49",
            "image_72": "https:\/\/avatars.slack-edge.com\/2021-07-29\/2324539512645_f350669b1e496193ea11_72.jpg",
            "first_name": "",
            "real_name": "Paul Buser",
            "display_name": "Paul Buser",
            "team": "TJPN85XRA",
            "name": "buser.paul",
            "is_restricted": false,
            "is_ultra_restricted": false
        }
    },
    {
        "client_msg_id": "4eca8094-268b-43fa-a989-23573c781255",
        "type": "message",
        "text": "I have some TODO:\n• double-check the signals to ensure all sensor data is exposed ( I know I missed some)\n• change the range for the Yaw\/pitch\/roll (YPR) : problably will from -180 to 180 degrees \n• adjust the namespaces to make it compatible with older patches\n• test the orientation firmware and, if needed, implement <@U010TD4329M>’s sensor fusion function\nYou can help me by testing the YPR data and see if there are any problems (most likely drift)",
        "user": "UJCU8BAAW",
        "ts": "1663171107.360849",
        "blocks": [
            {
                "type": "rich_text",
                "block_id": "MNp",
                "elements": [
                    {
                        "type": "rich_text_section",
                        "elements": [
                            {
                                "type": "text",
                                "text": "I have some TODO:\n"
                            }
                        ]
                    },
                    {
                        "type": "rich_text_list",
                        "elements": [
                            {
                                "type": "rich_text_section",
                                "elements": [
                                    {
                                        "type": "text",
                                        "text": "double-check the signals to ensure all sensor data is exposed ( I know I missed some)"
                                    }
                                ]
                            },
                            {
                                "type": "rich_text_section",
                                "elements": [
                                    {
                                        "type": "text",
                                        "text": "change the range for the Yaw\/pitch\/roll (YPR) : problably will from -180 to 180 degrees "
                                    }
                                ]
                            },
                            {
                                "type": "rich_text_section",
                                "elements": [
                                    {
                                        "type": "text",
                                        "text": "adjust the namespaces to make it compatible with older patches"
                                    }
                                ]
                            },
                            {
                                "type": "rich_text_section",
                                "elements": [
                                    {
                                        "type": "text",
                                        "text": "test the orientation firmware and, if needed, implement "
                                    },
                                    {
                                        "type": "user",
                                        "user_id": "U010TD4329M"
                                    },
                                    {
                                        "type": "text",
                                        "text": "’s sensor fusion function"
                                    }
                                ]
                            }
                        ],
                        "style": "bullet",
                        "indent": 0,
                        "border": 0
                    },
                    {
                        "type": "rich_text_section",
                        "elements": [
                            {
                                "type": "text",
                                "text": "\nYou can help me by testing the YPR data and see if there are any problems (most likely drift)"
                            }
                        ]
                    }
                ]
            }
        ],
        "team": "TJPN85XRA",
        "user_team": "TJPN85XRA",
        "source_team": "TJPN85XRA",
        "user_profile": {
            "avatar_hash": "d49c462f5537",
            "image_72": "https:\/\/avatars.slack-edge.com\/2021-06-14\/2154581376263_d49c462f5537edde8dbb_72.jpg",
            "first_name": "Edu",
            "real_name": "Edu Meneses",
            "display_name": "Edu Meneses",
            "team": "TJPN85XRA",
            "name": "eduardo.meneses",
            "is_restricted": false,
            "is_ultra_restricted": false
        }
    }
]