[
    {
        "client_msg_id": "f2036f4b-0539-48c5-98ec-9a01d1706423",
        "type": "message",
        "text": "I made a padlet to hopefully facilitate discussion and notetaking <https:\/\/padlet.com\/traviswest1\/rmlw3072mp85eh0y>",
        "user": "UJR4DDS12",
        "ts": "1664989753.299019",
        "blocks": [
            {
                "type": "rich_text",
                "block_id": "rDnT9",
                "elements": [
                    {
                        "type": "rich_text_section",
                        "elements": [
                            {
                                "type": "text",
                                "text": "I made a padlet to hopefully facilitate discussion and notetaking "
                            },
                            {
                                "type": "link",
                                "url": "https:\/\/padlet.com\/traviswest1\/rmlw3072mp85eh0y"
                            }
                        ]
                    }
                ]
            }
        ],
        "team": "TJPN85XRA",
        "user_team": "TJPN85XRA",
        "source_team": "TJPN85XRA",
        "user_profile": {
            "avatar_hash": "a59dc6f2aaf0",
            "image_72": "https:\/\/avatars.slack-edge.com\/2022-06-18\/3673671924631_a59dc6f2aaf006d655d2_72.jpg",
            "first_name": "Travis",
            "real_name": "Travis West",
            "display_name": "Travis",
            "team": "TJPN85XRA",
            "name": "travis.west",
            "is_restricted": false,
            "is_ultra_restricted": false
        },
        "attachments": [
            {
                "from_url": "https:\/\/padlet.com\/traviswest1\/rmlw3072mp85eh0y",
                "image_url": "https:\/\/padlet.pics\/1\/image?t=ar_2,c_lfill,dpr_1,f_jpg,g_auto,h_600,w_1200&url=https%3A%2F%2Fassets.padletcdn.com%2Fstatic%2Fpadlets%2Frmlw3072mp85eh0y%2Fexports%2Fpeek%2F1664989683%2FQkFoN0J6b1BjSFZpYkdsalgydGxlVWtpRlhKdGJIY3pNRGN5YlhBNE5XVm9NSGtHT2daRlZEb01kbVZ5YzJsdmJra2lEekUyTmpRNU9EazJPRE1HT3daRy0tNjYyNjYzZDU0MDlkZWU4ZTljNjYxNDM4ODU1ZTY4NTU4YjQ1MDNmMg--",
                "image_width": 500,
                "image_height": 250,
                "image_bytes": 4786,
                "service_icon": "https:\/\/padlet.com\/favicon.ico",
                "id": 1,
                "original_url": "https:\/\/padlet.com\/traviswest1\/rmlw3072mp85eh0y",
                "fallback": "Padlet: Future of the T-Stick",
                "text": "Made with Padlet",
                "title": "Future of the T-Stick",
                "title_link": "https:\/\/padlet.com\/traviswest1\/rmlw3072mp85eh0y",
                "service_name": "Padlet"
            }
        ],
        "thread_ts": "1664201123.708889",
        "parent_user_id": "U03JWS43U3H"
    },
    {
        "client_msg_id": "C958FF48-DB61-4F09-ABAB-64D789B2BFD2",
        "type": "message",
        "text": "I’ll be ~10 minutes late…",
        "user": "U010TD4329M",
        "ts": "1664991998.936099",
        "blocks": [
            {
                "type": "rich_text",
                "block_id": "171tW",
                "elements": [
                    {
                        "type": "rich_text_section",
                        "elements": [
                            {
                                "type": "text",
                                "text": "I’ll be ~10 minutes late"
                            },
                            {
                                "type": "text",
                                "text": "…"
                            }
                        ]
                    }
                ]
            }
        ],
        "team": "TJPN85XRA",
        "user_team": "TJPN85XRA",
        "source_team": "TJPN85XRA",
        "user_profile": {
            "avatar_hash": "g76664e246bb",
            "image_72": "https:\/\/secure.gravatar.com\/avatar\/76664e246bb99704f2fe508d673b1124.jpg?s=72&d=https%3A%2F%2Fa.slack-edge.com%2Fdf10d%2Fimg%2Favatars%2Fava_0026-72.png",
            "first_name": "",
            "real_name": "Joe Malloch",
            "display_name": "Joe Malloch",
            "team": "TJPN85XRA",
            "name": "jmalloch",
            "is_restricted": false,
            "is_ultra_restricted": false
        },
        "thread_ts": "1664201123.708889",
        "parent_user_id": "U03JWS43U3H"
    },
    {
        "client_msg_id": "bcdc8fe2-a527-433a-a28e-bb449df8d7ac",
        "type": "message",
        "text": "Meeting to discuss T-Stick design changes is starting now! Join here: <https:\/\/mcgill.zoom.us\/j\/88486815326>",
        "user": "U029MNKJ0DR",
        "ts": "1664992855.164539",
        "blocks": [
            {
                "type": "rich_text",
                "block_id": "pruPf",
                "elements": [
                    {
                        "type": "rich_text_section",
                        "elements": [
                            {
                                "type": "text",
                                "text": "Meeting to discuss T-Stick design changes is starting now! Join here: "
                            },
                            {
                                "type": "link",
                                "url": "https:\/\/mcgill.zoom.us\/j\/88486815326"
                            }
                        ]
                    }
                ]
            }
        ],
        "team": "TJPN85XRA",
        "user_team": "TJPN85XRA",
        "source_team": "TJPN85XRA",
        "user_profile": {
            "avatar_hash": "f350669b1e49",
            "image_72": "https:\/\/avatars.slack-edge.com\/2021-07-29\/2324539512645_f350669b1e496193ea11_72.jpg",
            "first_name": "",
            "real_name": "Paul Buser",
            "display_name": "Paul Buser",
            "team": "TJPN85XRA",
            "name": "buser.paul",
            "is_restricted": false,
            "is_ultra_restricted": false
        },
        "thread_ts": "1664992855.164539",
        "reply_count": 1,
        "reply_users_count": 1,
        "latest_reply": "1664992890.702619",
        "reply_users": [
            "U03JWS43U3H"
        ],
        "replies": [
            {
                "user": "U03JWS43U3H",
                "ts": "1664992890.702619"
            }
        ],
        "is_locked": false,
        "subscribed": false
    },
    {
        "client_msg_id": "e87b0670-57a0-4899-94c1-2b253be79110",
        "type": "message",
        "text": "I'll be 10 minutes late",
        "user": "U03JWS43U3H",
        "ts": "1664992890.702619",
        "blocks": [
            {
                "type": "rich_text",
                "block_id": "2MGWU",
                "elements": [
                    {
                        "type": "rich_text_section",
                        "elements": [
                            {
                                "type": "text",
                                "text": "I'll be 10 minutes late"
                            }
                        ]
                    }
                ]
            }
        ],
        "team": "TJPN85XRA",
        "user_team": "TJPN85XRA",
        "source_team": "TJPN85XRA",
        "user_profile": {
            "avatar_hash": "g9dd84ade99b",
            "image_72": "https:\/\/secure.gravatar.com\/avatar\/9dd84ade99bb030e9269d9f654d3b81f.jpg?s=72&d=https%3A%2F%2Fa.slack-edge.com%2Fdf10d%2Fimg%2Favatars%2Fava_0006-72.png",
            "first_name": "Albert-Ngabo",
            "real_name": "Albert-Ngabo Niyonsenga",
            "display_name": "Albert-Ngabo Niyonsenga",
            "team": "TJPN85XRA",
            "name": "albert-ngabo.niyonsen",
            "is_restricted": false,
            "is_ultra_restricted": false
        },
        "thread_ts": "1664992855.164539",
        "parent_user_id": "U029MNKJ0DR"
    },
    {
        "client_msg_id": "6dad6dc6-39cb-4f49-96e7-7cc767f9570f",
        "type": "message",
        "text": "The meeting is still live!",
        "user": "U029MNKJ0DR",
        "ts": "1664995968.740029",
        "blocks": [
            {
                "type": "rich_text",
                "block_id": "gMi9",
                "elements": [
                    {
                        "type": "rich_text_section",
                        "elements": [
                            {
                                "type": "text",
                                "text": "The meeting is still live!"
                            }
                        ]
                    }
                ]
            }
        ],
        "team": "TJPN85XRA",
        "user_team": "TJPN85XRA",
        "source_team": "TJPN85XRA",
        "user_profile": {
            "avatar_hash": "f350669b1e49",
            "image_72": "https:\/\/avatars.slack-edge.com\/2021-07-29\/2324539512645_f350669b1e496193ea11_72.jpg",
            "first_name": "",
            "real_name": "Paul Buser",
            "display_name": "Paul Buser",
            "team": "TJPN85XRA",
            "name": "buser.paul",
            "is_restricted": false,
            "is_ultra_restricted": false
        },
        "thread_ts": "1664995968.740029",
        "reply_count": 1,
        "reply_users_count": 1,
        "latest_reply": "1664996196.363469",
        "reply_users": [
            "U01APBW5N2J"
        ],
        "replies": [
            {
                "user": "U01APBW5N2J",
                "ts": "1664996196.363469"
            }
        ],
        "is_locked": false,
        "subscribed": false
    },
    {
        "client_msg_id": "55081c63-eec7-468e-9863-2ee055d06c39",
        "type": "message",
        "text": "<https:\/\/mcgill.zoom.us\/j\/88486815326>",
        "user": "U01APBW5N2J",
        "ts": "1664996196.363469",
        "blocks": [
            {
                "type": "rich_text",
                "block_id": "GC9Y",
                "elements": [
                    {
                        "type": "rich_text_section",
                        "elements": [
                            {
                                "type": "link",
                                "url": "https:\/\/mcgill.zoom.us\/j\/88486815326"
                            }
                        ]
                    }
                ]
            }
        ],
        "team": "TJPN85XRA",
        "user_team": "TJPN85XRA",
        "source_team": "TJPN85XRA",
        "user_profile": {
            "avatar_hash": "fe0a901d9daf",
            "image_72": "https:\/\/avatars.slack-edge.com\/2020-09-17\/1355731656631_fe0a901d9daf26440442_72.png",
            "first_name": "",
            "real_name": "Kasey Pocius",
            "display_name": "Kasey Pocius",
            "team": "TJPN85XRA",
            "name": "kaseypocius",
            "is_restricted": false,
            "is_ultra_restricted": false
        },
        "thread_ts": "1664995968.740029",
        "parent_user_id": "U029MNKJ0DR"
    },
    {
        "type": "message",
        "subtype": "channel_join",
        "ts": "1664996343.068999",
        "user": "U03RKAGLHTP",
        "text": "<@U03RKAGLHTP> has joined the channel"
    },
    {
        "client_msg_id": "70b7d0e9-2b14-45f4-bdbd-e0c7854ba6dc",
        "type": "message",
        "text": "Meeting notes: <https:\/\/padlet.com\/traviswest1\/rmlw3072mp85eh0y>",
        "user": "U029MNKJ0DR",
        "ts": "1664997651.785199",
        "blocks": [
            {
                "type": "rich_text",
                "block_id": "W9xWw",
                "elements": [
                    {
                        "type": "rich_text_section",
                        "elements": [
                            {
                                "type": "text",
                                "text": "Meeting notes: "
                            },
                            {
                                "type": "link",
                                "url": "https:\/\/padlet.com\/traviswest1\/rmlw3072mp85eh0y"
                            }
                        ]
                    }
                ]
            }
        ],
        "team": "TJPN85XRA",
        "user_team": "TJPN85XRA",
        "source_team": "TJPN85XRA",
        "user_profile": {
            "avatar_hash": "f350669b1e49",
            "image_72": "https:\/\/avatars.slack-edge.com\/2021-07-29\/2324539512645_f350669b1e496193ea11_72.jpg",
            "first_name": "",
            "real_name": "Paul Buser",
            "display_name": "Paul Buser",
            "team": "TJPN85XRA",
            "name": "buser.paul",
            "is_restricted": false,
            "is_ultra_restricted": false
        },
        "attachments": [
            {
                "from_url": "https:\/\/padlet.com\/traviswest1\/rmlw3072mp85eh0y",
                "image_url": "https:\/\/padlet.pics\/1\/image?t=ar_2,c_lfill,dpr_1,f_jpg,g_auto,h_600,w_1200&url=https%3A%2F%2Fassets.padletcdn.com%2Fstatic%2Fpadlets%2Frmlw3072mp85eh0y%2Fexports%2Fpeek%2F1664997218%2FQkFoN0J6b1BjSFZpYkdsalgydGxlVWtpRlhKdGJIY3pNRGN5YlhBNE5XVm9NSGtHT2daRlZEb01kbVZ5YzJsdmJra2lEekUyTmpRNU9UY3lNVGdHT3daRy0tN2I3YWI0Yzc1YzVlZWJjNzEyNjQ2MTU4NWY3MGIzMTcxNjc0MDZjNA--",
                "image_width": 500,
                "image_height": 250,
                "image_bytes": 40034,
                "service_icon": "https:\/\/padlet.com\/favicon.ico",
                "id": 1,
                "original_url": "https:\/\/padlet.com\/traviswest1\/rmlw3072mp85eh0y",
                "fallback": "Padlet: Future of the T-Stick",
                "text": "Made with Padlet",
                "title": "Future of the T-Stick",
                "title_link": "https:\/\/padlet.com\/traviswest1\/rmlw3072mp85eh0y",
                "service_name": "Padlet"
            }
        ]
    },
    {
        "client_msg_id": "30384b74-6dc8-49e4-8147-587ba28fa746",
        "type": "message",
        "text": "New issues to be created under: <https:\/\/github.com\/IDMIL\/T-Stick>",
        "user": "U029MNKJ0DR",
        "ts": "1664997666.774329",
        "blocks": [
            {
                "type": "rich_text",
                "block_id": "r+3J",
                "elements": [
                    {
                        "type": "rich_text_section",
                        "elements": [
                            {
                                "type": "text",
                                "text": "New issues to be created under: "
                            },
                            {
                                "type": "link",
                                "url": "https:\/\/github.com\/IDMIL\/T-Stick"
                            }
                        ]
                    }
                ]
            }
        ],
        "team": "TJPN85XRA",
        "user_team": "TJPN85XRA",
        "source_team": "TJPN85XRA",
        "user_profile": {
            "avatar_hash": "f350669b1e49",
            "image_72": "https:\/\/avatars.slack-edge.com\/2021-07-29\/2324539512645_f350669b1e496193ea11_72.jpg",
            "first_name": "",
            "real_name": "Paul Buser",
            "display_name": "Paul Buser",
            "team": "TJPN85XRA",
            "name": "buser.paul",
            "is_restricted": false,
            "is_ultra_restricted": false
        },
        "edited": {
            "user": "U029MNKJ0DR",
            "ts": "1664998023.000000"
        },
        "attachments": [
            {
                "from_url": "https:\/\/github.com\/IDMIL\/T-Stick",
                "image_url": "https:\/\/opengraph.githubassets.com\/8bbf7682c4d860a2e892d0e49100e3b6fde967fb54f5b5ac1f05e5c07de2c073\/IDMIL\/T-Stick",
                "image_width": 500,
                "image_height": 250,
                "image_bytes": 57554,
                "service_icon": "https:\/\/a.slack-edge.com\/80588\/img\/unfurl_icons\/github.png",
                "id": 1,
                "original_url": "https:\/\/github.com\/IDMIL\/T-Stick",
                "fallback": "GitHub: GitHub - IDMIL\/T-Stick: T-Stick Digital Musical Instrument (DMI)",
                "text": "T-Stick Digital Musical Instrument (DMI). Contribute to IDMIL\/T-Stick development by creating an account on GitHub.",
                "title": "GitHub - IDMIL\/T-Stick: T-Stick Digital Musical Instrument (DMI)",
                "title_link": "https:\/\/github.com\/IDMIL\/T-Stick",
                "service_name": "GitHub"
            }
        ]
    },
    {
        "client_msg_id": "14f6debc-f5eb-4aae-9f68-097a8babd6ed",
        "type": "message",
        "text": "If you have trouble creating \/ editing issues for the T-Stick repo, ping <@U010TD4329M> who can give you permissions",
        "user": "U029MNKJ0DR",
        "ts": "1664999099.856669",
        "blocks": [
            {
                "type": "rich_text",
                "block_id": "zgLV",
                "elements": [
                    {
                        "type": "rich_text_section",
                        "elements": [
                            {
                                "type": "text",
                                "text": "If you have trouble creating \/ editing issues for the T-Stick repo, ping "
                            },
                            {
                                "type": "user",
                                "user_id": "U010TD4329M"
                            },
                            {
                                "type": "text",
                                "text": " who can give you permissions"
                            }
                        ]
                    }
                ]
            }
        ],
        "team": "TJPN85XRA",
        "user_team": "TJPN85XRA",
        "source_team": "TJPN85XRA",
        "user_profile": {
            "avatar_hash": "f350669b1e49",
            "image_72": "https:\/\/avatars.slack-edge.com\/2021-07-29\/2324539512645_f350669b1e496193ea11_72.jpg",
            "first_name": "",
            "real_name": "Paul Buser",
            "display_name": "Paul Buser",
            "team": "TJPN85XRA",
            "name": "buser.paul",
            "is_restricted": false,
            "is_ultra_restricted": false
        },
        "reactions": [
            {
                "name": "+1",
                "users": [
                    "U010TD4329M"
                ],
                "count": 1
            }
        ]
    },
    {
        "type": "message",
        "text": "",
        "files": [
            {
                "id": "F045AAWMMR9",
                "mode": "hidden_by_limit"
            }
        ],
        "upload": false,
        "user": "U01APBW5N2J",
        "display_as_bot": false,
        "ts": "1664999150.032939",
        "client_msg_id": "93acfb8a-c5b8-4893-8349-a70a772e640b",
        "thread_ts": "1664999150.032939",
        "reply_count": 9,
        "reply_users_count": 3,
        "latest_reply": "1665504386.839279",
        "reply_users": [
            "U01APBW5N2J",
            "U03RKAGLHTP",
            "U010FMZRE4A"
        ],
        "replies": [
            {
                "user": "U01APBW5N2J",
                "ts": "1664999198.112859"
            },
            {
                "user": "U03RKAGLHTP",
                "ts": "1665248936.670199"
            },
            {
                "user": "U01APBW5N2J",
                "ts": "1665426903.467029"
            },
            {
                "user": "U010FMZRE4A",
                "ts": "1665432184.653049"
            },
            {
                "user": "U01APBW5N2J",
                "ts": "1665433921.725469"
            },
            {
                "user": "U010FMZRE4A",
                "ts": "1665439483.848369"
            },
            {
                "user": "U01APBW5N2J",
                "ts": "1665447990.117499"
            },
            {
                "user": "U010FMZRE4A",
                "ts": "1665504202.727659"
            },
            {
                "user": "U010FMZRE4A",
                "ts": "1665504386.839279"
            }
        ],
        "is_locked": false,
        "subscribed": false,
        "reactions": [
            {
                "name": "white_check_mark",
                "users": [
                    "UJCU8BAAW"
                ],
                "count": 1
            },
            {
                "name": "+1",
                "users": [
                    "U010FMZRE4A"
                ],
                "count": 1
            }
        ]
    },
    {
        "client_msg_id": "dbe1adbd-094a-40e0-841f-b16362b898af",
        "type": "message",
        "text": "here's the export from padlet as an image, in case things disappear upstream",
        "user": "U01APBW5N2J",
        "ts": "1664999198.112859",
        "blocks": [
            {
                "type": "rich_text",
                "block_id": "5lMFD",
                "elements": [
                    {
                        "type": "rich_text_section",
                        "elements": [
                            {
                                "type": "text",
                                "text": "here's the export from padlet as an image, in case things disappear upstream"
                            }
                        ]
                    }
                ]
            }
        ],
        "team": "TJPN85XRA",
        "user_team": "TJPN85XRA",
        "source_team": "TJPN85XRA",
        "user_profile": {
            "avatar_hash": "fe0a901d9daf",
            "image_72": "https:\/\/avatars.slack-edge.com\/2020-09-17\/1355731656631_fe0a901d9daf26440442_72.png",
            "first_name": "",
            "real_name": "Kasey Pocius",
            "display_name": "Kasey Pocius",
            "team": "TJPN85XRA",
            "name": "kaseypocius",
            "is_restricted": false,
            "is_ultra_restricted": false
        },
        "thread_ts": "1664999150.032939",
        "parent_user_id": "U01APBW5N2J"
    }
]