[
    {
        "type": "message",
        "subtype": "channel_join",
        "ts": "1666106453.317909",
        "user": "U01B29LEAE8",
        "text": "<@U01B29LEAE8> has joined the channel"
    },
    {
        "type": "message",
        "text": "Here is the submitted version of the paper:",
        "files": [
            {
                "id": "F046UCSD2LW",
                "mode": "hidden_by_limit"
            }
        ],
        "upload": false,
        "user": "U01B29LEAE8",
        "display_as_bot": false,
        "ts": "1666106483.680189",
        "blocks": [
            {
                "type": "rich_text",
                "block_id": "\/5Su",
                "elements": [
                    {
                        "type": "rich_text_section",
                        "elements": [
                            {
                                "type": "text",
                                "text": "Here is the submitted version of the paper:"
                            }
                        ]
                    }
                ]
            }
        ],
        "client_msg_id": "f56c0f53-0f5a-41b7-aeda-e5b3e6ff2a9d",
        "thread_ts": "1666106483.680189",
        "reply_count": 1,
        "reply_users_count": 1,
        "latest_reply": "1666624434.874089",
        "reply_users": [
            "UK4BP4NH2"
        ],
        "replies": [
            {
                "user": "UK4BP4NH2",
                "ts": "1666624434.874089"
            }
        ],
        "is_locked": false,
        "subscribed": false,
        "reactions": [
            {
                "name": "+1",
                "users": [
                    "UK4BP4NH2",
                    "U01APBW5N2J"
                ],
                "count": 2
            }
        ]
    }
]