[
    {
        "client_msg_id": "0E0789C6-15F3-4B5E-AD52-DC4B9D64BFA5",
        "type": "message",
        "text": "Hey <@UJCU8BAAW> any updates on the t-Stick with libmapper?",
        "user": "U029MNKJ0DR",
        "ts": "1656973449.298109",
        "blocks": [
            {
                "type": "rich_text",
                "block_id": "XLNs",
                "elements": [
                    {
                        "type": "rich_text_section",
                        "elements": [
                            {
                                "type": "text",
                                "text": "Hey"
                            },
                            {
                                "type": "text",
                                "text": " "
                            },
                            {
                                "type": "user",
                                "user_id": "UJCU8BAAW"
                            },
                            {
                                "type": "text",
                                "text": " "
                            },
                            {
                                "type": "text",
                                "text": "any "
                            },
                            {
                                "type": "text",
                                "text": "updates"
                            },
                            {
                                "type": "text",
                                "text": " on the"
                            },
                            {
                                "type": "text",
                                "text": " t-Stick"
                            },
                            {
                                "type": "text",
                                "text": " "
                            },
                            {
                                "type": "text",
                                "text": "with"
                            },
                            {
                                "type": "text",
                                "text": " libmapper"
                            },
                            {
                                "type": "text",
                                "text": "?"
                            }
                        ]
                    }
                ]
            }
        ],
        "team": "TJPN85XRA",
        "user_team": "TJPN85XRA",
        "source_team": "TJPN85XRA",
        "user_profile": {
            "avatar_hash": "f350669b1e49",
            "image_72": "https:\/\/avatars.slack-edge.com\/2021-07-29\/2324539512645_f350669b1e496193ea11_72.jpg",
            "first_name": "",
            "real_name": "Paul Buser",
            "display_name": "Paul Buser",
            "team": "TJPN85XRA",
            "name": "buser.paul",
            "is_restricted": false,
            "is_ultra_restricted": false
        }
    }
]