[
    {
        "client_msg_id": "267aa557-46c6-40f0-aed2-af39c36573af",
        "type": "message",
        "text": "Regarding the all-around capsense, as one user, I can think of two different design choices that make sense to me:\n(1)one is the current one-side capsense + marking either capsense side or fsr side in order to distinguish one another. This enables me to easily identify which sensor I am invoking (and probably accommodates the need of performing in a horizontal rest position well);\n(2)another design choice I can imagine is to use some kind of an all-around pad that can detect touch positions two-dimensionally and pressure  + current interface design.\n\nThe exterior of the current T-Stick does not really tell me which side (i.e., the upper fsr side or lower capsense side) I am invoking. If we keep the current non-discrete exterior design, I would like the sensing modules too not to separate the surface into small sub-areas. Instead, I want them to detect the touch positions linearly.\n\nWhen I handed a T-Stick, in which the capsense is mapped to saxophone key sounds, to students at a DCS class, a student started to mistakenly excite the fsr side in order to get key sounds, and he then said, “he doesn’t like me.” This episode probably suggests the difficulty to infer which side a player is touching from the interface exterior. Under the stage light during a performance, it was indeed hard to keep the angle of a T-Stick in mind. This problem may be solved if we can the marking highlights one side clearly as suggested in (1) or if we, first of all, don’t need to distinguish between the fsr side and the capsense side like the design choice (2).",
        "user": "U010FMZRE4A",
        "ts": "1669310645.537479",
        "blocks": [
            {
                "type": "rich_text",
                "block_id": "CSn6",
                "elements": [
                    {
                        "type": "rich_text_section",
                        "elements": [
                            {
                                "type": "text",
                                "text": "Regarding the all-around capsense, as one user, I can think of two different design choices that make sense to me:\n(1)one is the current one-side capsense + marking either capsense side or fsr side in order to distinguish one another. This enables me to easily identify which sensor I am invoking (and probably accommodates the need of performing in a horizontal rest position well);\n(2)another design choice I can imagine is to use some kind of an all-around pad that can detect touch positions two-dimensionally and pressure  + current interface design.\n\nThe exterior of the current T-Stick does not really tell me which side (i.e., the upper fsr side or lower capsense side) I am invoking. If we keep the current non-discrete exterior design, I would like the sensing modules too not to separate the surface into small sub-areas. Instead, I want them to detect the touch positions linearly.\n\nWhen I handed a T-Stick, in which the capsense is mapped to saxophone key sounds, to students at a DCS class, a student started to mistakenly excite the fsr side in order to get key sounds, and he then said, “he doesn’t like me.” This episode probably suggests the difficulty to infer which side a player is touching from the interface exterior. Under the stage light during a performance, it was indeed hard to keep the angle of a T-Stick in mind. This problem may be solved if we can the marking highlights one side clearly as suggested in (1) or if we, first of all, don’t need to distinguish between the fsr side and the capsense side like the design choice (2)."
                            }
                        ]
                    }
                ]
            }
        ],
        "team": "TJPN85XRA",
        "user_team": "TJPN85XRA",
        "source_team": "TJPN85XRA",
        "user_profile": {
            "avatar_hash": "c0adc2d8c593",
            "image_72": "https:\/\/avatars.slack-edge.com\/2020-03-26\/1027782097284_c0adc2d8c5932b435e7b_72.jpg",
            "first_name": "",
            "real_name": "Takuto Fukuda",
            "display_name": "Takuto Fukuda",
            "team": "TJPN85XRA",
            "name": "takuto.fukuda",
            "is_restricted": false,
            "is_ultra_restricted": false
        },
        "thread_ts": "1669211800.125209",
        "parent_user_id": "UJR4DDS12"
    },
    {
        "type": "message",
        "text": "sneak peek:",
        "files": [
            {
                "id": "F04CAUNC51B",
                "mode": "hidden_by_limit"
            }
        ],
        "upload": false,
        "user": "UJR4DDS12",
        "display_as_bot": false,
        "ts": "1669311984.049889",
        "blocks": [
            {
                "type": "rich_text",
                "block_id": "E6Du",
                "elements": [
                    {
                        "type": "rich_text_section",
                        "elements": [
                            {
                                "type": "text",
                                "text": "sneak peek:"
                            }
                        ]
                    }
                ]
            }
        ],
        "client_msg_id": "6a2d7aa0-a343-4e90-8871-d0441c6938ea",
        "reactions": [
            {
                "name": "heart_eyes",
                "users": [
                    "U03JTLB9FSS",
                    "U04920VRM1S",
                    "U01APBW5N2J"
                ],
                "count": 3
            },
            {
                "name": "open_mouth",
                "users": [
                    "UK4BP4NH2"
                ],
                "count": 1
            }
        ]
    }
]