[
    {
        "type": "message",
        "subtype": "channel_join",
        "ts": "1663087456.983799",
        "user": "U03N8B9NV7Z",
        "text": "<@U03N8B9NV7Z> has joined the channel"
    },
    {
        "client_msg_id": "9f81e06e-9217-4620-8b48-90eace23209d",
        "type": "message",
        "text": "sounds good! What is the condition to turn the deep sleep mode on\/off? Does that immediately wake up in response to stimuli by the performer?",
        "user": "U010FMZRE4A",
        "ts": "1663092965.612689",
        "blocks": [
            {
                "type": "rich_text",
                "block_id": "PwcQe",
                "elements": [
                    {
                        "type": "rich_text_section",
                        "elements": [
                            {
                                "type": "text",
                                "text": "sounds good! What is the condition to turn the deep sleep mode on\/off? Does that immediately wake up in response to stimuli by the performer?"
                            }
                        ]
                    }
                ]
            }
        ],
        "team": "TJPN85XRA",
        "user_team": "TJPN85XRA",
        "source_team": "TJPN85XRA",
        "user_profile": {
            "avatar_hash": "c0adc2d8c593",
            "image_72": "https:\/\/avatars.slack-edge.com\/2020-03-26\/1027782097284_c0adc2d8c5932b435e7b_72.jpg",
            "first_name": "",
            "real_name": "Takuto Fukuda",
            "display_name": "Takuto Fukuda",
            "team": "TJPN85XRA",
            "name": "takuto.fukuda",
            "is_restricted": false,
            "is_ultra_restricted": false
        },
        "thread_ts": "1662986523.146019",
        "parent_user_id": "UJCU8BAAW"
    },
    {
        "client_msg_id": "6b2d75fd-cb5d-4a7a-b63c-bc70863773f1",
        "type": "message",
        "text": "no, otherwise you wouldn't be able to make it sleep :wink:\n\nThe current behaviour is:\n• double click in the  button to make the T-Stick sleep\n• push the button to wake up",
        "user": "UJCU8BAAW",
        "ts": "1663096905.003649",
        "blocks": [
            {
                "type": "rich_text",
                "block_id": "\/ix1t",
                "elements": [
                    {
                        "type": "rich_text_section",
                        "elements": [
                            {
                                "type": "text",
                                "text": "no, otherwise you wouldn't be able to make it sleep "
                            },
                            {
                                "type": "emoji",
                                "name": "wink",
                                "unicode": "1f609"
                            },
                            {
                                "type": "text",
                                "text": "\n\nThe current behaviour is:\n"
                            }
                        ]
                    },
                    {
                        "type": "rich_text_list",
                        "elements": [
                            {
                                "type": "rich_text_section",
                                "elements": [
                                    {
                                        "type": "text",
                                        "text": "double click in the  button to make the T-Stick sleep"
                                    }
                                ]
                            },
                            {
                                "type": "rich_text_section",
                                "elements": [
                                    {
                                        "type": "text",
                                        "text": "push the button to wake up"
                                    }
                                ]
                            }
                        ],
                        "style": "bullet",
                        "indent": 0,
                        "border": 0
                    }
                ]
            }
        ],
        "team": "TJPN85XRA",
        "user_team": "TJPN85XRA",
        "source_team": "TJPN85XRA",
        "user_profile": {
            "avatar_hash": "d49c462f5537",
            "image_72": "https:\/\/avatars.slack-edge.com\/2021-06-14\/2154581376263_d49c462f5537edde8dbb_72.jpg",
            "first_name": "Edu",
            "real_name": "Edu Meneses",
            "display_name": "Edu Meneses",
            "team": "TJPN85XRA",
            "name": "eduardo.meneses",
            "is_restricted": false,
            "is_ultra_restricted": false
        },
        "thread_ts": "1662986523.146019",
        "parent_user_id": "UJCU8BAAW"
    }
]