[
    {
        "client_msg_id": "642399FC-5ADC-479D-8E71-050AAE1D4CEA",
        "type": "message",
        "text": "<@UJCU8BAAW> let me know when libmapper should be working on the t-stick. Excited to see what you've been working on!",
        "user": "U029MNKJ0DR",
        "ts": "1656001049.612009",
        "blocks": [
            {
                "type": "rich_text",
                "block_id": "UM+Wg",
                "elements": [
                    {
                        "type": "rich_text_section",
                        "elements": [
                            {
                                "type": "user",
                                "user_id": "UJCU8BAAW"
                            },
                            {
                                "type": "text",
                                "text": " "
                            },
                            {
                                "type": "text",
                                "text": "let"
                            },
                            {
                                "type": "text",
                                "text": " "
                            },
                            {
                                "type": "text",
                                "text": "me"
                            },
                            {
                                "type": "text",
                                "text": " "
                            },
                            {
                                "type": "text",
                                "text": "know"
                            },
                            {
                                "type": "text",
                                "text": " "
                            },
                            {
                                "type": "text",
                                "text": "when"
                            },
                            {
                                "type": "text",
                                "text": " libmapper "
                            },
                            {
                                "type": "text",
                                "text": "should"
                            },
                            {
                                "type": "text",
                                "text": " "
                            },
                            {
                                "type": "text",
                                "text": "be"
                            },
                            {
                                "type": "text",
                                "text": " working "
                            },
                            {
                                "type": "text",
                                "text": "on"
                            },
                            {
                                "type": "text",
                                "text": " "
                            },
                            {
                                "type": "text",
                                "text": "the"
                            },
                            {
                                "type": "text",
                                "text": " "
                            },
                            {
                                "type": "text",
                                "text": "t-stick."
                            },
                            {
                                "type": "text",
                                "text": " "
                            },
                            {
                                "type": "text",
                                "text": "Excited"
                            },
                            {
                                "type": "text",
                                "text": " to see "
                            },
                            {
                                "type": "text",
                                "text": "what"
                            },
                            {
                                "type": "text",
                                "text": " you've "
                            },
                            {
                                "type": "text",
                                "text": "been"
                            },
                            {
                                "type": "text",
                                "text": " working "
                            },
                            {
                                "type": "text",
                                "text": "on!"
                            }
                        ]
                    }
                ]
            }
        ],
        "team": "TJPN85XRA",
        "user_team": "TJPN85XRA",
        "source_team": "TJPN85XRA",
        "user_profile": {
            "avatar_hash": "f350669b1e49",
            "image_72": "https:\/\/avatars.slack-edge.com\/2021-07-29\/2324539512645_f350669b1e496193ea11_72.jpg",
            "first_name": "",
            "real_name": "Paul Buser",
            "display_name": "Paul Buser",
            "team": "TJPN85XRA",
            "name": "buser.paul",
            "is_restricted": false,
            "is_ultra_restricted": false
        }
    },
    {
        "client_msg_id": "edbe66ab-7054-4263-8090-1eea441f9040",
        "type": "message",
        "text": "Sure, I'll push it soon",
        "user": "UJCU8BAAW",
        "ts": "1656003762.601149",
        "blocks": [
            {
                "type": "rich_text",
                "block_id": "eHLWJ",
                "elements": [
                    {
                        "type": "rich_text_section",
                        "elements": [
                            {
                                "type": "text",
                                "text": "Sure, I'll push it soon"
                            }
                        ]
                    }
                ]
            }
        ],
        "team": "TJPN85XRA",
        "user_team": "TJPN85XRA",
        "source_team": "TJPN85XRA",
        "user_profile": {
            "avatar_hash": "d49c462f5537",
            "image_72": "https:\/\/avatars.slack-edge.com\/2021-06-14\/2154581376263_d49c462f5537edde8dbb_72.jpg",
            "first_name": "Edu",
            "real_name": "Edu Meneses",
            "display_name": "Edu Meneses",
            "team": "TJPN85XRA",
            "name": "eduardo.meneses",
            "is_restricted": false,
            "is_ultra_restricted": false
        }
    },
    {
        "type": "message",
        "text": "Great little video of the dancers interacting with the t-sticks\/t-tree",
        "files": [
            {
                "id": "F03LK82AT9V",
                "mode": "hidden_by_limit"
            },
            {
                "id": "F03M287SWJ0",
                "mode": "hidden_by_limit"
            }
        ],
        "upload": false,
        "user": "U01APBW5N2J",
        "ts": "1656038629.521489",
        "blocks": [
            {
                "type": "rich_text",
                "block_id": "G1T",
                "elements": [
                    {
                        "type": "rich_text_section",
                        "elements": [
                            {
                                "type": "text",
                                "text": "Great"
                            },
                            {
                                "type": "text",
                                "text": " "
                            },
                            {
                                "type": "text",
                                "text": "little"
                            },
                            {
                                "type": "text",
                                "text": " "
                            },
                            {
                                "type": "text",
                                "text": "video"
                            },
                            {
                                "type": "text",
                                "text": " "
                            },
                            {
                                "type": "text",
                                "text": "of"
                            },
                            {
                                "type": "text",
                                "text": " "
                            },
                            {
                                "type": "text",
                                "text": "the"
                            },
                            {
                                "type": "text",
                                "text": " "
                            },
                            {
                                "type": "text",
                                "text": "dancers"
                            },
                            {
                                "type": "text",
                                "text": " "
                            },
                            {
                                "type": "text",
                                "text": "interacting"
                            },
                            {
                                "type": "text",
                                "text": " "
                            },
                            {
                                "type": "text",
                                "text": "with"
                            },
                            {
                                "type": "text",
                                "text": " "
                            },
                            {
                                "type": "text",
                                "text": "the"
                            },
                            {
                                "type": "text",
                                "text": " "
                            },
                            {
                                "type": "text",
                                "text": "t-sticks\/t-tree"
                            }
                        ]
                    }
                ]
            }
        ],
        "client_msg_id": "AF692D9E-823F-49D3-8732-6A0FDB48F1D1",
        "reactions": [
            {
                "name": "clap::skin-tone-5",
                "users": [
                    "UJCU8BAAW"
                ],
                "count": 1
            },
            {
                "name": "raised_hands",
                "users": [
                    "UK4BP4NH2",
                    "U010FMZRE4A"
                ],
                "count": 2
            }
        ]
    }
]