[
    {
        "client_msg_id": "6a8d3e3f-8310-462c-bdfc-e71e878fc4fe",
        "type": "message",
        "text": "<@U03JWS43U3H> thoughts on bringing back the ON\/OFF rocker switch for the t-stick?",
        "user": "U029MNKJ0DR",
        "ts": "1663683365.421449",
        "blocks": [
            {
                "type": "rich_text",
                "block_id": "20T",
                "elements": [
                    {
                        "type": "rich_text_section",
                        "elements": [
                            {
                                "type": "user",
                                "user_id": "U03JWS43U3H"
                            },
                            {
                                "type": "text",
                                "text": " thoughts on bringing back the ON\/OFF rocker switch for the t-stick?"
                            }
                        ]
                    }
                ]
            }
        ],
        "team": "TJPN85XRA",
        "user_team": "TJPN85XRA",
        "source_team": "TJPN85XRA",
        "user_profile": {
            "avatar_hash": "f350669b1e49",
            "image_72": "https:\/\/avatars.slack-edge.com\/2021-07-29\/2324539512645_f350669b1e496193ea11_72.jpg",
            "first_name": "",
            "real_name": "Paul Buser",
            "display_name": "Paul Buser",
            "team": "TJPN85XRA",
            "name": "buser.paul",
            "is_restricted": false,
            "is_ultra_restricted": false
        },
        "thread_ts": "1663683365.421449",
        "reply_count": 5,
        "reply_users_count": 3,
        "latest_reply": "1663688086.514619",
        "reply_users": [
            "UJCU8BAAW",
            "U029MNKJ0DR",
            "U03JWS43U3H"
        ],
        "replies": [
            {
                "user": "UJCU8BAAW",
                "ts": "1663683762.493619"
            },
            {
                "user": "UJCU8BAAW",
                "ts": "1663683896.226039"
            },
            {
                "user": "U029MNKJ0DR",
                "ts": "1663684411.900659"
            },
            {
                "user": "U03JWS43U3H",
                "ts": "1663688029.111969"
            },
            {
                "user": "U03JWS43U3H",
                "ts": "1663688086.514619"
            }
        ],
        "is_locked": false,
        "subscribed": false
    },
    {
        "client_msg_id": "3d37f0c6-ed3d-4816-a2b4-c819a8ab89f0",
        "type": "message",
        "text": "the rocker switch gave us a lot of problems: users thought they where charging but the switch was OFF and more than 1 performance was ruined for that. If someone comes with a design that allows charging when OFF (i.e., a separate charger circuit) then it is a good idea.\n\nFor the T-Stick I have now (Travis') deep sleep works very well, but I understand that even deep sleep can cause problems (e.g., user forgets to activate it and depletes the battery). But without the rocker switch we're sure the T-Stick is charging as long as the USB is connected",
        "user": "UJCU8BAAW",
        "ts": "1663683762.493619",
        "blocks": [
            {
                "type": "rich_text",
                "block_id": "6qa",
                "elements": [
                    {
                        "type": "rich_text_section",
                        "elements": [
                            {
                                "type": "text",
                                "text": "the rocker switch gave us a lot of problems: users thought they where charging but the switch was OFF and more than 1 performance was ruined for that. If someone comes with a design that allows charging when OFF (i.e., a separate charger circuit) then it is a good idea.\n\nFor the T-Stick I have now (Travis') deep sleep works very well, but I understand that even deep sleep can cause problems (e.g., user forgets to activate it and depletes the battery). But without the rocker switch we're sure the T-Stick is charging as long as the USB is connected"
                            }
                        ]
                    }
                ]
            }
        ],
        "team": "TJPN85XRA",
        "user_team": "TJPN85XRA",
        "source_team": "TJPN85XRA",
        "user_profile": {
            "avatar_hash": "d49c462f5537",
            "image_72": "https:\/\/avatars.slack-edge.com\/2021-06-14\/2154581376263_d49c462f5537edde8dbb_72.jpg",
            "first_name": "Edu",
            "real_name": "Edu Meneses",
            "display_name": "Edu Meneses",
            "team": "TJPN85XRA",
            "name": "eduardo.meneses",
            "is_restricted": false,
            "is_ultra_restricted": false
        },
        "edited": {
            "user": "UJCU8BAAW",
            "ts": "1663683829.000000"
        },
        "thread_ts": "1663683365.421449",
        "parent_user_id": "U029MNKJ0DR"
    },
    {
        "type": "message",
        "subtype": "channel_join",
        "ts": "1663683789.520659",
        "user": "U03JWS43U3H",
        "text": "<@U03JWS43U3H> has joined the channel",
        "inviter": "U029MNKJ0DR"
    },
    {
        "client_msg_id": "289e005e-323f-4f7d-bc67-490286bdc1e4",
        "type": "message",
        "text": "That being said, I agree the design can be polished. There's also the LED issue that is barelly visible in the current design.\n\nIf <@U03JWS43U3H> (or anyone else) has the time and will to do those changes it would be great",
        "user": "UJCU8BAAW",
        "ts": "1663683896.226039",
        "blocks": [
            {
                "type": "rich_text",
                "block_id": "RTZTX",
                "elements": [
                    {
                        "type": "rich_text_section",
                        "elements": [
                            {
                                "type": "text",
                                "text": "That being said, I agree the design can be polished. There's also the LED issue that is barelly visible in the current design.\n\nIf "
                            },
                            {
                                "type": "user",
                                "user_id": "U03JWS43U3H"
                            },
                            {
                                "type": "text",
                                "text": " (or anyone else) has the time and will to do those changes it would be great"
                            }
                        ]
                    }
                ]
            }
        ],
        "team": "TJPN85XRA",
        "user_team": "TJPN85XRA",
        "source_team": "TJPN85XRA",
        "user_profile": {
            "avatar_hash": "d49c462f5537",
            "image_72": "https:\/\/avatars.slack-edge.com\/2021-06-14\/2154581376263_d49c462f5537edde8dbb_72.jpg",
            "first_name": "Edu",
            "real_name": "Edu Meneses",
            "display_name": "Edu Meneses",
            "team": "TJPN85XRA",
            "name": "eduardo.meneses",
            "is_restricted": false,
            "is_ultra_restricted": false
        },
        "thread_ts": "1663683365.421449",
        "parent_user_id": "U029MNKJ0DR"
    },
    {
        "client_msg_id": "5b9176c1-dd43-4240-8273-0af756257d8b",
        "type": "message",
        "text": "Agreed. T-Stick should most definitely be able to charge if the switch is OFF",
        "user": "U029MNKJ0DR",
        "ts": "1663684411.900659",
        "blocks": [
            {
                "type": "rich_text",
                "block_id": "9c0I",
                "elements": [
                    {
                        "type": "rich_text_section",
                        "elements": [
                            {
                                "type": "text",
                                "text": "Agreed. T-Stick should most definitely be able to charge if the switch is OFF"
                            }
                        ]
                    }
                ]
            }
        ],
        "team": "TJPN85XRA",
        "user_team": "TJPN85XRA",
        "source_team": "TJPN85XRA",
        "user_profile": {
            "avatar_hash": "f350669b1e49",
            "image_72": "https:\/\/avatars.slack-edge.com\/2021-07-29\/2324539512645_f350669b1e496193ea11_72.jpg",
            "first_name": "",
            "real_name": "Paul Buser",
            "display_name": "Paul Buser",
            "team": "TJPN85XRA",
            "name": "buser.paul",
            "is_restricted": false,
            "is_ultra_restricted": false
        },
        "thread_ts": "1663683365.421449",
        "parent_user_id": "U029MNKJ0DR"
    },
    {
        "client_msg_id": "d6e232ec-e6ed-4d77-93b2-a76e34634932",
        "type": "message",
        "text": "As in I've had many T-Sticks refuse to wake up from deep sleep even with a full battery, but yeah we need more feedback to users on the current state of the T Stick.",
        "user": "U03JWS43U3H",
        "ts": "1663688029.111969",
        "blocks": [
            {
                "type": "rich_text",
                "block_id": "Dowk",
                "elements": [
                    {
                        "type": "rich_text_section",
                        "elements": [
                            {
                                "type": "text",
                                "text": "As in I've had many T-Sticks refuse to wake up from deep sleep even with a full battery, but yeah we need more feedback to users on the current state of the T Stick."
                            }
                        ]
                    }
                ]
            }
        ],
        "team": "TJPN85XRA",
        "user_team": "TJPN85XRA",
        "source_team": "TJPN85XRA",
        "user_profile": {
            "avatar_hash": "g9dd84ade99b",
            "image_72": "https:\/\/secure.gravatar.com\/avatar\/9dd84ade99bb030e9269d9f654d3b81f.jpg?s=72&d=https%3A%2F%2Fa.slack-edge.com%2Fdf10d%2Fimg%2Favatars%2Fava_0006-72.png",
            "first_name": "Albert-Ngabo",
            "real_name": "Albert-Ngabo Niyonsenga",
            "display_name": "Albert-Ngabo Niyonsenga",
            "team": "TJPN85XRA",
            "name": "albert-ngabo.niyonsen",
            "is_restricted": false,
            "is_ultra_restricted": false
        },
        "thread_ts": "1663683365.421449",
        "parent_user_id": "U029MNKJ0DR"
    },
    {
        "client_msg_id": "db8de0d5-9074-4162-88be-0ff8ba09a82d",
        "type": "message",
        "text": "In order to get a  T Stick to charge with a switch we'd need a dedicated charging circuit",
        "user": "U03JWS43U3H",
        "ts": "1663688086.514619",
        "blocks": [
            {
                "type": "rich_text",
                "block_id": "g1nn",
                "elements": [
                    {
                        "type": "rich_text_section",
                        "elements": [
                            {
                                "type": "text",
                                "text": "In order to get a  T Stick to charge with a switch we'd need a dedicated charging circuit"
                            }
                        ]
                    }
                ]
            }
        ],
        "team": "TJPN85XRA",
        "user_team": "TJPN85XRA",
        "source_team": "TJPN85XRA",
        "user_profile": {
            "avatar_hash": "g9dd84ade99b",
            "image_72": "https:\/\/secure.gravatar.com\/avatar\/9dd84ade99bb030e9269d9f654d3b81f.jpg?s=72&d=https%3A%2F%2Fa.slack-edge.com%2Fdf10d%2Fimg%2Favatars%2Fava_0006-72.png",
            "first_name": "Albert-Ngabo",
            "real_name": "Albert-Ngabo Niyonsenga",
            "display_name": "Albert-Ngabo Niyonsenga",
            "team": "TJPN85XRA",
            "name": "albert-ngabo.niyonsen",
            "is_restricted": false,
            "is_ultra_restricted": false
        },
        "thread_ts": "1663683365.421449",
        "parent_user_id": "U029MNKJ0DR",
        "reactions": [
            {
                "name": "+1::skin-tone-5",
                "users": [
                    "UJCU8BAAW"
                ],
                "count": 1
            },
            {
                "name": "low_battery",
                "users": [
                    "U010TD4329M"
                ],
                "count": 1
            }
        ]
    }
]