[
    {
        "client_msg_id": "08593f8a-5c3e-4efb-bcce-fd3abb0f4ef9",
        "type": "message",
        "text": "time to add GPS to the sensor suite...",
        "user": "U010TD4329M",
        "ts": "1665623316.684349",
        "blocks": [
            {
                "type": "rich_text",
                "block_id": "Ft4",
                "elements": [
                    {
                        "type": "rich_text_section",
                        "elements": [
                            {
                                "type": "text",
                                "text": "time to add GPS to the sensor suite..."
                            }
                        ]
                    }
                ]
            }
        ],
        "team": "TJPN85XRA",
        "user_team": "TJPN85XRA",
        "source_team": "TJPN85XRA",
        "user_profile": {
            "avatar_hash": "g76664e246bb",
            "image_72": "https:\/\/secure.gravatar.com\/avatar\/76664e246bb99704f2fe508d673b1124.jpg?s=72&d=https%3A%2F%2Fa.slack-edge.com%2Fdf10d%2Fimg%2Favatars%2Fava_0026-72.png",
            "first_name": "",
            "real_name": "Joe Malloch",
            "display_name": "Joe Malloch",
            "team": "TJPN85XRA",
            "name": "jmalloch",
            "is_restricted": false,
            "is_ultra_restricted": false
        },
        "thread_ts": "1665504501.265729",
        "parent_user_id": "U010FMZRE4A",
        "reactions": [
            {
                "name": "rolling_on_the_floor_laughing",
                "users": [
                    "U010FMZRE4A"
                ],
                "count": 1
            }
        ]
    }
]