[
    {
        "type": "message",
        "subtype": "thread_broadcast",
        "text": "More Marble Machine design lessons for your consideration: <https:\/\/youtu.be\/TEKZWiKelCU|https:\/\/youtu.be\/TEKZWiKelCU>",
        "user": "UJR4DDS12",
        "ts": "1670548606.412909",
        "thread_ts": "1669490628.061929",
        "root": {
            "client_msg_id": "B17A6BE6-D9A9-412B-A9B3-5E36DD4DC841",
            "type": "message",
            "text": "RE: ongoing T-Stick design specifications discussion\n<https:\/\/youtu.be\/IPxs7T6iY10|https:\/\/youtu.be\/IPxs7T6iY10>",
            "user": "UJR4DDS12",
            "ts": "1669490628.061929",
            "blocks": [
                {
                    "type": "rich_text",
                    "block_id": "fAs",
                    "elements": [
                        {
                            "type": "rich_text_section",
                            "elements": [
                                {
                                    "type": "text",
                                    "text": "RE: ongoing T-Stick design specifications discussion"
                                },
                                {
                                    "type": "text",
                                    "text": "\n"
                                },
                                {
                                    "type": "link",
                                    "url": "https:\/\/youtu.be\/IPxs7T6iY10",
                                    "text": "https:\/\/youtu.be\/IPxs7T6iY10"
                                }
                            ]
                        }
                    ]
                }
            ],
            "team": "TJPN85XRA",
            "attachments": [
                {
                    "from_url": "https:\/\/youtu.be\/IPxs7T6iY10",
                    "thumb_url": "https:\/\/i.ytimg.com\/vi\/IPxs7T6iY10\/hqdefault.jpg",
                    "thumb_width": 480,
                    "thumb_height": 360,
                    "video_html": "<iframe width=\"400\" height=\"225\" src=\"https:\/\/www.youtube.com\/embed\/IPxs7T6iY10?feature=oembed&autoplay=1&iv_load_policy=3\" frameborder=\"0\" allow=\"accelerometer; autoplay; clipboard-write; encrypted-media; gyroscope; picture-in-picture\" allowfullscreen title=\"The Foolproof Marble Gate - Does it Exist?\"><\/iframe>",
                    "video_html_width": 400,
                    "video_html_height": 225,
                    "service_icon": "https:\/\/a.slack-edge.com\/80588\/img\/unfurl_icons\/youtube.png",
                    "id": 1,
                    "original_url": "https:\/\/youtu.be\/IPxs7T6iY10",
                    "fallback": "YouTube Video: The Foolproof Marble Gate - Does it Exist?",
                    "title": "The Foolproof Marble Gate - Does it Exist?",
                    "title_link": "https:\/\/youtu.be\/IPxs7T6iY10",
                    "author_name": "Wintergatan",
                    "author_link": "https:\/\/www.youtube.com\/@Wintergatan",
                    "service_name": "YouTube",
                    "service_url": "https:\/\/www.youtube.com\/"
                }
            ],
            "thread_ts": "1669490628.061929",
            "reply_count": 4,
            "reply_users_count": 2,
            "latest_reply": "1670550043.543479",
            "reply_users": [
                "U03JTLB9FSS",
                "UJR4DDS12"
            ],
            "replies": [
                {
                    "user": "U03JTLB9FSS",
                    "ts": "1669491572.863409"
                },
                {
                    "user": "UJR4DDS12",
                    "ts": "1670548606.412909"
                },
                {
                    "user": "UJR4DDS12",
                    "ts": "1670548631.959229"
                },
                {
                    "user": "UJR4DDS12",
                    "ts": "1670550043.543479"
                }
            ],
            "is_locked": false,
            "subscribed": false
        },
        "blocks": [
            {
                "type": "rich_text",
                "block_id": "UxyR6",
                "elements": [
                    {
                        "type": "rich_text_section",
                        "elements": [
                            {
                                "type": "text",
                                "text": "More Marble Machine design lessons for your consideration: "
                            },
                            {
                                "type": "link",
                                "url": "https:\/\/youtu.be\/TEKZWiKelCU",
                                "text": "https:\/\/youtu.be\/TEKZWiKelCU"
                            }
                        ]
                    }
                ]
            }
        ],
        "attachments": [
            {
                "from_url": "https:\/\/youtu.be\/TEKZWiKelCU",
                "thumb_url": "https:\/\/i.ytimg.com\/vi\/TEKZWiKelCU\/hqdefault.jpg",
                "thumb_width": 480,
                "thumb_height": 360,
                "video_html": "<iframe width=\"400\" height=\"225\" src=\"https:\/\/www.youtube.com\/embed\/TEKZWiKelCU?feature=oembed&autoplay=1&iv_load_policy=3\" frameborder=\"0\" allow=\"accelerometer; autoplay; clipboard-write; encrypted-media; gyroscope; picture-in-picture\" allowfullscreen title=\"This Design Trick Surprised Me!\"><\/iframe>",
                "video_html_width": 400,
                "video_html_height": 225,
                "service_icon": "https:\/\/a.slack-edge.com\/80588\/img\/unfurl_icons\/youtube.png",
                "id": 1,
                "original_url": "https:\/\/youtu.be\/TEKZWiKelCU",
                "fallback": "YouTube Video: This Design Trick Surprised Me!",
                "title": "This Design Trick Surprised Me!",
                "title_link": "https:\/\/youtu.be\/TEKZWiKelCU",
                "author_name": "Wintergatan",
                "author_link": "https:\/\/www.youtube.com\/@Wintergatan",
                "service_name": "YouTube",
                "service_url": "https:\/\/www.youtube.com\/"
            }
        ],
        "client_msg_id": "7ABFD292-6922-472C-B79C-23674B1BA809"
    },
    {
        "client_msg_id": "D04B9CA3-13F2-4F41-B345-9BFFC0BDD363",
        "type": "message",
        "text": "key takeaway: can we make our requirements less dumb?",
        "user": "UJR4DDS12",
        "ts": "1670548631.959229",
        "blocks": [
            {
                "type": "rich_text",
                "block_id": "7piqE",
                "elements": [
                    {
                        "type": "rich_text_section",
                        "elements": [
                            {
                                "type": "text",
                                "text": "key takeaway: can we make our requirements less dumb?"
                            }
                        ]
                    }
                ]
            }
        ],
        "team": "TJPN85XRA",
        "user_team": "TJPN85XRA",
        "source_team": "TJPN85XRA",
        "user_profile": {
            "avatar_hash": "a59dc6f2aaf0",
            "image_72": "https:\/\/avatars.slack-edge.com\/2022-06-18\/3673671924631_a59dc6f2aaf006d655d2_72.jpg",
            "first_name": "Travis",
            "real_name": "Travis West",
            "display_name": "Travis",
            "team": "TJPN85XRA",
            "name": "travis.west",
            "is_restricted": false,
            "is_ultra_restricted": false
        },
        "thread_ts": "1669490628.061929",
        "parent_user_id": "UJR4DDS12"
    },
    {
        "type": "message",
        "subtype": "thread_broadcast",
        "text": "cited in the above marble machine video <videohttps:\/\/youtu.be\/hhuaVsOAMFc|https:\/\/youtu.be\/hhuaVsOAMFc>",
        "user": "UJR4DDS12",
        "ts": "1670550043.543479",
        "thread_ts": "1669490628.061929",
        "root": {
            "client_msg_id": "B17A6BE6-D9A9-412B-A9B3-5E36DD4DC841",
            "type": "message",
            "text": "RE: ongoing T-Stick design specifications discussion\n<https:\/\/youtu.be\/IPxs7T6iY10|https:\/\/youtu.be\/IPxs7T6iY10>",
            "user": "UJR4DDS12",
            "ts": "1669490628.061929",
            "blocks": [
                {
                    "type": "rich_text",
                    "block_id": "fAs",
                    "elements": [
                        {
                            "type": "rich_text_section",
                            "elements": [
                                {
                                    "type": "text",
                                    "text": "RE: ongoing T-Stick design specifications discussion"
                                },
                                {
                                    "type": "text",
                                    "text": "\n"
                                },
                                {
                                    "type": "link",
                                    "url": "https:\/\/youtu.be\/IPxs7T6iY10",
                                    "text": "https:\/\/youtu.be\/IPxs7T6iY10"
                                }
                            ]
                        }
                    ]
                }
            ],
            "team": "TJPN85XRA",
            "attachments": [
                {
                    "from_url": "https:\/\/youtu.be\/IPxs7T6iY10",
                    "thumb_url": "https:\/\/i.ytimg.com\/vi\/IPxs7T6iY10\/hqdefault.jpg",
                    "thumb_width": 480,
                    "thumb_height": 360,
                    "video_html": "<iframe width=\"400\" height=\"225\" src=\"https:\/\/www.youtube.com\/embed\/IPxs7T6iY10?feature=oembed&autoplay=1&iv_load_policy=3\" frameborder=\"0\" allow=\"accelerometer; autoplay; clipboard-write; encrypted-media; gyroscope; picture-in-picture\" allowfullscreen title=\"The Foolproof Marble Gate - Does it Exist?\"><\/iframe>",
                    "video_html_width": 400,
                    "video_html_height": 225,
                    "service_icon": "https:\/\/a.slack-edge.com\/80588\/img\/unfurl_icons\/youtube.png",
                    "id": 1,
                    "original_url": "https:\/\/youtu.be\/IPxs7T6iY10",
                    "fallback": "YouTube Video: The Foolproof Marble Gate - Does it Exist?",
                    "title": "The Foolproof Marble Gate - Does it Exist?",
                    "title_link": "https:\/\/youtu.be\/IPxs7T6iY10",
                    "author_name": "Wintergatan",
                    "author_link": "https:\/\/www.youtube.com\/@Wintergatan",
                    "service_name": "YouTube",
                    "service_url": "https:\/\/www.youtube.com\/"
                }
            ],
            "thread_ts": "1669490628.061929",
            "reply_count": 4,
            "reply_users_count": 2,
            "latest_reply": "1670550043.543479",
            "reply_users": [
                "U03JTLB9FSS",
                "UJR4DDS12"
            ],
            "replies": [
                {
                    "user": "U03JTLB9FSS",
                    "ts": "1669491572.863409"
                },
                {
                    "user": "UJR4DDS12",
                    "ts": "1670548606.412909"
                },
                {
                    "user": "UJR4DDS12",
                    "ts": "1670548631.959229"
                },
                {
                    "user": "UJR4DDS12",
                    "ts": "1670550043.543479"
                }
            ],
            "is_locked": false,
            "subscribed": false
        },
        "blocks": [
            {
                "type": "rich_text",
                "block_id": "AOT9S",
                "elements": [
                    {
                        "type": "rich_text_section",
                        "elements": [
                            {
                                "type": "text",
                                "text": "cited in the above marble machine video "
                            },
                            {
                                "type": "link",
                                "url": "videohttps:\/\/youtu.be\/hhuaVsOAMFc",
                                "text": "https:\/\/youtu.be\/hhuaVsOAMFc"
                            }
                        ]
                    }
                ]
            }
        ],
        "client_msg_id": "3D5ED069-886F-4ABE-91A9-60295537BA16"
    }
]