[
    {
        "client_msg_id": "16b03268-6168-44ed-a23d-a0251523f87f",
        "type": "message",
        "text": "Over the past month and a bit I've been very very slowly working on a design document\/proposal for the next generation of T-Sticks focusing on outlining:\n- Current state of the T-Stick design (current architecture and current problems)\n- What are our goals\n- How are we measuring how well the goals are met\n- How will this be managed\n I really just needed to throw all my ideas on paper and to properly organise them, but I think this is useful just to have a good think about what exactly we expect from a T-Stick and how we are ensuring the T-Stick actually meets those expectations. The document is still very much in a draft state but if anyone has any feedback it would be greatly appreciated.\nLink to proposal: <https:\/\/docs.google.com\/document\/d\/1pC6LKJvb6raFl4GzoX5fpOwOvTH9vMK12k4BNMw25Ms\/edit?usp=sharing>",
        "user": "U03JWS43U3H",
        "ts": "1668442816.177179",
        "blocks": [
            {
                "type": "rich_text",
                "block_id": "n7gZM",
                "elements": [
                    {
                        "type": "rich_text_section",
                        "elements": [
                            {
                                "type": "text",
                                "text": "Over the past month and a bit I've been very very slowly working on a design document\/proposal for the next generation of T-Sticks focusing on outlining:\n- Current state of the T-Stick design (current architecture and current problems)\n- What are our goals\n- How are we measuring how well the goals are met\n- How will this be managed\n I really just needed to throw all my ideas on paper and to properly organise them, but I think this is useful just to have a good think about what exactly we expect from a T-Stick and how we are ensuring the T-Stick actually meets those expectations. The document is still very much in a draft state but if anyone has any feedback it would be greatly appreciated.\nLink to proposal: "
                            },
                            {
                                "type": "link",
                                "url": "https:\/\/docs.google.com\/document\/d\/1pC6LKJvb6raFl4GzoX5fpOwOvTH9vMK12k4BNMw25Ms\/edit?usp=sharing"
                            }
                        ]
                    }
                ]
            }
        ],
        "team": "TJPN85XRA",
        "user_team": "TJPN85XRA",
        "source_team": "TJPN85XRA",
        "user_profile": {
            "avatar_hash": "g9dd84ade99b",
            "image_72": "https:\/\/secure.gravatar.com\/avatar\/9dd84ade99bb030e9269d9f654d3b81f.jpg?s=72&d=https%3A%2F%2Fa.slack-edge.com%2Fdf10d%2Fimg%2Favatars%2Fava_0006-72.png",
            "first_name": "Albert-Ngabo",
            "real_name": "Albert-Ngabo Niyonsenga",
            "display_name": "Albert-Ngabo Niyonsenga",
            "team": "TJPN85XRA",
            "name": "albert-ngabo.niyonsen",
            "is_restricted": false,
            "is_ultra_restricted": false
        },
        "thread_ts": "1668442816.177179",
        "reply_count": 2,
        "reply_users_count": 2,
        "latest_reply": "1669763351.103979",
        "reply_users": [
            "UJR4DDS12",
            "U03JWS43U3H"
        ],
        "replies": [
            {
                "user": "UJR4DDS12",
                "ts": "1668469211.552949"
            },
            {
                "user": "U03JWS43U3H",
                "ts": "1669763351.103979"
            }
        ],
        "is_locked": false,
        "subscribed": false,
        "reactions": [
            {
                "name": "+1",
                "users": [
                    "UK4BP4NH2",
                    "U03JTLB9FSS",
                    "U01APBW5N2J",
                    "U010FMZRE4A"
                ],
                "count": 4
            },
            {
                "name": "+1::skin-tone-5",
                "users": [
                    "UJCU8BAAW"
                ],
                "count": 1
            },
            {
                "name": "clap::skin-tone-5",
                "users": [
                    "UJCU8BAAW"
                ],
                "count": 1
            },
            {
                "name": "clap",
                "users": [
                    "UJR4DDS12",
                    "U010FMZRE4A"
                ],
                "count": 2
            }
        ]
    },
    {
        "client_msg_id": "CEB1769A-3441-4A1A-B390-C93D4899B7F1",
        "type": "message",
        "text": "really like this. Left some comments.",
        "user": "UJR4DDS12",
        "ts": "1668469211.552949",
        "blocks": [
            {
                "type": "rich_text",
                "block_id": "b49YA",
                "elements": [
                    {
                        "type": "rich_text_section",
                        "elements": [
                            {
                                "type": "text",
                                "text": "really like this. Left some comments."
                            }
                        ]
                    }
                ]
            }
        ],
        "team": "TJPN85XRA",
        "user_team": "TJPN85XRA",
        "source_team": "TJPN85XRA",
        "user_profile": {
            "avatar_hash": "a59dc6f2aaf0",
            "image_72": "https:\/\/avatars.slack-edge.com\/2022-06-18\/3673671924631_a59dc6f2aaf006d655d2_72.jpg",
            "first_name": "Travis",
            "real_name": "Travis West",
            "display_name": "Travis",
            "team": "TJPN85XRA",
            "name": "travis.west",
            "is_restricted": false,
            "is_ultra_restricted": false
        },
        "thread_ts": "1668442816.177179",
        "parent_user_id": "U03JWS43U3H"
    }
]