[
    {
        "client_msg_id": "4d9e445b-e7f3-4373-b818-ea5333f708d9",
        "type": "message",
        "text": "Yeah, I remember the problems caused by the switch! Compared to the last gen, the current one is way easier in terms of battery management. Does T-Stick 314 also have a 3000 mA battery?\nI can’t wait to see the next generation T-Stick!",
        "user": "U010FMZRE4A",
        "ts": "1673462554.122089",
        "blocks": [
            {
                "type": "rich_text",
                "block_id": "=jKkE",
                "elements": [
                    {
                        "type": "rich_text_section",
                        "elements": [
                            {
                                "type": "text",
                                "text": "Yeah, I remember the problems caused by the switch! Compared to the last gen, the current one is way easier in terms of battery management. Does T-Stick 314 also have a 3000 mA battery?\nI can’t wait to see the next generation T-Stick!"
                            }
                        ]
                    }
                ]
            }
        ],
        "team": "TJPN85XRA",
        "user_team": "TJPN85XRA",
        "source_team": "TJPN85XRA",
        "user_profile": {
            "avatar_hash": "c0adc2d8c593",
            "image_72": "https:\/\/avatars.slack-edge.com\/2020-03-26\/1027782097284_c0adc2d8c5932b435e7b_72.jpg",
            "first_name": "",
            "real_name": "Takuto Fukuda",
            "display_name": "Takuto Fukuda",
            "team": "TJPN85XRA",
            "name": "takuto.fukuda",
            "is_restricted": false,
            "is_ultra_restricted": false
        },
        "thread_ts": "1673111216.364889",
        "parent_user_id": "U010FMZRE4A"
    },
    {
        "client_msg_id": "cace274a-f58d-4a6c-b371-d6d7da94dee7",
        "type": "message",
        "text": "Is it somehow possible to change the button reaction in such a way that a long press while the battery is on turns the battery off, instead of the current double-tap? I would like to use several gestures not all at once, but distinctively one after another. This desire requires me to use dynamic mapping that further highlights the usefulness of the button for proceeding with cues. A single tap is already designed to be used for this purpose. But the problem is that the T-Stick turns off when I want to proceed with two cues sequentially because these two single taps are recognized as one double-tap. I don’t know if my need is universal, but writing it as a user case.",
        "user": "U010FMZRE4A",
        "ts": "1673463252.066399",
        "blocks": [
            {
                "type": "rich_text",
                "block_id": "cTe",
                "elements": [
                    {
                        "type": "rich_text_section",
                        "elements": [
                            {
                                "type": "text",
                                "text": "Is it somehow possible to change the button reaction in such a way that a long press while the battery is on turns the battery off, instead of the current double-tap? I would like to use several gestures not all at once, but distinctively one after another. This desire requires me to use dynamic mapping that further highlights the usefulness of the button for proceeding with cues. A single tap is already designed to be used for this purpose. But the problem is that the T-Stick turns off when I want to proceed with two cues sequentially because these two single taps are recognized as one double-tap. I don’t know if my need is universal, but writing it as a user case."
                            }
                        ]
                    }
                ]
            }
        ],
        "team": "TJPN85XRA",
        "user_team": "TJPN85XRA",
        "source_team": "TJPN85XRA",
        "user_profile": {
            "avatar_hash": "c0adc2d8c593",
            "image_72": "https:\/\/avatars.slack-edge.com\/2020-03-26\/1027782097284_c0adc2d8c5932b435e7b_72.jpg",
            "first_name": "",
            "real_name": "Takuto Fukuda",
            "display_name": "Takuto Fukuda",
            "team": "TJPN85XRA",
            "name": "takuto.fukuda",
            "is_restricted": false,
            "is_ultra_restricted": false
        },
        "thread_ts": "1673463252.066399",
        "reply_count": 3,
        "reply_users_count": 2,
        "latest_reply": "1673466962.042469",
        "reply_users": [
            "U029MNKJ0DR",
            "UJCU8BAAW"
        ],
        "replies": [
            {
                "user": "U029MNKJ0DR",
                "ts": "1673463612.117809"
            },
            {
                "user": "UJCU8BAAW",
                "ts": "1673466942.780979"
            },
            {
                "user": "UJCU8BAAW",
                "ts": "1673466962.042469"
            }
        ],
        "is_locked": false,
        "subscribed": false
    },
    {
        "client_msg_id": "03274d99-b1da-4dcb-9463-a892fb414db0",
        "type": "message",
        "text": "I too would like to see this feature",
        "user": "U029MNKJ0DR",
        "ts": "1673463612.117809",
        "blocks": [
            {
                "type": "rich_text",
                "block_id": "I=J",
                "elements": [
                    {
                        "type": "rich_text_section",
                        "elements": [
                            {
                                "type": "text",
                                "text": "I too would like to see this feature"
                            }
                        ]
                    }
                ]
            }
        ],
        "team": "TJPN85XRA",
        "user_team": "TJPN85XRA",
        "source_team": "TJPN85XRA",
        "user_profile": {
            "avatar_hash": "f350669b1e49",
            "image_72": "https:\/\/avatars.slack-edge.com\/2021-07-29\/2324539512645_f350669b1e496193ea11_72.jpg",
            "first_name": "",
            "real_name": "Paul Buser",
            "display_name": "Paul Buser",
            "team": "TJPN85XRA",
            "name": "buser.paul",
            "is_restricted": false,
            "is_ultra_restricted": false
        },
        "thread_ts": "1673463252.066399",
        "parent_user_id": "U010FMZRE4A"
    },
    {
        "client_msg_id": "7bdd5864-be47-4903-81ed-5d9cefa72d65",
        "type": "message",
        "text": "Not sure about the 314, maybe <@U03JWS43U3H> knows that",
        "user": "UJCU8BAAW",
        "ts": "1673464269.698149",
        "blocks": [
            {
                "type": "rich_text",
                "block_id": "RHMIF",
                "elements": [
                    {
                        "type": "rich_text_section",
                        "elements": [
                            {
                                "type": "text",
                                "text": "Not sure about the 314, maybe "
                            },
                            {
                                "type": "user",
                                "user_id": "U03JWS43U3H"
                            },
                            {
                                "type": "text",
                                "text": " knows that"
                            }
                        ]
                    }
                ]
            }
        ],
        "team": "TJPN85XRA",
        "user_team": "TJPN85XRA",
        "source_team": "TJPN85XRA",
        "user_profile": {
            "avatar_hash": "d49c462f5537",
            "image_72": "https:\/\/avatars.slack-edge.com\/2021-06-14\/2154581376263_d49c462f5537edde8dbb_72.jpg",
            "first_name": "Edu",
            "real_name": "Edu Meneses",
            "display_name": "Edu Meneses",
            "team": "TJPN85XRA",
            "name": "eduardo.meneses",
            "is_restricted": false,
            "is_ultra_restricted": false
        },
        "thread_ts": "1673111216.364889",
        "parent_user_id": "U010FMZRE4A"
    },
    {
        "client_msg_id": "6f8f309a-2311-4d71-9833-90b2f3b25d9e",
        "type": "message",
        "text": "Done. Someone with a spare T-Stick can test flashing the firmware from the <https:\/\/github.com\/IDMIL\/T-Stick\/tree\/development|development branch> and please check if it works as intended. The new behaviour is the T-Stick enters deep sleep when the user holds the button for more than 5 seconds.",
        "user": "UJCU8BAAW",
        "ts": "1673466942.780979",
        "blocks": [
            {
                "type": "rich_text",
                "block_id": "TZY3n",
                "elements": [
                    {
                        "type": "rich_text_section",
                        "elements": [
                            {
                                "type": "text",
                                "text": "Done. Someone with a spare T-Stick can test flashing the firmware from the "
                            },
                            {
                                "type": "link",
                                "url": "https:\/\/github.com\/IDMIL\/T-Stick\/tree\/development",
                                "text": "development branch"
                            },
                            {
                                "type": "text",
                                "text": " and please check if it works as intended. The new behaviour is the T-Stick enters deep sleep when the user holds the button for more than 5 seconds."
                            }
                        ]
                    }
                ]
            }
        ],
        "team": "TJPN85XRA",
        "user_team": "TJPN85XRA",
        "source_team": "TJPN85XRA",
        "user_profile": {
            "avatar_hash": "d49c462f5537",
            "image_72": "https:\/\/avatars.slack-edge.com\/2021-06-14\/2154581376263_d49c462f5537edde8dbb_72.jpg",
            "first_name": "Edu",
            "real_name": "Edu Meneses",
            "display_name": "Edu Meneses",
            "team": "TJPN85XRA",
            "name": "eduardo.meneses",
            "is_restricted": false,
            "is_ultra_restricted": false
        },
        "thread_ts": "1673463252.066399",
        "parent_user_id": "U010FMZRE4A",
        "reactions": [
            {
                "name": "clap",
                "users": [
                    "U010FMZRE4A",
                    "UJR4DDS12"
                ],
                "count": 2
            }
        ]
    },
    {
        "type": "message",
        "text": "",
        "files": [
            {
                "id": "F04JH23TSAX",
                "mode": "hidden_by_limit"
            }
        ],
        "upload": false,
        "user": "UJCU8BAAW",
        "display_as_bot": false,
        "ts": "1673466962.042469",
        "blocks": [
            {
                "type": "rich_text",
                "block_id": "f4CP",
                "elements": [
                    {
                        "type": "rich_text_section",
                        "elements": []
                    }
                ]
            }
        ],
        "client_msg_id": "bd0aef1b-3bf5-4f58-9e5f-6dedb019d2af",
        "thread_ts": "1673463252.066399",
        "parent_user_id": "U010FMZRE4A"
    },
    {
        "client_msg_id": "7c940b9f-3a5c-401c-a2c7-94f959f413f8",
        "type": "message",
        "text": "It should have the new 3000mAh battery",
        "user": "U03JWS43U3H",
        "ts": "1673489292.112709",
        "blocks": [
            {
                "type": "rich_text",
                "block_id": "Wi0m7",
                "elements": [
                    {
                        "type": "rich_text_section",
                        "elements": [
                            {
                                "type": "text",
                                "text": "It should have the new 3000mAh battery"
                            }
                        ]
                    }
                ]
            }
        ],
        "team": "TJPN85XRA",
        "user_team": "TJPN85XRA",
        "source_team": "TJPN85XRA",
        "user_profile": {
            "avatar_hash": "g9dd84ade99b",
            "image_72": "https:\/\/secure.gravatar.com\/avatar\/9dd84ade99bb030e9269d9f654d3b81f.jpg?s=72&d=https%3A%2F%2Fa.slack-edge.com%2Fdf10d%2Fimg%2Favatars%2Fava_0006-72.png",
            "first_name": "Albert-Ngabo",
            "real_name": "Albert-Ngabo Niyonsenga",
            "display_name": "Albert-Ngabo Niyonsenga",
            "team": "TJPN85XRA",
            "name": "albert-ngabo.niyonsen",
            "is_restricted": false,
            "is_ultra_restricted": false
        },
        "thread_ts": "1673111216.364889",
        "parent_user_id": "U010FMZRE4A",
        "reactions": [
            {
                "name": "+1",
                "users": [
                    "U010FMZRE4A"
                ],
                "count": 1
            }
        ]
    }
]