[
    {
        "client_msg_id": "07cc177a-ece5-4d4d-8fcd-8b5634fb3c5e",
        "type": "message",
        "text": "Hi <@U04S9FVGL5R>, my jab extractor returns 1 when jabbed in the +X direction and 0 when jabbed in the -X direction. When I want jab extraction along Y and Z axis, I simply use three extractors.",
        "user": "U010FMZRE4A",
        "ts": "1685194446.625229",
        "blocks": [
            {
                "type": "rich_text",
                "block_id": "x7lM",
                "elements": [
                    {
                        "type": "rich_text_section",
                        "elements": [
                            {
                                "type": "text",
                                "text": "Hi "
                            },
                            {
                                "type": "user",
                                "user_id": "U04S9FVGL5R"
                            },
                            {
                                "type": "text",
                                "text": ", my jab extractor returns 1 when jabbed in the +X direction and 0 when jabbed in the -X direction. When I want jab extraction along Y and Z axis, I simply use three extractors."
                            }
                        ]
                    }
                ]
            }
        ],
        "team": "TJPN85XRA",
        "user_team": "TJPN85XRA",
        "source_team": "TJPN85XRA",
        "user_profile": {
            "avatar_hash": "c0adc2d8c593",
            "image_72": "https:\/\/avatars.slack-edge.com\/2020-03-26\/1027782097284_c0adc2d8c5932b435e7b_72.jpg",
            "first_name": "",
            "real_name": "Takuto Fukuda",
            "display_name": "Takuto Fukuda",
            "team": "TJPN85XRA",
            "name": "takuto.fukuda",
            "is_restricted": false,
            "is_ultra_restricted": false
        }
    },
    {
        "client_msg_id": "98a34e94-93a5-461d-ac1f-78677e4aa9e1",
        "type": "message",
        "text": "You can see the current firmware implementation for jab at <https:\/\/github.com\/Puara\/puara-gestures\/blob\/main\/puara_gestures.cpp|https:\/\/github.com\/Puara\/puara-gestures\/blob\/main\/puara_gestures.cpp> (starting line 53).\n\nAs far as I remember, we use a data buffer to do a naive calculation of displacement. The time window is given by the relationship between the buffer size and frequency of data acquisition. There's a free value used as threshold to trigger the jab.\n\nIf triggered, we use max and min values of the buffer to cook a value that we attribute to the jab (we can mischievously call it \"force\" :wink: )",
        "user": "UJCU8BAAW",
        "ts": "1685217358.415119",
        "blocks": [
            {
                "type": "rich_text",
                "block_id": "5sH",
                "elements": [
                    {
                        "type": "rich_text_section",
                        "elements": [
                            {
                                "type": "text",
                                "text": "You can see the current firmware implementation for jab at "
                            },
                            {
                                "type": "link",
                                "url": "https:\/\/github.com\/Puara\/puara-gestures\/blob\/main\/puara_gestures.cpp",
                                "text": "https:\/\/github.com\/Puara\/puara-gestures\/blob\/main\/puara_gestures.cpp"
                            },
                            {
                                "type": "text",
                                "text": " (starting line 53).\n\nAs far as I remember, we use a data buffer to do a naive calculation of displacement. The time window is given by the relationship between the buffer size and frequency of data acquisition. There's a free value used as threshold to trigger the jab.\n\nIf triggered, we use max and min values of the buffer to cook a value that we attribute to the jab (we can mischievously call it \"force\" "
                            },
                            {
                                "type": "emoji",
                                "name": "wink",
                                "unicode": "1f609"
                            },
                            {
                                "type": "text",
                                "text": " )"
                            }
                        ]
                    }
                ]
            }
        ],
        "team": "TJPN85XRA",
        "user_team": "TJPN85XRA",
        "source_team": "TJPN85XRA",
        "user_profile": {
            "avatar_hash": "d49c462f5537",
            "image_72": "https:\/\/avatars.slack-edge.com\/2021-06-14\/2154581376263_d49c462f5537edde8dbb_72.jpg",
            "first_name": "Edu",
            "real_name": "Edu Meneses",
            "display_name": "Edu Meneses",
            "team": "TJPN85XRA",
            "name": "eduardo.meneses",
            "is_restricted": false,
            "is_ultra_restricted": false
        },
        "edited": {
            "user": "UJCU8BAAW",
            "ts": "1685217392.000000"
        },
        "thread_ts": "1681855399.646079",
        "parent_user_id": "U04S9FVGL5R"
    },
    {
        "client_msg_id": "c21d8dec-f192-49a1-8705-c3e357d22209",
        "type": "message",
        "text": "This code was ported for other implementations found at IDMIL, without too much review. The plan was (is?) to review those methods at some point.\n\nAt first it could be interesting to play with the variables (threshold, array size, frequency) to check how far this approach can take us. \n\nAnother interesting exploration could be compare it with the DOT implementation and maybe even port their solution to C\/C++ to replace the current one",
        "user": "UJCU8BAAW",
        "ts": "1685217747.195019",
        "blocks": [
            {
                "type": "rich_text",
                "block_id": "yE8p=",
                "elements": [
                    {
                        "type": "rich_text_section",
                        "elements": [
                            {
                                "type": "text",
                                "text": "This code was ported for other implementations found at IDMIL, without too much review. The plan was (is?) to review those methods at some point.\n\nAt first it could be interesting to play with the variables (threshold, array size, frequency) to check how far this approach can take us. \n\nAnother interesting exploration could be compare it with the DOT implementation and maybe even port their solution to C\/C++ to replace the current one"
                            }
                        ]
                    }
                ]
            }
        ],
        "team": "TJPN85XRA",
        "user_team": "TJPN85XRA",
        "source_team": "TJPN85XRA",
        "user_profile": {
            "avatar_hash": "d49c462f5537",
            "image_72": "https:\/\/avatars.slack-edge.com\/2021-06-14\/2154581376263_d49c462f5537edde8dbb_72.jpg",
            "first_name": "Edu",
            "real_name": "Edu Meneses",
            "display_name": "Edu Meneses",
            "team": "TJPN85XRA",
            "name": "eduardo.meneses",
            "is_restricted": false,
            "is_ultra_restricted": false
        },
        "thread_ts": "1681855399.646079",
        "parent_user_id": "U04S9FVGL5R"
    }
]