[
    {
        "type": "message",
        "subtype": "thread_broadcast",
        "text": "OK folks, the _*T-Tree Buildathon*_ is scheduled for February 9, at 11am!",
        "user": "U029MNKJ0DR",
        "ts": "1675182215.901389",
        "thread_ts": "1673983719.596289",
        "root": {
            "client_msg_id": "51450ff3-90ab-4f6d-b99f-bdcf1f0f0fce",
            "type": "message",
            "text": "Can I get a show of :hand: for people interested in participating in a T-Tree building &amp; tutorial filming session? I'm thinking of doing this in the next couple weeks. We'd meet at the lab and film ourselves cutting PVC, drilling, assembling, maybe installing _software_... who's interested?",
            "user": "U029MNKJ0DR",
            "ts": "1673983719.596289",
            "blocks": [
                {
                    "type": "rich_text",
                    "block_id": "QZl",
                    "elements": [
                        {
                            "type": "rich_text_section",
                            "elements": [
                                {
                                    "type": "text",
                                    "text": "Can I get a show of "
                                },
                                {
                                    "type": "emoji",
                                    "name": "hand",
                                    "unicode": "270b"
                                },
                                {
                                    "type": "text",
                                    "text": " for people interested in participating in a T-Tree building & tutorial filming session? I'm thinking of doing this in the next couple weeks. We'd meet at the lab and film ourselves cutting PVC, drilling, assembling, maybe installing "
                                },
                                {
                                    "type": "text",
                                    "text": "software",
                                    "style": {
                                        "italic": true
                                    }
                                },
                                {
                                    "type": "text",
                                    "text": "... who's interested?"
                                }
                            ]
                        }
                    ]
                }
            ],
            "team": "TJPN85XRA",
            "thread_ts": "1673983719.596289",
            "reply_count": 1,
            "reply_users_count": 1,
            "latest_reply": "1675182215.901389",
            "reply_users": [
                "U029MNKJ0DR"
            ],
            "replies": [
                {
                    "user": "U029MNKJ0DR",
                    "ts": "1675182215.901389"
                }
            ],
            "is_locked": false,
            "subscribed": false
        },
        "blocks": [
            {
                "type": "rich_text",
                "block_id": "Zkuqm",
                "elements": [
                    {
                        "type": "rich_text_section",
                        "elements": [
                            {
                                "type": "text",
                                "text": "OK folks, the "
                            },
                            {
                                "type": "text",
                                "text": "T-Tree Buildathon",
                                "style": {
                                    "bold": true,
                                    "italic": true
                                }
                            },
                            {
                                "type": "text",
                                "text": " is scheduled for February 9, at 11am!"
                            }
                        ]
                    }
                ]
            }
        ],
        "client_msg_id": "cdb5d687-7d5b-4cc1-bc9a-eacbde179f63",
        "reactions": [
            {
                "name": "+1::skin-tone-6",
                "users": [
                    "U03JWS43U3H"
                ],
                "count": 1
            }
        ]
    }
]