[
    {
        "client_msg_id": "9f02a959-5523-475a-a3eb-7bbcbb5d2e03",
        "type": "message",
        "text": "We didn't have time to test it. We discussed the firmware and accessed some jab acquisition and orientation problems.\n\nFor the jab, there were some problems on the implemented function, mostly the function is currently put together with shake and using gyro, which is not ideal. We changed to use the correct (accelerometer) data to extract jab gestures and fixed some threshold issues.\n\nWe also briefly tested the orientation algorithm, but it seems to still drift. I'll work on cleaning the puara-gestures library and better testing the orientation part next week.",
        "user": "UJCU8BAAW",
        "ts": "1690459933.616169",
        "blocks": [
            {
                "type": "rich_text",
                "block_id": "wmqo",
                "elements": [
                    {
                        "type": "rich_text_section",
                        "elements": [
                            {
                                "type": "text",
                                "text": "We didn't have time to test it. We discussed the firmware and accessed some jab acquisition and orientation problems.\n\nFor the jab, there were some problems on the implemented function, mostly the function is currently put together with shake and using gyro, which is not ideal. We changed to use the correct (accelerometer) data to extract jab gestures and fixed some threshold issues.\n\nWe also briefly tested the orientation algorithm, but it seems to still drift. I'll work on cleaning the puara-gestures library and better testing the orientation part next week."
                            }
                        ]
                    }
                ]
            }
        ],
        "team": "TJPN85XRA",
        "user_team": "TJPN85XRA",
        "source_team": "TJPN85XRA",
        "user_profile": {
            "avatar_hash": "d49c462f5537",
            "image_72": "https:\/\/avatars.slack-edge.com\/2021-06-14\/2154581376263_d49c462f5537edde8dbb_72.jpg",
            "first_name": "Edu",
            "real_name": "Edu Meneses",
            "display_name": "Edu Meneses",
            "team": "TJPN85XRA",
            "name": "eduardo.meneses",
            "is_restricted": false,
            "is_ultra_restricted": false
        },
        "thread_ts": "1690422214.987199",
        "parent_user_id": "U010TD4329M"
    },
    {
        "client_msg_id": "e5ec92a0-98b7-4857-ad34-e041b204a364",
        "type": "message",
        "text": "<@U010TD4329M> I can start testing the jitter problem, do you have any code that you used for testing that I can use.",
        "user": "U03JWS43U3H",
        "ts": "1690471297.550799",
        "blocks": [
            {
                "type": "rich_text",
                "block_id": "+vaM0",
                "elements": [
                    {
                        "type": "rich_text_section",
                        "elements": [
                            {
                                "type": "user",
                                "user_id": "U010TD4329M"
                            },
                            {
                                "type": "text",
                                "text": " I can start testing the jitter problem, do you have any code that you used for testing that I can use."
                            }
                        ]
                    }
                ]
            }
        ],
        "team": "TJPN85XRA",
        "user_team": "TJPN85XRA",
        "source_team": "TJPN85XRA",
        "user_profile": {
            "avatar_hash": "g9dd84ade99b",
            "image_72": "https:\/\/secure.gravatar.com\/avatar\/9dd84ade99bb030e9269d9f654d3b81f.jpg?s=72&d=https%3A%2F%2Fa.slack-edge.com%2Fdf10d%2Fimg%2Favatars%2Fava_0006-72.png",
            "first_name": "Albert-Ngabo",
            "real_name": "Albert-Ngabo Niyonsenga",
            "display_name": "Albert-Ngabo Niyonsenga",
            "team": "TJPN85XRA",
            "name": "albert-ngabo.niyonsen",
            "is_restricted": false,
            "is_ultra_restricted": false
        },
        "thread_ts": "1690422214.987199",
        "parent_user_id": "U010TD4329M"
    },
    {
        "client_msg_id": "a3918b24-1dcb-4b09-9ea9-9fd3ca95a000",
        "type": "message",
        "text": "```#include &lt;WiFi.h&gt;\n#include &lt;mapper.h&gt;\n\n\/\/ For disabling power saving\n#include \"esp_wifi.h\"\n\nconst char* ssid     = \"WIFI_SSID\";     \/\/ replace with your SSID\nconst char* password = \"WIFI_PASSWORD\"; \/\/ replace with your password\n\nmpr_dev dev = 0;\nmpr_sig inputSignal = 0;\nmpr_sig outputSignal = 0;\nmpr_sig repeater = 0;\nfloat seqNumber = 0;\nfloat receivedValue = 0;\n\nvoid setup() {\n  Serial.begin(115200);\n  WiFi.begin(ssid, password);\n\n  \/\/ Disable WiFi power save (huge latency improvements)\n  esp_wifi_set_ps(WIFI_PS_NONE);\n\n  while (WiFi.status() != WL_CONNECTED) {\n    delay(500);\n  }\n\n  float signalMin = 0.0f;\n  float signalMax = 5.0f;\n\n  dev = mpr_dev_new(\"ESP32\", 0);\n  outputSignal = mpr_sig_new(dev, MPR_DIR_OUT, \"output\", 1, MPR_FLT, 0,\n                             &amp;signalMin, &amp;signalMax, 0, 0, 0);\n  inputSignal = mpr_sig_new(dev, MPR_DIR_IN, \"input\", 1, MPR_FLT, 0,\n                            &amp;signalMin, &amp;signalMax, 0, inputSignalHandler,\n                            MPR_SIG_UPDATE);\n  repeater = mpr_sig_new(dev, MPR_DIR_OUT, \"echo\", 1, MPR_FLT, 0, &amp;signalMin, &amp;signalMax, 0, 0, 0);\n}\n\nvoid loop() {\n  \/\/ Increment number and send\n  seqNumber += 0.01f;\n  mpr_sig_set_value(outputSignal, 0, 1, MPR_FLT, &amp;seqNumber);\n\n  \/\/ Print received value\n  Serial.print(\"received: \");\n  Serial.println(receivedValue);\n\n  \/\/ Update libmapper device\n  mpr_dev_poll(dev, 500);\n}\n\nvoid inputSignalHandler(mpr_sig sig, mpr_sig_evt evt, mpr_id inst, int length,\n                        mpr_type type, const void* value, mpr_time time) {\n  receivedValue = *((float*)value);\n  mpr_sig_set_value(repeater, 0, 1, MPR_FLT, value);\n}```",
        "user": "U010TD4329M",
        "ts": "1690483132.589449",
        "blocks": [
            {
                "type": "rich_text",
                "block_id": "3qq",
                "elements": [
                    {
                        "type": "rich_text_preformatted",
                        "elements": [
                            {
                                "type": "text",
                                "text": "#include <WiFi.h>\n#include <mapper.h>\n\n\/\/ For disabling power saving\n#include \"esp_wifi.h\"\n\nconst char* ssid     = \"WIFI_SSID\";     \/\/ replace with your SSID\nconst char* password = \"WIFI_PASSWORD\"; \/\/ replace with your password\n\nmpr_dev dev = 0;\nmpr_sig inputSignal = 0;\nmpr_sig outputSignal = 0;\nmpr_sig repeater = 0;\nfloat seqNumber = 0;\nfloat receivedValue = 0;\n\nvoid setup() {\n  Serial.begin(115200);\n  WiFi.begin(ssid, password);\n\n  \/\/ Disable WiFi power save (huge latency improvements)\n  esp_wifi_set_ps(WIFI_PS_NONE);\n\n  while (WiFi.status() != WL_CONNECTED) {\n    delay(500);\n  }\n\n  float signalMin = 0.0f;\n  float signalMax = 5.0f;\n\n  dev = mpr_dev_new(\"ESP32\", 0);\n  outputSignal = mpr_sig_new(dev, MPR_DIR_OUT, \"output\", 1, MPR_FLT, 0,\n                             &signalMin, &signalMax, 0, 0, 0);\n  inputSignal = mpr_sig_new(dev, MPR_DIR_IN, \"input\", 1, MPR_FLT, 0,\n                            &signalMin, &signalMax, 0, inputSignalHandler,\n                            MPR_SIG_UPDATE);\n  repeater = mpr_sig_new(dev, MPR_DIR_OUT, \"echo\", 1, MPR_FLT, 0, &signalMin, &signalMax, 0, 0, 0);\n}\n\nvoid loop() {\n  \/\/ Increment number and send\n  seqNumber += 0.01f;\n  mpr_sig_set_value(outputSignal, 0, 1, MPR_FLT, &seqNumber);\n\n  \/\/ Print received value\n  Serial.print(\"received: \");\n  Serial.println(receivedValue);\n\n  \/\/ Update libmapper device\n  mpr_dev_poll(dev, 500);\n}\n\nvoid inputSignalHandler(mpr_sig sig, mpr_sig_evt evt, mpr_id inst, int length,\n                        mpr_type type, const void* value, mpr_time time) {\n  receivedValue = *((float*)value);\n  mpr_sig_set_value(repeater, 0, 1, MPR_FLT, value);\n}"
                            }
                        ],
                        "border": 0
                    }
                ]
            }
        ],
        "team": "TJPN85XRA",
        "user_team": "TJPN85XRA",
        "source_team": "TJPN85XRA",
        "user_profile": {
            "avatar_hash": "g76664e246bb",
            "image_72": "https:\/\/secure.gravatar.com\/avatar\/76664e246bb99704f2fe508d673b1124.jpg?s=72&d=https%3A%2F%2Fa.slack-edge.com%2Fdf10d%2Fimg%2Favatars%2Fava_0026-72.png",
            "first_name": "",
            "real_name": "Joe Malloch",
            "display_name": "Joe Malloch",
            "team": "TJPN85XRA",
            "name": "jmalloch",
            "is_restricted": false,
            "is_ultra_restricted": false
        },
        "thread_ts": "1690422214.987199",
        "parent_user_id": "U010TD4329M",
        "reactions": [
            {
                "name": "+1::skin-tone-6",
                "users": [
                    "U03JWS43U3H"
                ],
                "count": 1
            }
        ]
    }
]