[
    {
        "client_msg_id": "bd2649a9-e055-40c7-82dd-8c9dc7c62ad1",
        "type": "message",
        "text": "Started roughing out some ideas about possible \"standards\" that could\/should be documented about e.g. the dimensions and interfaces between various T-Stick parts, to try to improve interoperability between present and future design efforts: <https:\/\/drive.google.com\/drive\/folders\/1uYsuDTNOn7VW4TdGHAcQHJbRNsjmC6fI?usp=sharing>",
        "user": "UJR4DDS12",
        "ts": "1692287066.499759",
        "blocks": [
            {
                "type": "rich_text",
                "block_id": "t0stt",
                "elements": [
                    {
                        "type": "rich_text_section",
                        "elements": [
                            {
                                "type": "text",
                                "text": "Started roughing out some ideas about possible \"standards\" that could\/should be documented about e.g. the dimensions and interfaces between various T-Stick parts, to try to improve interoperability between present and future design efforts: "
                            },
                            {
                                "type": "link",
                                "url": "https:\/\/drive.google.com\/drive\/folders\/1uYsuDTNOn7VW4TdGHAcQHJbRNsjmC6fI?usp=sharing"
                            }
                        ]
                    }
                ]
            }
        ],
        "team": "TJPN85XRA",
        "user_team": "TJPN85XRA",
        "source_team": "TJPN85XRA",
        "user_profile": {
            "avatar_hash": "a59dc6f2aaf0",
            "image_72": "https:\/\/avatars.slack-edge.com\/2022-06-18\/3673671924631_a59dc6f2aaf006d655d2_72.jpg",
            "first_name": "Travis",
            "real_name": "Travis West",
            "display_name": "Travis",
            "team": "TJPN85XRA",
            "name": "travis.west",
            "is_restricted": false,
            "is_ultra_restricted": false
        }
    }
]