[
    {
        "type": "message",
        "text": "Mostly functioning wireless Alto and Tenor",
        "files": [
            {
                "id": "F05GAGRS40K",
                "created": 1689004862,
                "timestamp": 1689004862,
                "name": "20230710_120045.jpg",
                "title": "20230710_120045.jpg",
                "mimetype": "image\/jpeg",
                "filetype": "jpg",
                "pretty_type": "JPEG",
                "user": "U03JWS43U3H",
                "user_team": "TJPN85XRA",
                "editable": false,
                "size": 285723,
                "mode": "hosted",
                "is_external": false,
                "external_type": "",
                "is_public": true,
                "public_url_shared": false,
                "display_as_bot": false,
                "username": "",
                "url_private": "https:\/\/files.slack.com\/files-pri\/TJPN85XRA-F05GAGRS40K\/20230710_120045.jpg?t=xoxe-635756201860-5822147069925-5827507671108-aa50e926a1c11470df3e79fc59b5f176",
                "url_private_download": "https:\/\/files.slack.com\/files-pri\/TJPN85XRA-F05GAGRS40K\/download\/20230710_120045.jpg?t=xoxe-635756201860-5822147069925-5827507671108-aa50e926a1c11470df3e79fc59b5f176",
                "media_display_type": "unknown",
                "thumb_64": "https:\/\/files.slack.com\/files-tmb\/TJPN85XRA-F05GAGRS40K-d02f3dc901\/20230710_120045_64.jpg?t=xoxe-635756201860-5822147069925-5827507671108-aa50e926a1c11470df3e79fc59b5f176",
                "thumb_80": "https:\/\/files.slack.com\/files-tmb\/TJPN85XRA-F05GAGRS40K-d02f3dc901\/20230710_120045_80.jpg?t=xoxe-635756201860-5822147069925-5827507671108-aa50e926a1c11470df3e79fc59b5f176",
                "thumb_360": "https:\/\/files.slack.com\/files-tmb\/TJPN85XRA-F05GAGRS40K-d02f3dc901\/20230710_120045_360.jpg?t=xoxe-635756201860-5822147069925-5827507671108-aa50e926a1c11470df3e79fc59b5f176",
                "thumb_360_w": 360,
                "thumb_360_h": 170,
                "thumb_480": "https:\/\/files.slack.com\/files-tmb\/TJPN85XRA-F05GAGRS40K-d02f3dc901\/20230710_120045_480.jpg?t=xoxe-635756201860-5822147069925-5827507671108-aa50e926a1c11470df3e79fc59b5f176",
                "thumb_480_w": 480,
                "thumb_480_h": 227,
                "thumb_160": "https:\/\/files.slack.com\/files-tmb\/TJPN85XRA-F05GAGRS40K-d02f3dc901\/20230710_120045_160.jpg?t=xoxe-635756201860-5822147069925-5827507671108-aa50e926a1c11470df3e79fc59b5f176",
                "thumb_720": "https:\/\/files.slack.com\/files-tmb\/TJPN85XRA-F05GAGRS40K-d02f3dc901\/20230710_120045_720.jpg?t=xoxe-635756201860-5822147069925-5827507671108-aa50e926a1c11470df3e79fc59b5f176",
                "thumb_720_w": 720,
                "thumb_720_h": 341,
                "thumb_800": "https:\/\/files.slack.com\/files-tmb\/TJPN85XRA-F05GAGRS40K-d02f3dc901\/20230710_120045_800.jpg?t=xoxe-635756201860-5822147069925-5827507671108-aa50e926a1c11470df3e79fc59b5f176",
                "thumb_800_w": 800,
                "thumb_800_h": 379,
                "thumb_960": "https:\/\/files.slack.com\/files-tmb\/TJPN85XRA-F05GAGRS40K-d02f3dc901\/20230710_120045_960.jpg?t=xoxe-635756201860-5822147069925-5827507671108-aa50e926a1c11470df3e79fc59b5f176",
                "thumb_960_w": 960,
                "thumb_960_h": 454,
                "thumb_1024": "https:\/\/files.slack.com\/files-tmb\/TJPN85XRA-F05GAGRS40K-d02f3dc901\/20230710_120045_1024.jpg?t=xoxe-635756201860-5822147069925-5827507671108-aa50e926a1c11470df3e79fc59b5f176",
                "thumb_1024_w": 1024,
                "thumb_1024_h": 485,
                "original_w": 4032,
                "original_h": 1908,
                "thumb_tiny": "AwAWADByFivIAPpmnru6flUZcIMmgSSP9yPA9WqSrCvHI7DbJtI9qlZ1QfMwFRcn78pJ\/uxinKgH3YwvuxyaYtQMxI+RCR6ngUqbzyxXB6AU3yVJy5Ln3NPI4ABwPakMh5xxjPvShd33yW9u1IKetADhhRwMD2qUCou1TDpQAxuKzp7lpMqvyr+prSfpWMe9NCZ\/\/9k=",
                "permalink": "https:\/\/idmil.slack.com\/files\/U03JWS43U3H\/F05GAGRS40K\/20230710_120045.jpg",
                "permalink_public": "https:\/\/slack-files.com\/TJPN85XRA-F05GAGRS40K-0937a783b3",
                "is_starred": false,
                "has_rich_preview": false,
                "file_access": "visible"
            }
        ],
        "upload": false,
        "user": "U03JWS43U3H",
        "display_as_bot": false,
        "ts": "1689004895.514429",
        "blocks": [
            {
                "type": "rich_text",
                "block_id": "Hgg",
                "elements": [
                    {
                        "type": "rich_text_section",
                        "elements": [
                            {
                                "type": "text",
                                "text": "Mostly functioning wireless Alto and Tenor"
                            }
                        ]
                    }
                ]
            }
        ],
        "client_msg_id": "2f9df978-4254-4675-917f-543a2a003821",
        "thread_ts": "1689004895.514429",
        "reply_count": 2,
        "reply_users_count": 2,
        "latest_reply": "1689169461.476899",
        "reply_users": [
            "UJR4DDS12",
            "U03JWS43U3H"
        ],
        "replies": [
            {
                "user": "UJR4DDS12",
                "ts": "1689121575.910079"
            },
            {
                "user": "U03JWS43U3H",
                "ts": "1689169461.476899"
            }
        ],
        "is_locked": false,
        "subscribed": false,
        "reactions": [
            {
                "name": "raised_hands",
                "users": [
                    "UKGLCA1GS",
                    "U010FMZRE4A",
                    "U03JTLB9FSS",
                    "U010TD4329M",
                    "U04S9FVGL5R",
                    "U01APBW5N2J"
                ],
                "count": 6
            }
        ]
    }
]