[
    {
        "client_msg_id": "0ab86593-b186-40ed-b1b5-007edb459770",
        "type": "message",
        "text": "Red part = no touch in that area\nGreen (tenor) = pressure + touch\nBlue (tenor) = touch but no pressure\nWhite (alto) = pressure + touch",
        "user": "U03JWS43U3H",
        "ts": "1689169461.476899",
        "blocks": [
            {
                "type": "rich_text",
                "block_id": "W=K9",
                "elements": [
                    {
                        "type": "rich_text_section",
                        "elements": [
                            {
                                "type": "text",
                                "text": "Red part = no touch in that area\nGreen (tenor) = pressure + touch\nBlue (tenor) = touch but no pressure\nWhite (alto) = pressure + touch"
                            }
                        ]
                    }
                ]
            }
        ],
        "team": "TJPN85XRA",
        "user_team": "TJPN85XRA",
        "source_team": "TJPN85XRA",
        "user_profile": {
            "avatar_hash": "g9dd84ade99b",
            "image_72": "https:\/\/secure.gravatar.com\/avatar\/9dd84ade99bb030e9269d9f654d3b81f.jpg?s=72&d=https%3A%2F%2Fa.slack-edge.com%2Fdf10d%2Fimg%2Favatars%2Fava_0006-72.png",
            "first_name": "Albert-Ngabo",
            "real_name": "Albert-Ngabo Niyonsenga",
            "display_name": "Albert-Ngabo Niyonsenga",
            "team": "TJPN85XRA",
            "name": "albert-ngabo.niyonsen",
            "is_restricted": false,
            "is_ultra_restricted": false
        },
        "thread_ts": "1689004895.514429",
        "parent_user_id": "U03JWS43U3H"
    }
]