[
    {
        "client_msg_id": "9b465c59-2843-433a-8ed2-a692f41888a2",
        "type": "message",
        "text": "<@U010FMZRE4A> Is T-Patch compatible with RNBO? I think it might be worthwhile to see if we could port it to the T-Tree",
        "user": "U029MNKJ0DR",
        "ts": "1679260853.650489",
        "blocks": [
            {
                "type": "rich_text",
                "block_id": "6u=a1",
                "elements": [
                    {
                        "type": "rich_text_section",
                        "elements": [
                            {
                                "type": "user",
                                "user_id": "U010FMZRE4A"
                            },
                            {
                                "type": "text",
                                "text": " Is T-Patch compatible with RNBO? I think it might be worthwhile to see if we could port it to the T-Tree"
                            }
                        ]
                    }
                ]
            }
        ],
        "team": "TJPN85XRA",
        "user_team": "TJPN85XRA",
        "source_team": "TJPN85XRA",
        "user_profile": {
            "avatar_hash": "f350669b1e49",
            "image_72": "https:\/\/avatars.slack-edge.com\/2021-07-29\/2324539512645_f350669b1e496193ea11_72.jpg",
            "first_name": "",
            "real_name": "Paul Buser",
            "display_name": "Paul Buser",
            "team": "TJPN85XRA",
            "name": "buser.paul",
            "is_restricted": false,
            "is_ultra_restricted": false
        },
        "thread_ts": "1679260853.650489",
        "reply_count": 2,
        "reply_users_count": 2,
        "latest_reply": "1679263567.265299",
        "reply_users": [
            "U010FMZRE4A",
            "U029MNKJ0DR"
        ],
        "replies": [
            {
                "user": "U010FMZRE4A",
                "ts": "1679263494.330389"
            },
            {
                "user": "U029MNKJ0DR",
                "ts": "1679263567.265299"
            }
        ],
        "is_locked": false,
        "subscribed": false
    },
    {
        "client_msg_id": "acaa308d-87b4-43ec-bcc9-795e7f4b9f58",
        "type": "message",
        "text": "So far not. It returns so many errors when a T-Patch is copy&amp;pasted into RNBO~. We need to recreate many components of a T-Patch to make it compatible with RNBO. It’s definitely worthwhile to see if we could port it to the T-Tree, but I have just personally no time until my defence on April 5!",
        "user": "U010FMZRE4A",
        "ts": "1679263494.330389",
        "blocks": [
            {
                "type": "rich_text",
                "block_id": "PaQ",
                "elements": [
                    {
                        "type": "rich_text_section",
                        "elements": [
                            {
                                "type": "text",
                                "text": "So far not. It returns so many errors when a T-Patch is copy&pasted into RNBO~. We need to recreate many components of a T-Patch to make it compatible with RNBO. It’s definitely worthwhile to see if we could port it to the T-Tree, but I have just personally no time until my defence on April 5!"
                            }
                        ]
                    }
                ]
            }
        ],
        "team": "TJPN85XRA",
        "user_team": "TJPN85XRA",
        "source_team": "TJPN85XRA",
        "user_profile": {
            "avatar_hash": "c0adc2d8c593",
            "image_72": "https:\/\/avatars.slack-edge.com\/2020-03-26\/1027782097284_c0adc2d8c5932b435e7b_72.jpg",
            "first_name": "",
            "real_name": "Takuto Fukuda",
            "display_name": "Takuto Fukuda",
            "team": "TJPN85XRA",
            "name": "takuto.fukuda",
            "is_restricted": false,
            "is_ultra_restricted": false
        },
        "thread_ts": "1679260853.650489",
        "parent_user_id": "U029MNKJ0DR"
    },
    {
        "client_msg_id": "D5FA080E-3FC5-4123-BFAF-4B445C7B5386",
        "type": "message",
        "text": "Understandable. Thank you for letting me know!",
        "user": "U029MNKJ0DR",
        "ts": "1679263567.265299",
        "blocks": [
            {
                "type": "rich_text",
                "block_id": "4X9gr",
                "elements": [
                    {
                        "type": "rich_text_section",
                        "elements": [
                            {
                                "type": "text",
                                "text": "Understandable"
                            },
                            {
                                "type": "text",
                                "text": "."
                            },
                            {
                                "type": "text",
                                "text": " Thank you for letting me know!"
                            }
                        ]
                    }
                ]
            }
        ],
        "team": "TJPN85XRA",
        "user_team": "TJPN85XRA",
        "source_team": "TJPN85XRA",
        "user_profile": {
            "avatar_hash": "f350669b1e49",
            "image_72": "https:\/\/avatars.slack-edge.com\/2021-07-29\/2324539512645_f350669b1e496193ea11_72.jpg",
            "first_name": "",
            "real_name": "Paul Buser",
            "display_name": "Paul Buser",
            "team": "TJPN85XRA",
            "name": "buser.paul",
            "is_restricted": false,
            "is_ultra_restricted": false
        },
        "thread_ts": "1679260853.650489",
        "parent_user_id": "U029MNKJ0DR",
        "reactions": [
            {
                "name": "+1",
                "users": [
                    "U010FMZRE4A"
                ],
                "count": 1
            }
        ]
    }
]