[
    {
        "client_msg_id": "4a57f22b-d57c-4f74-be6d-aa4fb4cd8d73",
        "type": "message",
        "text": "Oh, I didn’t even know that the current version of T-Sticks detects jabs… Nevertheless, it would be nice if the threshold can be adjusted from the UI just like the FSR offset.",
        "user": "U010FMZRE4A",
        "ts": "1681995959.370189",
        "blocks": [
            {
                "type": "rich_text",
                "block_id": "MnV",
                "elements": [
                    {
                        "type": "rich_text_section",
                        "elements": [
                            {
                                "type": "text",
                                "text": "Oh, I didn’t even know that the current version of T-Sticks detects jabs… Nevertheless, it would be nice if the threshold can be adjusted from the UI just like the FSR offset."
                            }
                        ]
                    }
                ]
            }
        ],
        "team": "TJPN85XRA",
        "user_team": "TJPN85XRA",
        "source_team": "TJPN85XRA",
        "user_profile": {
            "avatar_hash": "c0adc2d8c593",
            "image_72": "https:\/\/avatars.slack-edge.com\/2020-03-26\/1027782097284_c0adc2d8c5932b435e7b_72.jpg",
            "first_name": "",
            "real_name": "Takuto Fukuda",
            "display_name": "Takuto Fukuda",
            "team": "TJPN85XRA",
            "name": "takuto.fukuda",
            "is_restricted": false,
            "is_ultra_restricted": false
        },
        "thread_ts": "1681855399.646079",
        "parent_user_id": "U04S9FVGL5R"
    },
    {
        "client_msg_id": "d3607113-e48e-4add-a1e9-399e50f55865",
        "type": "message",
        "text": "Oh, I implemented Andrew's  and Travis' high-level gesture descriptors about 2 years ago :sweat_smile:\n\nWe have jab in 3D(ish), brush (up to 4 simultaneous instances), rub (up to 4 simultaneous instances), touch areas, amount of touch, average position, etc.\n\nThey are exposed in the T-Stick PD patch....",
        "user": "UJCU8BAAW",
        "ts": "1681996240.920329",
        "blocks": [
            {
                "type": "rich_text",
                "block_id": "K3A",
                "elements": [
                    {
                        "type": "rich_text_section",
                        "elements": [
                            {
                                "type": "text",
                                "text": "Oh, I implemented Andrew's  and Travis' high-level gesture descriptors about 2 years ago "
                            },
                            {
                                "type": "emoji",
                                "name": "sweat_smile",
                                "unicode": "1f605"
                            },
                            {
                                "type": "text",
                                "text": "\n\nWe have jab in 3D(ish), brush (up to 4 simultaneous instances), rub (up to 4 simultaneous instances), touch areas, amount of touch, average position, etc.\n\nThey are exposed in the T-Stick PD patch...."
                            }
                        ]
                    }
                ]
            }
        ],
        "team": "TJPN85XRA",
        "user_team": "TJPN85XRA",
        "source_team": "TJPN85XRA",
        "user_profile": {
            "avatar_hash": "d49c462f5537",
            "image_72": "https:\/\/avatars.slack-edge.com\/2021-06-14\/2154581376263_d49c462f5537edde8dbb_72.jpg",
            "first_name": "Edu",
            "real_name": "Edu Meneses",
            "display_name": "Edu Meneses",
            "team": "TJPN85XRA",
            "name": "eduardo.meneses",
            "is_restricted": false,
            "is_ultra_restricted": false
        },
        "thread_ts": "1681855399.646079",
        "parent_user_id": "U04S9FVGL5R"
    }
]