[
    {
        "client_msg_id": "8f80ab9c-e0a2-4906-9131-58d65dfa6de4",
        "type": "message",
        "text": "Indeed, but there's always a trade-off. The switch caused several problems before performances where performers \/composers forgot to turn the switch ON to charge their T-Sticks. Remember Yanik and Diego? The deep sleep should take weeks to deplete the battery as it supposedly draws 10 uA\/h (<https:\/\/lastminuteengineers.com\/esp32-sleep-modes-power-consumption\/>), and our current battery has 3000 mA nominal. It would be nice to test how long it takes to discharge the T-Stick in deep sleep in real life.\n\nIdeally, we would get a dedicated circuit for charging, independent from the switch. That's in the plans for the next gen and IMO would be the best solution.\n\nIn the meantime, It seems there are some T-Sticks with switches still in use. It might be possible to make an exchange. Doesn't hurt to shot a message to check that.",
        "user": "UJCU8BAAW",
        "ts": "1673277062.097939",
        "blocks": [
            {
                "type": "rich_text",
                "block_id": "9PZFq",
                "elements": [
                    {
                        "type": "rich_text_section",
                        "elements": [
                            {
                                "type": "text",
                                "text": "Indeed, but there's always a trade-off. The switch caused several problems before performances where performers \/composers forgot to turn the switch ON to charge their T-Sticks. Remember Yanik and Diego? The deep sleep should take weeks to deplete the battery as it supposedly draws 10 uA\/h ("
                            },
                            {
                                "type": "link",
                                "url": "https:\/\/lastminuteengineers.com\/esp32-sleep-modes-power-consumption\/"
                            },
                            {
                                "type": "text",
                                "text": "), and our current battery has 3000 mA nominal. It would be nice to test how long it takes to discharge the T-Stick in deep sleep in real life.\n\nIdeally, we would get a dedicated circuit for charging, independent from the switch. That's in the plans for the next gen and IMO would be the best solution.\n\nIn the meantime, It seems there are some T-Sticks with switches still in use. It might be possible to make an exchange. Doesn't hurt to shot a message to check that."
                            }
                        ]
                    }
                ]
            }
        ],
        "team": "TJPN85XRA",
        "user_team": "TJPN85XRA",
        "source_team": "TJPN85XRA",
        "user_profile": {
            "avatar_hash": "d49c462f5537",
            "image_72": "https:\/\/avatars.slack-edge.com\/2021-06-14\/2154581376263_d49c462f5537edde8dbb_72.jpg",
            "first_name": "Edu",
            "real_name": "Edu Meneses",
            "display_name": "Edu Meneses",
            "team": "TJPN85XRA",
            "name": "eduardo.meneses",
            "is_restricted": false,
            "is_ultra_restricted": false
        },
        "edited": {
            "user": "UJCU8BAAW",
            "ts": "1673277128.000000"
        },
        "thread_ts": "1673111216.364889",
        "parent_user_id": "U010FMZRE4A"
    }
]