[
    {
        "client_msg_id": "aec515e6-0658-4d7a-b851-6a6e6b786237",
        "type": "message",
        "text": "That is a hilarious mix of T-Stick DM and the disposable meat thermometer",
        "user": "U010TD4329M",
        "ts": "1675107525.964179",
        "blocks": [
            {
                "type": "rich_text",
                "block_id": "g=M\/I",
                "elements": [
                    {
                        "type": "rich_text_section",
                        "elements": [
                            {
                                "type": "text",
                                "text": "That is a hilarious mix of T-Stick DM and the disposable meat thermometer"
                            }
                        ]
                    }
                ]
            }
        ],
        "team": "TJPN85XRA",
        "user_team": "TJPN85XRA",
        "source_team": "TJPN85XRA",
        "user_profile": {
            "avatar_hash": "g76664e246bb",
            "image_72": "https:\/\/secure.gravatar.com\/avatar\/76664e246bb99704f2fe508d673b1124.jpg?s=72&d=https%3A%2F%2Fa.slack-edge.com%2Fdf10d%2Fimg%2Favatars%2Fava_0026-72.png",
            "first_name": "",
            "real_name": "Joe Malloch",
            "display_name": "Joe Malloch",
            "team": "TJPN85XRA",
            "name": "jmalloch",
            "is_restricted": false,
            "is_ultra_restricted": false
        }
    },
    {
        "client_msg_id": "82c33a70-e473-4efc-a778-5f72bb5208af",
        "type": "message",
        "text": "We could try to integrate the thermometer in the DMI for fun ;-)",
        "user": "UKGLCA1GS",
        "ts": "1675110766.981909",
        "blocks": [
            {
                "type": "rich_text",
                "block_id": "R4P",
                "elements": [
                    {
                        "type": "rich_text_section",
                        "elements": [
                            {
                                "type": "text",
                                "text": "We could try to integrate the thermometer in the DMI for fun ;-)"
                            }
                        ]
                    }
                ]
            }
        ],
        "team": "TJPN85XRA",
        "user_team": "TJPN85XRA",
        "source_team": "TJPN85XRA",
        "user_profile": {
            "avatar_hash": "82cc3b048607",
            "image_72": "https:\/\/avatars.slack-edge.com\/2022-07-25\/3850040330500_82cc3b048607f33add6e_72.jpg",
            "first_name": "",
            "real_name": "Marcelo Wanderley",
            "display_name": "Marcelo Wanderley",
            "team": "TJPN85XRA",
            "name": "marcelo.wanderley",
            "is_restricted": false,
            "is_ultra_restricted": false
        }
    },
    {
        "client_msg_id": "75a1d97e-d6d6-4b8c-84e2-8ad3eef4c444",
        "type": "message",
        "text": "<https:\/\/www.sanjamar.com\/product\/t-stick-disposable-thermometer-sticks\/>",
        "user": "UJCU8BAAW",
        "ts": "1675110916.114119",
        "blocks": [
            {
                "type": "rich_text",
                "block_id": "Awz",
                "elements": [
                    {
                        "type": "rich_text_section",
                        "elements": [
                            {
                                "type": "link",
                                "url": "https:\/\/www.sanjamar.com\/product\/t-stick-disposable-thermometer-sticks\/"
                            }
                        ]
                    }
                ]
            }
        ],
        "team": "TJPN85XRA",
        "user_team": "TJPN85XRA",
        "source_team": "TJPN85XRA",
        "user_profile": {
            "avatar_hash": "d49c462f5537",
            "image_72": "https:\/\/avatars.slack-edge.com\/2021-06-14\/2154581376263_d49c462f5537edde8dbb_72.jpg",
            "first_name": "Edu",
            "real_name": "Edu Meneses",
            "display_name": "Edu Meneses",
            "team": "TJPN85XRA",
            "name": "eduardo.meneses",
            "is_restricted": false,
            "is_ultra_restricted": false
        },
        "attachments": [
            {
                "from_url": "https:\/\/www.sanjamar.com\/product\/t-stick-disposable-thermometer-sticks\/",
                "ts": 1365101119,
                "service_icon": "https:\/\/www.sanjamar.com\/wp-content\/themes\/sanjamar2019\/images\/apple-touch-icon.png",
                "id": 1,
                "original_url": "https:\/\/www.sanjamar.com\/product\/t-stick-disposable-thermometer-sticks\/",
                "fallback": "San Jamar | Smart | Safe | Sanitary: T-Stick® Disposable Thermometer Sticks",
                "text": "T–Stick® Disposable Thermometer Sticks take the guesswork out of cooking time–temperature sensitive foods. Available for minimum internal temperatures of 140°F (60°C), 160°F (71°C) and 170°F",
                "title": "T-Stick® Disposable Thermometer Sticks",
                "title_link": "https:\/\/www.sanjamar.com\/product\/t-stick-disposable-thermometer-sticks\/",
                "service_name": "San Jamar | Smart | Safe | Sanitary"
            }
        ]
    }
]