[
    {
        "client_msg_id": "e505541a-b20b-4784-8b98-061c3b6d568a",
        "type": "message",
        "text": "• The size of the tstick is either sopranino, soprano, alto, tenor, or bass. The bass has yet to be built.\n• 1G\/2G\/3G refers to the hardware generation. 2nd gen introduced custom PCBs; 3rd gen introduced rolled touch &amp; monocoque shell\n• +G includes a gyroscope (e.g. 2GG)\n• +IMU includes an IMU\n• +X (extended) refers to one soprano that was built with LDR and static air pressure sensors\n• +W includes onboard wifi",
        "user": "U010TD4329M",
        "ts": "1679488314.117729",
        "blocks": [
            {
                "type": "rich_text",
                "block_id": "m5=O",
                "elements": [
                    {
                        "type": "rich_text_list",
                        "elements": [
                            {
                                "type": "rich_text_section",
                                "elements": [
                                    {
                                        "type": "text",
                                        "text": "The size of the tstick is either sopranino, soprano, alto, tenor, or bass. The bass has yet to be built."
                                    }
                                ]
                            },
                            {
                                "type": "rich_text_section",
                                "elements": [
                                    {
                                        "type": "text",
                                        "text": "1G\/2G\/3G refers to the hardware generation. 2nd gen introduced custom PCBs; 3rd gen introduced rolled touch & monocoque shell"
                                    }
                                ]
                            },
                            {
                                "type": "rich_text_section",
                                "elements": [
                                    {
                                        "type": "text",
                                        "text": "+G includes a gyroscope (e.g. 2GG)"
                                    }
                                ]
                            },
                            {
                                "type": "rich_text_section",
                                "elements": [
                                    {
                                        "type": "text",
                                        "text": "+IMU includes an IMU"
                                    }
                                ]
                            },
                            {
                                "type": "rich_text_section",
                                "elements": [
                                    {
                                        "type": "text",
                                        "text": "+X (extended) refers to one soprano that was built with LDR and static air pressure sensors"
                                    }
                                ]
                            },
                            {
                                "type": "rich_text_section",
                                "elements": [
                                    {
                                        "type": "text",
                                        "text": "+W includes onboard wifi"
                                    }
                                ]
                            }
                        ],
                        "style": "bullet",
                        "indent": 0,
                        "border": 0
                    }
                ]
            }
        ],
        "team": "TJPN85XRA",
        "user_team": "TJPN85XRA",
        "source_team": "TJPN85XRA",
        "user_profile": {
            "avatar_hash": "g76664e246bb",
            "image_72": "https:\/\/secure.gravatar.com\/avatar\/76664e246bb99704f2fe508d673b1124.jpg?s=72&d=https%3A%2F%2Fa.slack-edge.com%2Fdf10d%2Fimg%2Favatars%2Fava_0026-72.png",
            "first_name": "",
            "real_name": "Joe Malloch",
            "display_name": "Joe Malloch",
            "team": "TJPN85XRA",
            "name": "jmalloch",
            "is_restricted": false,
            "is_ultra_restricted": false
        },
        "thread_ts": "1679432199.236599",
        "parent_user_id": "U029MNKJ0DR"
    }
]