[
    {
        "client_msg_id": "51450ff3-90ab-4f6d-b99f-bdcf1f0f0fce",
        "type": "message",
        "text": "Can I get a show of :hand: for people interested in participating in a T-Tree building &amp; tutorial filming session? I'm thinking of doing this in the next couple weeks. We'd meet at the lab and film ourselves cutting PVC, drilling, assembling, maybe installing _software_... who's interested?",
        "user": "U029MNKJ0DR",
        "ts": "1673983719.596289",
        "blocks": [
            {
                "type": "rich_text",
                "block_id": "QZl",
                "elements": [
                    {
                        "type": "rich_text_section",
                        "elements": [
                            {
                                "type": "text",
                                "text": "Can I get a show of "
                            },
                            {
                                "type": "emoji",
                                "name": "hand",
                                "unicode": "270b"
                            },
                            {
                                "type": "text",
                                "text": " for people interested in participating in a T-Tree building & tutorial filming session? I'm thinking of doing this in the next couple weeks. We'd meet at the lab and film ourselves cutting PVC, drilling, assembling, maybe installing "
                            },
                            {
                                "type": "text",
                                "text": "software",
                                "style": {
                                    "italic": true
                                }
                            },
                            {
                                "type": "text",
                                "text": "... who's interested?"
                            }
                        ]
                    }
                ]
            }
        ],
        "team": "TJPN85XRA",
        "user_team": "TJPN85XRA",
        "source_team": "TJPN85XRA",
        "user_profile": {
            "avatar_hash": "f350669b1e49",
            "image_72": "https:\/\/avatars.slack-edge.com\/2021-07-29\/2324539512645_f350669b1e496193ea11_72.jpg",
            "first_name": "",
            "real_name": "Paul Buser",
            "display_name": "Paul Buser",
            "team": "TJPN85XRA",
            "name": "buser.paul",
            "is_restricted": false,
            "is_ultra_restricted": false
        },
        "thread_ts": "1673983719.596289",
        "reply_count": 1,
        "reply_users_count": 1,
        "latest_reply": "1675182215.901389",
        "reply_users": [
            "U029MNKJ0DR"
        ],
        "replies": [
            {
                "user": "U029MNKJ0DR",
                "ts": "1675182215.901389"
            }
        ],
        "is_locked": false,
        "subscribed": false,
        "reactions": [
            {
                "name": "hand",
                "users": [
                    "U029MNKJ0DR"
                ],
                "count": 1
            },
            {
                "name": "hand::skin-tone-6",
                "users": [
                    "U03JWS43U3H"
                ],
                "count": 1
            }
        ]
    }
]