[
    {
        "client_msg_id": "2a84db60-1fb1-41a5-ab82-b6aba92dde29",
        "type": "message",
        "text": "Hello, I am currently using T-Stick 311 (with Firmware version:220929 apparently), it seems to behave a bit differently from 191 that I had used previously. I have a hard time with the \"jabs\". Especially, I hardly can execute a jab in X direction and jabs in Y and Z seem unpredictable. I think 191 behaved more smoothly. Could it be an issue with firmware version? Thanks.",
        "user": "U04S9FVGL5R",
        "ts": "1681855399.646079",
        "blocks": [
            {
                "type": "rich_text",
                "block_id": "iEn",
                "elements": [
                    {
                        "type": "rich_text_section",
                        "elements": [
                            {
                                "type": "text",
                                "text": "Hello, I am currently using T-Stick 311 (with Firmware version:220929 apparently), it seems to behave a bit differently from 191 that I had used previously. I have a hard time with the \"jabs\". Especially, I hardly can execute a jab in X direction and jabs in Y and Z seem unpredictable. I think 191 behaved more smoothly. Could it be an issue with firmware version? Thanks."
                            }
                        ]
                    }
                ]
            }
        ],
        "team": "TJPN85XRA",
        "user_team": "TJPN85XRA",
        "source_team": "TJPN85XRA",
        "user_profile": {
            "avatar_hash": "g42c2ce5401f",
            "image_72": "https:\/\/secure.gravatar.com\/avatar\/42c2ce5401fa3d0dbb12f023678632c4.jpg?s=72&d=https%3A%2F%2Fa.slack-edge.com%2Fdf10d%2Fimg%2Favatars%2Fava_0003-72.png",
            "first_name": "Gaël",
            "real_name": "Gaël",
            "display_name": "Gaël",
            "team": "TJPN85XRA",
            "name": "gael.moriceau",
            "is_restricted": false,
            "is_ultra_restricted": false
        },
        "thread_ts": "1681855399.646079",
        "reply_count": 20,
        "reply_users_count": 5,
        "latest_reply": "1685460849.708879",
        "reply_users": [
            "U03JWS43U3H",
            "U04S9FVGL5R",
            "UJCU8BAAW",
            "U010FMZRE4A",
            "U010TD4329M"
        ],
        "replies": [
            {
                "user": "U03JWS43U3H",
                "ts": "1681866342.078399"
            },
            {
                "user": "U03JWS43U3H",
                "ts": "1681866543.032289"
            },
            {
                "user": "U04S9FVGL5R",
                "ts": "1681867503.350539"
            },
            {
                "user": "UJCU8BAAW",
                "ts": "1681911655.133679"
            },
            {
                "user": "U010FMZRE4A",
                "ts": "1681995959.370189"
            },
            {
                "user": "UJCU8BAAW",
                "ts": "1681996240.920329"
            },
            {
                "user": "U010TD4329M",
                "ts": "1682448426.747459"
            },
            {
                "user": "UJCU8BAAW",
                "ts": "1682452809.806149"
            },
            {
                "user": "U010TD4329M",
                "ts": "1682606497.148009"
            },
            {
                "user": "U010FMZRE4A",
                "ts": "1683374262.616829"
            },
            {
                "user": "U04S9FVGL5R",
                "ts": "1685135580.765469"
            },
            {
                "user": "UJCU8BAAW",
                "ts": "1685217358.415119"
            },
            {
                "user": "UJCU8BAAW",
                "ts": "1685217747.195019"
            },
            {
                "user": "U04S9FVGL5R",
                "ts": "1685380364.178489"
            },
            {
                "user": "U04S9FVGL5R",
                "ts": "1685380468.531999"
            },
            {
                "user": "UJCU8BAAW",
                "ts": "1685380860.690019"
            },
            {
                "user": "UJCU8BAAW",
                "ts": "1685381179.626909"
            },
            {
                "user": "U04S9FVGL5R",
                "ts": "1685388542.404609"
            },
            {
                "user": "U010TD4329M",
                "ts": "1685460582.517339"
            },
            {
                "user": "UJCU8BAAW",
                "ts": "1685460849.708879"
            }
        ],
        "is_locked": false,
        "subscribed": false
    },
    {
        "client_msg_id": "f2c8957d-a930-4442-ae56-c05bcc38b7df",
        "type": "message",
        "text": "I'll be in the lab on Thursday so we can have a look, but I feel like I remember that T-Stick being not super responsive to jabs to begin with",
        "user": "U03JWS43U3H",
        "ts": "1681866342.078399",
        "blocks": [
            {
                "type": "rich_text",
                "block_id": "cy8e",
                "elements": [
                    {
                        "type": "rich_text_section",
                        "elements": [
                            {
                                "type": "text",
                                "text": "I'll be in the lab on Thursday so we can have a look, but I feel like I remember that T-Stick being not super responsive to jabs to begin with"
                            }
                        ]
                    }
                ]
            }
        ],
        "team": "TJPN85XRA",
        "user_team": "TJPN85XRA",
        "source_team": "TJPN85XRA",
        "user_profile": {
            "avatar_hash": "g9dd84ade99b",
            "image_72": "https:\/\/secure.gravatar.com\/avatar\/9dd84ade99bb030e9269d9f654d3b81f.jpg?s=72&d=https%3A%2F%2Fa.slack-edge.com%2Fdf10d%2Fimg%2Favatars%2Fava_0006-72.png",
            "first_name": "Albert-Ngabo",
            "real_name": "Albert-Ngabo Niyonsenga",
            "display_name": "Albert-Ngabo Niyonsenga",
            "team": "TJPN85XRA",
            "name": "albert-ngabo.niyonsen",
            "is_restricted": false,
            "is_ultra_restricted": false
        },
        "edited": {
            "user": "U03JWS43U3H",
            "ts": "1681866493.000000"
        },
        "thread_ts": "1681855399.646079",
        "parent_user_id": "U04S9FVGL5R"
    },
    {
        "client_msg_id": "ecb4f014-2447-4d9f-bf15-4238f799e953",
        "type": "message",
        "text": "This T-Stick would have been flashed in November\/December if I recall, I think it was one of the ones Paul and Kasey for their performance",
        "user": "U03JWS43U3H",
        "ts": "1681866543.032289",
        "blocks": [
            {
                "type": "rich_text",
                "block_id": "enqwK",
                "elements": [
                    {
                        "type": "rich_text_section",
                        "elements": [
                            {
                                "type": "text",
                                "text": "This T-Stick would have been flashed in November\/December if I recall, I think it was one of the ones Paul and Kasey for their performance"
                            }
                        ]
                    }
                ]
            }
        ],
        "team": "TJPN85XRA",
        "user_team": "TJPN85XRA",
        "source_team": "TJPN85XRA",
        "user_profile": {
            "avatar_hash": "g9dd84ade99b",
            "image_72": "https:\/\/secure.gravatar.com\/avatar\/9dd84ade99bb030e9269d9f654d3b81f.jpg?s=72&d=https%3A%2F%2Fa.slack-edge.com%2Fdf10d%2Fimg%2Favatars%2Fava_0006-72.png",
            "first_name": "Albert-Ngabo",
            "real_name": "Albert-Ngabo Niyonsenga",
            "display_name": "Albert-Ngabo Niyonsenga",
            "team": "TJPN85XRA",
            "name": "albert-ngabo.niyonsen",
            "is_restricted": false,
            "is_ultra_restricted": false
        },
        "thread_ts": "1681855399.646079",
        "parent_user_id": "U04S9FVGL5R"
    },
    {
        "client_msg_id": "d4ec6f23-4b35-41c1-b086-ea6b13ed97ba",
        "type": "message",
        "text": "OK, I'll come to the lab on Thursday as well. Thanks, see you there.",
        "user": "U04S9FVGL5R",
        "ts": "1681867503.350539",
        "blocks": [
            {
                "type": "rich_text",
                "block_id": "POQK+",
                "elements": [
                    {
                        "type": "rich_text_section",
                        "elements": [
                            {
                                "type": "text",
                                "text": "OK, I'll come to the lab on Thursday as well. Thanks, see you there."
                            }
                        ]
                    }
                ]
            }
        ],
        "team": "TJPN85XRA",
        "user_team": "TJPN85XRA",
        "source_team": "TJPN85XRA",
        "user_profile": {
            "avatar_hash": "g42c2ce5401f",
            "image_72": "https:\/\/secure.gravatar.com\/avatar\/42c2ce5401fa3d0dbb12f023678632c4.jpg?s=72&d=https%3A%2F%2Fa.slack-edge.com%2Fdf10d%2Fimg%2Favatars%2Fava_0003-72.png",
            "first_name": "Gaël",
            "real_name": "Gaël",
            "display_name": "Gaël",
            "team": "TJPN85XRA",
            "name": "gael.moriceau",
            "is_restricted": false,
            "is_ultra_restricted": false
        },
        "thread_ts": "1681855399.646079",
        "parent_user_id": "U04S9FVGL5R"
    }
]