[
    {
        "client_msg_id": "3467e0f3-83cc-4e78-a532-5acd4ccc5fec",
        "type": "message",
        "text": "HI <@U010FMZRE4A> thanks for the clarification on T-patch.",
        "user": "U04S9FVGL5R",
        "ts": "1685380364.178489",
        "blocks": [
            {
                "type": "rich_text",
                "block_id": "CoM\/",
                "elements": [
                    {
                        "type": "rich_text_section",
                        "elements": [
                            {
                                "type": "text",
                                "text": "HI "
                            },
                            {
                                "type": "user",
                                "user_id": "U010FMZRE4A"
                            },
                            {
                                "type": "text",
                                "text": " thanks for the clarification on T-patch."
                            }
                        ]
                    }
                ]
            }
        ],
        "team": "TJPN85XRA",
        "user_team": "TJPN85XRA",
        "source_team": "TJPN85XRA",
        "user_profile": {
            "avatar_hash": "g42c2ce5401f",
            "image_72": "https:\/\/secure.gravatar.com\/avatar\/42c2ce5401fa3d0dbb12f023678632c4.jpg?s=72&d=https%3A%2F%2Fa.slack-edge.com%2Fdf10d%2Fimg%2Favatars%2Fava_0003-72.png",
            "first_name": "Gaël",
            "real_name": "Gaël",
            "display_name": "Gaël",
            "team": "TJPN85XRA",
            "name": "gael.moriceau",
            "is_restricted": false,
            "is_ultra_restricted": false
        },
        "thread_ts": "1681855399.646079",
        "parent_user_id": "U04S9FVGL5R"
    },
    {
        "client_msg_id": "34a0ec9e-197a-4d60-8d8c-df6617fb4343",
        "type": "message",
        "text": "Hi <@UJCU8BAAW>, Thanks for the info.\nI can have a look at the current code even though I'm not too familiar with C++.\nTesting the variables (threshold, array size etc...) seems a good idea.\nI'm willing to do such comparison. However, I wouldn't know how to modify the firmware nor flash it on a T-Stick. Would someone have time for this, or walk me through the process (if it's not too complicated)?",
        "user": "U04S9FVGL5R",
        "ts": "1685380468.531999",
        "blocks": [
            {
                "type": "rich_text",
                "block_id": "qfM",
                "elements": [
                    {
                        "type": "rich_text_section",
                        "elements": [
                            {
                                "type": "text",
                                "text": "Hi "
                            },
                            {
                                "type": "user",
                                "user_id": "UJCU8BAAW"
                            },
                            {
                                "type": "text",
                                "text": ", Thanks for the info.\nI can have a look at the current code even though I'm not too familiar with C++.\nTesting the variables (threshold, array size etc...) seems a good idea.\nI'm willing to do such comparison. However, I wouldn't know how to modify the firmware nor flash it on a T-Stick. Would someone have time for this, or walk me through the process (if it's not too complicated)?"
                            }
                        ]
                    }
                ]
            }
        ],
        "team": "TJPN85XRA",
        "user_team": "TJPN85XRA",
        "source_team": "TJPN85XRA",
        "user_profile": {
            "avatar_hash": "g42c2ce5401f",
            "image_72": "https:\/\/secure.gravatar.com\/avatar\/42c2ce5401fa3d0dbb12f023678632c4.jpg?s=72&d=https%3A%2F%2Fa.slack-edge.com%2Fdf10d%2Fimg%2Favatars%2Fava_0003-72.png",
            "first_name": "Gaël",
            "real_name": "Gaël",
            "display_name": "Gaël",
            "team": "TJPN85XRA",
            "name": "gael.moriceau",
            "is_restricted": false,
            "is_ultra_restricted": false
        },
        "edited": {
            "user": "U04S9FVGL5R",
            "ts": "1685380590.000000"
        },
        "thread_ts": "1681855399.646079",
        "parent_user_id": "U04S9FVGL5R"
    },
    {
        "client_msg_id": "71193967-f629-44d2-9cbb-ff647efba8fd",
        "type": "message",
        "text": "It is not complicated, but it will be way more efficient to have someone guiding you the first time: installing a software to code (e.g. VSCode), pointing where you should change the code, etc.",
        "user": "UJCU8BAAW",
        "ts": "1685380860.690019",
        "blocks": [
            {
                "type": "rich_text",
                "block_id": "Zwt3v",
                "elements": [
                    {
                        "type": "rich_text_section",
                        "elements": [
                            {
                                "type": "text",
                                "text": "It is not complicated, but it will be way more efficient to have someone guiding you the first time: installing a software to code (e.g. VSCode), pointing where you should change the code, etc."
                            }
                        ]
                    }
                ]
            }
        ],
        "team": "TJPN85XRA",
        "user_team": "TJPN85XRA",
        "source_team": "TJPN85XRA",
        "user_profile": {
            "avatar_hash": "d49c462f5537",
            "image_72": "https:\/\/avatars.slack-edge.com\/2021-06-14\/2154581376263_d49c462f5537edde8dbb_72.jpg",
            "first_name": "Edu",
            "real_name": "Edu Meneses",
            "display_name": "Edu Meneses",
            "team": "TJPN85XRA",
            "name": "eduardo.meneses",
            "is_restricted": false,
            "is_ultra_restricted": false
        },
        "thread_ts": "1681855399.646079",
        "parent_user_id": "U04S9FVGL5R"
    },
    {
        "client_msg_id": "aec86b88-f1d3-4c71-99f3-18918b782967",
        "type": "message",
        "text": "It might also be a bit time-consuming to change the values and upload the firmware all the time.  A good plan could be expose the parameters so you can change them in real time. I might get back to this library in a couple of weeks for another device and I can do it then.\n\nIf the problem is that you need to jab too strong to get a reading, maybe exposing the threshold would be enough to help you improve the device. I remember this hidden value was set a bit high as it was giving me many false positives....",
        "user": "UJCU8BAAW",
        "ts": "1685381179.626909",
        "blocks": [
            {
                "type": "rich_text",
                "block_id": "Wkh",
                "elements": [
                    {
                        "type": "rich_text_section",
                        "elements": [
                            {
                                "type": "text",
                                "text": "It might also be a bit time-consuming to change the values and upload the firmware all the time.  A good plan could be expose the parameters so you can change them in real time. I might get back to this library in a couple of weeks for another device and I can do it then.\n\nIf the problem is that you need to jab too strong to get a reading, maybe exposing the threshold would be enough to help you improve the device. I remember this hidden value was set a bit high as it was giving me many false positives...."
                            }
                        ]
                    }
                ]
            }
        ],
        "team": "TJPN85XRA",
        "user_team": "TJPN85XRA",
        "source_team": "TJPN85XRA",
        "user_profile": {
            "avatar_hash": "d49c462f5537",
            "image_72": "https:\/\/avatars.slack-edge.com\/2021-06-14\/2154581376263_d49c462f5537edde8dbb_72.jpg",
            "first_name": "Edu",
            "real_name": "Edu Meneses",
            "display_name": "Edu Meneses",
            "team": "TJPN85XRA",
            "name": "eduardo.meneses",
            "is_restricted": false,
            "is_ultra_restricted": false
        },
        "thread_ts": "1681855399.646079",
        "parent_user_id": "U04S9FVGL5R",
        "reactions": [
            {
                "name": "+1",
                "users": [
                    "U04S9FVGL5R"
                ],
                "count": 1
            }
        ]
    },
    {
        "client_msg_id": "38efc6ea-716c-40ae-8f49-8c37248f8085",
        "type": "message",
        "text": "OK, I'll try to catch someone in the lab to walk me through it. But, yes exposing the parameters would be more efficient. Let me know when you have a chance to work on the library...",
        "user": "U04S9FVGL5R",
        "ts": "1685388542.404609",
        "blocks": [
            {
                "type": "rich_text",
                "block_id": "yEY",
                "elements": [
                    {
                        "type": "rich_text_section",
                        "elements": [
                            {
                                "type": "text",
                                "text": "OK, I'll try to catch someone in the lab to walk me through it. But, yes exposing the parameters would be more efficient. Let me know when you have a chance to work on the library..."
                            }
                        ]
                    }
                ]
            }
        ],
        "team": "TJPN85XRA",
        "user_team": "TJPN85XRA",
        "source_team": "TJPN85XRA",
        "user_profile": {
            "avatar_hash": "g42c2ce5401f",
            "image_72": "https:\/\/secure.gravatar.com\/avatar\/42c2ce5401fa3d0dbb12f023678632c4.jpg?s=72&d=https%3A%2F%2Fa.slack-edge.com%2Fdf10d%2Fimg%2Favatars%2Fava_0003-72.png",
            "first_name": "Gaël",
            "real_name": "Gaël",
            "display_name": "Gaël",
            "team": "TJPN85XRA",
            "name": "gael.moriceau",
            "is_restricted": false,
            "is_ultra_restricted": false
        },
        "thread_ts": "1681855399.646079",
        "parent_user_id": "U04S9FVGL5R"
    }
]