[
    {
        "client_msg_id": "225b4756-b3d6-4e6b-93fc-aee0d31aed29",
        "type": "message",
        "text": "<@U010TD4329M> can you shed some light on the naming scheme for the older T-Sticks, e.g. `Sopranino-2GW-181`?",
        "user": "U029MNKJ0DR",
        "ts": "1679432199.236599",
        "blocks": [
            {
                "type": "rich_text",
                "block_id": "\/S5f",
                "elements": [
                    {
                        "type": "rich_text_section",
                        "elements": [
                            {
                                "type": "user",
                                "user_id": "U010TD4329M"
                            },
                            {
                                "type": "text",
                                "text": " can you shed some light on the naming scheme for the older T-Sticks, e.g. "
                            },
                            {
                                "type": "text",
                                "text": "Sopranino-2GW-181",
                                "style": {
                                    "code": true
                                }
                            },
                            {
                                "type": "text",
                                "text": "?"
                            }
                        ]
                    }
                ]
            }
        ],
        "team": "TJPN85XRA",
        "user_team": "TJPN85XRA",
        "source_team": "TJPN85XRA",
        "user_profile": {
            "avatar_hash": "f350669b1e49",
            "image_72": "https:\/\/avatars.slack-edge.com\/2021-07-29\/2324539512645_f350669b1e496193ea11_72.jpg",
            "first_name": "",
            "real_name": "Paul Buser",
            "display_name": "Paul Buser",
            "team": "TJPN85XRA",
            "name": "buser.paul",
            "is_restricted": false,
            "is_ultra_restricted": false
        },
        "thread_ts": "1679432199.236599",
        "reply_count": 2,
        "reply_users_count": 2,
        "latest_reply": "1679488314.117729",
        "reply_users": [
            "U029MNKJ0DR",
            "U010TD4329M"
        ],
        "replies": [
            {
                "user": "U029MNKJ0DR",
                "ts": "1679432223.460349"
            },
            {
                "user": "U010TD4329M",
                "ts": "1679488314.117729"
            }
        ],
        "is_locked": false,
        "subscribed": false
    },
    {
        "client_msg_id": "786ea880-b9db-4f32-829f-95421b21358a",
        "type": "message",
        "text": "I get that Sopranino is the size, and 181 is the serial number (I think), but what about the 2G\/2GW\/2GX designation?",
        "user": "U029MNKJ0DR",
        "ts": "1679432223.460349",
        "blocks": [
            {
                "type": "rich_text",
                "block_id": "J\/YQs",
                "elements": [
                    {
                        "type": "rich_text_section",
                        "elements": [
                            {
                                "type": "text",
                                "text": "I get that Sopranino is the size, and 181 is the serial number (I think), but what about the 2G\/2GW\/2GX designation?"
                            }
                        ]
                    }
                ]
            }
        ],
        "team": "TJPN85XRA",
        "user_team": "TJPN85XRA",
        "source_team": "TJPN85XRA",
        "user_profile": {
            "avatar_hash": "f350669b1e49",
            "image_72": "https:\/\/avatars.slack-edge.com\/2021-07-29\/2324539512645_f350669b1e496193ea11_72.jpg",
            "first_name": "",
            "real_name": "Paul Buser",
            "display_name": "Paul Buser",
            "team": "TJPN85XRA",
            "name": "buser.paul",
            "is_restricted": false,
            "is_ultra_restricted": false
        },
        "edited": {
            "user": "U029MNKJ0DR",
            "ts": "1679432272.000000"
        },
        "thread_ts": "1679432199.236599",
        "parent_user_id": "U029MNKJ0DR"
    },
    {
        "client_msg_id": "dc58ec7f-0d3e-40c5-8c5b-f7c44677ef47",
        "type": "message",
        "text": "Alex Nieva’s MA thesis discussed some of the older ones. <https:\/\/www.idmil.org\/publication\/maintenance-strategies-and-design-recommendations-on-input-devices-for-musical-expression\/> Edu\/Albert might have information on the newer Sopraninos.",
        "user": "UKGLCA1GS",
        "ts": "1679434589.259379",
        "blocks": [
            {
                "type": "rich_text",
                "block_id": "AAXMA",
                "elements": [
                    {
                        "type": "rich_text_section",
                        "elements": [
                            {
                                "type": "text",
                                "text": "Alex Nieva’s MA thesis discussed some of the older ones. "
                            },
                            {
                                "type": "link",
                                "url": "https:\/\/www.idmil.org\/publication\/maintenance-strategies-and-design-recommendations-on-input-devices-for-musical-expression\/"
                            },
                            {
                                "type": "text",
                                "text": " Edu\/Albert might have information on the newer Sopraninos."
                            }
                        ]
                    }
                ]
            }
        ],
        "team": "TJPN85XRA",
        "user_team": "TJPN85XRA",
        "source_team": "TJPN85XRA",
        "user_profile": {
            "avatar_hash": "82cc3b048607",
            "image_72": "https:\/\/avatars.slack-edge.com\/2022-07-25\/3850040330500_82cc3b048607f33add6e_72.jpg",
            "first_name": "",
            "real_name": "Marcelo Wanderley",
            "display_name": "Marcelo Wanderley",
            "team": "TJPN85XRA",
            "name": "marcelo.wanderley",
            "is_restricted": false,
            "is_ultra_restricted": false
        },
        "attachments": [
            {
                "from_url": "https:\/\/www.idmil.org\/publication\/maintenance-strategies-and-design-recommendations-on-input-devices-for-musical-expression\/",
                "service_icon": "https:\/\/www.idmil.org\/wp-content\/uploads\/2017\/03\/cropped-IDMIL-sq-rnd-180x180.png",
                "thumb_url": "https:\/\/www.idmil.org\/wp-content\/uploads\/2017\/03\/cropped-IDMIL-sq-rnd.png",
                "thumb_width": 512,
                "thumb_height": 512,
                "ts": 1612821434,
                "id": 1,
                "original_url": "https:\/\/www.idmil.org\/publication\/maintenance-strategies-and-design-recommendations-on-input-devices-for-musical-expression\/",
                "fallback": "IDMIL: Maintenance Strategies and Design Recommendations on Input Devices for Musical Expression",
                "text": "Visit the post for more.",
                "title": "Maintenance Strategies and Design Recommendations on Input Devices for Musical Expression",
                "title_link": "https:\/\/www.idmil.org\/publication\/maintenance-strategies-and-design-recommendations-on-input-devices-for-musical-expression\/",
                "service_name": "IDMIL"
            }
        ],
        "reactions": [
            {
                "name": "+1",
                "users": [
                    "U010TD4329M"
                ],
                "count": 1
            }
        ]
    }
]