[
    {
        "type": "message",
        "subtype": "channel_join",
        "ts": "1560366157.000200",
        "user": "UJR4DDS12",
        "text": "<@UJR4DDS12> has joined the channel",
        "inviter": "UJSJMACMC"
    },
    {
        "client_msg_id": "15ea9d0c-aa51-419d-8c39-7e8d768062b0",
        "type": "message",
        "text": "3D printer is now in the electronics lab.",
        "user": "UJSJMACMC",
        "ts": "1560366178.000500",
        "blocks": [
            {
                "type": "rich_text",
                "block_id": "tmr",
                "elements": [
                    {
                        "type": "rich_text_section",
                        "elements": [
                            {
                                "type": "text",
                                "text": "3D printer is now in the electronics lab."
                            }
                        ]
                    }
                ]
            }
        ],
        "team": "TJPN85XRA",
        "user_team": "TJPN85XRA",
        "source_team": "TJPN85XRA",
        "user_profile": {
            "avatar_hash": "g6469eb15662",
            "image_72": "https:\/\/secure.gravatar.com\/avatar\/f6469eb15662c142e04293e07926ec97.jpg?s=72&d=https%3A%2F%2Fa.slack-edge.com%2Fdf10d%2Fimg%2Favatars%2Fava_0025-72.png",
            "first_name": "",
            "real_name": "johnty",
            "display_name": "johnty",
            "team": "TJPN85XRA",
            "name": "johntywang",
            "is_restricted": false,
            "is_ultra_restricted": false
        }
    }
]