[
    {
        "type": "message",
        "subtype": "channel_join",
        "ts": "1557951820.000200",
        "user": "UJQ9N9KA9",
        "text": "<@UJQ9N9KA9> has joined the channel"
    },
    {
        "type": "message",
        "subtype": "channel_join",
        "ts": "1557951821.000500",
        "user": "UJCU8BAAW",
        "text": "<@UJCU8BAAW> has joined the channel",
        "inviter": "UJQ9N9KA9"
    },
    {
        "type": "message",
        "subtype": "channel_join",
        "ts": "1557951821.000700",
        "user": "UJQ7AKDA9",
        "text": "<@UJQ7AKDA9> has joined the channel",
        "inviter": "UJQ9N9KA9"
    },
    {
        "type": "message",
        "subtype": "channel_join",
        "ts": "1557951821.000900",
        "user": "UJSJMACMC",
        "text": "<@UJSJMACMC> has joined the channel",
        "inviter": "UJQ9N9KA9"
    },
    {
        "client_msg_id": "a899e441-af9d-48d0-a18c-9e2a09fd40d7",
        "type": "message",
        "text": "<!channel> Do you have feedback on your experience by using acrylic or wood for laser cutting parts in terms of 1) usability for your DMIs and 2) design contraints when fabricating at CIRMMT ?",
        "user": "UJQ9N9KA9",
        "ts": "1557951920.002500",
        "blocks": [
            {
                "type": "rich_text",
                "block_id": "AWlPT",
                "elements": [
                    {
                        "type": "rich_text_section",
                        "elements": [
                            {
                                "type": "broadcast",
                                "range": "channel"
                            },
                            {
                                "type": "text",
                                "text": " Do you have feedback on your experience by using acrylic or wood for laser cutting parts in terms of 1) usability for your DMIs and 2) design contraints when fabricating at CIRMMT ?"
                            }
                        ]
                    }
                ]
            }
        ],
        "team": "TJPN85XRA",
        "user_team": "TJPN85XRA",
        "source_team": "TJPN85XRA",
        "user_profile": {
            "avatar_hash": "3be35bf04429",
            "image_72": "https:\/\/avatars.slack-edge.com\/2023-08-28\/5813587733204_3be35bf044296c45bdde_72.jpg",
            "first_name": "",
            "real_name": "ChristianFrisson",
            "display_name": "ChristianFrisson",
            "team": "TJPN85XRA",
            "name": "christian.frisson",
            "is_restricted": false,
            "is_ultra_restricted": false
        }
    },
    {
        "client_msg_id": "18d39a5a-6f5c-4009-ac59-f3f06b158dfb",
        "type": "message",
        "text": "The “right” acrylic to use with the CIRMMT laser cutter has been a matter of some debate, without a clear cut answer (or more importantly, recommended supplier that we can confidently use). That said, generally speaking, all acrylic should be fine to use, though acrylic with plastic protective coating (like the black acrylic in the lab) shouldn’t be cut with the plastic sheet on. This is an issue though, because without it, the smoke from the cut leaves a mark on the acrylic surface that is very difficult to remove. Because of that, it is better to source acrylic that has a paper protective sheet.",
        "user": "UJQ7AKDA9",
        "ts": "1557952195.006100",
        "blocks": [
            {
                "type": "rich_text",
                "block_id": "BvR",
                "elements": [
                    {
                        "type": "rich_text_section",
                        "elements": [
                            {
                                "type": "text",
                                "text": "The “right” acrylic to use with the CIRMMT laser cutter has been a matter of some debate, without a clear cut answer (or more importantly, recommended supplier that we can confidently use). That said, generally speaking, all acrylic should be fine to use, though acrylic with plastic protective coating (like the black acrylic in the lab) shouldn’t be cut with the plastic sheet on. This is an issue though, because without it, the smoke from the cut leaves a mark on the acrylic surface that is very difficult to remove. Because of that, it is better to source acrylic that has a paper protective sheet."
                            }
                        ]
                    }
                ]
            }
        ],
        "team": "TJPN85XRA",
        "user_team": "TJPN85XRA",
        "source_team": "TJPN85XRA",
        "user_profile": {
            "avatar_hash": "1720101e5f4d",
            "image_72": "https:\/\/avatars.slack-edge.com\/2022-06-20\/3695655977380_1720101e5f4d2ee82bff_72.jpg",
            "first_name": "Johnny",
            "real_name": "Johnny Sullivan",
            "display_name": "Johnny",
            "team": "TJPN85XRA",
            "name": "john.sullivan2",
            "is_restricted": false,
            "is_ultra_restricted": false
        }
    },
    {
        "client_msg_id": "2999f568-6daa-4026-b4da-65c30f635216",
        "type": "message",
        "text": "(cont.) In terms of thickness, I have built instruments with 1\/8\" acrylic and found it a bit flimsy. I’m now using 1\/4\" (6mm) and like it much better. It is far more rigid. Less chance of breakage\/cracking, and just feels more solid.",
        "user": "UJQ7AKDA9",
        "ts": "1557952287.007600",
        "blocks": [
            {
                "type": "rich_text",
                "block_id": "MOU",
                "elements": [
                    {
                        "type": "rich_text_section",
                        "elements": [
                            {
                                "type": "text",
                                "text": "(cont.) In terms of thickness, I have built instruments with 1\/8\" acrylic and found it a bit flimsy. I’m now using 1\/4\" (6mm) and like it much better. It is far more rigid. Less chance of breakage\/cracking, and just feels more solid."
                            }
                        ]
                    }
                ]
            }
        ],
        "team": "TJPN85XRA",
        "user_team": "TJPN85XRA",
        "source_team": "TJPN85XRA",
        "user_profile": {
            "avatar_hash": "1720101e5f4d",
            "image_72": "https:\/\/avatars.slack-edge.com\/2022-06-20\/3695655977380_1720101e5f4d2ee82bff_72.jpg",
            "first_name": "Johnny",
            "real_name": "Johnny Sullivan",
            "display_name": "Johnny",
            "team": "TJPN85XRA",
            "name": "john.sullivan2",
            "is_restricted": false,
            "is_ultra_restricted": false
        }
    },
    {
        "client_msg_id": "93983c51-d64b-4842-9a7b-7443287c171a",
        "type": "message",
        "text": "(cont.) Wood: I haven’t cut any wood at CIRMMT, but the basic ground rules are: it must actually be a single piece of wood. No ply or composites are allowed, as the chemicals and other non-organic materials can;t be used with the machine. The laser cutter has a good exhaust filtration system, but does not vent directly to the outside, so that constricts what sort of noxious exhaust can be generated.",
        "user": "UJQ7AKDA9",
        "ts": "1557952516.010500",
        "blocks": [
            {
                "type": "rich_text",
                "block_id": "TgMfG",
                "elements": [
                    {
                        "type": "rich_text_section",
                        "elements": [
                            {
                                "type": "text",
                                "text": "(cont.) Wood: I haven’t cut any wood at CIRMMT, but the basic ground rules are: it must actually be a single piece of wood. No ply or composites are allowed, as the chemicals and other non-organic materials can;t be used with the machine. The laser cutter has a good exhaust filtration system, but does not vent directly to the outside, so that constricts what sort of noxious exhaust can be generated."
                            }
                        ]
                    }
                ]
            }
        ],
        "team": "TJPN85XRA",
        "user_team": "TJPN85XRA",
        "source_team": "TJPN85XRA",
        "user_profile": {
            "avatar_hash": "1720101e5f4d",
            "image_72": "https:\/\/avatars.slack-edge.com\/2022-06-20\/3695655977380_1720101e5f4d2ee82bff_72.jpg",
            "first_name": "Johnny",
            "real_name": "Johnny Sullivan",
            "display_name": "Johnny",
            "team": "TJPN85XRA",
            "name": "john.sullivan2",
            "is_restricted": false,
            "is_ultra_restricted": false
        }
    },
    {
        "client_msg_id": "1f0852d0-319f-4083-a921-5d128874184c",
        "type": "message",
        "text": "(cont.) Also cutting MDF is a hard no.",
        "user": "UJQ7AKDA9",
        "ts": "1557952539.011000",
        "blocks": [
            {
                "type": "rich_text",
                "block_id": "JT1",
                "elements": [
                    {
                        "type": "rich_text_section",
                        "elements": [
                            {
                                "type": "text",
                                "text": "(cont.) Also cutting MDF is a hard no."
                            }
                        ]
                    }
                ]
            }
        ],
        "team": "TJPN85XRA",
        "user_team": "TJPN85XRA",
        "source_team": "TJPN85XRA",
        "user_profile": {
            "avatar_hash": "1720101e5f4d",
            "image_72": "https:\/\/avatars.slack-edge.com\/2022-06-20\/3695655977380_1720101e5f4d2ee82bff_72.jpg",
            "first_name": "Johnny",
            "real_name": "Johnny Sullivan",
            "display_name": "Johnny",
            "team": "TJPN85XRA",
            "name": "john.sullivan2",
            "is_restricted": false,
            "is_ultra_restricted": false
        }
    },
    {
        "client_msg_id": "8e90a3b8-9d6c-47f6-b5b9-637294fd8ebc",
        "type": "message",
        "text": "Thanks <@UJQ7AKDA9>. The Defrost Tripod I am building was designed with 5mm-thick acrylic, closer to 1\/4\", so I guess it would also be flimsy if I'd use 1\/8\".",
        "user": "UJQ9N9KA9",
        "ts": "1557955063.012600",
        "blocks": [
            {
                "type": "rich_text",
                "block_id": "1qo2",
                "elements": [
                    {
                        "type": "rich_text_section",
                        "elements": [
                            {
                                "type": "text",
                                "text": "Thanks "
                            },
                            {
                                "type": "user",
                                "user_id": "UJQ7AKDA9"
                            },
                            {
                                "type": "text",
                                "text": ". The Defrost Tripod I am building was designed with 5mm-thick acrylic, closer to 1\/4\", so I guess it would also be flimsy if I'd use 1\/8\"."
                            }
                        ]
                    }
                ]
            }
        ],
        "team": "TJPN85XRA",
        "user_team": "TJPN85XRA",
        "source_team": "TJPN85XRA",
        "user_profile": {
            "avatar_hash": "3be35bf04429",
            "image_72": "https:\/\/avatars.slack-edge.com\/2023-08-28\/5813587733204_3be35bf044296c45bdde_72.jpg",
            "first_name": "",
            "real_name": "ChristianFrisson",
            "display_name": "ChristianFrisson",
            "team": "TJPN85XRA",
            "name": "christian.frisson",
            "is_restricted": false,
            "is_ultra_restricted": false
        }
    },
    {
        "client_msg_id": "e1e688a6-5a98-4f75-ac5a-e182f28e81bb",
        "type": "message",
        "text": "Now that I think of it, some laser cut parts are aimed at making a silicon mold. I guess that wood might get soaked if used as mold.",
        "user": "UJQ9N9KA9",
        "ts": "1557955142.013800",
        "blocks": [
            {
                "type": "rich_text",
                "block_id": "v0vi",
                "elements": [
                    {
                        "type": "rich_text_section",
                        "elements": [
                            {
                                "type": "text",
                                "text": "Now that I think of it, some laser cut parts are aimed at making a silicon mold. I guess that wood might get soaked if used as mold."
                            }
                        ]
                    }
                ]
            }
        ],
        "team": "TJPN85XRA",
        "user_team": "TJPN85XRA",
        "source_team": "TJPN85XRA",
        "user_profile": {
            "avatar_hash": "3be35bf04429",
            "image_72": "https:\/\/avatars.slack-edge.com\/2023-08-28\/5813587733204_3be35bf044296c45bdde_72.jpg",
            "first_name": "",
            "real_name": "ChristianFrisson",
            "display_name": "ChristianFrisson",
            "team": "TJPN85XRA",
            "name": "christian.frisson",
            "is_restricted": false,
            "is_ultra_restricted": false
        }
    },
    {
        "client_msg_id": "7d7e6662-91e2-4529-8982-ac0f43684ffd",
        "type": "message",
        "text": "Where do you source your 1\/4\" acrylic?",
        "user": "UJQ9N9KA9",
        "ts": "1557955162.014300",
        "blocks": [
            {
                "type": "rich_text",
                "block_id": "cx3",
                "elements": [
                    {
                        "type": "rich_text_section",
                        "elements": [
                            {
                                "type": "text",
                                "text": "Where do you source your 1\/4\" acrylic?"
                            }
                        ]
                    }
                ]
            }
        ],
        "team": "TJPN85XRA",
        "user_team": "TJPN85XRA",
        "source_team": "TJPN85XRA",
        "user_profile": {
            "avatar_hash": "3be35bf04429",
            "image_72": "https:\/\/avatars.slack-edge.com\/2023-08-28\/5813587733204_3be35bf044296c45bdde_72.jpg",
            "first_name": "",
            "real_name": "ChristianFrisson",
            "display_name": "ChristianFrisson",
            "team": "TJPN85XRA",
            "name": "christian.frisson",
            "is_restricted": false,
            "is_ultra_restricted": false
        }
    },
    {
        "client_msg_id": "5e914ba8-6293-40cd-ad95-4d5b482b8d6f",
        "type": "message",
        "text": "I contact Ivan, he was working with\n<https:\/\/www.polymershapes.com\/>\n1665 55th Ave, Dorval, QC H9P 2W3",
        "user": "UJQ9N9KA9",
        "ts": "1557955184.014700",
        "blocks": [
            {
                "type": "rich_text",
                "block_id": "laAh",
                "elements": [
                    {
                        "type": "rich_text_section",
                        "elements": [
                            {
                                "type": "text",
                                "text": "I contact Ivan, he was working with\n"
                            },
                            {
                                "type": "link",
                                "url": "https:\/\/www.polymershapes.com\/"
                            },
                            {
                                "type": "text",
                                "text": "\n1665 55th Ave, Dorval, QC H9P 2W3"
                            }
                        ]
                    }
                ]
            }
        ],
        "team": "TJPN85XRA",
        "user_team": "TJPN85XRA",
        "source_team": "TJPN85XRA",
        "user_profile": {
            "avatar_hash": "3be35bf04429",
            "image_72": "https:\/\/avatars.slack-edge.com\/2023-08-28\/5813587733204_3be35bf044296c45bdde_72.jpg",
            "first_name": "",
            "real_name": "ChristianFrisson",
            "display_name": "ChristianFrisson",
            "team": "TJPN85XRA",
            "name": "christian.frisson",
            "is_restricted": false,
            "is_ultra_restricted": false
        },
        "attachments": [
            {
                "service_name": "Polymershapes",
                "title": "Polymershapes - You're the Center of All We Do",
                "title_link": "https:\/\/www.polymershapes.com\/",
                "text": "Polymershapes stocks the products you need at a location near you. View Products by Type, Products by Application - Industry and Products by Regulatory Compliance.",
                "fallback": "Polymershapes: Polymershapes - You're the Center of All We Do",
                "from_url": "https:\/\/www.polymershapes.com\/",
                "id": 1,
                "original_url": "https:\/\/www.polymershapes.com\/"
            }
        ]
    }
]