[
    {
        "client_msg_id": "70982033-f996-4d27-a5a6-cc3bf90db7b0",
        "type": "message",
        "text": "Hi everyone, hope you are all well. Just to let you know we've decided to go back to Vancouver for a while to be closer with family (after appropriate quarantine measures of course). We hope to be back as soon as it makes sense to do so. Along that vein and within the subject of this channel, is anyone interested in my Ender 3 Pro? <@UJQ7AKDA9> <@UJQ9N9KA9> <@UJCU8BAAW> I'm about to deliver the last batch of around 100-120 ear savers to the nurse at Jewish General and it would be nice if they could remain in production. But of course I understand everyone is under time and space constraints, so no worries otherwise!",
        "user": "UJSJMACMC",
        "ts": "1588083386.004800",
        "blocks": [
            {
                "type": "rich_text",
                "block_id": "kUmg6",
                "elements": [
                    {
                        "type": "rich_text_section",
                        "elements": [
                            {
                                "type": "text",
                                "text": "Hi everyone, hope you are all well. Just to let you know we've decided to go back to Vancouver for a while to be closer with family (after appropriate quarantine measures of course). We hope to be back as soon as it makes sense to do so. Along that vein and within the subject of this channel, is anyone interested in my Ender 3 Pro? "
                            },
                            {
                                "type": "user",
                                "user_id": "UJQ7AKDA9"
                            },
                            {
                                "type": "text",
                                "text": " "
                            },
                            {
                                "type": "user",
                                "user_id": "UJQ9N9KA9"
                            },
                            {
                                "type": "text",
                                "text": " "
                            },
                            {
                                "type": "user",
                                "user_id": "UJCU8BAAW"
                            },
                            {
                                "type": "text",
                                "text": " I'm about to deliver the last batch of around 100-120 ear savers to the nurse at Jewish General and it would be nice if they could remain in production. But of course I understand everyone is under time and space constraints, so no worries otherwise!"
                            }
                        ]
                    }
                ]
            }
        ],
        "team": "TJPN85XRA",
        "user_team": "TJPN85XRA",
        "source_team": "TJPN85XRA",
        "user_profile": {
            "avatar_hash": "g6469eb15662",
            "image_72": "https:\/\/secure.gravatar.com\/avatar\/f6469eb15662c142e04293e07926ec97.jpg?s=72&d=https%3A%2F%2Fa.slack-edge.com%2Fdf10d%2Fimg%2Favatars%2Fava_0025-72.png",
            "first_name": "",
            "real_name": "johnty",
            "display_name": "johnty",
            "team": "TJPN85XRA",
            "name": "johntywang",
            "is_restricted": false,
            "is_ultra_restricted": false
        },
        "thread_ts": "1588083386.004800",
        "reply_count": 2,
        "reply_users_count": 1,
        "latest_reply": "1588086418.012800",
        "reply_users": [
            "UJQ9N9KA9"
        ],
        "replies": [
            {
                "user": "UJQ9N9KA9",
                "ts": "1588086387.012600"
            },
            {
                "user": "UJQ9N9KA9",
                "ts": "1588086418.012800"
            }
        ],
        "is_locked": false,
        "subscribed": true,
        "last_read": "1588086418.012800"
    },
    {
        "client_msg_id": "6e810861-3372-4288-8867-4c8bc138cff0",
        "type": "message",
        "text": "Good morning everyone. I would love to do it, but I don't have any safe space to set the printer (still working from the couch or bed). That being said, I'm waiting to see if they will open the labs soon, and my plan is to work from home (Bernardo will probably not be eligible to go back to daycare anything soon), using the lab to solder and 3D print only.",
        "user": "UJCU8BAAW",
        "ts": "1588084475.009600",
        "blocks": [
            {
                "type": "rich_text",
                "block_id": "SRTeI",
                "elements": [
                    {
                        "type": "rich_text_section",
                        "elements": [
                            {
                                "type": "text",
                                "text": "Good morning everyone. I would love to do it, but I don't have any safe space to set the printer (still working from the couch or bed). That being said, I'm waiting to see if they will open the labs soon, and my plan is to work from home (Bernardo will probably not be eligible to go back to daycare anything soon), using the lab to solder and 3D print only."
                            }
                        ]
                    }
                ]
            }
        ],
        "team": "TJPN85XRA",
        "user_team": "TJPN85XRA",
        "source_team": "TJPN85XRA",
        "user_profile": {
            "avatar_hash": "d49c462f5537",
            "image_72": "https:\/\/avatars.slack-edge.com\/2021-06-14\/2154581376263_d49c462f5537edde8dbb_72.jpg",
            "first_name": "Edu",
            "real_name": "Edu Meneses",
            "display_name": "Edu Meneses",
            "team": "TJPN85XRA",
            "name": "eduardo.meneses",
            "is_restricted": false,
            "is_ultra_restricted": false
        },
        "thread_ts": "1588084475.009600",
        "reply_count": 4,
        "reply_users_count": 2,
        "latest_reply": "1588095874.017400",
        "reply_users": [
            "UJQ9N9KA9",
            "UJCU8BAAW"
        ],
        "replies": [
            {
                "user": "UJQ9N9KA9",
                "ts": "1588086450.013000"
            },
            {
                "user": "UJCU8BAAW",
                "ts": "1588094935.013300"
            },
            {
                "user": "UJQ9N9KA9",
                "ts": "1588095849.017200"
            },
            {
                "user": "UJQ9N9KA9",
                "ts": "1588095874.017400"
            }
        ],
        "is_locked": false,
        "subscribed": false
    },
    {
        "client_msg_id": "af7e42bd-fb70-4021-85af-df03b97ee782",
        "type": "message",
        "text": "<@UJSJMACMC> <@UJCU8BAAW> I am happy to help and contribute. Can we discuss this in video later today with <@UKGLCA1GS> after Quebec has announced de-confinement plans and McGill has issued its statement?",
        "user": "UJQ9N9KA9",
        "ts": "1588085761.012400",
        "blocks": [
            {
                "type": "rich_text",
                "block_id": "X+Xb",
                "elements": [
                    {
                        "type": "rich_text_section",
                        "elements": [
                            {
                                "type": "user",
                                "user_id": "UJSJMACMC"
                            },
                            {
                                "type": "text",
                                "text": " "
                            },
                            {
                                "type": "user",
                                "user_id": "UJCU8BAAW"
                            },
                            {
                                "type": "text",
                                "text": " I am happy to help and contribute. Can we discuss this in video later today with "
                            },
                            {
                                "type": "user",
                                "user_id": "UKGLCA1GS"
                            },
                            {
                                "type": "text",
                                "text": " after Quebec has announced de-confinement plans and McGill has issued its statement?"
                            }
                        ]
                    }
                ]
            }
        ],
        "team": "TJPN85XRA",
        "user_team": "TJPN85XRA",
        "source_team": "TJPN85XRA",
        "user_profile": {
            "avatar_hash": "3be35bf04429",
            "image_72": "https:\/\/avatars.slack-edge.com\/2023-08-28\/5813587733204_3be35bf044296c45bdde_72.jpg",
            "first_name": "",
            "real_name": "ChristianFrisson",
            "display_name": "ChristianFrisson",
            "team": "TJPN85XRA",
            "name": "christian.frisson",
            "is_restricted": false,
            "is_ultra_restricted": false
        },
        "edited": {
            "user": "UJQ9N9KA9",
            "ts": "1588085790.000000"
        }
    },
    {
        "client_msg_id": "a6901b80-2cb5-49c1-9c2e-4fbd2ec4f11f",
        "type": "message",
        "text": "I am happy to pursue your printing efforts with whichever printer.",
        "user": "UJQ9N9KA9",
        "ts": "1588086387.012600",
        "blocks": [
            {
                "type": "rich_text",
                "block_id": "kaT",
                "elements": [
                    {
                        "type": "rich_text_section",
                        "elements": [
                            {
                                "type": "text",
                                "text": "I am happy to pursue your printing efforts with whichever printer."
                            }
                        ]
                    }
                ]
            }
        ],
        "team": "TJPN85XRA",
        "user_team": "TJPN85XRA",
        "source_team": "TJPN85XRA",
        "user_profile": {
            "avatar_hash": "3be35bf04429",
            "image_72": "https:\/\/avatars.slack-edge.com\/2023-08-28\/5813587733204_3be35bf044296c45bdde_72.jpg",
            "first_name": "",
            "real_name": "ChristianFrisson",
            "display_name": "ChristianFrisson",
            "team": "TJPN85XRA",
            "name": "christian.frisson",
            "is_restricted": false,
            "is_ultra_restricted": false
        },
        "thread_ts": "1588083386.004800",
        "parent_user_id": "UJSJMACMC"
    },
    {
        "client_msg_id": "81b26a9c-6bb3-4134-949b-4d1ab4b7e6b7",
        "type": "message",
        "text": "I hope you and your family can find safety!",
        "user": "UJQ9N9KA9",
        "ts": "1588086418.012800",
        "blocks": [
            {
                "type": "rich_text",
                "block_id": "+Ft",
                "elements": [
                    {
                        "type": "rich_text_section",
                        "elements": [
                            {
                                "type": "text",
                                "text": "I hope you and your family can find safety!"
                            }
                        ]
                    }
                ]
            }
        ],
        "team": "TJPN85XRA",
        "user_team": "TJPN85XRA",
        "source_team": "TJPN85XRA",
        "user_profile": {
            "avatar_hash": "3be35bf04429",
            "image_72": "https:\/\/avatars.slack-edge.com\/2023-08-28\/5813587733204_3be35bf044296c45bdde_72.jpg",
            "first_name": "",
            "real_name": "ChristianFrisson",
            "display_name": "ChristianFrisson",
            "team": "TJPN85XRA",
            "name": "christian.frisson",
            "is_restricted": false,
            "is_ultra_restricted": false
        },
        "thread_ts": "1588083386.004800",
        "parent_user_id": "UJSJMACMC",
        "reactions": [
            {
                "name": "heart",
                "users": [
                    "UJSJMACMC"
                ],
                "count": 1
            }
        ]
    },
    {
        "client_msg_id": "a65bff47-f193-4f81-ba3a-45721983e622",
        "type": "message",
        "text": "I am happy to pass to you the MT soldering iron and IDMIL printer if\/when you can find a safe space.",
        "user": "UJQ9N9KA9",
        "ts": "1588086450.013000",
        "blocks": [
            {
                "type": "rich_text",
                "block_id": "vH34Z",
                "elements": [
                    {
                        "type": "rich_text_section",
                        "elements": [
                            {
                                "type": "text",
                                "text": "I am happy to pass to you the MT soldering iron and IDMIL printer if\/when you can find a safe space."
                            }
                        ]
                    }
                ]
            }
        ],
        "team": "TJPN85XRA",
        "user_team": "TJPN85XRA",
        "source_team": "TJPN85XRA",
        "user_profile": {
            "avatar_hash": "3be35bf04429",
            "image_72": "https:\/\/avatars.slack-edge.com\/2023-08-28\/5813587733204_3be35bf044296c45bdde_72.jpg",
            "first_name": "",
            "real_name": "ChristianFrisson",
            "display_name": "ChristianFrisson",
            "team": "TJPN85XRA",
            "name": "christian.frisson",
            "is_restricted": false,
            "is_ultra_restricted": false
        },
        "edited": {
            "user": "UJQ9N9KA9",
            "ts": "1588086473.000000"
        },
        "thread_ts": "1588084475.009600",
        "parent_user_id": "UJCU8BAAW"
    },
    {
        "client_msg_id": "64d57dc0-ea8c-4007-aff1-07ed51ae6ca9",
        "type": "message",
        "text": "Aren't you using the printer?",
        "user": "UJCU8BAAW",
        "ts": "1588094935.013300",
        "blocks": [
            {
                "type": "rich_text",
                "block_id": "xUpH",
                "elements": [
                    {
                        "type": "rich_text_section",
                        "elements": [
                            {
                                "type": "text",
                                "text": "Aren't you using the printer?"
                            }
                        ]
                    }
                ]
            }
        ],
        "team": "TJPN85XRA",
        "user_team": "TJPN85XRA",
        "source_team": "TJPN85XRA",
        "user_profile": {
            "avatar_hash": "d49c462f5537",
            "image_72": "https:\/\/avatars.slack-edge.com\/2021-06-14\/2154581376263_d49c462f5537edde8dbb_72.jpg",
            "first_name": "Edu",
            "real_name": "Edu Meneses",
            "display_name": "Edu Meneses",
            "team": "TJPN85XRA",
            "name": "eduardo.meneses",
            "is_restricted": false,
            "is_ultra_restricted": false
        },
        "thread_ts": "1588084475.009600",
        "parent_user_id": "UJCU8BAAW"
    },
    {
        "client_msg_id": "399228ca-f1bb-4856-9ae2-b618dd733a50",
        "type": "message",
        "text": "<@UKGLCA1GS> <@UJQ9N9KA9> <@UJSJMACMC> if you're free this afternoon we could talk briefly",
        "user": "UJCU8BAAW",
        "ts": "1588095077.014400",
        "blocks": [
            {
                "type": "rich_text",
                "block_id": "gcm",
                "elements": [
                    {
                        "type": "rich_text_section",
                        "elements": [
                            {
                                "type": "user",
                                "user_id": "UKGLCA1GS"
                            },
                            {
                                "type": "text",
                                "text": " "
                            },
                            {
                                "type": "user",
                                "user_id": "UJQ9N9KA9"
                            },
                            {
                                "type": "text",
                                "text": " "
                            },
                            {
                                "type": "user",
                                "user_id": "UJSJMACMC"
                            },
                            {
                                "type": "text",
                                "text": " if you're free this afternoon we could talk briefly"
                            }
                        ]
                    }
                ]
            }
        ],
        "team": "TJPN85XRA",
        "user_team": "TJPN85XRA",
        "source_team": "TJPN85XRA",
        "user_profile": {
            "avatar_hash": "d49c462f5537",
            "image_72": "https:\/\/avatars.slack-edge.com\/2021-06-14\/2154581376263_d49c462f5537edde8dbb_72.jpg",
            "first_name": "Edu",
            "real_name": "Edu Meneses",
            "display_name": "Edu Meneses",
            "team": "TJPN85XRA",
            "name": "eduardo.meneses",
            "is_restricted": false,
            "is_ultra_restricted": false
        },
        "edited": {
            "user": "UJCU8BAAW",
            "ts": "1588095130.000000"
        },
        "reactions": [
            {
                "name": "heavy_check_mark",
                "users": [
                    "UJQ9N9KA9"
                ],
                "count": 1
            }
        ]
    },
    {
        "type": "message",
        "subtype": "channel_join",
        "ts": "1588095088.014600",
        "user": "UKGLCA1GS",
        "text": "<@UKGLCA1GS> has joined the channel",
        "inviter": "UJCU8BAAW"
    },
    {
        "client_msg_id": "65c6724e-8652-44a1-8c9f-0d0c8f830123",
        "type": "message",
        "text": "<@UJSJMACMC> what are the printer dimensions? Maybe I can put it in \"dining room\" if it is ~45cm deep",
        "user": "UJCU8BAAW",
        "ts": "1588095246.016700",
        "blocks": [
            {
                "type": "rich_text",
                "block_id": "8Hzb",
                "elements": [
                    {
                        "type": "rich_text_section",
                        "elements": [
                            {
                                "type": "user",
                                "user_id": "UJSJMACMC"
                            },
                            {
                                "type": "text",
                                "text": " what are the printer dimensions? Maybe I can put it in \"dining room\" if it is ~45cm deep"
                            }
                        ]
                    }
                ]
            }
        ],
        "team": "TJPN85XRA",
        "user_team": "TJPN85XRA",
        "source_team": "TJPN85XRA",
        "user_profile": {
            "avatar_hash": "d49c462f5537",
            "image_72": "https:\/\/avatars.slack-edge.com\/2021-06-14\/2154581376263_d49c462f5537edde8dbb_72.jpg",
            "first_name": "Edu",
            "real_name": "Edu Meneses",
            "display_name": "Edu Meneses",
            "team": "TJPN85XRA",
            "name": "eduardo.meneses",
            "is_restricted": false,
            "is_ultra_restricted": false
        }
    },
    {
        "type": "message",
        "text": "Right on this corner",
        "files": [
            {
                "id": "F012VQRGLN8",
                "mode": "hidden_by_limit"
            }
        ],
        "upload": true,
        "user": "UJCU8BAAW",
        "display_as_bot": false,
        "ts": "1588095263.016900",
        "blocks": [
            {
                "type": "rich_text",
                "block_id": "KkXz\/",
                "elements": [
                    {
                        "type": "rich_text_section",
                        "elements": [
                            {
                                "type": "text",
                                "text": "Right on this corner"
                            }
                        ]
                    }
                ]
            }
        ],
        "client_msg_id": "19186af3-cac4-4622-8953-c02282a7ba24"
    },
    {
        "client_msg_id": "d787e71b-812f-49ec-aded-5fcd79142819",
        "type": "message",
        "text": "Not as much as I would want to.",
        "user": "UJQ9N9KA9",
        "ts": "1588095849.017200",
        "blocks": [
            {
                "type": "rich_text",
                "block_id": "AhpPA",
                "elements": [
                    {
                        "type": "rich_text_section",
                        "elements": [
                            {
                                "type": "text",
                                "text": "Not as much as I would want to."
                            }
                        ]
                    }
                ]
            }
        ],
        "team": "TJPN85XRA",
        "user_team": "TJPN85XRA",
        "source_team": "TJPN85XRA",
        "user_profile": {
            "avatar_hash": "3be35bf04429",
            "image_72": "https:\/\/avatars.slack-edge.com\/2023-08-28\/5813587733204_3be35bf044296c45bdde_72.jpg",
            "first_name": "",
            "real_name": "ChristianFrisson",
            "display_name": "ChristianFrisson",
            "team": "TJPN85XRA",
            "name": "christian.frisson",
            "is_restricted": false,
            "is_ultra_restricted": false
        },
        "thread_ts": "1588084475.009600",
        "parent_user_id": "UJCU8BAAW"
    },
    {
        "client_msg_id": "5984f8a6-740c-4778-9e83-1eaa8f093ec4",
        "type": "message",
        "text": "Happy to keep it unless you can make a better use!",
        "user": "UJQ9N9KA9",
        "ts": "1588095874.017400",
        "blocks": [
            {
                "type": "rich_text",
                "block_id": "esO7P",
                "elements": [
                    {
                        "type": "rich_text_section",
                        "elements": [
                            {
                                "type": "text",
                                "text": "Happy to keep it unless you can make a better use!"
                            }
                        ]
                    }
                ]
            }
        ],
        "team": "TJPN85XRA",
        "user_team": "TJPN85XRA",
        "source_team": "TJPN85XRA",
        "user_profile": {
            "avatar_hash": "3be35bf04429",
            "image_72": "https:\/\/avatars.slack-edge.com\/2023-08-28\/5813587733204_3be35bf044296c45bdde_72.jpg",
            "first_name": "",
            "real_name": "ChristianFrisson",
            "display_name": "ChristianFrisson",
            "team": "TJPN85XRA",
            "name": "christian.frisson",
            "is_restricted": false,
            "is_ultra_restricted": false
        },
        "thread_ts": "1588084475.009600",
        "parent_user_id": "UJCU8BAAW"
    },
    {
        "client_msg_id": "9f948f96-114c-4e02-88c3-882faea6d331",
        "type": "message",
        "text": "you will likely need extra Y-axis clearance, but it *may* work if you have it sideways. (i.e. Y axis perpendicular to the wall).\n\none thing i'd be concerned about is ventilation though - i have it in a room with an extractor fan on the window.",
        "user": "UJSJMACMC",
        "ts": "1588096170.018900",
        "blocks": [
            {
                "type": "rich_text",
                "block_id": "PZOT2",
                "elements": [
                    {
                        "type": "rich_text_section",
                        "elements": [
                            {
                                "type": "text",
                                "text": "you will likely need extra Y-axis clearance, but it "
                            },
                            {
                                "type": "text",
                                "text": "may",
                                "style": {
                                    "bold": true
                                }
                            },
                            {
                                "type": "text",
                                "text": " work if you have it sideways. (i.e. Y axis perpendicular to the wall).\n\none thing i'd be concerned about is ventilation though - i have it in a room with an extractor fan on the window."
                            }
                        ]
                    }
                ]
            }
        ],
        "team": "TJPN85XRA",
        "user_team": "TJPN85XRA",
        "source_team": "TJPN85XRA",
        "user_profile": {
            "avatar_hash": "g6469eb15662",
            "image_72": "https:\/\/secure.gravatar.com\/avatar\/f6469eb15662c142e04293e07926ec97.jpg?s=72&d=https%3A%2F%2Fa.slack-edge.com%2Fdf10d%2Fimg%2Favatars%2Fava_0025-72.png",
            "first_name": "",
            "real_name": "johnty",
            "display_name": "johnty",
            "team": "TJPN85XRA",
            "name": "johntywang",
            "is_restricted": false,
            "is_ultra_restricted": false
        }
    },
    {
        "client_msg_id": "c625ff0b-d98c-4a47-bd85-4b4f3b75263d",
        "type": "message",
        "text": "Hum.... I forgot about ventilation. Maybe it's not a good idea for me to have it here, specially next to the dining table",
        "user": "UJCU8BAAW",
        "ts": "1588096454.020900",
        "blocks": [
            {
                "type": "rich_text",
                "block_id": "bPLT",
                "elements": [
                    {
                        "type": "rich_text_section",
                        "elements": [
                            {
                                "type": "text",
                                "text": "Hum.... I forgot about ventilation. Maybe it's not a good idea for me to have it here, specially next to the dining table"
                            }
                        ]
                    }
                ]
            }
        ],
        "team": "TJPN85XRA",
        "user_team": "TJPN85XRA",
        "source_team": "TJPN85XRA",
        "user_profile": {
            "avatar_hash": "d49c462f5537",
            "image_72": "https:\/\/avatars.slack-edge.com\/2021-06-14\/2154581376263_d49c462f5537edde8dbb_72.jpg",
            "first_name": "Edu",
            "real_name": "Edu Meneses",
            "display_name": "Edu Meneses",
            "team": "TJPN85XRA",
            "name": "eduardo.meneses",
            "is_restricted": false,
            "is_ultra_restricted": false
        }
    },
    {
        "client_msg_id": "2399d258-4d99-454d-8aad-83412e506fe1",
        "type": "message",
        "text": "just measured - yes dimensionally it will fit - the printer is only about 40cm wide (along the x-axis), and there is no movement beyond the extent of the base in this axis.\n\nyeah i wouldn't put it in the dining room",
        "user": "UJSJMACMC",
        "ts": "1588096466.021200",
        "blocks": [
            {
                "type": "rich_text",
                "block_id": "gfI",
                "elements": [
                    {
                        "type": "rich_text_section",
                        "elements": [
                            {
                                "type": "text",
                                "text": "just measured - yes dimensionally it will fit - the printer is only about 40cm wide (along the x-axis), and there is no movement beyond the extent of the base in this axis.\n\nyeah i wouldn't put it in the dining room"
                            }
                        ]
                    }
                ]
            }
        ],
        "team": "TJPN85XRA",
        "user_team": "TJPN85XRA",
        "source_team": "TJPN85XRA",
        "user_profile": {
            "avatar_hash": "g6469eb15662",
            "image_72": "https:\/\/secure.gravatar.com\/avatar\/f6469eb15662c142e04293e07926ec97.jpg?s=72&d=https%3A%2F%2Fa.slack-edge.com%2Fdf10d%2Fimg%2Favatars%2Fava_0025-72.png",
            "first_name": "",
            "real_name": "johnty",
            "display_name": "johnty",
            "team": "TJPN85XRA",
            "name": "johntywang",
            "is_restricted": false,
            "is_ultra_restricted": false
        }
    },
    {
        "client_msg_id": "61b9384b-429a-4823-bca3-a0158012cf2c",
        "type": "message",
        "text": "Is PLA toxic when heated?",
        "user": "UJQ9N9KA9",
        "ts": "1588096474.021500",
        "blocks": [
            {
                "type": "rich_text",
                "block_id": "svRBm",
                "elements": [
                    {
                        "type": "rich_text_section",
                        "elements": [
                            {
                                "type": "text",
                                "text": "Is PLA toxic when heated?"
                            }
                        ]
                    }
                ]
            }
        ],
        "team": "TJPN85XRA",
        "user_team": "TJPN85XRA",
        "source_team": "TJPN85XRA",
        "user_profile": {
            "avatar_hash": "3be35bf04429",
            "image_72": "https:\/\/avatars.slack-edge.com\/2023-08-28\/5813587733204_3be35bf044296c45bdde_72.jpg",
            "first_name": "",
            "real_name": "ChristianFrisson",
            "display_name": "ChristianFrisson",
            "team": "TJPN85XRA",
            "name": "christian.frisson",
            "is_restricted": false,
            "is_ultra_restricted": false
        }
    },
    {
        "client_msg_id": "bc0ea53a-2c08-4ec7-a10c-9752fccf4b05",
        "type": "message",
        "text": "its not supposed to be at those temperatures, but there will be an odor",
        "user": "UJSJMACMC",
        "ts": "1588096488.021800",
        "blocks": [
            {
                "type": "rich_text",
                "block_id": "VScmp",
                "elements": [
                    {
                        "type": "rich_text_section",
                        "elements": [
                            {
                                "type": "text",
                                "text": "its not supposed to be at those temperatures, but there will be an odor"
                            }
                        ]
                    }
                ]
            }
        ],
        "team": "TJPN85XRA",
        "user_team": "TJPN85XRA",
        "source_team": "TJPN85XRA",
        "user_profile": {
            "avatar_hash": "g6469eb15662",
            "image_72": "https:\/\/secure.gravatar.com\/avatar\/f6469eb15662c142e04293e07926ec97.jpg?s=72&d=https%3A%2F%2Fa.slack-edge.com%2Fdf10d%2Fimg%2Favatars%2Fava_0025-72.png",
            "first_name": "",
            "real_name": "johnty",
            "display_name": "johnty",
            "team": "TJPN85XRA",
            "name": "johntywang",
            "is_restricted": false,
            "is_ultra_restricted": false
        }
    },
    {
        "client_msg_id": "42a1bf0f-d020-4b51-9a9d-4343c176ea68",
        "type": "message",
        "text": "it is relatively mild, but definitely noticeable.",
        "user": "UJSJMACMC",
        "ts": "1588096501.022100",
        "blocks": [
            {
                "type": "rich_text",
                "block_id": "ri2",
                "elements": [
                    {
                        "type": "rich_text_section",
                        "elements": [
                            {
                                "type": "text",
                                "text": "it is relatively mild, but definitely noticeable."
                            }
                        ]
                    }
                ]
            }
        ],
        "team": "TJPN85XRA",
        "user_team": "TJPN85XRA",
        "source_team": "TJPN85XRA",
        "user_profile": {
            "avatar_hash": "g6469eb15662",
            "image_72": "https:\/\/secure.gravatar.com\/avatar\/f6469eb15662c142e04293e07926ec97.jpg?s=72&d=https%3A%2F%2Fa.slack-edge.com%2Fdf10d%2Fimg%2Favatars%2Fava_0025-72.png",
            "first_name": "",
            "real_name": "johnty",
            "display_name": "johnty",
            "team": "TJPN85XRA",
            "name": "johntywang",
            "is_restricted": false,
            "is_ultra_restricted": false
        }
    },
    {
        "client_msg_id": "1edb680a-5a93-4cbc-b75c-1cfb7a8c0c96",
        "type": "message",
        "text": "with good ventilation you don't really notice it, but if its in a closed room you'll definitely smell something",
        "user": "UJSJMACMC",
        "ts": "1588096588.023500",
        "blocks": [
            {
                "type": "rich_text",
                "block_id": "bTj",
                "elements": [
                    {
                        "type": "rich_text_section",
                        "elements": [
                            {
                                "type": "text",
                                "text": "with good ventilation you don't really notice it, but if its in a closed room you'll definitely smell something"
                            }
                        ]
                    }
                ]
            }
        ],
        "team": "TJPN85XRA",
        "user_team": "TJPN85XRA",
        "source_team": "TJPN85XRA",
        "user_profile": {
            "avatar_hash": "g6469eb15662",
            "image_72": "https:\/\/secure.gravatar.com\/avatar\/f6469eb15662c142e04293e07926ec97.jpg?s=72&d=https%3A%2F%2Fa.slack-edge.com%2Fdf10d%2Fimg%2Favatars%2Fava_0025-72.png",
            "first_name": "",
            "real_name": "johnty",
            "display_name": "johnty",
            "team": "TJPN85XRA",
            "name": "johntywang",
            "is_restricted": false,
            "is_ultra_restricted": false
        }
    },
    {
        "client_msg_id": "66699ba0-bd92-4883-b523-0b7263ce6c1e",
        "type": "message",
        "text": "not something i'd try to convince a spouse to accept, hazardous or not :stuck_out_tongue:",
        "user": "UJSJMACMC",
        "ts": "1588096599.023800",
        "blocks": [
            {
                "type": "rich_text",
                "block_id": "M+GQ",
                "elements": [
                    {
                        "type": "rich_text_section",
                        "elements": [
                            {
                                "type": "text",
                                "text": "not something i'd try to convince a spouse to accept, hazardous or not "
                            },
                            {
                                "type": "emoji",
                                "name": "stuck_out_tongue",
                                "unicode": "1f61b"
                            }
                        ]
                    }
                ]
            }
        ],
        "team": "TJPN85XRA",
        "user_team": "TJPN85XRA",
        "source_team": "TJPN85XRA",
        "user_profile": {
            "avatar_hash": "g6469eb15662",
            "image_72": "https:\/\/secure.gravatar.com\/avatar\/f6469eb15662c142e04293e07926ec97.jpg?s=72&d=https%3A%2F%2Fa.slack-edge.com%2Fdf10d%2Fimg%2Favatars%2Fava_0025-72.png",
            "first_name": "",
            "real_name": "johnty",
            "display_name": "johnty",
            "team": "TJPN85XRA",
            "name": "johntywang",
            "is_restricted": false,
            "is_ultra_restricted": false
        }
    },
    {
        "client_msg_id": "aee70d4c-b807-4694-a29a-5cd1342ba7c2",
        "type": "message",
        "text": "I would have been unexpected toxicity if PLA is \"typically made from fermented plant starch such as from <https:\/\/en.wikipedia.org\/wiki\/Corn_starch|corn>, <https:\/\/en.wikipedia.org\/wiki\/Cassava|cassava>, <https:\/\/en.wikipedia.org\/wiki\/Sugarcane|sugarcane> or <https:\/\/en.wikipedia.org\/wiki\/Beet_pulp|sugar beet pulp>.\"",
        "user": "UJQ9N9KA9",
        "ts": "1588096668.024300",
        "blocks": [
            {
                "type": "rich_text",
                "block_id": "xLa",
                "elements": [
                    {
                        "type": "rich_text_section",
                        "elements": [
                            {
                                "type": "text",
                                "text": "I would have been unexpected toxicity if PLA is \"typically made from fermented plant starch such as from "
                            },
                            {
                                "type": "link",
                                "url": "https:\/\/en.wikipedia.org\/wiki\/Corn_starch",
                                "text": "corn"
                            },
                            {
                                "type": "text",
                                "text": ", "
                            },
                            {
                                "type": "link",
                                "url": "https:\/\/en.wikipedia.org\/wiki\/Cassava",
                                "text": "cassava"
                            },
                            {
                                "type": "text",
                                "text": ", "
                            },
                            {
                                "type": "link",
                                "url": "https:\/\/en.wikipedia.org\/wiki\/Sugarcane",
                                "text": "sugarcane"
                            },
                            {
                                "type": "text",
                                "text": " or "
                            },
                            {
                                "type": "link",
                                "url": "https:\/\/en.wikipedia.org\/wiki\/Beet_pulp",
                                "text": "sugar beet pulp"
                            },
                            {
                                "type": "text",
                                "text": ".\""
                            }
                        ]
                    }
                ]
            }
        ],
        "team": "TJPN85XRA",
        "user_team": "TJPN85XRA",
        "source_team": "TJPN85XRA",
        "user_profile": {
            "avatar_hash": "3be35bf04429",
            "image_72": "https:\/\/avatars.slack-edge.com\/2023-08-28\/5813587733204_3be35bf044296c45bdde_72.jpg",
            "first_name": "",
            "real_name": "ChristianFrisson",
            "display_name": "ChristianFrisson",
            "team": "TJPN85XRA",
            "name": "christian.frisson",
            "is_restricted": false,
            "is_ultra_restricted": false
        },
        "edited": {
            "user": "UJQ9N9KA9",
            "ts": "1588097014.000000"
        }
    },
    {
        "client_msg_id": "b8d57f1e-858d-4c9a-a9ce-c83c7222cf6d",
        "type": "message",
        "text": "From <https:\/\/en.wikipedia.org\/wiki\/Polylactic_acid>",
        "user": "UJQ9N9KA9",
        "ts": "1588096694.025000",
        "blocks": [
            {
                "type": "rich_text",
                "block_id": "YzMQH",
                "elements": [
                    {
                        "type": "rich_text_section",
                        "elements": [
                            {
                                "type": "text",
                                "text": "From "
                            },
                            {
                                "type": "link",
                                "url": "https:\/\/en.wikipedia.org\/wiki\/Polylactic_acid"
                            }
                        ]
                    }
                ]
            }
        ],
        "team": "TJPN85XRA",
        "user_team": "TJPN85XRA",
        "source_team": "TJPN85XRA",
        "user_profile": {
            "avatar_hash": "3be35bf04429",
            "image_72": "https:\/\/avatars.slack-edge.com\/2023-08-28\/5813587733204_3be35bf044296c45bdde_72.jpg",
            "first_name": "",
            "real_name": "ChristianFrisson",
            "display_name": "ChristianFrisson",
            "team": "TJPN85XRA",
            "name": "christian.frisson",
            "is_restricted": false,
            "is_ultra_restricted": false
        },
        "edited": {
            "user": "UJQ9N9KA9",
            "ts": "1588096699.000000"
        }
    },
    {
        "client_msg_id": "30d7396c-6be0-4140-8de7-eb0186b47809",
        "type": "message",
        "text": "But if (smell != unnoticeable) { \n    spouse = angry\n}",
        "user": "UJCU8BAAW",
        "ts": "1588097026.026700",
        "blocks": [
            {
                "type": "rich_text",
                "block_id": "4eFJJ",
                "elements": [
                    {
                        "type": "rich_text_section",
                        "elements": [
                            {
                                "type": "text",
                                "text": "But if (smell != unnoticeable) { \n    spouse = angry\n}"
                            }
                        ]
                    }
                ]
            }
        ],
        "team": "TJPN85XRA",
        "user_team": "TJPN85XRA",
        "source_team": "TJPN85XRA",
        "user_profile": {
            "avatar_hash": "d49c462f5537",
            "image_72": "https:\/\/avatars.slack-edge.com\/2021-06-14\/2154581376263_d49c462f5537edde8dbb_72.jpg",
            "first_name": "Edu",
            "real_name": "Edu Meneses",
            "display_name": "Edu Meneses",
            "team": "TJPN85XRA",
            "name": "eduardo.meneses",
            "is_restricted": false,
            "is_ultra_restricted": false
        }
    },
    {
        "client_msg_id": "75bd4530-3ba3-4be5-8991-1cea0573f2c3",
        "type": "message",
        "text": "Haven't tried to 3dprint popcorn though :slightly_smiling_face:",
        "user": "UJQ9N9KA9",
        "ts": "1588097036.027000",
        "blocks": [
            {
                "type": "rich_text",
                "block_id": "AoTlA",
                "elements": [
                    {
                        "type": "rich_text_section",
                        "elements": [
                            {
                                "type": "text",
                                "text": "Haven't tried to 3dprint popcorn though "
                            },
                            {
                                "type": "emoji",
                                "name": "slightly_smiling_face",
                                "unicode": "1f642"
                            }
                        ]
                    }
                ]
            }
        ],
        "team": "TJPN85XRA",
        "user_team": "TJPN85XRA",
        "source_team": "TJPN85XRA",
        "user_profile": {
            "avatar_hash": "3be35bf04429",
            "image_72": "https:\/\/avatars.slack-edge.com\/2023-08-28\/5813587733204_3be35bf044296c45bdde_72.jpg",
            "first_name": "",
            "real_name": "ChristianFrisson",
            "display_name": "ChristianFrisson",
            "team": "TJPN85XRA",
            "name": "christian.frisson",
            "is_restricted": false,
            "is_ultra_restricted": false
        }
    },
    {
        "type": "message",
        "text": "",
        "files": [
            {
                "id": "F013DH2P1GQ",
                "mode": "hidden_by_limit"
            }
        ],
        "upload": true,
        "user": "UJSJMACMC",
        "display_as_bot": false,
        "ts": "1588097088.027600",
        "blocks": [
            {
                "type": "rich_text",
                "block_id": "pGI81",
                "elements": []
            }
        ],
        "client_msg_id": "5CC0CD1E-A7D4-4FFC-9369-E7F41B770D86"
    },
    {
        "client_msg_id": "2C0049FF-7202-4457-9734-E96D23CB170B",
        "type": "message",
        "text": "This is what I do in that room. A 110CFM muffin fan - about the same performance as a typical bathroom extractor.",
        "user": "UJSJMACMC",
        "ts": "1588097159.029200",
        "blocks": [
            {
                "type": "rich_text",
                "block_id": "wPNM",
                "elements": [
                    {
                        "type": "rich_text_section",
                        "elements": [
                            {
                                "type": "text",
                                "text": "This is what I do in that room. A 110CFM muffin fan - about the same performance as a typical bathroom extractor."
                            }
                        ]
                    }
                ]
            }
        ],
        "team": "TJPN85XRA",
        "user_team": "TJPN85XRA",
        "source_team": "TJPN85XRA",
        "user_profile": {
            "avatar_hash": "g6469eb15662",
            "image_72": "https:\/\/secure.gravatar.com\/avatar\/f6469eb15662c142e04293e07926ec97.jpg?s=72&d=https%3A%2F%2Fa.slack-edge.com%2Fdf10d%2Fimg%2Favatars%2Fava_0025-72.png",
            "first_name": "",
            "real_name": "johnty",
            "display_name": "johnty",
            "team": "TJPN85XRA",
            "name": "johntywang",
            "is_restricted": false,
            "is_ultra_restricted": false
        }
    },
    {
        "client_msg_id": "f7d38090-0ccd-47c1-912e-31b199b7b987",
        "type": "message",
        "text": "anyway, #1 priority is to remain sane and healthy in the midst of all this, so perhaps best to not push things too far...",
        "user": "UJSJMACMC",
        "ts": "1588097891.029800",
        "blocks": [
            {
                "type": "rich_text",
                "block_id": "T=J",
                "elements": [
                    {
                        "type": "rich_text_section",
                        "elements": [
                            {
                                "type": "text",
                                "text": "anyway, #1 priority is to remain sane and healthy in the midst of all this, so perhaps best to not push things too far..."
                            }
                        ]
                    }
                ]
            }
        ],
        "team": "TJPN85XRA",
        "user_team": "TJPN85XRA",
        "source_team": "TJPN85XRA",
        "user_profile": {
            "avatar_hash": "g6469eb15662",
            "image_72": "https:\/\/secure.gravatar.com\/avatar\/f6469eb15662c142e04293e07926ec97.jpg?s=72&d=https%3A%2F%2Fa.slack-edge.com%2Fdf10d%2Fimg%2Favatars%2Fava_0025-72.png",
            "first_name": "",
            "real_name": "johnty",
            "display_name": "johnty",
            "team": "TJPN85XRA",
            "name": "johntywang",
            "is_restricted": false,
            "is_ultra_restricted": false
        },
        "edited": {
            "user": "UJSJMACMC",
            "ts": "1588097935.000000"
        }
    },
    {
        "client_msg_id": "7d0cd8b1-769a-4457-b029-d4f8b2345cf1",
        "type": "message",
        "text": "Agreed",
        "user": "UJQ9N9KA9",
        "ts": "1588097900.030000",
        "blocks": [
            {
                "type": "rich_text",
                "block_id": "fzOI",
                "elements": [
                    {
                        "type": "rich_text_section",
                        "elements": [
                            {
                                "type": "text",
                                "text": "Agreed"
                            }
                        ]
                    }
                ]
            }
        ],
        "team": "TJPN85XRA",
        "user_team": "TJPN85XRA",
        "source_team": "TJPN85XRA",
        "user_profile": {
            "avatar_hash": "3be35bf04429",
            "image_72": "https:\/\/avatars.slack-edge.com\/2023-08-28\/5813587733204_3be35bf044296c45bdde_72.jpg",
            "first_name": "",
            "real_name": "ChristianFrisson",
            "display_name": "ChristianFrisson",
            "team": "TJPN85XRA",
            "name": "christian.frisson",
            "is_restricted": false,
            "is_ultra_restricted": false
        }
    },
    {
        "client_msg_id": "793f2672-dcc6-466b-bef5-4f06181c0fda",
        "type": "message",
        "text": "Totally",
        "user": "UJQ9N9KA9",
        "ts": "1588097903.030200",
        "blocks": [
            {
                "type": "rich_text",
                "block_id": "4=A9",
                "elements": [
                    {
                        "type": "rich_text_section",
                        "elements": [
                            {
                                "type": "text",
                                "text": "Totally"
                            }
                        ]
                    }
                ]
            }
        ],
        "team": "TJPN85XRA",
        "user_team": "TJPN85XRA",
        "source_team": "TJPN85XRA",
        "user_profile": {
            "avatar_hash": "3be35bf04429",
            "image_72": "https:\/\/avatars.slack-edge.com\/2023-08-28\/5813587733204_3be35bf044296c45bdde_72.jpg",
            "first_name": "",
            "real_name": "ChristianFrisson",
            "display_name": "ChristianFrisson",
            "team": "TJPN85XRA",
            "name": "christian.frisson",
            "is_restricted": false,
            "is_ultra_restricted": false
        }
    },
    {
        "client_msg_id": "974d8309-8f5a-4806-881f-cb43f9af9ef5",
        "type": "message",
        "text": "How are you handling the situation?",
        "user": "UJQ9N9KA9",
        "ts": "1588097949.031000",
        "blocks": [
            {
                "type": "rich_text",
                "block_id": "hM26",
                "elements": [
                    {
                        "type": "rich_text_section",
                        "elements": [
                            {
                                "type": "text",
                                "text": "How are you handling the situation?"
                            }
                        ]
                    }
                ]
            }
        ],
        "team": "TJPN85XRA",
        "user_team": "TJPN85XRA",
        "source_team": "TJPN85XRA",
        "user_profile": {
            "avatar_hash": "3be35bf04429",
            "image_72": "https:\/\/avatars.slack-edge.com\/2023-08-28\/5813587733204_3be35bf044296c45bdde_72.jpg",
            "first_name": "",
            "real_name": "ChristianFrisson",
            "display_name": "ChristianFrisson",
            "team": "TJPN85XRA",
            "name": "christian.frisson",
            "is_restricted": false,
            "is_ultra_restricted": false
        }
    },
    {
        "client_msg_id": "ee638ccc-9a54-4f9e-ab50-540008b27e1f",
        "type": "message",
        "text": "try to set a routine\/schedule for the kids every day. but mostly as a guideline and no pressure to follow it exactly. it works most of the time. as a result and trying to prioritize certain things extensive amounts of time to work\/concentrate is greatly diminished.",
        "user": "UJSJMACMC",
        "ts": "1588098069.032700",
        "blocks": [
            {
                "type": "rich_text",
                "block_id": "UxniL",
                "elements": [
                    {
                        "type": "rich_text_section",
                        "elements": [
                            {
                                "type": "text",
                                "text": "try to set a routine\/schedule for the kids every day. but mostly as a guideline and no pressure to follow it exactly. it works most of the time. as a result and trying to prioritize certain things extensive amounts of time to work\/concentrate is greatly diminished."
                            }
                        ]
                    }
                ]
            }
        ],
        "team": "TJPN85XRA",
        "user_team": "TJPN85XRA",
        "source_team": "TJPN85XRA",
        "user_profile": {
            "avatar_hash": "g6469eb15662",
            "image_72": "https:\/\/secure.gravatar.com\/avatar\/f6469eb15662c142e04293e07926ec97.jpg?s=72&d=https%3A%2F%2Fa.slack-edge.com%2Fdf10d%2Fimg%2Favatars%2Fava_0025-72.png",
            "first_name": "",
            "real_name": "johnty",
            "display_name": "johnty",
            "team": "TJPN85XRA",
            "name": "johntywang",
            "is_restricted": false,
            "is_ultra_restricted": false
        }
    },
    {
        "client_msg_id": "967bbbc4-0540-41cd-9f97-05dc7da9935e",
        "type": "message",
        "text": "Parenting sounds like a full-time job indeed.",
        "user": "UJQ9N9KA9",
        "ts": "1588098197.033200",
        "blocks": [
            {
                "type": "rich_text",
                "block_id": "+X1",
                "elements": [
                    {
                        "type": "rich_text_section",
                        "elements": [
                            {
                                "type": "text",
                                "text": "Parenting sounds like a full-time job indeed."
                            }
                        ]
                    }
                ]
            }
        ],
        "team": "TJPN85XRA",
        "user_team": "TJPN85XRA",
        "source_team": "TJPN85XRA",
        "user_profile": {
            "avatar_hash": "3be35bf04429",
            "image_72": "https:\/\/avatars.slack-edge.com\/2023-08-28\/5813587733204_3be35bf044296c45bdde_72.jpg",
            "first_name": "",
            "real_name": "ChristianFrisson",
            "display_name": "ChristianFrisson",
            "team": "TJPN85XRA",
            "name": "christian.frisson",
            "is_restricted": false,
            "is_ultra_restricted": false
        }
    },
    {
        "client_msg_id": "2f3b2f19-3327-4a6c-808f-33069f005b12",
        "type": "message",
        "text": "Here are the news from Quebec in English about \"Gradual resumption of activities under the COVID-19-related pause\" <https:\/\/www.quebec.ca\/en\/health\/health-issues\/a-z\/2019-coronavirus\/gradual-resumption-activities-covid19-related-pause\/>",
        "user": "UJQ9N9KA9",
        "ts": "1588098586.033800",
        "blocks": [
            {
                "type": "rich_text",
                "block_id": "CDa",
                "elements": [
                    {
                        "type": "rich_text_section",
                        "elements": [
                            {
                                "type": "text",
                                "text": "Here are the news from Quebec in English about \"Gradual resumption of activities under the COVID-19-related pause\" "
                            },
                            {
                                "type": "link",
                                "url": "https:\/\/www.quebec.ca\/en\/health\/health-issues\/a-z\/2019-coronavirus\/gradual-resumption-activities-covid19-related-pause\/"
                            }
                        ]
                    }
                ]
            }
        ],
        "team": "TJPN85XRA",
        "user_team": "TJPN85XRA",
        "source_team": "TJPN85XRA",
        "user_profile": {
            "avatar_hash": "3be35bf04429",
            "image_72": "https:\/\/avatars.slack-edge.com\/2023-08-28\/5813587733204_3be35bf044296c45bdde_72.jpg",
            "first_name": "",
            "real_name": "ChristianFrisson",
            "display_name": "ChristianFrisson",
            "team": "TJPN85XRA",
            "name": "christian.frisson",
            "is_restricted": false,
            "is_ultra_restricted": false
        },
        "attachments": [
            {
                "title": "Gradual resumption of activities under the COVID-19-related pause",
                "title_link": "https:\/\/www.quebec.ca\/en\/health\/health-issues\/a-z\/2019-coronavirus\/gradual-resumption-activities-covid19-related-pause\/",
                "text": "In the coming weeks, activities will gradually resume in Québec, with the consent and collaboration of public health authorities.",
                "fallback": "Gradual resumption of activities under the COVID-19-related pause",
                "thumb_url": "https:\/\/www.quebec.ca\/typo3temp\/assets\/_processed_\/b\/d\/csm_opengraph-facebook-en_eccb760466.png",
                "from_url": "https:\/\/www.quebec.ca\/en\/health\/health-issues\/a-z\/2019-coronavirus\/gradual-resumption-activities-covid19-related-pause\/",
                "thumb_width": 600,
                "thumb_height": 321,
                "service_icon": "https:\/\/www.quebec.ca\/typo3conf\/ext\/gabarit_pgu\/Resources\/Public\/Icons\/Favicons\/apple-touch-icon.png",
                "service_name": "quebec.ca",
                "id": 1,
                "original_url": "https:\/\/www.quebec.ca\/en\/health\/health-issues\/a-z\/2019-coronavirus\/gradual-resumption-activities-covid19-related-pause\/"
            }
        ]
    },
    {
        "client_msg_id": "fe85b880-33e3-4293-bf30-46b09de52dd0",
        "type": "message",
        "text": "The \"COVID-19-related pause\" is supposed to be the translation of \"les mesures de ralentissement de la COVID-19\".",
        "user": "UJQ9N9KA9",
        "ts": "1588098667.034400",
        "blocks": [
            {
                "type": "rich_text",
                "block_id": "QOkX",
                "elements": [
                    {
                        "type": "rich_text_section",
                        "elements": [
                            {
                                "type": "text",
                                "text": "The \"COVID-19-related pause\" is supposed to be the translation of \"les mesures de ralentissement de la COVID-19\"."
                            }
                        ]
                    }
                ]
            }
        ],
        "team": "TJPN85XRA",
        "user_team": "TJPN85XRA",
        "source_team": "TJPN85XRA",
        "user_profile": {
            "avatar_hash": "3be35bf04429",
            "image_72": "https:\/\/avatars.slack-edge.com\/2023-08-28\/5813587733204_3be35bf044296c45bdde_72.jpg",
            "first_name": "",
            "real_name": "ChristianFrisson",
            "display_name": "ChristianFrisson",
            "team": "TJPN85XRA",
            "name": "christian.frisson",
            "is_restricted": false,
            "is_ultra_restricted": false
        }
    },
    {
        "client_msg_id": "714dd20a-3049-4d5f-bd5c-43bc3490e689",
        "type": "message",
        "text": "McGill promised an official announcement later today. If we can access the lab, then it makes sense working from home and use the lab for printing and electronic\/ mechanic labs",
        "user": "UJCU8BAAW",
        "ts": "1588098819.036400",
        "blocks": [
            {
                "type": "rich_text",
                "block_id": "=A+ms",
                "elements": [
                    {
                        "type": "rich_text_section",
                        "elements": [
                            {
                                "type": "text",
                                "text": "McGill promised an official announcement later today. If we can access the lab, then it makes sense working from home and use the lab for printing and electronic\/ mechanic labs"
                            }
                        ]
                    }
                ]
            }
        ],
        "team": "TJPN85XRA",
        "user_team": "TJPN85XRA",
        "source_team": "TJPN85XRA",
        "user_profile": {
            "avatar_hash": "d49c462f5537",
            "image_72": "https:\/\/avatars.slack-edge.com\/2021-06-14\/2154581376263_d49c462f5537edde8dbb_72.jpg",
            "first_name": "Edu",
            "real_name": "Edu Meneses",
            "display_name": "Edu Meneses",
            "team": "TJPN85XRA",
            "name": "eduardo.meneses",
            "is_restricted": false,
            "is_ultra_restricted": false
        }
    },
    {
        "client_msg_id": "431d2e97-fdfa-4c5d-b079-90c3f1494a5d",
        "type": "message",
        "text": "At least for me",
        "user": "UJCU8BAAW",
        "ts": "1588098826.036700",
        "blocks": [
            {
                "type": "rich_text",
                "block_id": "62Kn",
                "elements": [
                    {
                        "type": "rich_text_section",
                        "elements": [
                            {
                                "type": "text",
                                "text": "At least for me"
                            }
                        ]
                    }
                ]
            }
        ],
        "team": "TJPN85XRA",
        "user_team": "TJPN85XRA",
        "source_team": "TJPN85XRA",
        "user_profile": {
            "avatar_hash": "d49c462f5537",
            "image_72": "https:\/\/avatars.slack-edge.com\/2021-06-14\/2154581376263_d49c462f5537edde8dbb_72.jpg",
            "first_name": "Edu",
            "real_name": "Edu Meneses",
            "display_name": "Edu Meneses",
            "team": "TJPN85XRA",
            "name": "eduardo.meneses",
            "is_restricted": false,
            "is_ultra_restricted": false
        }
    },
    {
        "client_msg_id": "fa75b068-6f34-42be-90c8-8e5eae69da14",
        "type": "message",
        "text": "If you feel safer to get 3d prints from me and soldering equipment, I am happy to accomodate.",
        "user": "UJQ9N9KA9",
        "ts": "1588099212.039100",
        "blocks": [
            {
                "type": "rich_text",
                "block_id": "uJW",
                "elements": [
                    {
                        "type": "rich_text_section",
                        "elements": [
                            {
                                "type": "text",
                                "text": "If you feel safer to get 3d prints from me and soldering equipment, I am happy to accomodate."
                            }
                        ]
                    }
                ]
            }
        ],
        "team": "TJPN85XRA",
        "user_team": "TJPN85XRA",
        "source_team": "TJPN85XRA",
        "user_profile": {
            "avatar_hash": "3be35bf04429",
            "image_72": "https:\/\/avatars.slack-edge.com\/2023-08-28\/5813587733204_3be35bf044296c45bdde_72.jpg",
            "first_name": "",
            "real_name": "ChristianFrisson",
            "display_name": "ChristianFrisson",
            "team": "TJPN85XRA",
            "name": "christian.frisson",
            "is_restricted": false,
            "is_ultra_restricted": false
        }
    },
    {
        "client_msg_id": "88e27214-8d8e-4761-a435-dc900787fc74",
        "type": "message",
        "text": "Less travel distance, less potential contact.",
        "user": "UJQ9N9KA9",
        "ts": "1588099239.039700",
        "blocks": [
            {
                "type": "rich_text",
                "block_id": "muY",
                "elements": [
                    {
                        "type": "rich_text_section",
                        "elements": [
                            {
                                "type": "text",
                                "text": "Less travel distance, less potential contact."
                            }
                        ]
                    }
                ]
            }
        ],
        "team": "TJPN85XRA",
        "user_team": "TJPN85XRA",
        "source_team": "TJPN85XRA",
        "user_profile": {
            "avatar_hash": "3be35bf04429",
            "image_72": "https:\/\/avatars.slack-edge.com\/2023-08-28\/5813587733204_3be35bf044296c45bdde_72.jpg",
            "first_name": "",
            "real_name": "ChristianFrisson",
            "display_name": "ChristianFrisson",
            "team": "TJPN85XRA",
            "name": "christian.frisson",
            "is_restricted": false,
            "is_ultra_restricted": false
        }
    },
    {
        "client_msg_id": "b2f8b066-72b5-4198-9141-68e61da1f65f",
        "type": "message",
        "text": "Sounds good, thanks!",
        "user": "UJCU8BAAW",
        "ts": "1588099698.040100",
        "blocks": [
            {
                "type": "rich_text",
                "block_id": "VmZld",
                "elements": [
                    {
                        "type": "rich_text_section",
                        "elements": [
                            {
                                "type": "text",
                                "text": "Sounds good, thanks!"
                            }
                        ]
                    }
                ]
            }
        ],
        "team": "TJPN85XRA",
        "user_team": "TJPN85XRA",
        "source_team": "TJPN85XRA",
        "user_profile": {
            "avatar_hash": "d49c462f5537",
            "image_72": "https:\/\/avatars.slack-edge.com\/2021-06-14\/2154581376263_d49c462f5537edde8dbb_72.jpg",
            "first_name": "Edu",
            "real_name": "Edu Meneses",
            "display_name": "Edu Meneses",
            "team": "TJPN85XRA",
            "name": "eduardo.meneses",
            "is_restricted": false,
            "is_ultra_restricted": false
        }
    }
]