[
    {
        "client_msg_id": "254CB736-4546-4EAF-9BC7-90544B04ACEC",
        "type": "message",
        "text": "Made a T-Stick yesterday using the PCB. There are some process issues to work out. It took me 6 hours start to finish. That still seems unacceptably long to me? Thoughts?",
        "user": "UJR4DDS12",
        "ts": "1670682955.951179",
        "blocks": [
            {
                "type": "rich_text",
                "block_id": "hRG",
                "elements": [
                    {
                        "type": "rich_text_section",
                        "elements": [
                            {
                                "type": "text",
                                "text": "Made a T-Stick yesterday using the PCB. There are some process issues to work out. It took me 6 hours start to finish. That still seems unacceptably long to me? Thoughts?"
                            }
                        ]
                    }
                ]
            }
        ],
        "team": "TJPN85XRA",
        "user_team": "TJPN85XRA",
        "source_team": "TJPN85XRA",
        "user_profile": {
            "avatar_hash": "a59dc6f2aaf0",
            "image_72": "https:\/\/avatars.slack-edge.com\/2022-06-18\/3673671924631_a59dc6f2aaf006d655d2_72.jpg",
            "first_name": "Travis",
            "real_name": "Travis West",
            "display_name": "Travis",
            "team": "TJPN85XRA",
            "name": "travis.west",
            "is_restricted": false,
            "is_ultra_restricted": false
        },
        "thread_ts": "1670682955.951179",
        "reply_count": 18,
        "reply_users_count": 3,
        "latest_reply": "1670694411.352769",
        "reply_users": [
            "U03JTLB9FSS",
            "UJR4DDS12",
            "UJCU8BAAW"
        ],
        "replies": [
            {
                "user": "U03JTLB9FSS",
                "ts": "1670684075.568009"
            },
            {
                "user": "UJR4DDS12",
                "ts": "1670684947.105099"
            },
            {
                "user": "UJR4DDS12",
                "ts": "1670684980.867779"
            },
            {
                "user": "UJR4DDS12",
                "ts": "1670685061.797329"
            },
            {
                "user": "UJR4DDS12",
                "ts": "1670685093.402289"
            },
            {
                "user": "UJR4DDS12",
                "ts": "1670685123.747599"
            },
            {
                "user": "UJR4DDS12",
                "ts": "1670685170.653449"
            },
            {
                "user": "UJR4DDS12",
                "ts": "1670685236.575689"
            },
            {
                "user": "UJR4DDS12",
                "ts": "1670685258.006069"
            },
            {
                "user": "UJR4DDS12",
                "ts": "1670685330.168599"
            },
            {
                "user": "UJR4DDS12",
                "ts": "1670685362.439659"
            },
            {
                "user": "UJR4DDS12",
                "ts": "1670685458.138939"
            },
            {
                "user": "UJCU8BAAW",
                "ts": "1670691185.494789"
            },
            {
                "user": "UJR4DDS12",
                "ts": "1670691994.156729"
            },
            {
                "user": "UJCU8BAAW",
                "ts": "1670692883.776369"
            },
            {
                "user": "UJCU8BAAW",
                "ts": "1670692949.836249"
            },
            {
                "user": "UJCU8BAAW",
                "ts": "1670692999.211959"
            },
            {
                "user": "U03JTLB9FSS",
                "ts": "1670694411.352769"
            }
        ],
        "is_locked": false,
        "subscribed": false
    },
    {
        "client_msg_id": "0855c1cd-b19f-4464-a99b-204ec09e76aa",
        "type": "message",
        "text": "definitely plenty of time saved from the old version! what kind of issues are there still?",
        "user": "U03JTLB9FSS",
        "ts": "1670684075.568009",
        "blocks": [
            {
                "type": "rich_text",
                "block_id": "mdxC",
                "elements": [
                    {
                        "type": "rich_text_section",
                        "elements": [
                            {
                                "type": "text",
                                "text": "definitely plenty of time saved from the old version! what kind of issues are there still?"
                            }
                        ]
                    }
                ]
            }
        ],
        "team": "TJPN85XRA",
        "user_team": "TJPN85XRA",
        "source_team": "TJPN85XRA",
        "user_profile": {
            "avatar_hash": "459fb8de8703",
            "image_72": "https:\/\/avatars.slack-edge.com\/2022-07-28\/3867310060339_459fb8de8703bb2678e5_72.jpg",
            "first_name": "Brady",
            "real_name": "Brady Boettcher",
            "display_name": "",
            "team": "TJPN85XRA",
            "name": "brady.boettcher",
            "is_restricted": false,
            "is_ultra_restricted": false
        },
        "thread_ts": "1670682955.951179",
        "parent_user_id": "UJR4DDS12"
    },
    {
        "client_msg_id": "AF386ED0-8D82-47C6-9901-9201EE43C546",
        "type": "message",
        "text": "The touch sensor was a major pain to hand draw \/ paint. The conductive ink pen I was using (circuit scribe) was truly horrid; constly getting clogged and needing to be tapped repeatedly to work. Possibly a defective\/old stock pen.",
        "user": "UJR4DDS12",
        "ts": "1670684947.105099",
        "blocks": [
            {
                "type": "rich_text",
                "block_id": "MQu",
                "elements": [
                    {
                        "type": "rich_text_section",
                        "elements": [
                            {
                                "type": "text",
                                "text": "The touch sensor was a major pain to hand draw \/ paint. The conductive ink pen I was using (circuit scribe) was truly horrid; constly getting clogged and needing to be tapped repeatedly to work. Possibly a defective\/old stock pen."
                            }
                        ]
                    }
                ]
            }
        ],
        "team": "TJPN85XRA",
        "user_team": "TJPN85XRA",
        "source_team": "TJPN85XRA",
        "user_profile": {
            "avatar_hash": "a59dc6f2aaf0",
            "image_72": "https:\/\/avatars.slack-edge.com\/2022-06-18\/3673671924631_a59dc6f2aaf006d655d2_72.jpg",
            "first_name": "Travis",
            "real_name": "Travis West",
            "display_name": "Travis",
            "team": "TJPN85XRA",
            "name": "travis.west",
            "is_restricted": false,
            "is_ultra_restricted": false
        },
        "thread_ts": "1670682955.951179",
        "parent_user_id": "UJR4DDS12"
    },
    {
        "client_msg_id": "09007DB7-E3B0-47A6-BCEB-C5566449BECC",
        "type": "message",
        "text": "I eventually cut it open and just used a brush to apply the ink, which was a major improvement, but still took a long time",
        "user": "UJR4DDS12",
        "ts": "1670684980.867779",
        "blocks": [
            {
                "type": "rich_text",
                "block_id": "Q7Xur",
                "elements": [
                    {
                        "type": "rich_text_section",
                        "elements": [
                            {
                                "type": "text",
                                "text": "I eventually cut it open and just used a brush to apply the ink, which was a major improvement, but still took a long time"
                            }
                        ]
                    }
                ]
            }
        ],
        "team": "TJPN85XRA",
        "user_team": "TJPN85XRA",
        "source_team": "TJPN85XRA",
        "user_profile": {
            "avatar_hash": "a59dc6f2aaf0",
            "image_72": "https:\/\/avatars.slack-edge.com\/2022-06-18\/3673671924631_a59dc6f2aaf006d655d2_72.jpg",
            "first_name": "Travis",
            "real_name": "Travis West",
            "display_name": "Travis",
            "team": "TJPN85XRA",
            "name": "travis.west",
            "is_restricted": false,
            "is_ultra_restricted": false
        },
        "thread_ts": "1670682955.951179",
        "parent_user_id": "UJR4DDS12"
    },
    {
        "client_msg_id": "EE6D4275-4563-4FEB-BC4F-41E595E9955F",
        "type": "message",
        "text": "If we made a stencil that would probably make it go a lot more quickly, but I think if further tests show that the overall approach is working that we should skip straight to the reel-to-reel printing process <@U010TD4329M> has mentioned.",
        "user": "UJR4DDS12",
        "ts": "1670685061.797329",
        "blocks": [
            {
                "type": "rich_text",
                "block_id": "ILCr",
                "elements": [
                    {
                        "type": "rich_text_section",
                        "elements": [
                            {
                                "type": "text",
                                "text": "If we made a stencil that would probably make it go a lot more quickly, but I think if further tests show that the overall approach is working that we should skip straight to the reel-to-reel printing process "
                            },
                            {
                                "type": "user",
                                "user_id": "U010TD4329M"
                            },
                            {
                                "type": "text",
                                "text": " has mentioned."
                            }
                        ]
                    }
                ]
            }
        ],
        "team": "TJPN85XRA",
        "user_team": "TJPN85XRA",
        "source_team": "TJPN85XRA",
        "user_profile": {
            "avatar_hash": "a59dc6f2aaf0",
            "image_72": "https:\/\/avatars.slack-edge.com\/2022-06-18\/3673671924631_a59dc6f2aaf006d655d2_72.jpg",
            "first_name": "Travis",
            "real_name": "Travis West",
            "display_name": "Travis",
            "team": "TJPN85XRA",
            "name": "travis.west",
            "is_restricted": false,
            "is_ultra_restricted": false
        },
        "thread_ts": "1670682955.951179",
        "parent_user_id": "UJR4DDS12"
    },
    {
        "type": "message",
        "subtype": "channel_join",
        "ts": "1670685068.685039",
        "user": "U010TD4329M",
        "text": "<@U010TD4329M> has joined the channel",
        "inviter": "UJR4DDS12"
    },
    {
        "client_msg_id": "B6D0FCAF-5408-4350-8360-898921EE0819",
        "type": "message",
        "text": "What else went wrong... hmm...",
        "user": "UJR4DDS12",
        "ts": "1670685093.402289",
        "blocks": [
            {
                "type": "rich_text",
                "block_id": "Ux8",
                "elements": [
                    {
                        "type": "rich_text_section",
                        "elements": [
                            {
                                "type": "text",
                                "text": "What else went wrong... hmm..."
                            }
                        ]
                    }
                ]
            }
        ],
        "team": "TJPN85XRA",
        "user_team": "TJPN85XRA",
        "source_team": "TJPN85XRA",
        "user_profile": {
            "avatar_hash": "a59dc6f2aaf0",
            "image_72": "https:\/\/avatars.slack-edge.com\/2022-06-18\/3673671924631_a59dc6f2aaf006d655d2_72.jpg",
            "first_name": "Travis",
            "real_name": "Travis West",
            "display_name": "Travis",
            "team": "TJPN85XRA",
            "name": "travis.west",
            "is_restricted": false,
            "is_ultra_restricted": false
        },
        "thread_ts": "1670682955.951179",
        "parent_user_id": "UJR4DDS12"
    },
    {
        "client_msg_id": "C69E41CB-83D3-45D3-8C70-2DC902178909",
        "type": "message",
        "text": "got the wrong smd header for one of the trill sensor header rows and had to improvise there",
        "user": "UJR4DDS12",
        "ts": "1670685123.747599",
        "blocks": [
            {
                "type": "rich_text",
                "block_id": "fl0",
                "elements": [
                    {
                        "type": "rich_text_section",
                        "elements": [
                            {
                                "type": "text",
                                "text": "got the wrong smd header for one of the trill sensor header rows and had to improvise there"
                            }
                        ]
                    }
                ]
            }
        ],
        "team": "TJPN85XRA",
        "user_team": "TJPN85XRA",
        "source_team": "TJPN85XRA",
        "user_profile": {
            "avatar_hash": "a59dc6f2aaf0",
            "image_72": "https:\/\/avatars.slack-edge.com\/2022-06-18\/3673671924631_a59dc6f2aaf006d655d2_72.jpg",
            "first_name": "Travis",
            "real_name": "Travis West",
            "display_name": "Travis",
            "team": "TJPN85XRA",
            "name": "travis.west",
            "is_restricted": false,
            "is_ultra_restricted": false
        },
        "thread_ts": "1670682955.951179",
        "parent_user_id": "UJR4DDS12"
    },
    {
        "client_msg_id": "76A42972-6E7B-4EA9-A8B4-52C155EF642C",
        "type": "message",
        "text": "realized that solder blobs on the bottom of the PCB would potentially damage the paper touch sensor, so I added some foam under the PCB to protect the paper",
        "user": "UJR4DDS12",
        "ts": "1670685170.653449",
        "blocks": [
            {
                "type": "rich_text",
                "block_id": "YCCxJ",
                "elements": [
                    {
                        "type": "rich_text_section",
                        "elements": [
                            {
                                "type": "text",
                                "text": "realized that solder blobs on the bottom of the PCB would potentially damage the paper touch sensor, so I added some foam under the PCB to protect the paper"
                            }
                        ]
                    }
                ]
            }
        ],
        "team": "TJPN85XRA",
        "user_team": "TJPN85XRA",
        "source_team": "TJPN85XRA",
        "user_profile": {
            "avatar_hash": "a59dc6f2aaf0",
            "image_72": "https:\/\/avatars.slack-edge.com\/2022-06-18\/3673671924631_a59dc6f2aaf006d655d2_72.jpg",
            "first_name": "Travis",
            "real_name": "Travis West",
            "display_name": "Travis",
            "team": "TJPN85XRA",
            "name": "travis.west",
            "is_restricted": false,
            "is_ultra_restricted": false
        },
        "thread_ts": "1670682955.951179",
        "parent_user_id": "UJR4DDS12"
    },
    {
        "client_msg_id": "D3114101-2248-4AD5-874B-3319C60B0B93",
        "type": "message",
        "text": "but that proved just enough added thickness that I couldn't insert the final internal subassembly past the blob of hot glue I put for the FSR to keep it from moving around and ripping off the weak connector bits",
        "user": "UJR4DDS12",
        "ts": "1670685236.575689",
        "blocks": [
            {
                "type": "rich_text",
                "block_id": "h7n",
                "elements": [
                    {
                        "type": "rich_text_section",
                        "elements": [
                            {
                                "type": "text",
                                "text": "but that proved just enough added thickness that I couldn't insert the final internal subassembly past the blob of hot glue I put for the FSR to keep it from moving around and ripping off the weak connector bits"
                            }
                        ]
                    }
                ]
            }
        ],
        "team": "TJPN85XRA",
        "user_team": "TJPN85XRA",
        "source_team": "TJPN85XRA",
        "user_profile": {
            "avatar_hash": "a59dc6f2aaf0",
            "image_72": "https:\/\/avatars.slack-edge.com\/2022-06-18\/3673671924631_a59dc6f2aaf006d655d2_72.jpg",
            "first_name": "Travis",
            "real_name": "Travis West",
            "display_name": "Travis",
            "team": "TJPN85XRA",
            "name": "travis.west",
            "is_restricted": false,
            "is_ultra_restricted": false
        },
        "thread_ts": "1670682955.951179",
        "parent_user_id": "UJR4DDS12"
    },
    {
        "client_msg_id": "59255FE3-CE6B-4803-B798-D0500BE32A3C",
        "type": "message",
        "text": "ended up shoving it in from the other side, but I had to cut some wires and jury rig things a bit",
        "user": "UJR4DDS12",
        "ts": "1670685258.006069",
        "blocks": [
            {
                "type": "rich_text",
                "block_id": "eok",
                "elements": [
                    {
                        "type": "rich_text_section",
                        "elements": [
                            {
                                "type": "text",
                                "text": "ended up shoving it in from the other side, but I had to cut some wires and jury rig things a bit"
                            }
                        ]
                    }
                ]
            }
        ],
        "team": "TJPN85XRA",
        "user_team": "TJPN85XRA",
        "source_team": "TJPN85XRA",
        "user_profile": {
            "avatar_hash": "a59dc6f2aaf0",
            "image_72": "https:\/\/avatars.slack-edge.com\/2022-06-18\/3673671924631_a59dc6f2aaf006d655d2_72.jpg",
            "first_name": "Travis",
            "real_name": "Travis West",
            "display_name": "Travis",
            "team": "TJPN85XRA",
            "name": "travis.west",
            "is_restricted": false,
            "is_ultra_restricted": false
        },
        "thread_ts": "1670682955.951179",
        "parent_user_id": "UJR4DDS12"
    },
    {
        "client_msg_id": "8C1AF37E-57B1-4D70-94B1-42EE7DF9E721",
        "type": "message",
        "text": "and then the endcap with cutouts for the button and usb was all wrong due to the added thickness from the foam, so that ended up getting very hacky",
        "user": "UJR4DDS12",
        "ts": "1670685330.168599",
        "blocks": [
            {
                "type": "rich_text",
                "block_id": "99O=D",
                "elements": [
                    {
                        "type": "rich_text_section",
                        "elements": [
                            {
                                "type": "text",
                                "text": "and then the endcap with cutouts for the button and usb was all wrong due to the added thickness from the foam, so that ended up getting very hacky"
                            }
                        ]
                    }
                ]
            }
        ],
        "team": "TJPN85XRA",
        "user_team": "TJPN85XRA",
        "source_team": "TJPN85XRA",
        "user_profile": {
            "avatar_hash": "a59dc6f2aaf0",
            "image_72": "https:\/\/avatars.slack-edge.com\/2022-06-18\/3673671924631_a59dc6f2aaf006d655d2_72.jpg",
            "first_name": "Travis",
            "real_name": "Travis West",
            "display_name": "Travis",
            "team": "TJPN85XRA",
            "name": "travis.west",
            "is_restricted": false,
            "is_ultra_restricted": false
        },
        "thread_ts": "1670682955.951179",
        "parent_user_id": "UJR4DDS12"
    },
    {
        "client_msg_id": "EC3BC594-A266-4AB0-BFE0-A8F00A3AB9AC",
        "type": "message",
        "text": "just having a pre-made touch sensor though would probably cut the time in half",
        "user": "UJR4DDS12",
        "ts": "1670685362.439659",
        "blocks": [
            {
                "type": "rich_text",
                "block_id": "=eZ9",
                "elements": [
                    {
                        "type": "rich_text_section",
                        "elements": [
                            {
                                "type": "text",
                                "text": "just having a pre-made touch sensor though would probably cut the time in half"
                            }
                        ]
                    }
                ]
            }
        ],
        "team": "TJPN85XRA",
        "user_team": "TJPN85XRA",
        "source_team": "TJPN85XRA",
        "user_profile": {
            "avatar_hash": "a59dc6f2aaf0",
            "image_72": "https:\/\/avatars.slack-edge.com\/2022-06-18\/3673671924631_a59dc6f2aaf006d655d2_72.jpg",
            "first_name": "Travis",
            "real_name": "Travis West",
            "display_name": "Travis",
            "team": "TJPN85XRA",
            "name": "travis.west",
            "is_restricted": false,
            "is_ultra_restricted": false
        },
        "thread_ts": "1670682955.951179",
        "parent_user_id": "UJR4DDS12"
    },
    {
        "client_msg_id": "51B4CA15-999F-4D30-AF25-DCF138A80169",
        "type": "message",
        "text": "and sticking to everything being surface mount so there's no need to have solder blobs and through hole legs sticking out of the bottom of the pcb.",
        "user": "UJR4DDS12",
        "ts": "1670685458.138939",
        "blocks": [
            {
                "type": "rich_text",
                "block_id": "=yPD",
                "elements": [
                    {
                        "type": "rich_text_section",
                        "elements": [
                            {
                                "type": "text",
                                "text": "and sticking to everything being surface mount so there's no need to have solder blobs and through hole legs sticking out of the bottom of the pcb."
                            }
                        ]
                    }
                ]
            }
        ],
        "team": "TJPN85XRA",
        "user_team": "TJPN85XRA",
        "source_team": "TJPN85XRA",
        "user_profile": {
            "avatar_hash": "a59dc6f2aaf0",
            "image_72": "https:\/\/avatars.slack-edge.com\/2022-06-18\/3673671924631_a59dc6f2aaf006d655d2_72.jpg",
            "first_name": "Travis",
            "real_name": "Travis West",
            "display_name": "Travis",
            "team": "TJPN85XRA",
            "name": "travis.west",
            "is_restricted": false,
            "is_ultra_restricted": false
        },
        "thread_ts": "1670682955.951179",
        "parent_user_id": "UJR4DDS12",
        "reactions": [
            {
                "name": "white_check_mark",
                "users": [
                    "U03JTLB9FSS"
                ],
                "count": 1
            }
        ]
    },
    {
        "client_msg_id": "1644fd05-9645-402d-b951-de69e0af014b",
        "type": "message",
        "text": "&gt; just having a pre-made touch sensor though would probably cut the time in half\nThis. It seems a lot of time could be saved on printing with conductive ink or (god forbid) stencil",
        "user": "UJCU8BAAW",
        "ts": "1670691185.494789",
        "blocks": [
            {
                "type": "rich_text",
                "block_id": "EzqTK",
                "elements": [
                    {
                        "type": "rich_text_quote",
                        "elements": [
                            {
                                "type": "text",
                                "text": "just having a pre-made touch sensor though would probably cut the time in half"
                            }
                        ]
                    },
                    {
                        "type": "rich_text_section",
                        "elements": [
                            {
                                "type": "text",
                                "text": "\nThis. It seems a lot of time could be saved on printing with conductive ink or (god forbid) stencil"
                            }
                        ]
                    }
                ]
            }
        ],
        "team": "TJPN85XRA",
        "user_team": "TJPN85XRA",
        "source_team": "TJPN85XRA",
        "user_profile": {
            "avatar_hash": "d49c462f5537",
            "image_72": "https:\/\/avatars.slack-edge.com\/2021-06-14\/2154581376263_d49c462f5537edde8dbb_72.jpg",
            "first_name": "Edu",
            "real_name": "Edu Meneses",
            "display_name": "Edu Meneses",
            "team": "TJPN85XRA",
            "name": "eduardo.meneses",
            "is_restricted": false,
            "is_ultra_restricted": false
        },
        "thread_ts": "1670682955.951179",
        "parent_user_id": "UJR4DDS12"
    },
    {
        "client_msg_id": "D801060E-7FD2-41D7-80F6-3A49B0B9FFDF",
        "type": "message",
        "text": "another option worth exploring would be multimaterial 3D printing",
        "user": "UJR4DDS12",
        "ts": "1670691994.156729",
        "blocks": [
            {
                "type": "rich_text",
                "block_id": "eJjKy",
                "elements": [
                    {
                        "type": "rich_text_section",
                        "elements": [
                            {
                                "type": "text",
                                "text": "another option worth exploring would be multimaterial 3D printing"
                            }
                        ]
                    }
                ]
            }
        ],
        "team": "TJPN85XRA",
        "user_team": "TJPN85XRA",
        "source_team": "TJPN85XRA",
        "user_profile": {
            "avatar_hash": "a59dc6f2aaf0",
            "image_72": "https:\/\/avatars.slack-edge.com\/2022-06-18\/3673671924631_a59dc6f2aaf006d655d2_72.jpg",
            "first_name": "Travis",
            "real_name": "Travis West",
            "display_name": "Travis",
            "team": "TJPN85XRA",
            "name": "travis.west",
            "is_restricted": false,
            "is_ultra_restricted": false
        },
        "thread_ts": "1670682955.951179",
        "parent_user_id": "UJR4DDS12"
    },
    {
        "client_msg_id": "2a19dd67-ae65-47a5-a6ac-81ed34ccc435",
        "type": "message",
        "text": "I was more exited about multimaterial print before, but I'm starting to think is not such a good idea:\n• it will add more complexity to reproduce as 3D print with multi-material modules is not as easy as regular print and a pain with regular printers\n• prints more prone to fail even with the newer modules",
        "user": "UJCU8BAAW",
        "ts": "1670692883.776369",
        "blocks": [
            {
                "type": "rich_text",
                "block_id": "6SXCL",
                "elements": [
                    {
                        "type": "rich_text_section",
                        "elements": [
                            {
                                "type": "text",
                                "text": "I was more exited about multimaterial print before, but I'm starting to think is not such a good idea:\n"
                            }
                        ]
                    },
                    {
                        "type": "rich_text_list",
                        "elements": [
                            {
                                "type": "rich_text_section",
                                "elements": [
                                    {
                                        "type": "text",
                                        "text": "it will add more complexity to reproduce as 3D print with multi-material modules is not as easy as regular print and a pain with regular printers"
                                    }
                                ]
                            },
                            {
                                "type": "rich_text_section",
                                "elements": [
                                    {
                                        "type": "text",
                                        "text": "prints more prone to fail even with the newer modules"
                                    }
                                ]
                            }
                        ],
                        "style": "bullet",
                        "indent": 0,
                        "border": 0
                    }
                ]
            }
        ],
        "team": "TJPN85XRA",
        "user_team": "TJPN85XRA",
        "source_team": "TJPN85XRA",
        "user_profile": {
            "avatar_hash": "d49c462f5537",
            "image_72": "https:\/\/avatars.slack-edge.com\/2021-06-14\/2154581376263_d49c462f5537edde8dbb_72.jpg",
            "first_name": "Edu",
            "real_name": "Edu Meneses",
            "display_name": "Edu Meneses",
            "team": "TJPN85XRA",
            "name": "eduardo.meneses",
            "is_restricted": false,
            "is_ultra_restricted": false
        },
        "thread_ts": "1670682955.951179",
        "parent_user_id": "UJR4DDS12"
    },
    {
        "client_msg_id": "c82abba9-0998-4031-9146-22539cf44040",
        "type": "message",
        "text": "Now, if we come with a nice design where the conductive parts are printed separately and snap together later, that would be interesting",
        "user": "UJCU8BAAW",
        "ts": "1670692949.836249",
        "blocks": [
            {
                "type": "rich_text",
                "block_id": "axmJ",
                "elements": [
                    {
                        "type": "rich_text_section",
                        "elements": [
                            {
                                "type": "text",
                                "text": "Now, if we come with a nice design where the conductive parts are printed separately and snap together later, that would be interesting"
                            }
                        ]
                    }
                ]
            }
        ],
        "team": "TJPN85XRA",
        "user_team": "TJPN85XRA",
        "source_team": "TJPN85XRA",
        "user_profile": {
            "avatar_hash": "d49c462f5537",
            "image_72": "https:\/\/avatars.slack-edge.com\/2021-06-14\/2154581376263_d49c462f5537edde8dbb_72.jpg",
            "first_name": "Edu",
            "real_name": "Edu Meneses",
            "display_name": "Edu Meneses",
            "team": "TJPN85XRA",
            "name": "eduardo.meneses",
            "is_restricted": false,
            "is_ultra_restricted": false
        },
        "thread_ts": "1670682955.951179",
        "parent_user_id": "UJR4DDS12"
    },
    {
        "client_msg_id": "4d30ec24-5dd1-4ee7-93d7-eea66e7d69fc",
        "type": "message",
        "text": "(I predict over-engineering fun)",
        "user": "UJCU8BAAW",
        "ts": "1670692999.211959",
        "blocks": [
            {
                "type": "rich_text",
                "block_id": "HaKgK",
                "elements": [
                    {
                        "type": "rich_text_section",
                        "elements": [
                            {
                                "type": "text",
                                "text": "(I predict over-engineering fun)"
                            }
                        ]
                    }
                ]
            }
        ],
        "team": "TJPN85XRA",
        "user_team": "TJPN85XRA",
        "source_team": "TJPN85XRA",
        "user_profile": {
            "avatar_hash": "d49c462f5537",
            "image_72": "https:\/\/avatars.slack-edge.com\/2021-06-14\/2154581376263_d49c462f5537edde8dbb_72.jpg",
            "first_name": "Edu",
            "real_name": "Edu Meneses",
            "display_name": "Edu Meneses",
            "team": "TJPN85XRA",
            "name": "eduardo.meneses",
            "is_restricted": false,
            "is_ultra_restricted": false
        },
        "thread_ts": "1670682955.951179",
        "parent_user_id": "UJR4DDS12"
    },
    {
        "client_msg_id": "d5c5fa29-b235-4b7e-b12d-fe4e395c650c",
        "type": "message",
        "text": "with the slapbox i saw that the conductive PLA has a pretty high resistance per cubic whatever, so the capacitive touch sensing is a bit delayed if i understand right, just something to keep in mind",
        "user": "U03JTLB9FSS",
        "ts": "1670694411.352769",
        "blocks": [
            {
                "type": "rich_text",
                "block_id": "FSs2f",
                "elements": [
                    {
                        "type": "rich_text_section",
                        "elements": [
                            {
                                "type": "text",
                                "text": "with the slapbox i saw that the conductive PLA has a pretty high resistance per cubic whatever, so the capacitive touch sensing is a bit delayed if i understand right, just something to keep in mind"
                            }
                        ]
                    }
                ]
            }
        ],
        "team": "TJPN85XRA",
        "user_team": "TJPN85XRA",
        "source_team": "TJPN85XRA",
        "user_profile": {
            "avatar_hash": "459fb8de8703",
            "image_72": "https:\/\/avatars.slack-edge.com\/2022-07-28\/3867310060339_459fb8de8703bb2678e5_72.jpg",
            "first_name": "Brady",
            "real_name": "Brady Boettcher",
            "display_name": "",
            "team": "TJPN85XRA",
            "name": "brady.boettcher",
            "is_restricted": false,
            "is_ultra_restricted": false
        },
        "thread_ts": "1670682955.951179",
        "parent_user_id": "UJR4DDS12"
    }
]