[
    {
        "client_msg_id": "b9047ebc-de8c-47c0-83fa-674e38fab620",
        "type": "message",
        "text": "Hello, I plan to make a quick demo of the T-Stick for Muco341 students tomorrow. Is it possible to borrow a T-Stick and a SPU?",
        "user": "U03NPGXF7GT",
        "ts": "1666801766.137879",
        "blocks": [
            {
                "type": "rich_text",
                "block_id": "WtQX7",
                "elements": [
                    {
                        "type": "rich_text_section",
                        "elements": [
                            {
                                "type": "text",
                                "text": "Hello, I plan to make a quick demo of the T-Stick for Muco341 students tomorrow. Is it possible to borrow a T-Stick and a SPU?"
                            }
                        ]
                    }
                ]
            }
        ],
        "team": "TJPN85XRA",
        "user_team": "TJPN85XRA",
        "source_team": "TJPN85XRA",
        "user_profile": {
            "avatar_hash": "g99c9e6129d9",
            "image_72": "https:\/\/secure.gravatar.com\/avatar\/99c9e6129d9cd988a07e1374696931ce.jpg?s=72&d=https%3A%2F%2Fa.slack-edge.com%2Fdf10d%2Fimg%2Favatars%2Fava_0008-72.png",
            "first_name": "Benjamin",
            "real_name": "Benjamin Lavastre",
            "display_name": "Benjamin Lavastre",
            "team": "TJPN85XRA",
            "name": "benjamin.lavastre",
            "is_restricted": false,
            "is_ultra_restricted": false
        }
    },
    {
        "client_msg_id": "6708f1ea-4904-401f-9b92-43e6316639ec",
        "type": "message",
        "text": "Also, I have a question. I would like to transfer my Max project from a Mac M1 to another Mac M1. It appeared this error message. 'External cannot be loaded due to macOS quarantine. Max can attempt to remove quarantine attributes from .mxo' Do you know what should I do? Thank you",
        "user": "U03NPGXF7GT",
        "ts": "1666802095.027179",
        "blocks": [
            {
                "type": "rich_text",
                "block_id": "1mb",
                "elements": [
                    {
                        "type": "rich_text_section",
                        "elements": [
                            {
                                "type": "text",
                                "text": "Also, I have a question. I would like to transfer my Max project from a Mac M1 to another Mac M1. It appeared this error message. 'External cannot be loaded due to macOS quarantine. Max can attempt to remove quarantine attributes from .mxo' Do you know what should I do? Thank you"
                            }
                        ]
                    }
                ]
            }
        ],
        "team": "TJPN85XRA",
        "user_team": "TJPN85XRA",
        "source_team": "TJPN85XRA",
        "user_profile": {
            "avatar_hash": "g99c9e6129d9",
            "image_72": "https:\/\/secure.gravatar.com\/avatar\/99c9e6129d9cd988a07e1374696931ce.jpg?s=72&d=https%3A%2F%2Fa.slack-edge.com%2Fdf10d%2Fimg%2Favatars%2Fava_0008-72.png",
            "first_name": "Benjamin",
            "real_name": "Benjamin Lavastre",
            "display_name": "Benjamin Lavastre",
            "team": "TJPN85XRA",
            "name": "benjamin.lavastre",
            "is_restricted": false,
            "is_ultra_restricted": false
        },
        "thread_ts": "1666802095.027179",
        "reply_count": 3,
        "reply_users_count": 2,
        "latest_reply": "1666809516.777829",
        "reply_users": [
            "U01APBW5N2J",
            "U03NPGXF7GT"
        ],
        "replies": [
            {
                "user": "U01APBW5N2J",
                "ts": "1666803613.177919"
            },
            {
                "user": "U01APBW5N2J",
                "ts": "1666803636.864249"
            },
            {
                "user": "U03NPGXF7GT",
                "ts": "1666809516.777829"
            }
        ],
        "is_locked": false,
        "subscribed": false
    },
    {
        "client_msg_id": "681921ca-23f9-443f-8a51-075b884b1857",
        "type": "message",
        "text": "Hello <@U03NPGXF7GT>, about the T-Stick, I left a MPU (003) ready for the demo, but you need a T-Stick and some help to modify the internal SuperCollider patch (change the T-Stick ID and OSC namespace). Someone working with T-Sticks at IDMIL should be able to assist you (better in person with access to the MPU)\n\nI suggest using other channels to post those questions (e.g., <#CJU4N1538|t-stick>). <#CJCQJMBGB|random> is usually used for more light-hearted content (products, jokes, etc.)",
        "user": "UJCU8BAAW",
        "ts": "1666803014.542769",
        "blocks": [
            {
                "type": "rich_text",
                "block_id": "NRv",
                "elements": [
                    {
                        "type": "rich_text_section",
                        "elements": [
                            {
                                "type": "text",
                                "text": "Hello "
                            },
                            {
                                "type": "user",
                                "user_id": "U03NPGXF7GT"
                            },
                            {
                                "type": "text",
                                "text": ", about the T-Stick, I left a MPU (003) ready for the demo, but you need a T-Stick and some help to modify the internal SuperCollider patch (change the T-Stick ID and OSC namespace). Someone working with T-Sticks at IDMIL should be able to assist you (better in person with access to the MPU)\n\nI suggest using other channels to post those questions (e.g., "
                            },
                            {
                                "type": "channel",
                                "channel_id": "CJU4N1538"
                            },
                            {
                                "type": "text",
                                "text": "). "
                            },
                            {
                                "type": "channel",
                                "channel_id": "CJCQJMBGB"
                            },
                            {
                                "type": "text",
                                "text": " is usually used for more light-hearted content (products, jokes, etc.)"
                            }
                        ]
                    }
                ]
            }
        ],
        "team": "TJPN85XRA",
        "user_team": "TJPN85XRA",
        "source_team": "TJPN85XRA",
        "user_profile": {
            "avatar_hash": "d49c462f5537",
            "image_72": "https:\/\/avatars.slack-edge.com\/2021-06-14\/2154581376263_d49c462f5537edde8dbb_72.jpg",
            "first_name": "Edu",
            "real_name": "Edu Meneses",
            "display_name": "Edu Meneses",
            "team": "TJPN85XRA",
            "name": "eduardo.meneses",
            "is_restricted": false,
            "is_ultra_restricted": false
        }
    },
    {
        "client_msg_id": "ce9d9d02-37a6-427f-aea1-28aa8f28de7a",
        "type": "message",
        "text": "You should try and let max remove the quarantine",
        "user": "U01APBW5N2J",
        "ts": "1666803613.177919",
        "blocks": [
            {
                "type": "rich_text",
                "block_id": "ucAmT",
                "elements": [
                    {
                        "type": "rich_text_section",
                        "elements": [
                            {
                                "type": "text",
                                "text": "You should try and let max remove the quarantine"
                            }
                        ]
                    }
                ]
            }
        ],
        "team": "TJPN85XRA",
        "user_team": "TJPN85XRA",
        "source_team": "TJPN85XRA",
        "user_profile": {
            "avatar_hash": "fe0a901d9daf",
            "image_72": "https:\/\/avatars.slack-edge.com\/2020-09-17\/1355731656631_fe0a901d9daf26440442_72.png",
            "first_name": "",
            "real_name": "Kasey Pocius",
            "display_name": "Kasey Pocius",
            "team": "TJPN85XRA",
            "name": "kaseypocius",
            "is_restricted": false,
            "is_ultra_restricted": false
        },
        "thread_ts": "1666802095.027179",
        "parent_user_id": "U03NPGXF7GT"
    },
    {
        "client_msg_id": "e17d10c8-fad1-4d3d-8069-1460bdd53f3b",
        "type": "message",
        "text": "<https:\/\/cycling74.com\/forums\/%22external-cannot-be-load-due-to-macos-quarantine%22>\n\nyou can do so manually, but it produces mixed results on OSX 12 in my experience",
        "user": "U01APBW5N2J",
        "ts": "1666803636.864249",
        "blocks": [
            {
                "type": "rich_text",
                "block_id": "GYpF",
                "elements": [
                    {
                        "type": "rich_text_section",
                        "elements": [
                            {
                                "type": "link",
                                "url": "https:\/\/cycling74.com\/forums\/%22external-cannot-be-load-due-to-macos-quarantine%22"
                            },
                            {
                                "type": "text",
                                "text": "\n\nyou can do so manually, but it produces mixed results on OSX 12 in my experience"
                            }
                        ]
                    }
                ]
            }
        ],
        "team": "TJPN85XRA",
        "user_team": "TJPN85XRA",
        "source_team": "TJPN85XRA",
        "user_profile": {
            "avatar_hash": "fe0a901d9daf",
            "image_72": "https:\/\/avatars.slack-edge.com\/2020-09-17\/1355731656631_fe0a901d9daf26440442_72.png",
            "first_name": "",
            "real_name": "Kasey Pocius",
            "display_name": "Kasey Pocius",
            "team": "TJPN85XRA",
            "name": "kaseypocius",
            "is_restricted": false,
            "is_ultra_restricted": false
        },
        "thread_ts": "1666802095.027179",
        "parent_user_id": "U03NPGXF7GT"
    },
    {
        "client_msg_id": "508a1051-483a-4d94-9098-3e977e4fd0fc",
        "type": "message",
        "text": "Ok Thank you Edu. I will come to IDMIL tomorrow around 10 am.",
        "user": "U03NPGXF7GT",
        "ts": "1666809444.641199",
        "blocks": [
            {
                "type": "rich_text",
                "block_id": "n5Y",
                "elements": [
                    {
                        "type": "rich_text_section",
                        "elements": [
                            {
                                "type": "text",
                                "text": "Ok Thank you Edu. I will come to IDMIL tomorrow around 10 am."
                            }
                        ]
                    }
                ]
            }
        ],
        "team": "TJPN85XRA",
        "user_team": "TJPN85XRA",
        "source_team": "TJPN85XRA",
        "user_profile": {
            "avatar_hash": "g99c9e6129d9",
            "image_72": "https:\/\/secure.gravatar.com\/avatar\/99c9e6129d9cd988a07e1374696931ce.jpg?s=72&d=https%3A%2F%2Fa.slack-edge.com%2Fdf10d%2Fimg%2Favatars%2Fava_0008-72.png",
            "first_name": "Benjamin",
            "real_name": "Benjamin Lavastre",
            "display_name": "Benjamin Lavastre",
            "team": "TJPN85XRA",
            "name": "benjamin.lavastre",
            "is_restricted": false,
            "is_ultra_restricted": false
        }
    },
    {
        "client_msg_id": "c831750a-b0d1-4755-86e7-a9dd61133c20",
        "type": "message",
        "text": "Ok thank's I will try!",
        "user": "U03NPGXF7GT",
        "ts": "1666809516.777829",
        "blocks": [
            {
                "type": "rich_text",
                "block_id": "zboO",
                "elements": [
                    {
                        "type": "rich_text_section",
                        "elements": [
                            {
                                "type": "text",
                                "text": "Ok thank's I will try!"
                            }
                        ]
                    }
                ]
            }
        ],
        "team": "TJPN85XRA",
        "user_team": "TJPN85XRA",
        "source_team": "TJPN85XRA",
        "user_profile": {
            "avatar_hash": "g99c9e6129d9",
            "image_72": "https:\/\/secure.gravatar.com\/avatar\/99c9e6129d9cd988a07e1374696931ce.jpg?s=72&d=https%3A%2F%2Fa.slack-edge.com%2Fdf10d%2Fimg%2Favatars%2Fava_0008-72.png",
            "first_name": "Benjamin",
            "real_name": "Benjamin Lavastre",
            "display_name": "Benjamin Lavastre",
            "team": "TJPN85XRA",
            "name": "benjamin.lavastre",
            "is_restricted": false,
            "is_ultra_restricted": false
        },
        "thread_ts": "1666802095.027179",
        "parent_user_id": "U03NPGXF7GT"
    }
]