[
    {
        "client_msg_id": "462a18e6-ffb7-45dc-8fdf-5d4d13cb2c85",
        "type": "message",
        "text": "Very informative video on loudness and its complications: <https:\/\/www.youtube.com\/watch?v=-10h7Mu5VP8>",
        "user": "U029MNKJ0DR",
        "ts": "1659460866.227579",
        "blocks": [
            {
                "type": "rich_text",
                "block_id": "jbCa",
                "elements": [
                    {
                        "type": "rich_text_section",
                        "elements": [
                            {
                                "type": "text",
                                "text": "Very informative video on loudness and its complications: "
                            },
                            {
                                "type": "link",
                                "url": "https:\/\/www.youtube.com\/watch?v=-10h7Mu5VP8"
                            }
                        ]
                    }
                ]
            }
        ],
        "team": "TJPN85XRA",
        "user_team": "TJPN85XRA",
        "source_team": "TJPN85XRA",
        "user_profile": {
            "avatar_hash": "f350669b1e49",
            "image_72": "https:\/\/avatars.slack-edge.com\/2021-07-29\/2324539512645_f350669b1e496193ea11_72.jpg",
            "first_name": "",
            "real_name": "Paul Buser",
            "display_name": "Paul Buser",
            "team": "TJPN85XRA",
            "name": "buser.paul",
            "is_restricted": false,
            "is_ultra_restricted": false
        },
        "attachments": [
            {
                "from_url": "https:\/\/www.youtube.com\/watch?v=-10h7Mu5VP8",
                "thumb_url": "https:\/\/i.ytimg.com\/vi\/-10h7Mu5VP8\/hqdefault.jpg",
                "thumb_width": 480,
                "thumb_height": 360,
                "video_html": "<iframe width=\"400\" height=\"225\" src=\"https:\/\/www.youtube.com\/embed\/-10h7Mu5VP8?feature=oembed&autoplay=1&iv_load_policy=3\" frameborder=\"0\" allow=\"accelerometer; autoplay; clipboard-write; encrypted-media; gyroscope; picture-in-picture\" allowfullscreen title=\"The secret of maximum loudness (part 1)\"><\/iframe>",
                "video_html_width": 400,
                "video_html_height": 225,
                "service_icon": "https:\/\/a.slack-edge.com\/80588\/img\/unfurl_icons\/youtube.png",
                "id": 1,
                "original_url": "https:\/\/www.youtube.com\/watch?v=-10h7Mu5VP8",
                "fallback": "YouTube Video: The secret of maximum loudness (part 1)",
                "title": "The secret of maximum loudness (part 1)",
                "title_link": "https:\/\/www.youtube.com\/watch?v=-10h7Mu5VP8",
                "author_name": "FabFilter",
                "author_link": "https:\/\/www.youtube.com\/user\/fabfilter",
                "service_name": "YouTube",
                "service_url": "https:\/\/www.youtube.com\/"
            }
        ]
    }
]