[
    {
        "type": "message",
        "text": "",
        "files": [
            {
                "id": "F03PABQFTL5",
                "mode": "hidden_by_limit"
            }
        ],
        "upload": false,
        "user": "U03JTLB9FSS",
        "display_as_bot": false,
        "ts": "1657731049.539159",
        "blocks": [
            {
                "type": "rich_text",
                "block_id": "6Ch",
                "elements": [
                    {
                        "type": "rich_text_section",
                        "elements": []
                    }
                ]
            }
        ],
        "client_msg_id": "d9f251b9-4059-4159-82b5-3fc5e5b2c8de"
    },
    {
        "client_msg_id": "8fe53575-7881-47f3-824a-8b7cdc33bd05",
        "type": "message",
        "text": "Zendrum + intellijel!",
        "user": "U03JTLB9FSS",
        "ts": "1657731063.063579",
        "blocks": [
            {
                "type": "rich_text",
                "block_id": "5Zv",
                "elements": [
                    {
                        "type": "rich_text_section",
                        "elements": [
                            {
                                "type": "text",
                                "text": "Zendrum + intellijel!"
                            }
                        ]
                    }
                ]
            }
        ],
        "team": "TJPN85XRA",
        "user_team": "TJPN85XRA",
        "source_team": "TJPN85XRA",
        "user_profile": {
            "avatar_hash": "459fb8de8703",
            "image_72": "https:\/\/avatars.slack-edge.com\/2022-07-28\/3867310060339_459fb8de8703bb2678e5_72.jpg",
            "first_name": "Brady",
            "real_name": "Brady Boettcher",
            "display_name": "",
            "team": "TJPN85XRA",
            "name": "brady.boettcher",
            "is_restricted": false,
            "is_ultra_restricted": false
        },
        "reactions": [
            {
                "name": "raised_hands",
                "users": [
                    "UK4BP4NH2"
                ],
                "count": 1
            }
        ]
    },
    {
        "client_msg_id": "CD98772F-F351-4B1C-983F-BE1F27EE7C58",
        "type": "message",
        "text": "Sicccc",
        "user": "U029MNKJ0DR",
        "ts": "1657731244.669819",
        "blocks": [
            {
                "type": "rich_text",
                "block_id": "6=h",
                "elements": [
                    {
                        "type": "rich_text_section",
                        "elements": [
                            {
                                "type": "text",
                                "text": "Sicccc"
                            }
                        ]
                    }
                ]
            }
        ],
        "team": "TJPN85XRA",
        "user_team": "TJPN85XRA",
        "source_team": "TJPN85XRA",
        "user_profile": {
            "avatar_hash": "f350669b1e49",
            "image_72": "https:\/\/avatars.slack-edge.com\/2021-07-29\/2324539512645_f350669b1e496193ea11_72.jpg",
            "first_name": "",
            "real_name": "Paul Buser",
            "display_name": "Paul Buser",
            "team": "TJPN85XRA",
            "name": "buser.paul",
            "is_restricted": false,
            "is_ultra_restricted": false
        }
    },
    {
        "client_msg_id": "1ADF0E2D-4A50-4B07-B360-169DDC506BA3",
        "type": "message",
        "text": "Nice!!",
        "user": "UKGLCA1GS",
        "ts": "1657754776.361069",
        "blocks": [
            {
                "type": "rich_text",
                "block_id": "9PJou",
                "elements": [
                    {
                        "type": "rich_text_section",
                        "elements": [
                            {
                                "type": "text",
                                "text": "Nice!!"
                            }
                        ]
                    }
                ]
            }
        ],
        "team": "TJPN85XRA",
        "user_team": "TJPN85XRA",
        "source_team": "TJPN85XRA",
        "user_profile": {
            "avatar_hash": "82cc3b048607",
            "image_72": "https:\/\/avatars.slack-edge.com\/2022-07-25\/3850040330500_82cc3b048607f33add6e_72.jpg",
            "first_name": "",
            "real_name": "Marcelo Wanderley",
            "display_name": "Marcelo Wanderley",
            "team": "TJPN85XRA",
            "name": "marcelo.wanderley",
            "is_restricted": false,
            "is_ultra_restricted": false
        }
    }
]