[
    {
        "client_msg_id": "daf6f9ad-3e41-49ad-8e65-380fd82dd72d",
        "type": "message",
        "text": "Takuto everywhere!:rolling_on_the_floor_laughing:",
        "user": "U010FMZRE4A",
        "ts": "1681432499.353059",
        "blocks": [
            {
                "type": "rich_text",
                "block_id": "6g5J",
                "elements": [
                    {
                        "type": "rich_text_section",
                        "elements": [
                            {
                                "type": "text",
                                "text": "Takuto everywhere!"
                            },
                            {
                                "type": "emoji",
                                "name": "rolling_on_the_floor_laughing",
                                "unicode": "1f923"
                            }
                        ]
                    }
                ]
            }
        ],
        "team": "TJPN85XRA",
        "user_team": "TJPN85XRA",
        "source_team": "TJPN85XRA",
        "user_profile": {
            "avatar_hash": "c0adc2d8c593",
            "image_72": "https:\/\/avatars.slack-edge.com\/2020-03-26\/1027782097284_c0adc2d8c5932b435e7b_72.jpg",
            "first_name": "",
            "real_name": "Takuto Fukuda",
            "display_name": "Takuto Fukuda",
            "team": "TJPN85XRA",
            "name": "takuto.fukuda",
            "is_restricted": false,
            "is_ultra_restricted": false
        },
        "thread_ts": "1681335035.673289",
        "parent_user_id": "U04TQN6329W"
    }
]