[
    {
        "client_msg_id": "DF278ACA-01A4-438F-89CB-0E72CD999491",
        "type": "message",
        "text": "Marcelo, you said we could contact you for funding no?^^ <https:\/\/www.catawiki.com\/en\/l\/64497551-ems-london-ltd-synthesizer-ems-synthi-aks-synthi-aks-synthesizer-united-kingdom|https:\/\/www.catawiki.com\/en\/l\/64497551-ems-london-ltd-synthesizer-ems-synthi-aks-synthi-aks-synthesizer-united-kingdom>",
        "user": "U04TQN6329W",
        "ts": "1679420101.458749",
        "blocks": [
            {
                "type": "rich_text",
                "block_id": "vyW",
                "elements": [
                    {
                        "type": "rich_text_section",
                        "elements": [
                            {
                                "type": "text",
                                "text": "Marcelo, you said we could contact you for funding no?^^ "
                            },
                            {
                                "type": "link",
                                "url": "https:\/\/www.catawiki.com\/en\/l\/64497551-ems-london-ltd-synthesizer-ems-synthi-aks-synthi-aks-synthesizer-united-kingdom",
                                "text": "https:\/\/www.catawiki.com\/en\/l\/64497551-ems-london-ltd-synthesizer-ems-synthi-aks-synthi-aks-synthesizer-united-kingdom"
                            }
                        ]
                    }
                ]
            }
        ],
        "team": "TJPN85XRA",
        "user_team": "TJPN85XRA",
        "source_team": "TJPN85XRA",
        "user_profile": {
            "avatar_hash": "7c0e79a9ee29",
            "image_72": "https:\/\/avatars.slack-edge.com\/2023-03-08\/4920031214354_7c0e79a9ee29236c3397_72.png",
            "first_name": "Bavo",
            "real_name": "Bavo Van Kerrebroeck",
            "display_name": "",
            "team": "TJPN85XRA",
            "name": "bavo.vankerrebroeck",
            "is_restricted": false,
            "is_ultra_restricted": false
        },
        "attachments": [
            {
                "from_url": "https:\/\/www.catawiki.com\/en\/l\/64497551-ems-london-ltd-synthesizer-ems-synthi-aks-synthi-aks-synthesizer-united-kingdom",
                "image_url": "https:\/\/assets.catawiki.nl\/assets\/2022\/11\/27\/0\/4\/1\/0417867a-cd85-4c83-b736-5ed634faf5da.jpg",
                "image_width": 584,
                "image_height": 700,
                "image_bytes": 64301,
                "service_icon": "https:\/\/www.catawiki.com\/favicon.ico",
                "id": 1,
                "original_url": "https:\/\/www.catawiki.com\/en\/l\/64497551-ems-london-ltd-synthesizer-ems-synthi-aks-synthi-aks-synthesizer-united-kingdom",
                "fallback": "Catawiki: EMS (LONDON) LTD. Synthesizer , EMS-Synthi AKS - Synthi AKS - Synthesizer - United Kingdom",
                "text": "Here I offer a synthesizer\nin top quality from…\n\nEMS (LONDON) LTD.\nSynthesizer EMS Synthi AKS.\n\nSerial number: 4-887.KS\n\nSynthesizer was completely serviced, with invoice.\n\nThis synthesizer is in top condition.\n\nOn the synthesizer is a sticker with the name of Heinz Zemanek from IBM Laboratories, a famous mathematician and computer scientist, Austrian engineer and world-renowned computer pioneer built one of the first fully transistorized computers.\nThis indicates that the object may have once been owned by Zemanek. At present, however, there is no conclusive evidence to support this assumption.\n\nYou are bidding on everything you see in these photos, including the power cord.\n\nGood luck bidding.\n#NewExclusiveCollection",
                "title": "EMS (LONDON) LTD. Synthesizer , EMS-Synthi AKS - Synthi AKS - Synthesizer - United Kingdom",
                "title_link": "https:\/\/www.catawiki.com\/en\/l\/64497551-ems-london-ltd-synthesizer-ems-synthi-aks-synthi-aks-synthesizer-united-kingdom",
                "service_name": "Catawiki"
            }
        ]
    }
]