[
    {
        "client_msg_id": "fb6a7c6b-ee5c-4d0b-b711-980ba9d9adda",
        "type": "message",
        "text": "Found a cool prototype DMI that uses hall effect sensors to detect 2D wiggling! similar to the rulers but on a smaller scale and with an extra dimension",
        "user": "U03JTLB9FSS",
        "ts": "1679681442.353069",
        "blocks": [
            {
                "type": "rich_text",
                "block_id": "bAZ",
                "elements": [
                    {
                        "type": "rich_text_section",
                        "elements": [
                            {
                                "type": "text",
                                "text": "Found a cool prototype DMI that uses hall effect sensors to detect 2D wiggling! similar to the rulers but on a smaller scale and with an extra dimension"
                            }
                        ]
                    }
                ]
            }
        ],
        "team": "TJPN85XRA",
        "user_team": "TJPN85XRA",
        "source_team": "TJPN85XRA",
        "user_profile": {
            "avatar_hash": "459fb8de8703",
            "image_72": "https:\/\/avatars.slack-edge.com\/2022-07-28\/3867310060339_459fb8de8703bb2678e5_72.jpg",
            "first_name": "Brady",
            "real_name": "Brady Boettcher",
            "display_name": "",
            "team": "TJPN85XRA",
            "name": "brady.boettcher",
            "is_restricted": false,
            "is_ultra_restricted": false
        }
    },
    {
        "client_msg_id": "09c7e610-ed18-4f2d-bdcc-194b583f98ff",
        "type": "message",
        "text": "<https:\/\/www.youtube.com\/watch?v=x4khM5Bjihg>",
        "user": "U03JTLB9FSS",
        "ts": "1679681443.700689",
        "blocks": [
            {
                "type": "rich_text",
                "block_id": "3sa9K",
                "elements": [
                    {
                        "type": "rich_text_section",
                        "elements": [
                            {
                                "type": "link",
                                "url": "https:\/\/www.youtube.com\/watch?v=x4khM5Bjihg"
                            }
                        ]
                    }
                ]
            }
        ],
        "team": "TJPN85XRA",
        "user_team": "TJPN85XRA",
        "source_team": "TJPN85XRA",
        "user_profile": {
            "avatar_hash": "459fb8de8703",
            "image_72": "https:\/\/avatars.slack-edge.com\/2022-07-28\/3867310060339_459fb8de8703bb2678e5_72.jpg",
            "first_name": "Brady",
            "real_name": "Brady Boettcher",
            "display_name": "",
            "team": "TJPN85XRA",
            "name": "brady.boettcher",
            "is_restricted": false,
            "is_ultra_restricted": false
        },
        "attachments": [
            {
                "from_url": "https:\/\/www.youtube.com\/watch?v=x4khM5Bjihg",
                "thumb_url": "https:\/\/i.ytimg.com\/vi\/x4khM5Bjihg\/hqdefault.jpg",
                "thumb_width": 480,
                "thumb_height": 360,
                "video_html": "<iframe width=\"400\" height=\"225\" src=\"https:\/\/www.youtube.com\/embed\/x4khM5Bjihg?feature=oembed&autoplay=1&iv_load_policy=3\" frameborder=\"0\" allow=\"accelerometer; autoplay; clipboard-write; encrypted-media; gyroscope; picture-in-picture; web-share\" allowfullscreen title=\"Wiggler - Expressive Synth using Daisy Seed and Flexure #synthdiy\"><\/iframe>",
                "video_html_width": 400,
                "video_html_height": 225,
                "service_icon": "https:\/\/a.slack-edge.com\/80588\/img\/unfurl_icons\/youtube.png",
                "id": 1,
                "original_url": "https:\/\/www.youtube.com\/watch?v=x4khM5Bjihg",
                "fallback": "YouTube Video: Wiggler - Expressive Synth using Daisy Seed and Flexure #synthdiy",
                "title": "Wiggler - Expressive Synth using Daisy Seed and Flexure #synthdiy",
                "title_link": "https:\/\/www.youtube.com\/watch?v=x4khM5Bjihg",
                "author_name": "Sound Werkshop",
                "author_link": "https:\/\/www.youtube.com\/@soundworkshop7067",
                "service_name": "YouTube",
                "service_url": "https:\/\/www.youtube.com\/"
            }
        ],
        "thread_ts": "1679681443.700689",
        "reply_count": 2,
        "reply_users_count": 1,
        "latest_reply": "1680141005.825289",
        "reply_users": [
            "U010TD4329M"
        ],
        "replies": [
            {
                "user": "U010TD4329M",
                "ts": "1680140876.501999"
            },
            {
                "user": "U010TD4329M",
                "ts": "1680141005.825289"
            }
        ],
        "is_locked": false,
        "subscribed": false,
        "reactions": [
            {
                "name": "open_mouth",
                "users": [
                    "U01APBW5N2J"
                ],
                "count": 1
            }
        ]
    }
]