[
    {
        "client_msg_id": "f5c9d39e-5a64-40b7-80ed-8fcbb783ba94",
        "type": "message",
        "text": "Anyone knows is there any SD card available at IDMIL?",
        "user": "U03NRB57K60",
        "ts": "1678913997.470369",
        "blocks": [
            {
                "type": "rich_text",
                "block_id": "NZF",
                "elements": [
                    {
                        "type": "rich_text_section",
                        "elements": [
                            {
                                "type": "text",
                                "text": "Anyone knows is there any SD card available at IDMIL?"
                            }
                        ]
                    }
                ]
            }
        ],
        "team": "TJPN85XRA",
        "user_team": "TJPN85XRA",
        "source_team": "TJPN85XRA",
        "user_profile": {
            "avatar_hash": "cb367b89c7ee",
            "image_72": "https:\/\/avatars.slack-edge.com\/2022-07-07\/3764518225398_cb367b89c7eea9d69365_72.jpg",
            "first_name": "Ziyue",
            "real_name": "Ziyue (Monica) Piao",
            "display_name": "Ziyue (Monica) Piao",
            "team": "TJPN85XRA",
            "name": "ziyue.piao",
            "is_restricted": false,
            "is_ultra_restricted": false
        }
    },
    {
        "client_msg_id": "d7dc8a5f-4ea1-44f5-8272-33f32c1f5534",
        "type": "message",
        "text": "Are you thinking to record a video? CIRMMT has a video camera by Panasonic that you can book and borrow. That usually comes with an SD card.",
        "user": "U010FMZRE4A",
        "ts": "1678926730.069919",
        "blocks": [
            {
                "type": "rich_text",
                "block_id": "y2Lw",
                "elements": [
                    {
                        "type": "rich_text_section",
                        "elements": [
                            {
                                "type": "text",
                                "text": "Are you thinking to record a video? CIRMMT has a video camera by Panasonic that you can book and borrow. That usually comes with an SD card."
                            }
                        ]
                    }
                ]
            }
        ],
        "team": "TJPN85XRA",
        "user_team": "TJPN85XRA",
        "source_team": "TJPN85XRA",
        "user_profile": {
            "avatar_hash": "c0adc2d8c593",
            "image_72": "https:\/\/avatars.slack-edge.com\/2020-03-26\/1027782097284_c0adc2d8c5932b435e7b_72.jpg",
            "first_name": "",
            "real_name": "Takuto Fukuda",
            "display_name": "Takuto Fukuda",
            "team": "TJPN85XRA",
            "name": "takuto.fukuda",
            "is_restricted": false,
            "is_ultra_restricted": false
        },
        "thread_ts": "1678926730.069919",
        "reply_count": 3,
        "reply_users_count": 2,
        "latest_reply": "1678927890.912399",
        "reply_users": [
            "U03NRB57K60",
            "U010FMZRE4A"
        ],
        "replies": [
            {
                "user": "U03NRB57K60",
                "ts": "1678927034.935649"
            },
            {
                "user": "U010FMZRE4A",
                "ts": "1678927743.752099"
            },
            {
                "user": "U03NRB57K60",
                "ts": "1678927890.912399"
            }
        ],
        "is_locked": false,
        "subscribed": false
    },
    {
        "client_msg_id": "2ced6675-3be6-4a70-bd12-86f6a1f3bc5e",
        "type": "message",
        "text": "Thanks for the advice! I borrowed a video camera in Darryl’s office and now need SD cards. But it is a good idea. I can ask CIRMMT about SD cards tomorrow. :handshake:",
        "user": "U03NRB57K60",
        "ts": "1678927034.935649",
        "blocks": [
            {
                "type": "rich_text",
                "block_id": "d1owB",
                "elements": [
                    {
                        "type": "rich_text_section",
                        "elements": [
                            {
                                "type": "text",
                                "text": "Thanks for the advice! I borrowed a video camera in Darryl’s office and now need SD cards. But it is a good idea. I can ask CIRMMT about SD cards tomorrow. "
                            },
                            {
                                "type": "emoji",
                                "name": "handshake",
                                "unicode": "1f91d"
                            }
                        ]
                    }
                ]
            }
        ],
        "team": "TJPN85XRA",
        "user_team": "TJPN85XRA",
        "source_team": "TJPN85XRA",
        "user_profile": {
            "avatar_hash": "cb367b89c7ee",
            "image_72": "https:\/\/avatars.slack-edge.com\/2022-07-07\/3764518225398_cb367b89c7eea9d69365_72.jpg",
            "first_name": "Ziyue",
            "real_name": "Ziyue (Monica) Piao",
            "display_name": "Ziyue (Monica) Piao",
            "team": "TJPN85XRA",
            "name": "ziyue.piao",
            "is_restricted": false,
            "is_ultra_restricted": false
        },
        "thread_ts": "1678926730.069919",
        "parent_user_id": "U010FMZRE4A"
    },
    {
        "client_msg_id": "681a1d9e-fbf6-4bdd-91d7-72f297c32c8e",
        "type": "message",
        "text": "Also, I have a <https:\/\/www.dji.com\/ca\/osmo-pocket|DJI Osmo Pocket> suited for short snap videos. Let me know if you want to use it!",
        "user": "U010FMZRE4A",
        "ts": "1678927743.752099",
        "blocks": [
            {
                "type": "rich_text",
                "block_id": "+kJ",
                "elements": [
                    {
                        "type": "rich_text_section",
                        "elements": [
                            {
                                "type": "text",
                                "text": "Also, I have a "
                            },
                            {
                                "type": "link",
                                "url": "https:\/\/www.dji.com\/ca\/osmo-pocket",
                                "text": "DJI Osmo Pocket"
                            },
                            {
                                "type": "text",
                                "text": " suited for short snap videos. Let me know if you want to use it!"
                            }
                        ]
                    }
                ]
            }
        ],
        "team": "TJPN85XRA",
        "user_team": "TJPN85XRA",
        "source_team": "TJPN85XRA",
        "user_profile": {
            "avatar_hash": "c0adc2d8c593",
            "image_72": "https:\/\/avatars.slack-edge.com\/2020-03-26\/1027782097284_c0adc2d8c5932b435e7b_72.jpg",
            "first_name": "",
            "real_name": "Takuto Fukuda",
            "display_name": "Takuto Fukuda",
            "team": "TJPN85XRA",
            "name": "takuto.fukuda",
            "is_restricted": false,
            "is_ultra_restricted": false
        },
        "attachments": [
            {
                "image_url": "https:\/\/www5.djicdn.com\/cms\/uploads\/8f14a5edf32b4afee3d9f8227317166f@374*374.png",
                "image_width": 374,
                "image_height": 374,
                "image_bytes": 13424,
                "from_url": "https:\/\/www.dji.com\/ca\/osmo-pocket",
                "service_icon": "https:\/\/www1.djicdn.com\/dps\/47033021c805779769704a19c1b275d5.png",
                "id": 1,
                "original_url": "https:\/\/www.dji.com\/ca\/osmo-pocket",
                "fallback": "DJI Official: Osmo Pocket - DJI",
                "text": "DJI Osmo Pocket is a compact 3-axis stabilized handheld camera that turns any moment into a cinematic memory. Learn more at <http:\/\/DJI.com|DJI.com>.",
                "title": "Osmo Pocket - DJI",
                "title_link": "https:\/\/www.dji.com\/ca\/osmo-pocket",
                "service_name": "DJI Official"
            }
        ],
        "thread_ts": "1678926730.069919",
        "parent_user_id": "U010FMZRE4A"
    },
    {
        "client_msg_id": "47ca5f2c-6bfe-4380-91ea-097bf5bcd8bc",
        "type": "message",
        "text": "Thank you soooo much!!!! (I have a DJI osmo too:grimacing::headbanging_parrot::beers:",
        "user": "U03NRB57K60",
        "ts": "1678927890.912399",
        "blocks": [
            {
                "type": "rich_text",
                "block_id": "PQBH",
                "elements": [
                    {
                        "type": "rich_text_section",
                        "elements": [
                            {
                                "type": "text",
                                "text": "Thank you soooo much!!!! (I have a DJI osmo too"
                            },
                            {
                                "type": "emoji",
                                "name": "grimacing",
                                "unicode": "1f62c"
                            },
                            {
                                "type": "emoji",
                                "name": "headbanging_parrot"
                            },
                            {
                                "type": "emoji",
                                "name": "beers",
                                "unicode": "1f37b"
                            }
                        ]
                    }
                ]
            }
        ],
        "team": "TJPN85XRA",
        "user_team": "TJPN85XRA",
        "source_team": "TJPN85XRA",
        "user_profile": {
            "avatar_hash": "cb367b89c7ee",
            "image_72": "https:\/\/avatars.slack-edge.com\/2022-07-07\/3764518225398_cb367b89c7eea9d69365_72.jpg",
            "first_name": "Ziyue",
            "real_name": "Ziyue (Monica) Piao",
            "display_name": "Ziyue (Monica) Piao",
            "team": "TJPN85XRA",
            "name": "ziyue.piao",
            "is_restricted": false,
            "is_ultra_restricted": false
        },
        "thread_ts": "1678926730.069919",
        "parent_user_id": "U010FMZRE4A",
        "reactions": [
            {
                "name": "headbanging_parrot",
                "users": [
                    "U010FMZRE4A"
                ],
                "count": 1
            }
        ]
    }
]