[
    {
        "type": "message",
        "text": "Found a cereal box with a QR sequencer on the back, we now have cereal NIMEs",
        "files": [
            {
                "id": "F04N3MXQJNT",
                "mode": "hidden_by_limit"
            }
        ],
        "upload": false,
        "user": "U03JTLB9FSS",
        "display_as_bot": false,
        "ts": "1675808347.446719",
        "blocks": [
            {
                "type": "rich_text",
                "block_id": "0n\/g",
                "elements": [
                    {
                        "type": "rich_text_section",
                        "elements": [
                            {
                                "type": "text",
                                "text": "Found a cereal box with a QR sequencer on the back, we now have cereal NIMEs"
                            }
                        ]
                    }
                ]
            }
        ],
        "client_msg_id": "2a5453b8-2056-46d1-a781-855ae90116b1",
        "reactions": [
            {
                "name": "sweat_smile",
                "users": [
                    "UK4BP4NH2"
                ],
                "count": 1
            },
            {
                "name": "open_mouth",
                "users": [
                    "U03M9JKPT5X",
                    "U03NRB57K60"
                ],
                "count": 2
            }
        ]
    },
    {
        "client_msg_id": "a8f6de5f-8b2c-4416-8f26-8b2973fd9b95",
        "type": "message",
        "text": "Great to play cereal music!",
        "user": "UKGLCA1GS",
        "ts": "1675808824.254249",
        "blocks": [
            {
                "type": "rich_text",
                "block_id": "uhjeW",
                "elements": [
                    {
                        "type": "rich_text_section",
                        "elements": [
                            {
                                "type": "text",
                                "text": "Great to play cereal music!"
                            }
                        ]
                    }
                ]
            }
        ],
        "team": "TJPN85XRA",
        "user_team": "TJPN85XRA",
        "source_team": "TJPN85XRA",
        "user_profile": {
            "avatar_hash": "82cc3b048607",
            "image_72": "https:\/\/avatars.slack-edge.com\/2022-07-25\/3850040330500_82cc3b048607f33add6e_72.jpg",
            "first_name": "",
            "real_name": "Marcelo Wanderley",
            "display_name": "Marcelo Wanderley",
            "team": "TJPN85XRA",
            "name": "marcelo.wanderley",
            "is_restricted": false,
            "is_ultra_restricted": false
        }
    },
    {
        "client_msg_id": "32c9d6da-cec6-451f-88ce-26492422ed1e",
        "type": "message",
        "text": "Guarantees a more expressive breakfast!",
        "user": "U03JTLB9FSS",
        "ts": "1675808866.899669",
        "blocks": [
            {
                "type": "rich_text",
                "block_id": "Q\/KcM",
                "elements": [
                    {
                        "type": "rich_text_section",
                        "elements": [
                            {
                                "type": "text",
                                "text": "Guarantees a more expressive breakfast!"
                            }
                        ]
                    }
                ]
            }
        ],
        "team": "TJPN85XRA",
        "user_team": "TJPN85XRA",
        "source_team": "TJPN85XRA",
        "user_profile": {
            "avatar_hash": "459fb8de8703",
            "image_72": "https:\/\/avatars.slack-edge.com\/2022-07-28\/3867310060339_459fb8de8703bb2678e5_72.jpg",
            "first_name": "Brady",
            "real_name": "Brady Boettcher",
            "display_name": "",
            "team": "TJPN85XRA",
            "name": "brady.boettcher",
            "is_restricted": false,
            "is_ultra_restricted": false
        }
    },
    {
        "client_msg_id": "94571c0a-78e4-43c2-b89d-4723779002cb",
        "type": "message",
        "text": "<https:\/\/cdm.link\/2021\/08\/inside-the-resses-puffs-cereal-beatboxes-and-yeah-they-made-real-instruments\/>",
        "user": "UJCU8BAAW",
        "ts": "1675809412.992879",
        "blocks": [
            {
                "type": "rich_text",
                "block_id": "r7pqW",
                "elements": [
                    {
                        "type": "rich_text_section",
                        "elements": [
                            {
                                "type": "link",
                                "url": "https:\/\/cdm.link\/2021\/08\/inside-the-resses-puffs-cereal-beatboxes-and-yeah-they-made-real-instruments\/"
                            }
                        ]
                    }
                ]
            }
        ],
        "team": "TJPN85XRA",
        "user_team": "TJPN85XRA",
        "source_team": "TJPN85XRA",
        "user_profile": {
            "avatar_hash": "d49c462f5537",
            "image_72": "https:\/\/avatars.slack-edge.com\/2021-06-14\/2154581376263_d49c462f5537edde8dbb_72.jpg",
            "first_name": "Edu",
            "real_name": "Edu Meneses",
            "display_name": "Edu Meneses",
            "team": "TJPN85XRA",
            "name": "eduardo.meneses",
            "is_restricted": false,
            "is_ultra_restricted": false
        },
        "attachments": [
            {
                "from_url": "https:\/\/cdm.link\/2021\/08\/inside-the-resses-puffs-cereal-beatboxes-and-yeah-they-made-real-instruments\/",
                "ts": 1630079601,
                "thumb_url": "https:\/\/cdm.link\/app\/uploads\/2021\/08\/01_HERO_A.jpeg",
                "thumb_width": 2400,
                "thumb_height": 1602,
                "service_icon": "https:\/\/cdm.link\/app\/uploads\/2015\/12\/cdmlogo-200x200.png",
                "id": 1,
                "original_url": "https:\/\/cdm.link\/2021\/08\/inside-the-resses-puffs-cereal-beatboxes-and-yeah-they-made-real-instruments\/",
                "fallback": "CDM Create Digital Music: Inside the Reese's Puffs cereal beatboxes - and yeah, they made real instruments - CDM Create Digital Music",
                "text": "It must be the future because your cereal box is also an augmented-reality drum machine or synth. We talked to the creative team about the project, plus the full-featured \"pro\" models.",
                "title": "Inside the Reese's Puffs cereal beatboxes - and yeah, they made real instruments - CDM Create Digital Music",
                "title_link": "https:\/\/cdm.link\/2021\/08\/inside-the-resses-puffs-cereal-beatboxes-and-yeah-they-made-real-instruments\/",
                "service_name": "CDM Create Digital Music",
                "fields": [
                    {
                        "value": "Peter Kirn",
                        "title": "Written by",
                        "short": true
                    },
                    {
                        "value": "7 minutes",
                        "title": "Est. reading time",
                        "short": true
                    }
                ]
            }
        ]
    },
    {
        "client_msg_id": "bed7b781-29c4-424c-8412-c3bc062b4443",
        "type": "message",
        "text": "But unfortunately for you <@U03JTLB9FSS>: <https:\/\/cereals.generalmills.com\/puffsfx\/>",
        "user": "UJCU8BAAW",
        "ts": "1675809517.247039",
        "blocks": [
            {
                "type": "rich_text",
                "block_id": "h3XMg",
                "elements": [
                    {
                        "type": "rich_text_section",
                        "elements": [
                            {
                                "type": "text",
                                "text": "But unfortunately for you "
                            },
                            {
                                "type": "user",
                                "user_id": "U03JTLB9FSS"
                            },
                            {
                                "type": "text",
                                "text": ": "
                            },
                            {
                                "type": "link",
                                "url": "https:\/\/cereals.generalmills.com\/puffsfx\/"
                            }
                        ]
                    }
                ]
            }
        ],
        "team": "TJPN85XRA",
        "user_team": "TJPN85XRA",
        "source_team": "TJPN85XRA",
        "user_profile": {
            "avatar_hash": "d49c462f5537",
            "image_72": "https:\/\/avatars.slack-edge.com\/2021-06-14\/2154581376263_d49c462f5537edde8dbb_72.jpg",
            "first_name": "Edu",
            "real_name": "Edu Meneses",
            "display_name": "Edu Meneses",
            "team": "TJPN85XRA",
            "name": "eduardo.meneses",
            "is_restricted": false,
            "is_ultra_restricted": false
        },
        "reactions": [
            {
                "name": "sob",
                "users": [
                    "U03JTLB9FSS"
                ],
                "count": 1
            }
        ]
    },
    {
        "client_msg_id": "a53791d4-ed96-4ad2-bee8-ed6a27d8b513",
        "type": "message",
        "text": "To tease us all: <https:\/\/www.youtube.com\/watch?v=Abd6zNXW_lw>",
        "user": "UJCU8BAAW",
        "ts": "1675809614.122389",
        "blocks": [
            {
                "type": "rich_text",
                "block_id": "FyN",
                "elements": [
                    {
                        "type": "rich_text_section",
                        "elements": [
                            {
                                "type": "text",
                                "text": "To tease us all: "
                            },
                            {
                                "type": "link",
                                "url": "https:\/\/www.youtube.com\/watch?v=Abd6zNXW_lw"
                            }
                        ]
                    }
                ]
            }
        ],
        "team": "TJPN85XRA",
        "user_team": "TJPN85XRA",
        "source_team": "TJPN85XRA",
        "user_profile": {
            "avatar_hash": "d49c462f5537",
            "image_72": "https:\/\/avatars.slack-edge.com\/2021-06-14\/2154581376263_d49c462f5537edde8dbb_72.jpg",
            "first_name": "Edu",
            "real_name": "Edu Meneses",
            "display_name": "Edu Meneses",
            "team": "TJPN85XRA",
            "name": "eduardo.meneses",
            "is_restricted": false,
            "is_ultra_restricted": false
        },
        "edited": {
            "user": "UJCU8BAAW",
            "ts": "1675809645.000000"
        },
        "attachments": [
            {
                "from_url": "https:\/\/www.youtube.com\/watch?v=Abd6zNXW_lw",
                "thumb_url": "https:\/\/i.ytimg.com\/vi\/Abd6zNXW_lw\/hqdefault.jpg",
                "thumb_width": 480,
                "thumb_height": 360,
                "video_html": "<iframe width=\"400\" height=\"225\" src=\"https:\/\/www.youtube.com\/embed\/Abd6zNXW_lw?feature=oembed&autoplay=1&iv_load_policy=3\" frameborder=\"0\" allow=\"accelerometer; autoplay; clipboard-write; encrypted-media; gyroscope; picture-in-picture; web-share\" allowfullscreen title=\"The Making of Reese&#39;s Puffs RP-FX\"><\/iframe>",
                "video_html_width": 400,
                "video_html_height": 225,
                "service_icon": "https:\/\/a.slack-edge.com\/80588\/img\/unfurl_icons\/youtube.png",
                "id": 1,
                "original_url": "https:\/\/www.youtube.com\/watch?v=Abd6zNXW_lw",
                "fallback": "YouTube Video: The Making of Reese's Puffs RP-FX",
                "title": "The Making of Reese's Puffs RP-FX",
                "title_link": "https:\/\/www.youtube.com\/watch?v=Abd6zNXW_lw",
                "author_name": "Deeplocal",
                "author_link": "https:\/\/www.youtube.com\/@Deeplocal",
                "service_name": "YouTube",
                "service_url": "https:\/\/www.youtube.com\/"
            }
        ],
        "reactions": [
            {
                "name": "open_mouth",
                "users": [
                    "U03M9JKPT5X",
                    "U03JTLB9FSS"
                ],
                "count": 2
            },
            {
                "name": "heart",
                "users": [
                    "U03N8B9NV7Z"
                ],
                "count": 1
            }
        ]
    },
    {
        "client_msg_id": "3088e525-7998-4534-a340-ca2d622aae66",
        "type": "message",
        "text": "I can't believe I didn´t know that, such amazing promotion!",
        "user": "UJCU8BAAW",
        "ts": "1675809623.668189",
        "blocks": [
            {
                "type": "rich_text",
                "block_id": "awH3L",
                "elements": [
                    {
                        "type": "rich_text_section",
                        "elements": [
                            {
                                "type": "text",
                                "text": "I can't believe I didn´t know that, such amazing promotion!"
                            }
                        ]
                    }
                ]
            }
        ],
        "team": "TJPN85XRA",
        "user_team": "TJPN85XRA",
        "source_team": "TJPN85XRA",
        "user_profile": {
            "avatar_hash": "d49c462f5537",
            "image_72": "https:\/\/avatars.slack-edge.com\/2021-06-14\/2154581376263_d49c462f5537edde8dbb_72.jpg",
            "first_name": "Edu",
            "real_name": "Edu Meneses",
            "display_name": "Edu Meneses",
            "team": "TJPN85XRA",
            "name": "eduardo.meneses",
            "is_restricted": false,
            "is_ultra_restricted": false
        },
        "edited": {
            "user": "UJCU8BAAW",
            "ts": "1675809715.000000"
        }
    },
    {
        "client_msg_id": "0ee3955c-ef11-4c25-9e57-ed0b83825fed",
        "type": "message",
        "text": "<https:\/\/youtu.be\/nuSoXIbgNmM>",
        "user": "U010TD4329M",
        "ts": "1675823659.433819",
        "blocks": [
            {
                "type": "rich_text",
                "block_id": "h=hY",
                "elements": [
                    {
                        "type": "rich_text_section",
                        "elements": [
                            {
                                "type": "link",
                                "url": "https:\/\/youtu.be\/nuSoXIbgNmM"
                            }
                        ]
                    }
                ]
            }
        ],
        "team": "TJPN85XRA",
        "user_team": "TJPN85XRA",
        "source_team": "TJPN85XRA",
        "user_profile": {
            "avatar_hash": "g76664e246bb",
            "image_72": "https:\/\/secure.gravatar.com\/avatar\/76664e246bb99704f2fe508d673b1124.jpg?s=72&d=https%3A%2F%2Fa.slack-edge.com%2Fdf10d%2Fimg%2Favatars%2Fava_0026-72.png",
            "first_name": "",
            "real_name": "Joe Malloch",
            "display_name": "Joe Malloch",
            "team": "TJPN85XRA",
            "name": "jmalloch",
            "is_restricted": false,
            "is_ultra_restricted": false
        },
        "attachments": [
            {
                "from_url": "https:\/\/youtu.be\/nuSoXIbgNmM",
                "thumb_url": "https:\/\/i.ytimg.com\/vi\/nuSoXIbgNmM\/hqdefault.jpg",
                "thumb_width": 480,
                "thumb_height": 360,
                "video_html": "<iframe width=\"400\" height=\"300\" src=\"https:\/\/www.youtube.com\/embed\/nuSoXIbgNmM?feature=oembed&autoplay=1&iv_load_policy=3\" frameborder=\"0\" allow=\"accelerometer; autoplay; clipboard-write; encrypted-media; gyroscope; picture-in-picture; web-share\" allowfullscreen title=\"Classic Sesame Street   Cereal Girl Full Version\"><\/iframe>",
                "video_html_width": 400,
                "video_html_height": 300,
                "service_icon": "https:\/\/a.slack-edge.com\/80588\/img\/unfurl_icons\/youtube.png",
                "id": 1,
                "original_url": "https:\/\/youtu.be\/nuSoXIbgNmM",
                "fallback": "YouTube Video: Classic Sesame Street   Cereal Girl Full Version",
                "title": "Classic Sesame Street   Cereal Girl Full Version",
                "title_link": "https:\/\/youtu.be\/nuSoXIbgNmM",
                "author_name": "Rohail Hashmi",
                "author_link": "https:\/\/www.youtube.com\/@rohailhashmi8050",
                "service_name": "YouTube",
                "service_url": "https:\/\/www.youtube.com\/"
            }
        ]
    }
]