[
    {
        "client_msg_id": "88e4eb7b-e44f-4fd4-8e7a-1b7429c55b59",
        "type": "message",
        "text": "Google’s new RoboPianist: <https:\/\/github.com\/google-research\/robopianist> <https:\/\/kevinzakka.github.io\/robopianist-demo\/>",
        "user": "U03NRB57K60",
        "ts": "1680395446.069119",
        "blocks": [
            {
                "type": "rich_text",
                "block_id": "+ZZ",
                "elements": [
                    {
                        "type": "rich_text_section",
                        "elements": [
                            {
                                "type": "text",
                                "text": "Google’s new RoboPianist: "
                            },
                            {
                                "type": "link",
                                "url": "https:\/\/github.com\/google-research\/robopianist"
                            },
                            {
                                "type": "text",
                                "text": " "
                            },
                            {
                                "type": "link",
                                "url": "https:\/\/kevinzakka.github.io\/robopianist-demo\/"
                            }
                        ]
                    }
                ]
            }
        ],
        "team": "TJPN85XRA",
        "user_team": "TJPN85XRA",
        "source_team": "TJPN85XRA",
        "user_profile": {
            "avatar_hash": "cb367b89c7ee",
            "image_72": "https:\/\/avatars.slack-edge.com\/2022-07-07\/3764518225398_cb367b89c7eea9d69365_72.jpg",
            "first_name": "Ziyue",
            "real_name": "Ziyue (Monica) Piao",
            "display_name": "Ziyue (Monica) Piao",
            "team": "TJPN85XRA",
            "name": "ziyue.piao",
            "is_restricted": false,
            "is_ultra_restricted": false
        },
        "reactions": [
            {
                "name": "+1",
                "users": [
                    "UK4BP4NH2",
                    "U04TQN6329W"
                ],
                "count": 2
            }
        ]
    }
]