[
    {
        "client_msg_id": "7606a8f9-1549-4f35-af9a-f98955c1017c",
        "type": "message",
        "text": "So... just thinking out loud here, but... if `mpr_sig_set_value` can now be used to set the value of a remote signal, does that suggest that we should also be able to `mpr_sig_get_value` with a remote signal? I can't think of a scenario where I would actually want to do this in order to get the value just once, or once in a while. In any scenario I've thought of where I would want to know the value of a remote signal, I want to be informed of updates to that value as well, which seems like a job for a map. Then again, in cases like a session manager or a data recorder, a map is almost overkill since I don't want to do any transformation of the signal so... huh.",
        "user": "UJR4DDS12",
        "ts": "1655898587.100609",
        "blocks": [
            {
                "type": "rich_text",
                "block_id": "EDOC6",
                "elements": [
                    {
                        "type": "rich_text_section",
                        "elements": [
                            {
                                "type": "text",
                                "text": "So... just thinking out loud here, but... if "
                            },
                            {
                                "type": "text",
                                "text": "mpr_sig_set_value",
                                "style": {
                                    "code": true
                                }
                            },
                            {
                                "type": "text",
                                "text": " can now be used to set the value of a remote signal, does that suggest that we should also be able to "
                            },
                            {
                                "type": "text",
                                "text": "mpr_sig_get_value",
                                "style": {
                                    "code": true
                                }
                            },
                            {
                                "type": "text",
                                "text": " with a remote signal? I can't think of a scenario where I would actually want to do this in order to get the value just once, or once in a while. In any scenario I've thought of where I would want to know the value of a remote signal, I want to be informed of updates to that value as well, which seems like a job for a map. Then again, in cases like a session manager or a data recorder, a map is almost overkill since I don't want to do any transformation of the signal so... huh."
                            }
                        ]
                    }
                ]
            }
        ],
        "team": "TJPN85XRA",
        "user_team": "TJPN85XRA",
        "source_team": "TJPN85XRA",
        "user_profile": {
            "avatar_hash": "a59dc6f2aaf0",
            "image_72": "https:\/\/avatars.slack-edge.com\/2022-06-18\/3673671924631_a59dc6f2aaf006d655d2_72.jpg",
            "first_name": "Travis",
            "real_name": "Travis West",
            "display_name": "Travis",
            "team": "TJPN85XRA",
            "name": "travis.west",
            "is_restricted": false,
            "is_ultra_restricted": false
        }
    },
    {
        "client_msg_id": "4831ec74-2db4-40ae-8b8f-00f32b861b20",
        "type": "message",
        "text": "Interesting... we could include the current value with other metadata updates so there could be a timestamped (but likely out-of-date) value available without creating a map. Not sure how useful this would be.",
        "user": "U010TD4329M",
        "ts": "1655942158.374839",
        "blocks": [
            {
                "type": "rich_text",
                "block_id": "gAFHf",
                "elements": [
                    {
                        "type": "rich_text_section",
                        "elements": [
                            {
                                "type": "text",
                                "text": "Interesting... we could include the current value with other metadata updates so there could be a timestamped (but likely out-of-date) value available without creating a map. Not sure how useful this would be."
                            }
                        ]
                    }
                ]
            }
        ],
        "team": "TJPN85XRA",
        "user_team": "TJPN85XRA",
        "source_team": "TJPN85XRA",
        "user_profile": {
            "avatar_hash": "g76664e246bb",
            "image_72": "https:\/\/secure.gravatar.com\/avatar\/76664e246bb99704f2fe508d673b1124.jpg?s=72&d=https%3A%2F%2Fa.slack-edge.com%2Fdf10d%2Fimg%2Favatars%2Fava_0026-72.png",
            "first_name": "",
            "real_name": "Joe Malloch",
            "display_name": "Joe Malloch",
            "team": "TJPN85XRA",
            "name": "jmalloch",
            "is_restricted": false,
            "is_ultra_restricted": false
        }
    }
]