[
    {
        "client_msg_id": "5bd0d182-12bb-426c-9458-f9432e5cdd45",
        "type": "message",
        "text": "<@U01APBW5N2J>, instructions for compiling libmapper and webmapper on the Pi: <https:\/\/github.com\/Puara\/MPU\/blob\/main\/building_instructions_image_PatchboxOS.md#install-libmapper>",
        "user": "UJCU8BAAW",
        "ts": "1655655432.829769",
        "blocks": [
            {
                "type": "rich_text",
                "block_id": "\/=7l7",
                "elements": [
                    {
                        "type": "rich_text_section",
                        "elements": [
                            {
                                "type": "user",
                                "user_id": "U01APBW5N2J"
                            },
                            {
                                "type": "text",
                                "text": ", instructions for compiling libmapper and webmapper on the Pi: "
                            },
                            {
                                "type": "link",
                                "url": "https:\/\/github.com\/Puara\/MPU\/blob\/main\/building_instructions_image_PatchboxOS.md#install-libmapper"
                            }
                        ]
                    }
                ]
            }
        ],
        "team": "TJPN85XRA",
        "user_team": "TJPN85XRA",
        "source_team": "TJPN85XRA",
        "user_profile": {
            "avatar_hash": "d49c462f5537",
            "image_72": "https:\/\/avatars.slack-edge.com\/2021-06-14\/2154581376263_d49c462f5537edde8dbb_72.jpg",
            "first_name": "Edu",
            "real_name": "Edu Meneses",
            "display_name": "Edu Meneses",
            "team": "TJPN85XRA",
            "name": "eduardo.meneses",
            "is_restricted": false,
            "is_ultra_restricted": false
        },
        "attachments": [
            {
                "from_url": "https:\/\/github.com\/Puara\/MPU\/blob\/main\/building_instructions_image_PatchboxOS.md#install-libmapper",
                "image_url": "https:\/\/opengraph.githubassets.com\/455832604e6dc6c25f0681d73be65466f59dceb4915a598c12808267b948535a\/Puara\/MPU",
                "image_width": 500,
                "image_height": 250,
                "image_bytes": 37714,
                "service_icon": "https:\/\/a.slack-edge.com\/80588\/img\/unfurl_icons\/github.png",
                "id": 1,
                "original_url": "https:\/\/github.com\/Puara\/MPU\/blob\/main\/building_instructions_image_PatchboxOS.md#install-libmapper",
                "fallback": "GitHub: MPU\/building_instructions_image_PatchboxOS.md at main · Puara\/MPU",
                "text": "Media Processing Unit (MPU) for the Puara framework. - MPU\/building_instructions_image_PatchboxOS.md at main · Puara\/MPU",
                "title": "MPU\/building_instructions_image_PatchboxOS.md at main · Puara\/MPU",
                "title_link": "https:\/\/github.com\/Puara\/MPU\/blob\/main\/building_instructions_image_PatchboxOS.md#install-libmapper",
                "service_name": "GitHub"
            }
        ],
        "thread_ts": "1655382960.698069",
        "parent_user_id": "U01APBW5N2J"
    }
]