[
    {
        "client_msg_id": "8cdc8328-1afa-4978-97d1-7c924dc05bc2",
        "type": "message",
        "text": "<https:\/\/pypi.org\/project\/libmapper\/>\nLibmapper wheels released on pip! Give it a shot on your own machine with `pip install libmapper`  :slightly_smiling_face:",
        "user": "U03JTLB9FSS",
        "ts": "1662738075.796389",
        "blocks": [
            {
                "type": "rich_text",
                "block_id": "T64",
                "elements": [
                    {
                        "type": "rich_text_section",
                        "elements": [
                            {
                                "type": "link",
                                "url": "https:\/\/pypi.org\/project\/libmapper\/"
                            },
                            {
                                "type": "text",
                                "text": "\nLibmapper wheels released on pip! Give it a shot on your own machine with "
                            },
                            {
                                "type": "text",
                                "text": "pip install libmapper",
                                "style": {
                                    "code": true
                                }
                            },
                            {
                                "type": "text",
                                "text": "  "
                            },
                            {
                                "type": "emoji",
                                "name": "slightly_smiling_face",
                                "unicode": "1f642"
                            }
                        ]
                    }
                ]
            }
        ],
        "team": "TJPN85XRA",
        "user_team": "TJPN85XRA",
        "source_team": "TJPN85XRA",
        "user_profile": {
            "avatar_hash": "459fb8de8703",
            "image_72": "https:\/\/avatars.slack-edge.com\/2022-07-28\/3867310060339_459fb8de8703bb2678e5_72.jpg",
            "first_name": "Brady",
            "real_name": "Brady Boettcher",
            "display_name": "",
            "team": "TJPN85XRA",
            "name": "brady.boettcher",
            "is_restricted": false,
            "is_ultra_restricted": false
        },
        "attachments": [
            {
                "from_url": "https:\/\/pypi.org\/project\/libmapper\/",
                "image_url": "https:\/\/pypi.org\/static\/images\/twitter.6fecba6f.jpg",
                "image_width": 250,
                "image_height": 250,
                "image_bytes": 6869,
                "service_icon": "https:\/\/pypi.org\/static\/images\/favicon.6a76275d.ico",
                "id": 1,
                "original_url": "https:\/\/pypi.org\/project\/libmapper\/",
                "fallback": "PyPI: libmapper",
                "text": "A library for mapping controllers and synthesizers.",
                "title": "libmapper",
                "title_link": "https:\/\/pypi.org\/project\/libmapper\/",
                "service_name": "PyPI"
            }
        ],
        "reactions": [
            {
                "name": "heart",
                "users": [
                    "U03JWS43U3H",
                    "U03KSGRRF5F",
                    "U01APBW5N2J"
                ],
                "count": 3
            },
            {
                "name": "clap::skin-tone-5",
                "users": [
                    "UJCU8BAAW"
                ],
                "count": 1
            },
            {
                "name": "clap",
                "users": [
                    "U01APBW5N2J"
                ],
                "count": 1
            },
            {
                "name": "tada",
                "users": [
                    "U010TD4329M"
                ],
                "count": 1
            }
        ]
    },
    {
        "client_msg_id": "be5ade0b-9956-4910-a968-92303050c526",
        "type": "message",
        "text": "one more bit of news, webmapper standalone apps are <https:\/\/github.com\/libmapper\/webmapper\/pull\/30|built in CI now>, feel free to download the standalone builds from <https:\/\/github.com\/bboettcher3\/webmapper\/actions\/runs\/3046865422|this link>. Next up are windows and macOS installers for webmapper :slightly_smiling_face:",
        "user": "U03JTLB9FSS",
        "ts": "1662753736.293149",
        "blocks": [
            {
                "type": "rich_text",
                "block_id": "CO2",
                "elements": [
                    {
                        "type": "rich_text_section",
                        "elements": [
                            {
                                "type": "text",
                                "text": "one more bit of news, webmapper standalone apps are "
                            },
                            {
                                "type": "link",
                                "url": "https:\/\/github.com\/libmapper\/webmapper\/pull\/30",
                                "text": "built in CI now"
                            },
                            {
                                "type": "text",
                                "text": ", feel free to download the standalone builds from "
                            },
                            {
                                "type": "link",
                                "url": "https:\/\/github.com\/bboettcher3\/webmapper\/actions\/runs\/3046865422",
                                "text": "this link"
                            },
                            {
                                "type": "text",
                                "text": ". Next up are windows and macOS installers for webmapper "
                            },
                            {
                                "type": "emoji",
                                "name": "slightly_smiling_face",
                                "unicode": "1f642"
                            }
                        ]
                    }
                ]
            }
        ],
        "team": "TJPN85XRA",
        "user_team": "TJPN85XRA",
        "source_team": "TJPN85XRA",
        "user_profile": {
            "avatar_hash": "459fb8de8703",
            "image_72": "https:\/\/avatars.slack-edge.com\/2022-07-28\/3867310060339_459fb8de8703bb2678e5_72.jpg",
            "first_name": "Brady",
            "real_name": "Brady Boettcher",
            "display_name": "",
            "team": "TJPN85XRA",
            "name": "brady.boettcher",
            "is_restricted": false,
            "is_ultra_restricted": false
        },
        "edited": {
            "user": "U03JTLB9FSS",
            "ts": "1663110308.000000"
        },
        "attachments": [
            {
                "from_url": "https:\/\/github.com\/bboettcher3\/webmapper\/actions\/runs\/3046865422",
                "image_url": "https:\/\/opengraph.githubassets.com\/27a2d5abbf8febd052fe599c446e7a6880805faca2196f3d3f46e002b8d5fe45\/bboettcher3\/webmapper",
                "image_width": 500,
                "image_height": 250,
                "image_bytes": 122313,
                "service_icon": "https:\/\/a.slack-edge.com\/80588\/img\/unfurl_icons\/github.png",
                "id": 2,
                "original_url": "https:\/\/github.com\/bboettcher3\/webmapper\/actions\/runs\/3046865422",
                "fallback": "GitHub: separate artifacts for platforms · bboettcher3\/webmapper@8782844",
                "text": "An HTML5-based graphical interface to libmapper. Contribute to bboettcher3\/webmapper development by creating an account on GitHub.",
                "title": "separate artifacts for platforms · bboettcher3\/webmapper@8782844",
                "title_link": "https:\/\/github.com\/bboettcher3\/webmapper\/actions\/runs\/3046865422",
                "service_name": "GitHub"
            }
        ],
        "reactions": [
            {
                "name": "tada",
                "users": [
                    "U01APBW5N2J",
                    "U010TD4329M"
                ],
                "count": 2
            }
        ]
    }
]