[
    {
        "client_msg_id": "595b9901-08fd-4492-b23c-1812216d9af0",
        "type": "message",
        "text": "I'm wondering whether a user should be able to toggle between simple&lt;-&gt;detailed versions of the list view. Some users might want to know the datatype\/vector length\/unit\/numInstances without needing to hover over each signal. In the old Max GUI we used columns for metadata and could sort by e.g. vector length.",
        "user": "U010TD4329M",
        "ts": "1668517351.359829",
        "blocks": [
            {
                "type": "rich_text",
                "block_id": "7R5hl",
                "elements": [
                    {
                        "type": "rich_text_section",
                        "elements": [
                            {
                                "type": "text",
                                "text": "I'm wondering whether a user should be able to toggle between simple<->detailed versions of the list view. Some users might want to know the datatype\/vector length\/unit\/numInstances without needing to hover over each signal. In the old Max GUI we used columns for metadata and could sort by e.g. vector length."
                            }
                        ]
                    }
                ]
            }
        ],
        "team": "TJPN85XRA",
        "user_team": "TJPN85XRA",
        "source_team": "TJPN85XRA",
        "user_profile": {
            "avatar_hash": "g76664e246bb",
            "image_72": "https:\/\/secure.gravatar.com\/avatar\/76664e246bb99704f2fe508d673b1124.jpg?s=72&d=https%3A%2F%2Fa.slack-edge.com%2Fdf10d%2Fimg%2Favatars%2Fava_0026-72.png",
            "first_name": "",
            "real_name": "Joe Malloch",
            "display_name": "Joe Malloch",
            "team": "TJPN85XRA",
            "name": "jmalloch",
            "is_restricted": false,
            "is_ultra_restricted": false
        },
        "reactions": [
            {
                "name": "+1",
                "users": [
                    "UJR4DDS12"
                ],
                "count": 1
            }
        ]
    }
]