[
    {
        "client_msg_id": "811dd8a6-03ce-45e8-9f01-b86073dad54f",
        "type": "message",
        "text": "TouchDesigner would be a great addition to the mappable family!",
        "user": "U010TD4329M",
        "ts": "1663248161.328299",
        "blocks": [
            {
                "type": "rich_text",
                "block_id": "zCinS",
                "elements": [
                    {
                        "type": "rich_text_section",
                        "elements": [
                            {
                                "type": "text",
                                "text": "TouchDesigner would be a great addition to the mappable family!"
                            }
                        ]
                    }
                ]
            }
        ],
        "team": "TJPN85XRA",
        "user_team": "TJPN85XRA",
        "source_team": "TJPN85XRA",
        "user_profile": {
            "avatar_hash": "g76664e246bb",
            "image_72": "https:\/\/secure.gravatar.com\/avatar\/76664e246bb99704f2fe508d673b1124.jpg?s=72&d=https%3A%2F%2Fa.slack-edge.com%2Fdf10d%2Fimg%2Favatars%2Fava_0026-72.png",
            "first_name": "",
            "real_name": "Joe Malloch",
            "display_name": "Joe Malloch",
            "team": "TJPN85XRA",
            "name": "jmalloch",
            "is_restricted": false,
            "is_ultra_restricted": false
        },
        "thread_ts": "1663124583.591709",
        "parent_user_id": "U03JTLB9FSS"
    },
    {
        "client_msg_id": "f7c3c179-2e33-4150-be15-31208477fedd",
        "type": "message",
        "text": "I noticed that libmapper doesn't work on python 3.7.x (crashes with a nasty heap error), does anyone have any idea why?",
        "user": "U03JTLB9FSS",
        "ts": "1663275348.000179",
        "blocks": [
            {
                "type": "rich_text",
                "block_id": "jpeFb",
                "elements": [
                    {
                        "type": "rich_text_section",
                        "elements": [
                            {
                                "type": "text",
                                "text": "I noticed that libmapper doesn't work on python 3.7.x (crashes with a nasty heap error), does anyone have any idea why?"
                            }
                        ]
                    }
                ]
            }
        ],
        "team": "TJPN85XRA",
        "user_team": "TJPN85XRA",
        "source_team": "TJPN85XRA",
        "user_profile": {
            "avatar_hash": "459fb8de8703",
            "image_72": "https:\/\/avatars.slack-edge.com\/2022-07-28\/3867310060339_459fb8de8703bb2678e5_72.jpg",
            "first_name": "Brady",
            "real_name": "Brady Boettcher",
            "display_name": "",
            "team": "TJPN85XRA",
            "name": "brady.boettcher",
            "is_restricted": false,
            "is_ultra_restricted": false
        },
        "reactions": [
            {
                "name": "scream",
                "users": [
                    "U010TD4329M"
                ],
                "count": 1
            }
        ]
    }
]