[
    {
        "client_msg_id": "a5f27946-b7ca-4661-b1d9-44b3b808bb09",
        "type": "message",
        "text": "<@U03JTLB9FSS> wrt building webmapper as an app I tried getting py2app working again and gave up – I think pyinstaller is the way to go instead. If you have some time to figure out the spec file or other configuration info that would be great!",
        "user": "U010TD4329M",
        "ts": "1657038531.406869",
        "blocks": [
            {
                "type": "rich_text",
                "block_id": "1dOB",
                "elements": [
                    {
                        "type": "rich_text_section",
                        "elements": [
                            {
                                "type": "user",
                                "user_id": "U03JTLB9FSS"
                            },
                            {
                                "type": "text",
                                "text": " wrt building webmapper as an app I tried getting py2app working again and gave up – I think pyinstaller is the way to go instead. If you have some time to figure out the spec file or other configuration info that would be great!"
                            }
                        ]
                    }
                ]
            }
        ],
        "team": "TJPN85XRA",
        "user_team": "TJPN85XRA",
        "source_team": "TJPN85XRA",
        "user_profile": {
            "avatar_hash": "g76664e246bb",
            "image_72": "https:\/\/secure.gravatar.com\/avatar\/76664e246bb99704f2fe508d673b1124.jpg?s=72&d=https%3A%2F%2Fa.slack-edge.com%2Fdf10d%2Fimg%2Favatars%2Fava_0026-72.png",
            "first_name": "",
            "real_name": "Joe Malloch",
            "display_name": "Joe Malloch",
            "team": "TJPN85XRA",
            "name": "jmalloch",
            "is_restricted": false,
            "is_ultra_restricted": false
        }
    }
]