[
    {
        "client_msg_id": "f4e891cf-faa6-42f3-bd9c-d8acae9b6b17",
        "type": "message",
        "text": "I have no experience with TouchDesigner's python interface, but if you get something working let me know. I also know some folks who would be interested in this.",
        "user": "UJR4DDS12",
        "ts": "1663169444.718809",
        "blocks": [
            {
                "type": "rich_text",
                "block_id": "Xmc",
                "elements": [
                    {
                        "type": "rich_text_section",
                        "elements": [
                            {
                                "type": "text",
                                "text": "I have no experience with TouchDesigner's python interface, but if you get something working let me know. I also know some folks who would be interested in this."
                            }
                        ]
                    }
                ]
            }
        ],
        "team": "TJPN85XRA",
        "user_team": "TJPN85XRA",
        "source_team": "TJPN85XRA",
        "user_profile": {
            "avatar_hash": "a59dc6f2aaf0",
            "image_72": "https:\/\/avatars.slack-edge.com\/2022-06-18\/3673671924631_a59dc6f2aaf006d655d2_72.jpg",
            "first_name": "Travis",
            "real_name": "Travis West",
            "display_name": "Travis",
            "team": "TJPN85XRA",
            "name": "travis.west",
            "is_restricted": false,
            "is_ultra_restricted": false
        },
        "thread_ts": "1663124583.591709",
        "parent_user_id": "U03JTLB9FSS",
        "reactions": [
            {
                "name": "white_check_mark",
                "users": [
                    "U03JTLB9FSS"
                ],
                "count": 1
            }
        ]
    },
    {
        "client_msg_id": "8aa096a8-3d31-48bb-8d67-6872dd2a145a",
        "type": "message",
        "text": "From my talks with the guys at moment factory, they said the C# bindings in TD was more stable than Python... but that was a few years ago (and also on windows)",
        "user": "U01APBW5N2J",
        "ts": "1663170118.946089",
        "blocks": [
            {
                "type": "rich_text",
                "block_id": "EOl",
                "elements": [
                    {
                        "type": "rich_text_section",
                        "elements": [
                            {
                                "type": "text",
                                "text": "From my talks with the guys at moment factory, they said the C# bindings in TD was more stable than Python... but that was a few years ago (and also on windows)"
                            }
                        ]
                    }
                ]
            }
        ],
        "team": "TJPN85XRA",
        "user_team": "TJPN85XRA",
        "source_team": "TJPN85XRA",
        "user_profile": {
            "avatar_hash": "fe0a901d9daf",
            "image_72": "https:\/\/avatars.slack-edge.com\/2020-09-17\/1355731656631_fe0a901d9daf26440442_72.png",
            "first_name": "",
            "real_name": "Kasey Pocius",
            "display_name": "Kasey Pocius",
            "team": "TJPN85XRA",
            "name": "kaseypocius",
            "is_restricted": false,
            "is_ultra_restricted": false
        },
        "edited": {
            "user": "U01APBW5N2J",
            "ts": "1663170196.000000"
        },
        "thread_ts": "1663124583.591709",
        "parent_user_id": "U03JTLB9FSS"
    },
    {
        "client_msg_id": "22420a0b-1711-49f1-b0bc-fb044e1864ed",
        "type": "message",
        "text": "I'll keep you both posted on it, thanks for the info!",
        "user": "U03JTLB9FSS",
        "ts": "1663181981.981709",
        "blocks": [
            {
                "type": "rich_text",
                "block_id": "NwmFn",
                "elements": [
                    {
                        "type": "rich_text_section",
                        "elements": [
                            {
                                "type": "text",
                                "text": "I'll keep you both posted on it, thanks for the info!"
                            }
                        ]
                    }
                ]
            }
        ],
        "team": "TJPN85XRA",
        "user_team": "TJPN85XRA",
        "source_team": "TJPN85XRA",
        "user_profile": {
            "avatar_hash": "459fb8de8703",
            "image_72": "https:\/\/avatars.slack-edge.com\/2022-07-28\/3867310060339_459fb8de8703bb2678e5_72.jpg",
            "first_name": "Brady",
            "real_name": "Brady Boettcher",
            "display_name": "",
            "team": "TJPN85XRA",
            "name": "brady.boettcher",
            "is_restricted": false,
            "is_ultra_restricted": false
        },
        "thread_ts": "1663124583.591709",
        "parent_user_id": "U03JTLB9FSS"
    },
    {
        "client_msg_id": "14c4cd05-d982-47c6-b353-14da7fbb64f9",
        "type": "message",
        "text": "for anyone interested, the macos 10 issue is fixed, so libmapper can be pip installed on it now",
        "user": "U03JTLB9FSS",
        "ts": "1663212486.026679",
        "blocks": [
            {
                "type": "rich_text",
                "block_id": "WrBI",
                "elements": [
                    {
                        "type": "rich_text_section",
                        "elements": [
                            {
                                "type": "text",
                                "text": "for anyone interested, the macos 10 issue is fixed, so libmapper can be pip installed on it now"
                            }
                        ]
                    }
                ]
            }
        ],
        "team": "TJPN85XRA",
        "user_team": "TJPN85XRA",
        "source_team": "TJPN85XRA",
        "user_profile": {
            "avatar_hash": "459fb8de8703",
            "image_72": "https:\/\/avatars.slack-edge.com\/2022-07-28\/3867310060339_459fb8de8703bb2678e5_72.jpg",
            "first_name": "Brady",
            "real_name": "Brady Boettcher",
            "display_name": "",
            "team": "TJPN85XRA",
            "name": "brady.boettcher",
            "is_restricted": false,
            "is_ultra_restricted": false
        }
    }
]