[
    {
        "client_msg_id": "18e2bf93-0dd1-4b80-a726-603f7213c89e",
        "type": "message",
        "text": "<@U010TD4329M> got webmapper building with pyinstaller and tested on macos. As long as the ´mapper´ python module is installed (no dlls or dylibs), it should be good to go for all platforms. how do we want to integrate this into CI?",
        "user": "U03JTLB9FSS",
        "ts": "1657100816.462389",
        "blocks": [
            {
                "type": "rich_text",
                "block_id": "brPe",
                "elements": [
                    {
                        "type": "rich_text_section",
                        "elements": [
                            {
                                "type": "user",
                                "user_id": "U010TD4329M"
                            },
                            {
                                "type": "text",
                                "text": " got webmapper building with pyinstaller and tested on macos. As long as the ´mapper´ python module is installed (no dlls or dylibs), it should be good to go for all platforms. how do we want to integrate this into CI?"
                            }
                        ]
                    }
                ]
            }
        ],
        "team": "TJPN85XRA",
        "user_team": "TJPN85XRA",
        "source_team": "TJPN85XRA",
        "user_profile": {
            "avatar_hash": "459fb8de8703",
            "image_72": "https:\/\/avatars.slack-edge.com\/2022-07-28\/3867310060339_459fb8de8703bb2678e5_72.jpg",
            "first_name": "Brady",
            "real_name": "Brady Boettcher",
            "display_name": "",
            "team": "TJPN85XRA",
            "name": "brady.boettcher",
            "is_restricted": false,
            "is_ultra_restricted": false
        },
        "reactions": [
            {
                "name": "raised_hands",
                "users": [
                    "UJR4DDS12"
                ],
                "count": 1
            }
        ]
    },
    {
        "client_msg_id": "90ac9f30-c8f5-4e96-b69f-9f1dec63a289",
        "type": "message",
        "text": "pyinstaller spec <https:\/\/github.com\/bboettcher3\/webmapper\/commit\/0f2a6e462ff3b7d97b8a5b09df5442da302276da|here> btw",
        "user": "U03JTLB9FSS",
        "ts": "1657101456.468409",
        "blocks": [
            {
                "type": "rich_text",
                "block_id": "\/\/ObR",
                "elements": [
                    {
                        "type": "rich_text_section",
                        "elements": [
                            {
                                "type": "text",
                                "text": "pyinstaller spec "
                            },
                            {
                                "type": "link",
                                "url": "https:\/\/github.com\/bboettcher3\/webmapper\/commit\/0f2a6e462ff3b7d97b8a5b09df5442da302276da",
                                "text": "here"
                            },
                            {
                                "type": "text",
                                "text": " btw"
                            }
                        ]
                    }
                ]
            }
        ],
        "team": "TJPN85XRA",
        "user_team": "TJPN85XRA",
        "source_team": "TJPN85XRA",
        "user_profile": {
            "avatar_hash": "459fb8de8703",
            "image_72": "https:\/\/avatars.slack-edge.com\/2022-07-28\/3867310060339_459fb8de8703bb2678e5_72.jpg",
            "first_name": "Brady",
            "real_name": "Brady Boettcher",
            "display_name": "",
            "team": "TJPN85XRA",
            "name": "brady.boettcher",
            "is_restricted": false,
            "is_ultra_restricted": false
        }
    }
]