[
    {
        "client_msg_id": "57cd2644-2085-4f6e-963d-317effac2b08",
        "type": "message",
        "text": "So, using instances would be one way to approach this, which would give you I guess control on a per-grain basis.",
        "user": "UJR4DDS12",
        "ts": "1661943226.191419",
        "blocks": [
            {
                "type": "rich_text",
                "block_id": "7a6",
                "elements": [
                    {
                        "type": "rich_text_section",
                        "elements": [
                            {
                                "type": "text",
                                "text": "So, using instances would be one way to approach this, which would give you I guess control on a per-grain basis."
                            }
                        ]
                    }
                ]
            }
        ],
        "team": "TJPN85XRA",
        "user_team": "TJPN85XRA",
        "source_team": "TJPN85XRA",
        "user_profile": {
            "avatar_hash": "a59dc6f2aaf0",
            "image_72": "https:\/\/avatars.slack-edge.com\/2022-06-18\/3673671924631_a59dc6f2aaf006d655d2_72.jpg",
            "first_name": "Travis",
            "real_name": "Travis West",
            "display_name": "Travis",
            "team": "TJPN85XRA",
            "name": "travis.west",
            "is_restricted": false,
            "is_ultra_restricted": false
        },
        "thread_ts": "1661374629.427069",
        "parent_user_id": "U03JTLB9FSS"
    },
    {
        "client_msg_id": "7040a8b8-525d-4e1e-a23f-9f2c9c3558a4",
        "type": "message",
        "text": "But typically you might rather want, in many situations, control on a grain-cloud basis, where rather than mapping to grain parameters with an instanced control signal, you would map to parameters of the probability distribution of grain parameters and control the distribution of a cloud of grains.",
        "user": "UJR4DDS12",
        "ts": "1661943297.915199",
        "blocks": [
            {
                "type": "rich_text",
                "block_id": "vtmWF",
                "elements": [
                    {
                        "type": "rich_text_section",
                        "elements": [
                            {
                                "type": "text",
                                "text": "But typically you might rather want, in many situations, control on a grain-cloud basis, where rather than mapping to grain parameters with an instanced control signal, you would map to parameters of the probability distribution of grain parameters and control the distribution of a cloud of grains."
                            }
                        ]
                    }
                ]
            }
        ],
        "team": "TJPN85XRA",
        "user_team": "TJPN85XRA",
        "source_team": "TJPN85XRA",
        "user_profile": {
            "avatar_hash": "a59dc6f2aaf0",
            "image_72": "https:\/\/avatars.slack-edge.com\/2022-06-18\/3673671924631_a59dc6f2aaf006d655d2_72.jpg",
            "first_name": "Travis",
            "real_name": "Travis West",
            "display_name": "Travis",
            "team": "TJPN85XRA",
            "name": "travis.west",
            "is_restricted": false,
            "is_ultra_restricted": false
        },
        "thread_ts": "1661374629.427069",
        "parent_user_id": "U03JTLB9FSS"
    },
    {
        "client_msg_id": "2fdd31a1-5d64-467c-9ea0-e0f25af67aa1",
        "type": "message",
        "text": "So e.g. I often will make parameters for minimum and maximum of the following: time between grain onsets, grain duration, grain amplitude, grain contents (e.g. delay time in a granular delay, or buffer index in a granular sampler), grain pitch or pitch shift, and any window parameters. I would expose those parameters to libmapper, and then generate grains with specific parameters lying between the min and max specified.",
        "user": "UJR4DDS12",
        "ts": "1661943447.634519",
        "blocks": [
            {
                "type": "rich_text",
                "block_id": "ubtN",
                "elements": [
                    {
                        "type": "rich_text_section",
                        "elements": [
                            {
                                "type": "text",
                                "text": "So e.g. I often will make parameters for minimum and maximum of the following: time between grain onsets, grain duration, grain amplitude, grain contents (e.g. delay time in a granular delay, or buffer index in a granular sampler), grain pitch or pitch shift, and any window parameters. I would expose those parameters to libmapper, and then generate grains with specific parameters lying between the min and max specified."
                            }
                        ]
                    }
                ]
            }
        ],
        "team": "TJPN85XRA",
        "user_team": "TJPN85XRA",
        "source_team": "TJPN85XRA",
        "user_profile": {
            "avatar_hash": "a59dc6f2aaf0",
            "image_72": "https:\/\/avatars.slack-edge.com\/2022-06-18\/3673671924631_a59dc6f2aaf006d655d2_72.jpg",
            "first_name": "Travis",
            "real_name": "Travis West",
            "display_name": "Travis",
            "team": "TJPN85XRA",
            "name": "travis.west",
            "is_restricted": false,
            "is_ultra_restricted": false
        },
        "thread_ts": "1661374629.427069",
        "parent_user_id": "U03JTLB9FSS"
    },
    {
        "client_msg_id": "6746324b-c27d-44ac-8af2-2c8221a7412e",
        "type": "message",
        "text": "Re-reading your first message though, it sounds like maybe that's what you meant initially by \"grain streams\", in which case my response can more succinctly be summarised \"yeah, good idea\".",
        "user": "UJR4DDS12",
        "ts": "1661943821.463579",
        "blocks": [
            {
                "type": "rich_text",
                "block_id": "cp1",
                "elements": [
                    {
                        "type": "rich_text_section",
                        "elements": [
                            {
                                "type": "text",
                                "text": "Re-reading your first message though, it sounds like maybe that's what you meant initially by \"grain streams\", in which case my response can more succinctly be summarised \"yeah, good idea\"."
                            }
                        ]
                    }
                ]
            }
        ],
        "team": "TJPN85XRA",
        "user_team": "TJPN85XRA",
        "source_team": "TJPN85XRA",
        "user_profile": {
            "avatar_hash": "a59dc6f2aaf0",
            "image_72": "https:\/\/avatars.slack-edge.com\/2022-06-18\/3673671924631_a59dc6f2aaf006d655d2_72.jpg",
            "first_name": "Travis",
            "real_name": "Travis West",
            "display_name": "Travis",
            "team": "TJPN85XRA",
            "name": "travis.west",
            "is_restricted": false,
            "is_ultra_restricted": false
        },
        "thread_ts": "1661374629.427069",
        "parent_user_id": "U03JTLB9FSS",
        "reactions": [
            {
                "name": "joy",
                "users": [
                    "U03JTLB9FSS"
                ],
                "count": 1
            }
        ]
    },
    {
        "client_msg_id": "f743db65-5955-4bca-b9d7-57d4329b5972",
        "type": "message",
        "text": "haha yep that's what I had in mind!",
        "user": "U03JTLB9FSS",
        "ts": "1661950574.937579",
        "blocks": [
            {
                "type": "rich_text",
                "block_id": "egoKV",
                "elements": [
                    {
                        "type": "rich_text_section",
                        "elements": [
                            {
                                "type": "text",
                                "text": "haha yep that's what I had in mind!"
                            }
                        ]
                    }
                ]
            }
        ],
        "team": "TJPN85XRA",
        "user_team": "TJPN85XRA",
        "source_team": "TJPN85XRA",
        "user_profile": {
            "avatar_hash": "459fb8de8703",
            "image_72": "https:\/\/avatars.slack-edge.com\/2022-07-28\/3867310060339_459fb8de8703bb2678e5_72.jpg",
            "first_name": "Brady",
            "real_name": "Brady Boettcher",
            "display_name": "",
            "team": "TJPN85XRA",
            "name": "brady.boettcher",
            "is_restricted": false,
            "is_ultra_restricted": false
        },
        "thread_ts": "1661374629.427069",
        "parent_user_id": "U03JTLB9FSS"
    },
    {
        "client_msg_id": "db8dd6c7-fac7-447d-8008-6ffa76b4bf8f",
        "type": "message",
        "text": "Anyone with access to Zoom Pro attending the workshop tomorrow? Otherwise I'll go with Jitsi or MS Teams",
        "user": "U010TD4329M",
        "ts": "1661967469.056779",
        "blocks": [
            {
                "type": "rich_text",
                "block_id": "NLJ82",
                "elements": [
                    {
                        "type": "rich_text_section",
                        "elements": [
                            {
                                "type": "text",
                                "text": "Anyone with access to Zoom Pro attending the workshop tomorrow? Otherwise I'll go with Jitsi or MS Teams"
                            }
                        ]
                    }
                ]
            }
        ],
        "team": "TJPN85XRA",
        "user_team": "TJPN85XRA",
        "source_team": "TJPN85XRA",
        "user_profile": {
            "avatar_hash": "g76664e246bb",
            "image_72": "https:\/\/secure.gravatar.com\/avatar\/76664e246bb99704f2fe508d673b1124.jpg?s=72&d=https%3A%2F%2Fa.slack-edge.com%2Fdf10d%2Fimg%2Favatars%2Fava_0026-72.png",
            "first_name": "",
            "real_name": "Joe Malloch",
            "display_name": "Joe Malloch",
            "team": "TJPN85XRA",
            "name": "jmalloch",
            "is_restricted": false,
            "is_ultra_restricted": false
        }
    },
    {
        "client_msg_id": "cd0355c6-37ef-49c6-88b3-605a41ae164c",
        "type": "message",
        "text": "You can use the idmil meeting zoom link: <https:\/\/mcgill.zoom.us\/j\/88486815326>",
        "user": "UKGLCA1GS",
        "ts": "1661967530.172089",
        "blocks": [
            {
                "type": "rich_text",
                "block_id": "DKG",
                "elements": [
                    {
                        "type": "rich_text_section",
                        "elements": [
                            {
                                "type": "text",
                                "text": "You can use the idmil meeting zoom link: "
                            },
                            {
                                "type": "link",
                                "url": "https:\/\/mcgill.zoom.us\/j\/88486815326"
                            }
                        ]
                    }
                ]
            }
        ],
        "team": "TJPN85XRA",
        "user_team": "TJPN85XRA",
        "source_team": "TJPN85XRA",
        "user_profile": {
            "avatar_hash": "82cc3b048607",
            "image_72": "https:\/\/avatars.slack-edge.com\/2022-07-25\/3850040330500_82cc3b048607f33add6e_72.jpg",
            "first_name": "",
            "real_name": "Marcelo Wanderley",
            "display_name": "Marcelo Wanderley",
            "team": "TJPN85XRA",
            "name": "marcelo.wanderley",
            "is_restricted": false,
            "is_ultra_restricted": false
        },
        "reactions": [
            {
                "name": "+1",
                "users": [
                    "U010TD4329M"
                ],
                "count": 1
            }
        ]
    },
    {
        "client_msg_id": "f180f76f-96ad-423c-a59b-475751e9fe62",
        "type": "message",
        "text": "thanks!",
        "user": "U010TD4329M",
        "ts": "1661968296.353549",
        "blocks": [
            {
                "type": "rich_text",
                "block_id": "fJXh",
                "elements": [
                    {
                        "type": "rich_text_section",
                        "elements": [
                            {
                                "type": "text",
                                "text": "thanks!"
                            }
                        ]
                    }
                ]
            }
        ],
        "team": "TJPN85XRA",
        "user_team": "TJPN85XRA",
        "source_team": "TJPN85XRA",
        "user_profile": {
            "avatar_hash": "g76664e246bb",
            "image_72": "https:\/\/secure.gravatar.com\/avatar\/76664e246bb99704f2fe508d673b1124.jpg?s=72&d=https%3A%2F%2Fa.slack-edge.com%2Fdf10d%2Fimg%2Favatars%2Fava_0026-72.png",
            "first_name": "",
            "real_name": "Joe Malloch",
            "display_name": "Joe Malloch",
            "team": "TJPN85XRA",
            "name": "jmalloch",
            "is_restricted": false,
            "is_ultra_restricted": false
        }
    }
]