[
    {
        "client_msg_id": "31b37736-bbe1-48e0-93af-ce00f007210e",
        "type": "message",
        "text": "All devices are in the same subnet (192.168.0.X). My laptop is running webmapper and the 2 instances of the test app compiled with libmapper. Both ESP32 devices are running libmapper-arduino with unique names and the signals also have unique names.\n\nWebmapper can see all of them when I choose my wireless interface (via webmapper UI), but I can only *map test -&gt; test* or *ESP32-&gt;ESP32*. When I try to map any signal from\/to an ESP32 with a signal from\/to test I got the <https:\/\/idmil.slack.com\/archives\/C03LFTHFVNC\/p1659467756299839?thread_ts=1658271626.214049&amp;cid=C03LFTHFVNC|messages I posted before>.",
        "user": "UJCU8BAAW",
        "ts": "1659552046.443489",
        "blocks": [
            {
                "type": "rich_text",
                "block_id": "iDU5R",
                "elements": [
                    {
                        "type": "rich_text_section",
                        "elements": [
                            {
                                "type": "text",
                                "text": "All devices are in the same subnet (192.168.0.X). My laptop is running webmapper and the 2 instances of the test app compiled with libmapper. Both ESP32 devices are running libmapper-arduino with unique names and the signals also have unique names.\n\nWebmapper can see all of them when I choose my wireless interface (via webmapper UI), but I can only "
                            },
                            {
                                "type": "text",
                                "text": "map test -> test",
                                "style": {
                                    "bold": true
                                }
                            },
                            {
                                "type": "text",
                                "text": " or "
                            },
                            {
                                "type": "text",
                                "text": "ESP32->ESP32",
                                "style": {
                                    "bold": true
                                }
                            },
                            {
                                "type": "text",
                                "text": ". When I try to map any signal from\/to an ESP32 with a signal from\/to test I got the "
                            },
                            {
                                "type": "link",
                                "url": "https:\/\/idmil.slack.com\/archives\/C03LFTHFVNC\/p1659467756299839?thread_ts=1658271626.214049&cid=C03LFTHFVNC",
                                "text": "messages I posted before"
                            },
                            {
                                "type": "text",
                                "text": "."
                            }
                        ]
                    }
                ]
            }
        ],
        "team": "TJPN85XRA",
        "user_team": "TJPN85XRA",
        "source_team": "TJPN85XRA",
        "user_profile": {
            "avatar_hash": "d49c462f5537",
            "image_72": "https:\/\/avatars.slack-edge.com\/2021-06-14\/2154581376263_d49c462f5537edde8dbb_72.jpg",
            "first_name": "Edu",
            "real_name": "Edu Meneses",
            "display_name": "Edu Meneses",
            "team": "TJPN85XRA",
            "name": "eduardo.meneses",
            "is_restricted": false,
            "is_ultra_restricted": false
        },
        "thread_ts": "1658271626.214049",
        "parent_user_id": "U03JTLB9FSS"
    },
    {
        "client_msg_id": "29376514-49d3-473b-a347-02083e7b0cbb",
        "type": "message",
        "text": "might be that the test app is set to the wrong interface? I didn't touch that code...",
        "user": "UJCU8BAAW",
        "ts": "1659552115.742499",
        "blocks": [
            {
                "type": "rich_text",
                "block_id": "5hL",
                "elements": [
                    {
                        "type": "rich_text_section",
                        "elements": [
                            {
                                "type": "text",
                                "text": "might be that the test app is set to the wrong interface? I didn't touch that code..."
                            }
                        ]
                    }
                ]
            }
        ],
        "team": "TJPN85XRA",
        "user_team": "TJPN85XRA",
        "source_team": "TJPN85XRA",
        "user_profile": {
            "avatar_hash": "d49c462f5537",
            "image_72": "https:\/\/avatars.slack-edge.com\/2021-06-14\/2154581376263_d49c462f5537edde8dbb_72.jpg",
            "first_name": "Edu",
            "real_name": "Edu Meneses",
            "display_name": "Edu Meneses",
            "team": "TJPN85XRA",
            "name": "eduardo.meneses",
            "is_restricted": false,
            "is_ultra_restricted": false
        },
        "thread_ts": "1658271626.214049",
        "parent_user_id": "U03JTLB9FSS"
    },
    {
        "client_msg_id": "3b1b0d6e-f208-49de-b4e3-657f258c6ff9",
        "type": "message",
        "text": "I will try to run the test app with the  --iface arg",
        "user": "UJCU8BAAW",
        "ts": "1659553500.293829",
        "blocks": [
            {
                "type": "rich_text",
                "block_id": "NiKT+",
                "elements": [
                    {
                        "type": "rich_text_section",
                        "elements": [
                            {
                                "type": "text",
                                "text": "I will try to run the test app with the  --iface arg"
                            }
                        ]
                    }
                ]
            }
        ],
        "team": "TJPN85XRA",
        "user_team": "TJPN85XRA",
        "source_team": "TJPN85XRA",
        "user_profile": {
            "avatar_hash": "d49c462f5537",
            "image_72": "https:\/\/avatars.slack-edge.com\/2021-06-14\/2154581376263_d49c462f5537edde8dbb_72.jpg",
            "first_name": "Edu",
            "real_name": "Edu Meneses",
            "display_name": "Edu Meneses",
            "team": "TJPN85XRA",
            "name": "eduardo.meneses",
            "is_restricted": false,
            "is_ultra_restricted": false
        },
        "edited": {
            "user": "UJCU8BAAW",
            "ts": "1659553507.000000"
        },
        "thread_ts": "1658271626.214049",
        "parent_user_id": "U03JTLB9FSS",
        "reactions": [
            {
                "name": "+1",
                "users": [
                    "U010TD4329M"
                ],
                "count": 1
            }
        ]
    }
]