[
    {
        "type": "message",
        "text": "TouchDesigner signals :)",
        "files": [
            {
                "id": "F042PKXANKF",
                "mode": "hidden_by_limit"
            },
            {
                "id": "F042SK20QUA",
                "mode": "hidden_by_limit"
            }
        ],
        "upload": false,
        "user": "U03JTLB9FSS",
        "ts": "1663354345.529519",
        "blocks": [
            {
                "type": "rich_text",
                "block_id": "Abi",
                "elements": [
                    {
                        "type": "rich_text_section",
                        "elements": [
                            {
                                "type": "text",
                                "text": "TouchDesigner signals :)"
                            }
                        ]
                    }
                ]
            }
        ],
        "client_msg_id": "df76db03-42bf-469a-a1b6-fa091f4c1e60",
        "thread_ts": "1663124583.591709",
        "parent_user_id": "U03JTLB9FSS",
        "reactions": [
            {
                "name": "headset_parrot",
                "users": [
                    "U010TD4329M",
                    "U01APBW5N2J"
                ],
                "count": 2
            }
        ]
    },
    {
        "client_msg_id": "16fbc35d-110c-4476-83ae-3ebdea5b066c",
        "type": "message",
        "text": "Python or C#?",
        "user": "U010TD4329M",
        "ts": "1663354396.640949",
        "blocks": [
            {
                "type": "rich_text",
                "block_id": "kyed",
                "elements": [
                    {
                        "type": "rich_text_section",
                        "elements": [
                            {
                                "type": "text",
                                "text": "Python or C#?"
                            }
                        ]
                    }
                ]
            }
        ],
        "team": "TJPN85XRA",
        "user_team": "TJPN85XRA",
        "source_team": "TJPN85XRA",
        "user_profile": {
            "avatar_hash": "g76664e246bb",
            "image_72": "https:\/\/secure.gravatar.com\/avatar\/76664e246bb99704f2fe508d673b1124.jpg?s=72&d=https%3A%2F%2Fa.slack-edge.com%2Fdf10d%2Fimg%2Favatars%2Fava_0026-72.png",
            "first_name": "",
            "real_name": "Joe Malloch",
            "display_name": "Joe Malloch",
            "team": "TJPN85XRA",
            "name": "jmalloch",
            "is_restricted": false,
            "is_ultra_restricted": false
        },
        "thread_ts": "1663124583.591709",
        "parent_user_id": "U03JTLB9FSS"
    },
    {
        "client_msg_id": "23423700-61cc-4a0a-93f3-3f5e2074c8ae",
        "type": "message",
        "text": "python!",
        "user": "U03JTLB9FSS",
        "ts": "1663354435.949239",
        "blocks": [
            {
                "type": "rich_text",
                "block_id": "MBta",
                "elements": [
                    {
                        "type": "rich_text_section",
                        "elements": [
                            {
                                "type": "text",
                                "text": "python!"
                            }
                        ]
                    }
                ]
            }
        ],
        "team": "TJPN85XRA",
        "user_team": "TJPN85XRA",
        "source_team": "TJPN85XRA",
        "user_profile": {
            "avatar_hash": "459fb8de8703",
            "image_72": "https:\/\/avatars.slack-edge.com\/2022-07-28\/3867310060339_459fb8de8703bb2678e5_72.jpg",
            "first_name": "Brady",
            "real_name": "Brady Boettcher",
            "display_name": "",
            "team": "TJPN85XRA",
            "name": "brady.boettcher",
            "is_restricted": false,
            "is_ultra_restricted": false
        },
        "thread_ts": "1663124583.591709",
        "parent_user_id": "U03JTLB9FSS",
        "reactions": [
            {
                "name": "+1",
                "users": [
                    "U010TD4329M",
                    "U01APBW5N2J"
                ],
                "count": 2
            }
        ]
    },
    {
        "client_msg_id": "d5b127ca-380a-4b1b-aa87-7dcba9053321",
        "type": "message",
        "text": "no preference - just curious!",
        "user": "U010TD4329M",
        "ts": "1663354474.960749",
        "blocks": [
            {
                "type": "rich_text",
                "block_id": "aPA",
                "elements": [
                    {
                        "type": "rich_text_section",
                        "elements": [
                            {
                                "type": "text",
                                "text": "no preference - just curious!"
                            }
                        ]
                    }
                ]
            }
        ],
        "team": "TJPN85XRA",
        "user_team": "TJPN85XRA",
        "source_team": "TJPN85XRA",
        "user_profile": {
            "avatar_hash": "g76664e246bb",
            "image_72": "https:\/\/secure.gravatar.com\/avatar\/76664e246bb99704f2fe508d673b1124.jpg?s=72&d=https%3A%2F%2Fa.slack-edge.com%2Fdf10d%2Fimg%2Favatars%2Fava_0026-72.png",
            "first_name": "",
            "real_name": "Joe Malloch",
            "display_name": "Joe Malloch",
            "team": "TJPN85XRA",
            "name": "jmalloch",
            "is_restricted": false,
            "is_ultra_restricted": false
        },
        "thread_ts": "1663124583.591709",
        "parent_user_id": "U03JTLB9FSS"
    }
]