[
    {
        "client_msg_id": "CBBC5077-CEA4-424B-8A51-E12D2B8025EB",
        "type": "message",
        "text": "by all means share away! Maybe with some wider participation we might be able to get some development in the works and get the MA more motivated to actually share their resources with us...",
        "user": "UJR4DDS12",
        "ts": "1656700510.142189",
        "blocks": [
            {
                "type": "rich_text",
                "block_id": "huW",
                "elements": [
                    {
                        "type": "rich_text_section",
                        "elements": [
                            {
                                "type": "text",
                                "text": "by all means share away! Maybe with some wider participation we might be able to get some development in the works and get the MA more motivated to actually share their resources with us..."
                            }
                        ]
                    }
                ]
            }
        ],
        "team": "TJPN85XRA",
        "user_team": "TJPN85XRA",
        "source_team": "TJPN85XRA",
        "user_profile": {
            "avatar_hash": "a59dc6f2aaf0",
            "image_72": "https:\/\/avatars.slack-edge.com\/2022-06-18\/3673671924631_a59dc6f2aaf006d655d2_72.jpg",
            "first_name": "Travis",
            "real_name": "Travis West",
            "display_name": "Travis",
            "team": "TJPN85XRA",
            "name": "travis.west",
            "is_restricted": false,
            "is_ultra_restricted": false
        },
        "thread_ts": "1656606166.518419",
        "parent_user_id": "U010TD4329M"
    }
]