[
    {
        "client_msg_id": "c843ecea-fc17-4320-ba04-d84d6149ace9",
        "type": "message",
        "text": "Gotcha! That clears that up.",
        "user": "UJR4DDS12",
        "ts": "1658677798.142109",
        "blocks": [
            {
                "type": "rich_text",
                "block_id": "znn",
                "elements": [
                    {
                        "type": "rich_text_section",
                        "elements": [
                            {
                                "type": "text",
                                "text": "Gotcha! That clears that up."
                            }
                        ]
                    }
                ]
            }
        ],
        "team": "TJPN85XRA",
        "user_team": "TJPN85XRA",
        "source_team": "TJPN85XRA",
        "user_profile": {
            "avatar_hash": "a59dc6f2aaf0",
            "image_72": "https:\/\/avatars.slack-edge.com\/2022-06-18\/3673671924631_a59dc6f2aaf006d655d2_72.jpg",
            "first_name": "Travis",
            "real_name": "Travis West",
            "display_name": "Travis",
            "team": "TJPN85XRA",
            "name": "travis.west",
            "is_restricted": false,
            "is_ultra_restricted": false
        },
        "thread_ts": "1658513070.301059",
        "parent_user_id": "UJR4DDS12"
    },
    {
        "client_msg_id": "bea63888-98f3-4bd6-a867-a4478548dccb",
        "type": "message",
        "text": "But shouldn't it be impossible for there to be existing signals during a call to `mpr_dev_new`?",
        "user": "UJR4DDS12",
        "ts": "1658678070.255009",
        "blocks": [
            {
                "type": "rich_text",
                "block_id": "dA+n",
                "elements": [
                    {
                        "type": "rich_text_section",
                        "elements": [
                            {
                                "type": "text",
                                "text": "But shouldn't it be impossible for there to be existing signals during a call to "
                            },
                            {
                                "type": "text",
                                "text": "mpr_dev_new",
                                "style": {
                                    "code": true
                                }
                            },
                            {
                                "type": "text",
                                "text": "?"
                            }
                        ]
                    }
                ]
            }
        ],
        "team": "TJPN85XRA",
        "user_team": "TJPN85XRA",
        "source_team": "TJPN85XRA",
        "user_profile": {
            "avatar_hash": "a59dc6f2aaf0",
            "image_72": "https:\/\/avatars.slack-edge.com\/2022-06-18\/3673671924631_a59dc6f2aaf006d655d2_72.jpg",
            "first_name": "Travis",
            "real_name": "Travis West",
            "display_name": "Travis",
            "team": "TJPN85XRA",
            "name": "travis.west",
            "is_restricted": false,
            "is_ultra_restricted": false
        },
        "thread_ts": "1658513233.942379",
        "parent_user_id": "UJR4DDS12"
    },
    {
        "client_msg_id": "5a2a6bcb-0db4-4c4d-9bca-9143ff65c218",
        "type": "message",
        "text": "Do I understand correctly from my reading that all graphs store information about all maps that they hear about on the admin bus?",
        "user": "UJR4DDS12",
        "ts": "1658678827.288299",
        "blocks": [
            {
                "type": "rich_text",
                "block_id": "Me8it",
                "elements": [
                    {
                        "type": "rich_text_section",
                        "elements": [
                            {
                                "type": "text",
                                "text": "Do I understand correctly from my reading that all graphs store information about all maps that they hear about on the admin bus?"
                            }
                        ]
                    }
                ]
            }
        ],
        "team": "TJPN85XRA",
        "user_team": "TJPN85XRA",
        "source_team": "TJPN85XRA",
        "user_profile": {
            "avatar_hash": "a59dc6f2aaf0",
            "image_72": "https:\/\/avatars.slack-edge.com\/2022-06-18\/3673671924631_a59dc6f2aaf006d655d2_72.jpg",
            "first_name": "Travis",
            "real_name": "Travis West",
            "display_name": "Travis",
            "team": "TJPN85XRA",
            "name": "travis.west",
            "is_restricted": false,
            "is_ultra_restricted": false
        },
        "thread_ts": "1658678827.288299",
        "reply_count": 3,
        "reply_users_count": 2,
        "latest_reply": "1658680389.670369",
        "reply_users": [
            "U010TD4329M",
            "UJR4DDS12"
        ],
        "replies": [
            {
                "user": "U010TD4329M",
                "ts": "1658680322.952549"
            },
            {
                "user": "UJR4DDS12",
                "ts": "1658680360.669589"
            },
            {
                "user": "U010TD4329M",
                "ts": "1658680389.670369"
            }
        ],
        "is_locked": false,
        "subscribed": false
    },
    {
        "client_msg_id": "3e155f2b-18d1-462c-af08-3afd77ad37cc",
        "type": "message",
        "text": "You are right – this must be left over from an ancient version of the library!",
        "user": "U010TD4329M",
        "ts": "1658680038.995219",
        "blocks": [
            {
                "type": "rich_text",
                "block_id": "13tN\/",
                "elements": [
                    {
                        "type": "rich_text_section",
                        "elements": [
                            {
                                "type": "text",
                                "text": "You are right – this must be left over from an ancient version of the library!"
                            }
                        ]
                    }
                ]
            }
        ],
        "team": "TJPN85XRA",
        "user_team": "TJPN85XRA",
        "source_team": "TJPN85XRA",
        "user_profile": {
            "avatar_hash": "g76664e246bb",
            "image_72": "https:\/\/secure.gravatar.com\/avatar\/76664e246bb99704f2fe508d673b1124.jpg?s=72&d=https%3A%2F%2Fa.slack-edge.com%2Fdf10d%2Fimg%2Favatars%2Fava_0026-72.png",
            "first_name": "",
            "real_name": "Joe Malloch",
            "display_name": "Joe Malloch",
            "team": "TJPN85XRA",
            "name": "jmalloch",
            "is_restricted": false,
            "is_ultra_restricted": false
        },
        "thread_ts": "1658513233.942379",
        "parent_user_id": "UJR4DDS12"
    },
    {
        "client_msg_id": "283eea94-31d0-4c33-8eb6-9fa9ec6c781b",
        "type": "message",
        "text": "I'm an archaeologist! :laughing:",
        "user": "UJR4DDS12",
        "ts": "1658680065.289529",
        "blocks": [
            {
                "type": "rich_text",
                "block_id": "Rb6",
                "elements": [
                    {
                        "type": "rich_text_section",
                        "elements": [
                            {
                                "type": "text",
                                "text": "I'm an archaeologist! "
                            },
                            {
                                "type": "emoji",
                                "name": "laughing",
                                "unicode": "1f606"
                            }
                        ]
                    }
                ]
            }
        ],
        "team": "TJPN85XRA",
        "user_team": "TJPN85XRA",
        "source_team": "TJPN85XRA",
        "user_profile": {
            "avatar_hash": "a59dc6f2aaf0",
            "image_72": "https:\/\/avatars.slack-edge.com\/2022-06-18\/3673671924631_a59dc6f2aaf006d655d2_72.jpg",
            "first_name": "Travis",
            "real_name": "Travis West",
            "display_name": "Travis",
            "team": "TJPN85XRA",
            "name": "travis.west",
            "is_restricted": false,
            "is_ultra_restricted": false
        },
        "thread_ts": "1658513233.942379",
        "parent_user_id": "UJR4DDS12",
        "reactions": [
            {
                "name": "skull",
                "users": [
                    "U010TD4329M"
                ],
                "count": 1
            }
        ]
    },
    {
        "client_msg_id": "d29f04d6-aeef-4624-ac22-8028682b868b",
        "type": "message",
        "text": "Sort of – the graph needs to be set to autosubscribe to maps or subscribed to maps involving one of the devices involved, otherwise it will ignore \/mapped messages.",
        "user": "U010TD4329M",
        "ts": "1658680322.952549",
        "blocks": [
            {
                "type": "rich_text",
                "block_id": "Qqe",
                "elements": [
                    {
                        "type": "rich_text_section",
                        "elements": [
                            {
                                "type": "text",
                                "text": "Sort of – the graph needs to be set to autosubscribe to maps or subscribed to maps involving one of the devices involved, otherwise it will ignore \/mapped messages."
                            }
                        ]
                    }
                ]
            }
        ],
        "team": "TJPN85XRA",
        "user_team": "TJPN85XRA",
        "source_team": "TJPN85XRA",
        "user_profile": {
            "avatar_hash": "g76664e246bb",
            "image_72": "https:\/\/secure.gravatar.com\/avatar\/76664e246bb99704f2fe508d673b1124.jpg?s=72&d=https%3A%2F%2Fa.slack-edge.com%2Fdf10d%2Fimg%2Favatars%2Fava_0026-72.png",
            "first_name": "",
            "real_name": "Joe Malloch",
            "display_name": "Joe Malloch",
            "team": "TJPN85XRA",
            "name": "jmalloch",
            "is_restricted": false,
            "is_ultra_restricted": false
        },
        "edited": {
            "user": "U010TD4329M",
            "ts": "1658680337.000000"
        },
        "thread_ts": "1658678827.288299",
        "parent_user_id": "UJR4DDS12"
    },
    {
        "client_msg_id": "bce594ad-c695-4d90-b4c6-3ea6f9b021ba",
        "type": "message",
        "text": "Interesting",
        "user": "UJR4DDS12",
        "ts": "1658680360.669589",
        "blocks": [
            {
                "type": "rich_text",
                "block_id": "NnUY",
                "elements": [
                    {
                        "type": "rich_text_section",
                        "elements": [
                            {
                                "type": "text",
                                "text": "Interesting"
                            }
                        ]
                    }
                ]
            }
        ],
        "team": "TJPN85XRA",
        "user_team": "TJPN85XRA",
        "source_team": "TJPN85XRA",
        "user_profile": {
            "avatar_hash": "a59dc6f2aaf0",
            "image_72": "https:\/\/avatars.slack-edge.com\/2022-06-18\/3673671924631_a59dc6f2aaf006d655d2_72.jpg",
            "first_name": "Travis",
            "real_name": "Travis West",
            "display_name": "Travis",
            "team": "TJPN85XRA",
            "name": "travis.west",
            "is_restricted": false,
            "is_ultra_restricted": false
        },
        "thread_ts": "1658678827.288299",
        "parent_user_id": "UJR4DDS12"
    },
    {
        "client_msg_id": "cf45f541-25e8-4f1a-82aa-909b16e98b89",
        "type": "message",
        "text": "... or (of course) if the graph is attached to one of the devices involved in the map.",
        "user": "U010TD4329M",
        "ts": "1658680389.670369",
        "blocks": [
            {
                "type": "rich_text",
                "block_id": "c\/cXo",
                "elements": [
                    {
                        "type": "rich_text_section",
                        "elements": [
                            {
                                "type": "text",
                                "text": "... or (of course) if the graph is attached to one of the devices involved in the map."
                            }
                        ]
                    }
                ]
            }
        ],
        "team": "TJPN85XRA",
        "user_team": "TJPN85XRA",
        "source_team": "TJPN85XRA",
        "user_profile": {
            "avatar_hash": "g76664e246bb",
            "image_72": "https:\/\/secure.gravatar.com\/avatar\/76664e246bb99704f2fe508d673b1124.jpg?s=72&d=https%3A%2F%2Fa.slack-edge.com%2Fdf10d%2Fimg%2Favatars%2Fava_0026-72.png",
            "first_name": "",
            "real_name": "Joe Malloch",
            "display_name": "Joe Malloch",
            "team": "TJPN85XRA",
            "name": "jmalloch",
            "is_restricted": false,
            "is_ultra_restricted": false
        },
        "thread_ts": "1658678827.288299",
        "parent_user_id": "UJR4DDS12"
    },
    {
        "client_msg_id": "8e18f01b-0cad-4eba-bee3-8048f9bc9bbb",
        "type": "message",
        "text": "Hold on though. You say that devices sharing a graph have unique network addresses... but the shared graph only has one `mpr_net`, which only has one udp address and one tcp address... So when two devices with a signal that has the same name both call `lo_server_add_method(net-&gt;servers[SERVER_UDP], sig-&gt;path, NULL, mpr_dev_handler, (void*)sig);` aren't they binding two methods with the same OSC address to the same udp server?",
        "user": "UJR4DDS12",
        "ts": "1658680526.081799",
        "blocks": [
            {
                "type": "rich_text",
                "block_id": "vWw6t",
                "elements": [
                    {
                        "type": "rich_text_section",
                        "elements": [
                            {
                                "type": "text",
                                "text": "Hold on though. You say that devices sharing a graph have unique network addresses... but the shared graph only has one "
                            },
                            {
                                "type": "text",
                                "text": "mpr_net",
                                "style": {
                                    "code": true
                                }
                            },
                            {
                                "type": "text",
                                "text": ", which only has one udp address and one tcp address... So when two devices with a signal that has the same name both call "
                            },
                            {
                                "type": "text",
                                "text": "lo_server_add_method(net->servers[SERVER_UDP], sig->path, NULL, mpr_dev_handler, (void*)sig);",
                                "style": {
                                    "code": true
                                }
                            },
                            {
                                "type": "text",
                                "text": " aren't they binding two methods with the same OSC address to the same udp server?"
                            }
                        ]
                    }
                ]
            }
        ],
        "team": "TJPN85XRA",
        "user_team": "TJPN85XRA",
        "source_team": "TJPN85XRA",
        "user_profile": {
            "avatar_hash": "a59dc6f2aaf0",
            "image_72": "https:\/\/avatars.slack-edge.com\/2022-06-18\/3673671924631_a59dc6f2aaf006d655d2_72.jpg",
            "first_name": "Travis",
            "real_name": "Travis West",
            "display_name": "Travis",
            "team": "TJPN85XRA",
            "name": "travis.west",
            "is_restricted": false,
            "is_ultra_restricted": false
        },
        "thread_ts": "1658513070.301059",
        "parent_user_id": "UJR4DDS12"
    },
    {
        "client_msg_id": "1703f0ce-6aaa-4f68-aaeb-7b4c15cbd90d",
        "type": "message",
        "text": ":poop: yes you are right again",
        "user": "U010TD4329M",
        "ts": "1658680718.225629",
        "blocks": [
            {
                "type": "rich_text",
                "block_id": "0wfA",
                "elements": [
                    {
                        "type": "rich_text_section",
                        "elements": [
                            {
                                "type": "emoji",
                                "name": "poop",
                                "unicode": "1f4a9"
                            },
                            {
                                "type": "text",
                                "text": " yes you are right again"
                            }
                        ]
                    }
                ]
            }
        ],
        "team": "TJPN85XRA",
        "user_team": "TJPN85XRA",
        "source_team": "TJPN85XRA",
        "user_profile": {
            "avatar_hash": "g76664e246bb",
            "image_72": "https:\/\/secure.gravatar.com\/avatar\/76664e246bb99704f2fe508d673b1124.jpg?s=72&d=https%3A%2F%2Fa.slack-edge.com%2Fdf10d%2Fimg%2Favatars%2Fava_0026-72.png",
            "first_name": "",
            "real_name": "Joe Malloch",
            "display_name": "Joe Malloch",
            "team": "TJPN85XRA",
            "name": "jmalloch",
            "is_restricted": false,
            "is_ultra_restricted": false
        },
        "thread_ts": "1658513070.301059",
        "parent_user_id": "UJR4DDS12"
    },
    {
        "client_msg_id": "fe2bdd89-7d96-4d5c-88f7-eb84e4a1e035",
        "type": "message",
        "text": "Alright! I'm getting the hang of this code base :thumbsup:",
        "user": "UJR4DDS12",
        "ts": "1658680744.516039",
        "blocks": [
            {
                "type": "rich_text",
                "block_id": "s6g",
                "elements": [
                    {
                        "type": "rich_text_section",
                        "elements": [
                            {
                                "type": "text",
                                "text": "Alright! I'm getting the hang of this code base "
                            },
                            {
                                "type": "emoji",
                                "name": "thumbsup",
                                "unicode": "1f44d"
                            }
                        ]
                    }
                ]
            }
        ],
        "team": "TJPN85XRA",
        "user_team": "TJPN85XRA",
        "source_team": "TJPN85XRA",
        "user_profile": {
            "avatar_hash": "a59dc6f2aaf0",
            "image_72": "https:\/\/avatars.slack-edge.com\/2022-06-18\/3673671924631_a59dc6f2aaf006d655d2_72.jpg",
            "first_name": "Travis",
            "real_name": "Travis West",
            "display_name": "Travis",
            "team": "TJPN85XRA",
            "name": "travis.west",
            "is_restricted": false,
            "is_ultra_restricted": false
        },
        "thread_ts": "1658513070.301059",
        "parent_user_id": "UJR4DDS12"
    },
    {
        "client_msg_id": "060a755d-65e7-4b34-a957-368447346996",
        "type": "message",
        "text": "I'll have to think about the smartest way to clear this up",
        "user": "U010TD4329M",
        "ts": "1658680766.030999",
        "blocks": [
            {
                "type": "rich_text",
                "block_id": "QBK",
                "elements": [
                    {
                        "type": "rich_text_section",
                        "elements": [
                            {
                                "type": "text",
                                "text": "I'll have to think about the smartest way to clear this up"
                            }
                        ]
                    }
                ]
            }
        ],
        "team": "TJPN85XRA",
        "user_team": "TJPN85XRA",
        "source_team": "TJPN85XRA",
        "user_profile": {
            "avatar_hash": "g76664e246bb",
            "image_72": "https:\/\/secure.gravatar.com\/avatar\/76664e246bb99704f2fe508d673b1124.jpg?s=72&d=https%3A%2F%2Fa.slack-edge.com%2Fdf10d%2Fimg%2Favatars%2Fava_0026-72.png",
            "first_name": "",
            "real_name": "Joe Malloch",
            "display_name": "Joe Malloch",
            "team": "TJPN85XRA",
            "name": "jmalloch",
            "is_restricted": false,
            "is_ultra_restricted": false
        },
        "thread_ts": "1658513070.301059",
        "parent_user_id": "UJR4DDS12"
    },
    {
        "client_msg_id": "ec94ee0f-69b9-4536-a4f8-2f5ecfd7d1d4",
        "type": "message",
        "text": "One more question while I've got you online: how do devices learn each other's peer to peer addresses in the first place?",
        "user": "UJR4DDS12",
        "ts": "1658680872.035859",
        "blocks": [
            {
                "type": "rich_text",
                "block_id": "0BG",
                "elements": [
                    {
                        "type": "rich_text_section",
                        "elements": [
                            {
                                "type": "text",
                                "text": "One more question while I've got you online: how do devices learn each other's peer to peer addresses in the first place?"
                            }
                        ]
                    }
                ]
            }
        ],
        "team": "TJPN85XRA",
        "user_team": "TJPN85XRA",
        "source_team": "TJPN85XRA",
        "user_profile": {
            "avatar_hash": "a59dc6f2aaf0",
            "image_72": "https:\/\/avatars.slack-edge.com\/2022-06-18\/3673671924631_a59dc6f2aaf006d655d2_72.jpg",
            "first_name": "Travis",
            "real_name": "Travis West",
            "display_name": "Travis",
            "team": "TJPN85XRA",
            "name": "travis.west",
            "is_restricted": false,
            "is_ultra_restricted": false
        },
        "thread_ts": "1658680872.035859",
        "reply_count": 6,
        "reply_users_count": 2,
        "latest_reply": "1658687289.153329",
        "reply_users": [
            "UJR4DDS12",
            "U010TD4329M"
        ],
        "replies": [
            {
                "user": "UJR4DDS12",
                "ts": "1658681242.046489"
            },
            {
                "user": "UJR4DDS12",
                "ts": "1658681311.420129"
            },
            {
                "user": "UJR4DDS12",
                "ts": "1658681673.348779"
            },
            {
                "user": "UJR4DDS12",
                "ts": "1658681763.766849"
            },
            {
                "user": "UJR4DDS12",
                "ts": "1658681796.663629"
            },
            {
                "user": "U010TD4329M",
                "ts": "1658687289.153329"
            }
        ],
        "is_locked": false,
        "subscribed": false
    },
    {
        "client_msg_id": "bcc52b58-7668-4ae2-817d-6ff690a7572e",
        "type": "message",
        "text": "(whether to grow the lo_server array in mpr_net or move device-specific servers to mpr_local_dev)",
        "user": "U010TD4329M",
        "ts": "1658680886.603199",
        "blocks": [
            {
                "type": "rich_text",
                "block_id": "zJfXE",
                "elements": [
                    {
                        "type": "rich_text_section",
                        "elements": [
                            {
                                "type": "text",
                                "text": "(whether to grow the lo_server array in mpr_net or move device-specific servers to mpr_local_dev)"
                            }
                        ]
                    }
                ]
            }
        ],
        "team": "TJPN85XRA",
        "user_team": "TJPN85XRA",
        "source_team": "TJPN85XRA",
        "user_profile": {
            "avatar_hash": "g76664e246bb",
            "image_72": "https:\/\/secure.gravatar.com\/avatar\/76664e246bb99704f2fe508d673b1124.jpg?s=72&d=https%3A%2F%2Fa.slack-edge.com%2Fdf10d%2Fimg%2Favatars%2Fava_0026-72.png",
            "first_name": "",
            "real_name": "Joe Malloch",
            "display_name": "Joe Malloch",
            "team": "TJPN85XRA",
            "name": "jmalloch",
            "is_restricted": false,
            "is_ultra_restricted": false
        },
        "thread_ts": "1658513070.301059",
        "parent_user_id": "UJR4DDS12"
    },
    {
        "client_msg_id": "64a5ea89-fc7d-41e9-9664-3e45fa617207",
        "type": "message",
        "text": "the latter seems more natural imho",
        "user": "UJR4DDS12",
        "ts": "1658680909.424639",
        "blocks": [
            {
                "type": "rich_text",
                "block_id": "GBAXW",
                "elements": [
                    {
                        "type": "rich_text_section",
                        "elements": [
                            {
                                "type": "text",
                                "text": "the latter seems more natural imho"
                            }
                        ]
                    }
                ]
            }
        ],
        "team": "TJPN85XRA",
        "user_team": "TJPN85XRA",
        "source_team": "TJPN85XRA",
        "user_profile": {
            "avatar_hash": "a59dc6f2aaf0",
            "image_72": "https:\/\/avatars.slack-edge.com\/2022-06-18\/3673671924631_a59dc6f2aaf006d655d2_72.jpg",
            "first_name": "Travis",
            "real_name": "Travis West",
            "display_name": "Travis",
            "team": "TJPN85XRA",
            "name": "travis.west",
            "is_restricted": false,
            "is_ultra_restricted": false
        },
        "thread_ts": "1658513070.301059",
        "parent_user_id": "UJR4DDS12",
        "reactions": [
            {
                "name": "+1",
                "users": [
                    "U010TD4329M"
                ],
                "count": 1
            }
        ]
    },
    {
        "client_msg_id": "eb1e7fb1-aa72-471f-93ad-2bbc4c4dd1c7",
        "type": "message",
        "text": "liblo is already pretty spread out through the library anyways",
        "user": "UJR4DDS12",
        "ts": "1658680945.463919",
        "blocks": [
            {
                "type": "rich_text",
                "block_id": "ZRb9h",
                "elements": [
                    {
                        "type": "rich_text_section",
                        "elements": [
                            {
                                "type": "text",
                                "text": "liblo is already pretty spread out through the library anyways"
                            }
                        ]
                    }
                ]
            }
        ],
        "team": "TJPN85XRA",
        "user_team": "TJPN85XRA",
        "source_team": "TJPN85XRA",
        "user_profile": {
            "avatar_hash": "a59dc6f2aaf0",
            "image_72": "https:\/\/avatars.slack-edge.com\/2022-06-18\/3673671924631_a59dc6f2aaf006d655d2_72.jpg",
            "first_name": "Travis",
            "real_name": "Travis West",
            "display_name": "Travis",
            "team": "TJPN85XRA",
            "name": "travis.west",
            "is_restricted": false,
            "is_ultra_restricted": false
        },
        "thread_ts": "1658513070.301059",
        "parent_user_id": "UJR4DDS12"
    },
    {
        "client_msg_id": "24809983-d9a5-46b0-9129-11ad92fb1549",
        "type": "message",
        "text": "I had this clever way to efficiently wait on multiple servers which will break though :disappointed:",
        "user": "U010TD4329M",
        "ts": "1658680963.725769",
        "blocks": [
            {
                "type": "rich_text",
                "block_id": "QtyOC",
                "elements": [
                    {
                        "type": "rich_text_section",
                        "elements": [
                            {
                                "type": "text",
                                "text": "I had this clever way to efficiently wait on multiple servers which will break though "
                            },
                            {
                                "type": "emoji",
                                "name": "disappointed",
                                "unicode": "1f61e"
                            }
                        ]
                    }
                ]
            }
        ],
        "team": "TJPN85XRA",
        "user_team": "TJPN85XRA",
        "source_team": "TJPN85XRA",
        "user_profile": {
            "avatar_hash": "g76664e246bb",
            "image_72": "https:\/\/secure.gravatar.com\/avatar\/76664e246bb99704f2fe508d673b1124.jpg?s=72&d=https%3A%2F%2Fa.slack-edge.com%2Fdf10d%2Fimg%2Favatars%2Fava_0026-72.png",
            "first_name": "",
            "real_name": "Joe Malloch",
            "display_name": "Joe Malloch",
            "team": "TJPN85XRA",
            "name": "jmalloch",
            "is_restricted": false,
            "is_ultra_restricted": false
        },
        "thread_ts": "1658513070.301059",
        "parent_user_id": "UJR4DDS12"
    },
    {
        "client_msg_id": "a6efd12b-c2a9-48b3-b70c-7140a2794a2a",
        "type": "message",
        "text": "sad. :disappointed:",
        "user": "UJR4DDS12",
        "ts": "1658681001.003669",
        "blocks": [
            {
                "type": "rich_text",
                "block_id": "u+FBf",
                "elements": [
                    {
                        "type": "rich_text_section",
                        "elements": [
                            {
                                "type": "text",
                                "text": "sad. "
                            },
                            {
                                "type": "emoji",
                                "name": "disappointed",
                                "unicode": "1f61e"
                            }
                        ]
                    }
                ]
            }
        ],
        "team": "TJPN85XRA",
        "user_team": "TJPN85XRA",
        "source_team": "TJPN85XRA",
        "user_profile": {
            "avatar_hash": "a59dc6f2aaf0",
            "image_72": "https:\/\/avatars.slack-edge.com\/2022-06-18\/3673671924631_a59dc6f2aaf006d655d2_72.jpg",
            "first_name": "Travis",
            "real_name": "Travis West",
            "display_name": "Travis",
            "team": "TJPN85XRA",
            "name": "travis.west",
            "is_restricted": false,
            "is_ultra_restricted": false
        },
        "thread_ts": "1658513070.301059",
        "parent_user_id": "UJR4DDS12"
    },
    {
        "client_msg_id": "edfaad37-e3a0-45b8-af52-f2e3b4715f0a",
        "type": "message",
        "text": "another option would be to cache the request for signal handlers somewhere and register them with the devices fully qualified unique name once it's got one?",
        "user": "UJR4DDS12",
        "ts": "1658681052.581049",
        "blocks": [
            {
                "type": "rich_text",
                "block_id": "pC0W",
                "elements": [
                    {
                        "type": "rich_text_section",
                        "elements": [
                            {
                                "type": "text",
                                "text": "another option would be to cache the request for signal handlers somewhere and register them with the devices fully qualified unique name once it's got one?"
                            }
                        ]
                    }
                ]
            }
        ],
        "team": "TJPN85XRA",
        "user_team": "TJPN85XRA",
        "source_team": "TJPN85XRA",
        "user_profile": {
            "avatar_hash": "a59dc6f2aaf0",
            "image_72": "https:\/\/avatars.slack-edge.com\/2022-06-18\/3673671924631_a59dc6f2aaf006d655d2_72.jpg",
            "first_name": "Travis",
            "real_name": "Travis West",
            "display_name": "Travis",
            "team": "TJPN85XRA",
            "name": "travis.west",
            "is_restricted": false,
            "is_ultra_restricted": false
        },
        "thread_ts": "1658513070.301059",
        "parent_user_id": "UJR4DDS12"
    },
    {
        "client_msg_id": "c039cc0d-1866-4e46-ba85-c24620300670",
        "type": "message",
        "text": "probably no observable hit to performance - just need to copy some pointers into an array in the device and graph poll() functions",
        "user": "U010TD4329M",
        "ts": "1658681055.453639",
        "blocks": [
            {
                "type": "rich_text",
                "block_id": "nSv6",
                "elements": [
                    {
                        "type": "rich_text_section",
                        "elements": [
                            {
                                "type": "text",
                                "text": "probably no observable hit to performance - just need to copy some pointers into an array in the device and graph poll() functions"
                            }
                        ]
                    }
                ]
            }
        ],
        "team": "TJPN85XRA",
        "user_team": "TJPN85XRA",
        "source_team": "TJPN85XRA",
        "user_profile": {
            "avatar_hash": "g76664e246bb",
            "image_72": "https:\/\/secure.gravatar.com\/avatar\/76664e246bb99704f2fe508d673b1124.jpg?s=72&d=https%3A%2F%2Fa.slack-edge.com%2Fdf10d%2Fimg%2Favatars%2Fava_0026-72.png",
            "first_name": "",
            "real_name": "Joe Malloch",
            "display_name": "Joe Malloch",
            "team": "TJPN85XRA",
            "name": "jmalloch",
            "is_restricted": false,
            "is_ultra_restricted": false
        },
        "thread_ts": "1658513070.301059",
        "parent_user_id": "UJR4DDS12"
    },
    {
        "client_msg_id": "8b571b1e-0bb3-45e4-bc0a-6f549f150653",
        "type": "message",
        "text": "string matching is a bit expensive though – I'd rather keep the device names out of the signal update messages since messaging is (mostly) peer to peer anyway and the device name is redundant",
        "user": "U010TD4329M",
        "ts": "1658681134.429779",
        "blocks": [
            {
                "type": "rich_text",
                "block_id": "WjG",
                "elements": [
                    {
                        "type": "rich_text_section",
                        "elements": [
                            {
                                "type": "text",
                                "text": "string matching is a bit expensive though – I'd rather keep the device names out of the signal update messages since messaging is (mostly) peer to peer anyway and the device name is redundant"
                            }
                        ]
                    }
                ]
            }
        ],
        "team": "TJPN85XRA",
        "user_team": "TJPN85XRA",
        "source_team": "TJPN85XRA",
        "user_profile": {
            "avatar_hash": "g76664e246bb",
            "image_72": "https:\/\/secure.gravatar.com\/avatar\/76664e246bb99704f2fe508d673b1124.jpg?s=72&d=https%3A%2F%2Fa.slack-edge.com%2Fdf10d%2Fimg%2Favatars%2Fava_0026-72.png",
            "first_name": "",
            "real_name": "Joe Malloch",
            "display_name": "Joe Malloch",
            "team": "TJPN85XRA",
            "name": "jmalloch",
            "is_restricted": false,
            "is_ultra_restricted": false
        },
        "thread_ts": "1658513070.301059",
        "parent_user_id": "UJR4DDS12"
    },
    {
        "client_msg_id": "a78a220e-f300-421b-b110-5dfe27a4331f",
        "type": "message",
        "text": "makes sense",
        "user": "UJR4DDS12",
        "ts": "1658681147.699899",
        "blocks": [
            {
                "type": "rich_text",
                "block_id": "463q",
                "elements": [
                    {
                        "type": "rich_text_section",
                        "elements": [
                            {
                                "type": "text",
                                "text": "makes sense"
                            }
                        ]
                    }
                ]
            }
        ],
        "team": "TJPN85XRA",
        "user_team": "TJPN85XRA",
        "source_team": "TJPN85XRA",
        "user_profile": {
            "avatar_hash": "a59dc6f2aaf0",
            "image_72": "https:\/\/avatars.slack-edge.com\/2022-06-18\/3673671924631_a59dc6f2aaf006d655d2_72.jpg",
            "first_name": "Travis",
            "real_name": "Travis West",
            "display_name": "Travis",
            "team": "TJPN85XRA",
            "name": "travis.west",
            "is_restricted": false,
            "is_ultra_restricted": false
        },
        "thread_ts": "1658513070.301059",
        "parent_user_id": "UJR4DDS12"
    },
    {
        "client_msg_id": "12d1c427-fe7f-4a91-8efa-2e68ef72341e",
        "type": "message",
        "text": "ahh, nvm. Found it in `network.c`",
        "user": "UJR4DDS12",
        "ts": "1658681242.046489",
        "blocks": [
            {
                "type": "rich_text",
                "block_id": "=+w1",
                "elements": [
                    {
                        "type": "rich_text_section",
                        "elements": [
                            {
                                "type": "text",
                                "text": "ahh, nvm. Found it in "
                            },
                            {
                                "type": "text",
                                "text": "network.c",
                                "style": {
                                    "code": true
                                }
                            }
                        ]
                    }
                ]
            }
        ],
        "team": "TJPN85XRA",
        "user_team": "TJPN85XRA",
        "source_team": "TJPN85XRA",
        "user_profile": {
            "avatar_hash": "a59dc6f2aaf0",
            "image_72": "https:\/\/avatars.slack-edge.com\/2022-06-18\/3673671924631_a59dc6f2aaf006d655d2_72.jpg",
            "first_name": "Travis",
            "real_name": "Travis West",
            "display_name": "Travis",
            "team": "TJPN85XRA",
            "name": "travis.west",
            "is_restricted": false,
            "is_ultra_restricted": false
        },
        "thread_ts": "1658680872.035859",
        "parent_user_id": "UJR4DDS12"
    },
    {
        "client_msg_id": "cdda6b26-2afc-434a-abb8-b05172e885c7",
        "type": "message",
        "text": "devices have a `MPR_PROP_PORT` property that gets picked up in `handler_dev`. So I guess this means I can assume that if a graph knows about a device, it also knows its data port? Because either the device must be local, or we must have heard about it's port when we first heard about the device.",
        "user": "UJR4DDS12",
        "ts": "1658681311.420129",
        "blocks": [
            {
                "type": "rich_text",
                "block_id": "6UE8",
                "elements": [
                    {
                        "type": "rich_text_section",
                        "elements": [
                            {
                                "type": "text",
                                "text": "devices have a "
                            },
                            {
                                "type": "text",
                                "text": "MPR_PROP_PORT",
                                "style": {
                                    "code": true
                                }
                            },
                            {
                                "type": "text",
                                "text": " property that gets picked up in "
                            },
                            {
                                "type": "text",
                                "text": "handler_dev",
                                "style": {
                                    "code": true
                                }
                            },
                            {
                                "type": "text",
                                "text": ". So I guess this means I can assume that if a graph knows about a device, it also knows its data port? Because either the device must be local, or we must have heard about it's port when we first heard about the device."
                            }
                        ]
                    }
                ]
            }
        ],
        "team": "TJPN85XRA",
        "user_team": "TJPN85XRA",
        "source_team": "TJPN85XRA",
        "user_profile": {
            "avatar_hash": "a59dc6f2aaf0",
            "image_72": "https:\/\/avatars.slack-edge.com\/2022-06-18\/3673671924631_a59dc6f2aaf006d655d2_72.jpg",
            "first_name": "Travis",
            "real_name": "Travis West",
            "display_name": "Travis",
            "team": "TJPN85XRA",
            "name": "travis.west",
            "is_restricted": false,
            "is_ultra_restricted": false
        },
        "thread_ts": "1658680872.035859",
        "parent_user_id": "UJR4DDS12"
    },
    {
        "client_msg_id": "c7e5b7b5-4677-4573-8057-3576eaa75494",
        "type": "message",
        "text": "Although, I see that `handler_dev` ignores the device unless there is a link established to it... what is the sequence here?",
        "user": "UJR4DDS12",
        "ts": "1658681673.348779",
        "blocks": [
            {
                "type": "rich_text",
                "block_id": "7kc6T",
                "elements": [
                    {
                        "type": "rich_text_section",
                        "elements": [
                            {
                                "type": "text",
                                "text": "Although, I see that "
                            },
                            {
                                "type": "text",
                                "text": "handler_dev",
                                "style": {
                                    "code": true
                                }
                            },
                            {
                                "type": "text",
                                "text": " ignores the device unless there is a link established to it... what is the sequence here?"
                            }
                        ]
                    }
                ]
            }
        ],
        "team": "TJPN85XRA",
        "user_team": "TJPN85XRA",
        "source_team": "TJPN85XRA",
        "user_profile": {
            "avatar_hash": "a59dc6f2aaf0",
            "image_72": "https:\/\/avatars.slack-edge.com\/2022-06-18\/3673671924631_a59dc6f2aaf006d655d2_72.jpg",
            "first_name": "Travis",
            "real_name": "Travis West",
            "display_name": "Travis",
            "team": "TJPN85XRA",
            "name": "travis.west",
            "is_restricted": false,
            "is_ultra_restricted": false
        },
        "thread_ts": "1658680872.035859",
        "parent_user_id": "UJR4DDS12"
    },
    {
        "client_msg_id": "9e75f198-3f43-4c5f-99a2-771d652c5097",
        "type": "message",
        "text": "ok, nvm, I'm seeing it now.",
        "user": "UJR4DDS12",
        "ts": "1658681763.766849",
        "blocks": [
            {
                "type": "rich_text",
                "block_id": "IdWW",
                "elements": [
                    {
                        "type": "rich_text_section",
                        "elements": [
                            {
                                "type": "text",
                                "text": "ok, nvm, I'm seeing it now."
                            }
                        ]
                    }
                ]
            }
        ],
        "team": "TJPN85XRA",
        "user_team": "TJPN85XRA",
        "source_team": "TJPN85XRA",
        "user_profile": {
            "avatar_hash": "a59dc6f2aaf0",
            "image_72": "https:\/\/avatars.slack-edge.com\/2022-06-18\/3673671924631_a59dc6f2aaf006d655d2_72.jpg",
            "first_name": "Travis",
            "real_name": "Travis West",
            "display_name": "Travis",
            "team": "TJPN85XRA",
            "name": "travis.west",
            "is_restricted": false,
            "is_ultra_restricted": false
        },
        "thread_ts": "1658680872.035859",
        "parent_user_id": "UJR4DDS12"
    },
    {
        "client_msg_id": "9736de8a-b2ed-4f70-9029-274719f39cf7",
        "type": "message",
        "text": "Anyone following along with my thinking out loud will be forever held in suspense about how this works. Mwahahaha.",
        "user": "UJR4DDS12",
        "ts": "1658681796.663629",
        "blocks": [
            {
                "type": "rich_text",
                "block_id": "w+E2",
                "elements": [
                    {
                        "type": "rich_text_section",
                        "elements": [
                            {
                                "type": "text",
                                "text": "Anyone following along with my thinking out loud will be forever held in suspense about how this works. Mwahahaha."
                            }
                        ]
                    }
                ]
            }
        ],
        "team": "TJPN85XRA",
        "user_team": "TJPN85XRA",
        "source_team": "TJPN85XRA",
        "user_profile": {
            "avatar_hash": "a59dc6f2aaf0",
            "image_72": "https:\/\/avatars.slack-edge.com\/2022-06-18\/3673671924631_a59dc6f2aaf006d655d2_72.jpg",
            "first_name": "Travis",
            "real_name": "Travis West",
            "display_name": "Travis",
            "team": "TJPN85XRA",
            "name": "travis.west",
            "is_restricted": false,
            "is_ultra_restricted": false
        },
        "thread_ts": "1658680872.035859",
        "parent_user_id": "UJR4DDS12",
        "reactions": [
            {
                "name": "sunglasses",
                "users": [
                    "U010TD4329M"
                ],
                "count": 1
            }
        ]
    },
    {
        "client_msg_id": "a7e698c3-a9eb-4e89-9d6e-f49b6d369a52",
        "type": "message",
        "text": "Sorry I was offline but glad you figured it out!",
        "user": "U010TD4329M",
        "ts": "1658687289.153329",
        "blocks": [
            {
                "type": "rich_text",
                "block_id": "mHGl",
                "elements": [
                    {
                        "type": "rich_text_section",
                        "elements": [
                            {
                                "type": "text",
                                "text": "Sorry I was offline but glad you figured it out!"
                            }
                        ]
                    }
                ]
            }
        ],
        "team": "TJPN85XRA",
        "user_team": "TJPN85XRA",
        "source_team": "TJPN85XRA",
        "user_profile": {
            "avatar_hash": "g76664e246bb",
            "image_72": "https:\/\/secure.gravatar.com\/avatar\/76664e246bb99704f2fe508d673b1124.jpg?s=72&d=https%3A%2F%2Fa.slack-edge.com%2Fdf10d%2Fimg%2Favatars%2Fava_0026-72.png",
            "first_name": "",
            "real_name": "Joe Malloch",
            "display_name": "Joe Malloch",
            "team": "TJPN85XRA",
            "name": "jmalloch",
            "is_restricted": false,
            "is_ultra_restricted": false
        },
        "thread_ts": "1658680872.035859",
        "parent_user_id": "UJR4DDS12"
    }
]