[
    {
        "client_msg_id": "fa725d20-2544-40d6-b90c-ffd7be83ed00",
        "type": "message",
        "text": "Awesome! I had been thinking about something like this recently (albeit a hardware version), but have zero modular expertise. Very cool!",
        "user": "U04920VRM1S",
        "ts": "1667559734.036429",
        "blocks": [
            {
                "type": "rich_text",
                "block_id": "aq6aG",
                "elements": [
                    {
                        "type": "rich_text_section",
                        "elements": [
                            {
                                "type": "text",
                                "text": "Awesome! I had been thinking about something like this recently (albeit a hardware version), but have zero modular expertise. Very cool!"
                            }
                        ]
                    }
                ]
            }
        ],
        "team": "TJPN85XRA",
        "user_team": "TJPN85XRA",
        "source_team": "TJPN85XRA",
        "user_profile": {
            "avatar_hash": "ge211e52a359",
            "image_72": "https:\/\/secure.gravatar.com\/avatar\/e211e52a3592d39b4c9cb8410a019489.jpg?s=72&d=https%3A%2F%2Fa.slack-edge.com%2Fdf10d%2Fimg%2Favatars%2Fava_0013-72.png",
            "first_name": "Matt",
            "real_name": "Matt Peachey",
            "display_name": "",
            "team": "TJPN85XRA",
            "name": "peacheym",
            "is_restricted": false,
            "is_ultra_restricted": false
        },
        "edited": {
            "user": "U04920VRM1S",
            "ts": "1667568605.000000"
        },
        "thread_ts": "1667535485.028819",
        "parent_user_id": "U03JTLB9FSS"
    },
    {
        "client_msg_id": "3822fba4-eea8-45d4-aef3-166fc78c8ce5",
        "type": "message",
        "text": "So, is this module meant to allow inserting external libmapper-compatible software into virtual euroracks?",
        "user": "UJCU8BAAW",
        "ts": "1667568568.624919",
        "blocks": [
            {
                "type": "rich_text",
                "block_id": "JeuG",
                "elements": [
                    {
                        "type": "rich_text_section",
                        "elements": [
                            {
                                "type": "text",
                                "text": "So, is this module meant to allow inserting external libmapper-compatible software into virtual euroracks?"
                            }
                        ]
                    }
                ]
            }
        ],
        "team": "TJPN85XRA",
        "user_team": "TJPN85XRA",
        "source_team": "TJPN85XRA",
        "user_profile": {
            "avatar_hash": "d49c462f5537",
            "image_72": "https:\/\/avatars.slack-edge.com\/2021-06-14\/2154581376263_d49c462f5537edde8dbb_72.jpg",
            "first_name": "Edu",
            "real_name": "Edu Meneses",
            "display_name": "Edu Meneses",
            "team": "TJPN85XRA",
            "name": "eduardo.meneses",
            "is_restricted": false,
            "is_ultra_restricted": false
        },
        "thread_ts": "1667535485.028819",
        "parent_user_id": "U03JTLB9FSS"
    },
    {
        "client_msg_id": "6c3f8d9b-e219-45e6-a659-6fbbae803901",
        "type": "message",
        "text": "Yep, specifically VCV Rack",
        "user": "U03JTLB9FSS",
        "ts": "1667568599.711979",
        "blocks": [
            {
                "type": "rich_text",
                "block_id": "cLiGq",
                "elements": [
                    {
                        "type": "rich_text_section",
                        "elements": [
                            {
                                "type": "text",
                                "text": "Yep, specifically VCV Rack"
                            }
                        ]
                    }
                ]
            }
        ],
        "team": "TJPN85XRA",
        "user_team": "TJPN85XRA",
        "source_team": "TJPN85XRA",
        "user_profile": {
            "avatar_hash": "459fb8de8703",
            "image_72": "https:\/\/avatars.slack-edge.com\/2022-07-28\/3867310060339_459fb8de8703bb2678e5_72.jpg",
            "first_name": "Brady",
            "real_name": "Brady Boettcher",
            "display_name": "",
            "team": "TJPN85XRA",
            "name": "brady.boettcher",
            "is_restricted": false,
            "is_ultra_restricted": false
        },
        "thread_ts": "1667535485.028819",
        "parent_user_id": "U03JTLB9FSS",
        "reactions": [
            {
                "name": "raised_hands",
                "users": [
                    "U04920VRM1S"
                ],
                "count": 1
            },
            {
                "name": "raised_hands::skin-tone-5",
                "users": [
                    "UJCU8BAAW"
                ],
                "count": 1
            }
        ]
    },
    {
        "client_msg_id": "42240400-c14a-4c37-9a7b-5a86f41ed2f0",
        "type": "message",
        "text": "Bad news relating to this... I can see 2 reasons why this isn't currently possible:\n1. libmapper compiles as a shared library (.dll\/.dylib), and VCV Rack insists on using static libraries for linking for its own portability purposes\n2. VCV Rack plugins only support compilation through MinGW on Windows, which hasn't been tested in years and would need more dev work\nThis means that we can't really make any progress on this until we support static compilation for libmapper + support for MinGW. The <https:\/\/github.com\/bboettcher3\/mapper4rack|Mapper4Rack repository> is basically done once we get libmapper linked statically (just needs a few lines to create\/poll signals), so I'll leave it as-is for anyone wanting to pick it up in the future",
        "user": "U03JTLB9FSS",
        "ts": "1667573403.892289",
        "blocks": [
            {
                "type": "rich_text",
                "block_id": "Pem",
                "elements": [
                    {
                        "type": "rich_text_section",
                        "elements": [
                            {
                                "type": "text",
                                "text": "Bad news relating to this... I can see 2 reasons why this isn't currently possible:\n"
                            }
                        ]
                    },
                    {
                        "type": "rich_text_list",
                        "elements": [
                            {
                                "type": "rich_text_section",
                                "elements": [
                                    {
                                        "type": "text",
                                        "text": "libmapper compiles as a shared library (.dll\/.dylib), and VCV Rack insists on using static libraries for linking for its own portability purposes"
                                    }
                                ]
                            },
                            {
                                "type": "rich_text_section",
                                "elements": [
                                    {
                                        "type": "text",
                                        "text": "VCV Rack plugins only support compilation through MinGW on Windows, which hasn't been tested in years and would need more dev work"
                                    }
                                ]
                            }
                        ],
                        "style": "ordered",
                        "indent": 0,
                        "border": 0
                    },
                    {
                        "type": "rich_text_section",
                        "elements": [
                            {
                                "type": "text",
                                "text": "This means that we can't really make any progress on this until we support static compilation for libmapper + support for MinGW. The "
                            },
                            {
                                "type": "link",
                                "url": "https:\/\/github.com\/bboettcher3\/mapper4rack",
                                "text": "Mapper4Rack repository"
                            },
                            {
                                "type": "text",
                                "text": " is basically done once we get libmapper linked statically (just needs a few lines to create\/poll signals), so I'll leave it as-is for anyone wanting to pick it up in the future"
                            }
                        ]
                    }
                ]
            }
        ],
        "team": "TJPN85XRA",
        "user_team": "TJPN85XRA",
        "source_team": "TJPN85XRA",
        "user_profile": {
            "avatar_hash": "459fb8de8703",
            "image_72": "https:\/\/avatars.slack-edge.com\/2022-07-28\/3867310060339_459fb8de8703bb2678e5_72.jpg",
            "first_name": "Brady",
            "real_name": "Brady Boettcher",
            "display_name": "",
            "team": "TJPN85XRA",
            "name": "brady.boettcher",
            "is_restricted": false,
            "is_ultra_restricted": false
        },
        "edited": {
            "user": "U03JTLB9FSS",
            "ts": "1667573438.000000"
        },
        "thread_ts": "1667535485.028819",
        "parent_user_id": "U03JTLB9FSS"
    },
    {
        "client_msg_id": "91273a72-741d-498c-bc9c-2949edd33bf6",
        "type": "message",
        "text": "<@U010TD4329M> relating to my last message in the above thread, do you think compiling libmapper statically is far off\/possible? I tried on windows a while back with cmake and couldn't get it working. I guess it isn't too high priority, but would be nice as an option",
        "user": "U03JTLB9FSS",
        "ts": "1667573595.981229",
        "blocks": [
            {
                "type": "rich_text",
                "block_id": "F3xs",
                "elements": [
                    {
                        "type": "rich_text_section",
                        "elements": [
                            {
                                "type": "user",
                                "user_id": "U010TD4329M"
                            },
                            {
                                "type": "text",
                                "text": " relating to my last message in the above thread, do you think compiling libmapper statically is far off\/possible? I tried on windows a while back with cmake and couldn't get it working. I guess it isn't too high priority, but would be nice as an option"
                            }
                        ]
                    }
                ]
            }
        ],
        "team": "TJPN85XRA",
        "user_team": "TJPN85XRA",
        "source_team": "TJPN85XRA",
        "user_profile": {
            "avatar_hash": "459fb8de8703",
            "image_72": "https:\/\/avatars.slack-edge.com\/2022-07-28\/3867310060339_459fb8de8703bb2678e5_72.jpg",
            "first_name": "Brady",
            "real_name": "Brady Boettcher",
            "display_name": "",
            "team": "TJPN85XRA",
            "name": "brady.boettcher",
            "is_restricted": false,
            "is_ultra_restricted": false
        },
        "reactions": [
            {
                "name": "+1",
                "users": [
                    "U010TD4329M"
                ],
                "count": 1
            }
        ]
    },
    {
        "client_msg_id": "9124fad8-c803-41cc-9b9b-d69c13be2a18",
        "type": "message",
        "text": "I have compiled it statically for past versions of the max bindings – the reason for distributing as a dynamic lib is to allow linking with non-LGPL software. As long as the code using libmapper is also LGPL or GPL there is no problem with static linking.",
        "user": "U010TD4329M",
        "ts": "1667573900.113179",
        "blocks": [
            {
                "type": "rich_text",
                "block_id": "I\/L",
                "elements": [
                    {
                        "type": "rich_text_section",
                        "elements": [
                            {
                                "type": "text",
                                "text": "I have compiled it statically for past versions of the max bindings – the reason for distributing as a dynamic lib is to allow linking with non-LGPL software. As long as the code using libmapper is also LGPL or GPL there is no problem with static linking."
                            }
                        ]
                    }
                ]
            }
        ],
        "team": "TJPN85XRA",
        "user_team": "TJPN85XRA",
        "source_team": "TJPN85XRA",
        "user_profile": {
            "avatar_hash": "g76664e246bb",
            "image_72": "https:\/\/secure.gravatar.com\/avatar\/76664e246bb99704f2fe508d673b1124.jpg?s=72&d=https%3A%2F%2Fa.slack-edge.com%2Fdf10d%2Fimg%2Favatars%2Fava_0026-72.png",
            "first_name": "",
            "real_name": "Joe Malloch",
            "display_name": "Joe Malloch",
            "team": "TJPN85XRA",
            "name": "jmalloch",
            "is_restricted": false,
            "is_ultra_restricted": false
        }
    },
    {
        "client_msg_id": "03C9C753-4A15-44F7-87A5-A4BB699DFFF2",
        "type": "message",
        "text": "Is that cuz liblo is LGPL?",
        "user": "U029MNKJ0DR",
        "ts": "1667577606.581669",
        "blocks": [
            {
                "type": "rich_text",
                "block_id": "jy84h",
                "elements": [
                    {
                        "type": "rich_text_section",
                        "elements": [
                            {
                                "type": "text",
                                "text": "Is that cuz liblo is LGPL?"
                            }
                        ]
                    }
                ]
            }
        ],
        "team": "TJPN85XRA",
        "user_team": "TJPN85XRA",
        "source_team": "TJPN85XRA",
        "user_profile": {
            "avatar_hash": "f350669b1e49",
            "image_72": "https:\/\/avatars.slack-edge.com\/2021-07-29\/2324539512645_f350669b1e496193ea11_72.jpg",
            "first_name": "",
            "real_name": "Paul Buser",
            "display_name": "Paul Buser",
            "team": "TJPN85XRA",
            "name": "buser.paul",
            "is_restricted": false,
            "is_ultra_restricted": false
        }
    },
    {
        "client_msg_id": "b190dca3-6fbe-4d70-a9f2-22679d6f5cd5",
        "type": "message",
        "text": "liblo and libmapper are both LGPL. liblo license will not be changing (this was discussed in the past) so as long as we depend on liblo there isn't much point in adding a licence to libmapper. As I said earlier that does not prevent us from statically linking libmapper as long as the linking code is open source, and we can work with proprietary code using dynamic linking.",
        "user": "U010TD4329M",
        "ts": "1667582349.906939",
        "blocks": [
            {
                "type": "rich_text",
                "block_id": "PNa6",
                "elements": [
                    {
                        "type": "rich_text_section",
                        "elements": [
                            {
                                "type": "text",
                                "text": "liblo and libmapper are both LGPL. liblo license will not be changing (this was discussed in the past) so as long as we depend on liblo there isn't much point in adding a licence to libmapper. As I said earlier that does not prevent us from statically linking libmapper as long as the linking code is open source, and we can work with proprietary code using dynamic linking."
                            }
                        ]
                    }
                ]
            }
        ],
        "team": "TJPN85XRA",
        "user_team": "TJPN85XRA",
        "source_team": "TJPN85XRA",
        "user_profile": {
            "avatar_hash": "g76664e246bb",
            "image_72": "https:\/\/secure.gravatar.com\/avatar\/76664e246bb99704f2fe508d673b1124.jpg?s=72&d=https%3A%2F%2Fa.slack-edge.com%2Fdf10d%2Fimg%2Favatars%2Fava_0026-72.png",
            "first_name": "",
            "real_name": "Joe Malloch",
            "display_name": "Joe Malloch",
            "team": "TJPN85XRA",
            "name": "jmalloch",
            "is_restricted": false,
            "is_ultra_restricted": false
        }
    }
]