[
    {
        "client_msg_id": "3645156a-0f11-4cd2-838f-a5d219694cfb",
        "type": "message",
        "text": "<@U03JTLB9FSS> you should announce this on the dev list!",
        "user": "U010TD4329M",
        "ts": "1663955521.932589",
        "blocks": [
            {
                "type": "rich_text",
                "block_id": "rnkx",
                "elements": [
                    {
                        "type": "rich_text_section",
                        "elements": [
                            {
                                "type": "user",
                                "user_id": "U03JTLB9FSS"
                            },
                            {
                                "type": "text",
                                "text": " you should announce this on the dev list!"
                            }
                        ]
                    }
                ]
            }
        ],
        "team": "TJPN85XRA",
        "user_team": "TJPN85XRA",
        "source_team": "TJPN85XRA",
        "user_profile": {
            "avatar_hash": "g76664e246bb",
            "image_72": "https:\/\/secure.gravatar.com\/avatar\/76664e246bb99704f2fe508d673b1124.jpg?s=72&d=https%3A%2F%2Fa.slack-edge.com%2Fdf10d%2Fimg%2Favatars%2Fava_0026-72.png",
            "first_name": "",
            "real_name": "Joe Malloch",
            "display_name": "Joe Malloch",
            "team": "TJPN85XRA",
            "name": "jmalloch",
            "is_restricted": false,
            "is_ultra_restricted": false
        },
        "thread_ts": "1663603834.797399",
        "parent_user_id": "U03JTLB9FSS"
    }
]