[
    {
        "client_msg_id": "BAA5A656-3FA4-416C-AB4C-ADDC4420235C",
        "type": "message",
        "text": "Thanks for the bug report <@U01APBW5N2J>  :) I have updated RtAudio so this should be fixed in the next release",
        "user": "U010TD4329M",
        "ts": "1662681937.670309",
        "blocks": [
            {
                "type": "rich_text",
                "block_id": "=X9Ii",
                "elements": [
                    {
                        "type": "rich_text_section",
                        "elements": [
                            {
                                "type": "text",
                                "text": "Thanks for the bug report "
                            },
                            {
                                "type": "user",
                                "user_id": "U01APBW5N2J"
                            },
                            {
                                "type": "text",
                                "text": "  :) I have updated RtAudio so this should be fixed in the next release"
                            }
                        ]
                    }
                ]
            }
        ],
        "team": "TJPN85XRA",
        "user_team": "TJPN85XRA",
        "source_team": "TJPN85XRA",
        "user_profile": {
            "avatar_hash": "g76664e246bb",
            "image_72": "https:\/\/secure.gravatar.com\/avatar\/76664e246bb99704f2fe508d673b1124.jpg?s=72&d=https%3A%2F%2Fa.slack-edge.com%2Fdf10d%2Fimg%2Favatars%2Fava_0026-72.png",
            "first_name": "",
            "real_name": "Joe Malloch",
            "display_name": "Joe Malloch",
            "team": "TJPN85XRA",
            "name": "jmalloch",
            "is_restricted": false,
            "is_ultra_restricted": false
        },
        "thread_ts": "1662140232.436789",
        "parent_user_id": "U03JTLB9FSS",
        "reactions": [
            {
                "name": "+1",
                "users": [
                    "U01APBW5N2J"
                ],
                "count": 1
            }
        ]
    }
]