[
    {
        "type": "message",
        "subtype": "channel_join",
        "ts": "1655572626.910759",
        "user": "UJR4DDS12",
        "text": "<@UJR4DDS12> has joined the channel"
    },
    {
        "client_msg_id": "ead355ea-4b06-483a-ba0f-5ee6cda40775",
        "type": "message",
        "text": "Having a libmapper chat room is a great idea. I always write emails that are way too long... XD",
        "user": "UJR4DDS12",
        "ts": "1655572713.859479",
        "blocks": [
            {
                "type": "rich_text",
                "block_id": "4NAE",
                "elements": [
                    {
                        "type": "rich_text_section",
                        "elements": [
                            {
                                "type": "text",
                                "text": "Having a libmapper chat room is a great idea. I always write emails that are way too long... XD"
                            }
                        ]
                    }
                ]
            }
        ],
        "team": "TJPN85XRA",
        "user_team": "TJPN85XRA",
        "source_team": "TJPN85XRA",
        "user_profile": {
            "avatar_hash": "a59dc6f2aaf0",
            "image_72": "https:\/\/avatars.slack-edge.com\/2022-06-18\/3673671924631_a59dc6f2aaf006d655d2_72.jpg",
            "first_name": "Travis",
            "real_name": "Travis West",
            "display_name": "Travis",
            "team": "TJPN85XRA",
            "name": "travis.west",
            "is_restricted": false,
            "is_ultra_restricted": false
        },
        "thread_ts": "1655299686.685929",
        "parent_user_id": "U03JTLB9FSS"
    },
    {
        "type": "message",
        "subtype": "thread_broadcast",
        "text": "It's not a direct answer to your question, but I know that everything works very smoothly on my linux workstation, and I can't think of any reason why it wouldn't work fine on the pi...",
        "user": "UJR4DDS12",
        "ts": "1655572784.056599",
        "thread_ts": "1655382960.698069",
        "root": {
            "client_msg_id": "FB044E55-9215-43F0-AE41-A2E4D73BD958",
            "type": "message",
            "text": "<@UJCU8BAAW> did we ever get a build of libmapper working on the Pi? There's some interest in libmapper on the Pi at the conference I'm at ",
            "user": "U01APBW5N2J",
            "ts": "1655382960.698069",
            "blocks": [
                {
                    "type": "rich_text",
                    "block_id": "su=3",
                    "elements": [
                        {
                            "type": "rich_text_section",
                            "elements": [
                                {
                                    "type": "user",
                                    "user_id": "UJCU8BAAW"
                                },
                                {
                                    "type": "text",
                                    "text": " did"
                                },
                                {
                                    "type": "text",
                                    "text": " "
                                },
                                {
                                    "type": "text",
                                    "text": "we"
                                },
                                {
                                    "type": "text",
                                    "text": " "
                                },
                                {
                                    "type": "text",
                                    "text": "ever"
                                },
                                {
                                    "type": "text",
                                    "text": " "
                                },
                                {
                                    "type": "text",
                                    "text": "get"
                                },
                                {
                                    "type": "text",
                                    "text": " "
                                },
                                {
                                    "type": "text",
                                    "text": "a"
                                },
                                {
                                    "type": "text",
                                    "text": " build "
                                },
                                {
                                    "type": "text",
                                    "text": "of"
                                },
                                {
                                    "type": "text",
                                    "text": " "
                                },
                                {
                                    "type": "text",
                                    "text": "libmapper"
                                },
                                {
                                    "type": "text",
                                    "text": " "
                                },
                                {
                                    "type": "text",
                                    "text": "working"
                                },
                                {
                                    "type": "text",
                                    "text": " "
                                },
                                {
                                    "type": "text",
                                    "text": "on"
                                },
                                {
                                    "type": "text",
                                    "text": " "
                                },
                                {
                                    "type": "text",
                                    "text": "the"
                                },
                                {
                                    "type": "text",
                                    "text": " "
                                },
                                {
                                    "type": "text",
                                    "text": "Pi?"
                                },
                                {
                                    "type": "text",
                                    "text": " There's "
                                },
                                {
                                    "type": "text",
                                    "text": "some"
                                },
                                {
                                    "type": "text",
                                    "text": " "
                                },
                                {
                                    "type": "text",
                                    "text": "interest"
                                },
                                {
                                    "type": "text",
                                    "text": " "
                                },
                                {
                                    "type": "text",
                                    "text": "in"
                                },
                                {
                                    "type": "text",
                                    "text": " "
                                },
                                {
                                    "type": "text",
                                    "text": "libmapper"
                                },
                                {
                                    "type": "text",
                                    "text": " "
                                },
                                {
                                    "type": "text",
                                    "text": "on"
                                },
                                {
                                    "type": "text",
                                    "text": " "
                                },
                                {
                                    "type": "text",
                                    "text": "the"
                                },
                                {
                                    "type": "text",
                                    "text": " "
                                },
                                {
                                    "type": "text",
                                    "text": "Pi"
                                },
                                {
                                    "type": "text",
                                    "text": " "
                                },
                                {
                                    "type": "text",
                                    "text": "at"
                                },
                                {
                                    "type": "text",
                                    "text": " "
                                },
                                {
                                    "type": "text",
                                    "text": "the"
                                },
                                {
                                    "type": "text",
                                    "text": " conf"
                                },
                                {
                                    "type": "text",
                                    "text": "erence"
                                },
                                {
                                    "type": "text",
                                    "text": " I'm "
                                },
                                {
                                    "type": "text",
                                    "text": "at"
                                },
                                {
                                    "type": "text",
                                    "text": " "
                                }
                            ]
                        }
                    ]
                }
            ],
            "team": "TJPN85XRA",
            "thread_ts": "1655382960.698069",
            "reply_count": 3,
            "reply_users_count": 2,
            "latest_reply": "1655655432.829769",
            "reply_users": [
                "UJR4DDS12",
                "UJCU8BAAW"
            ],
            "replies": [
                {
                    "user": "UJR4DDS12",
                    "ts": "1655572784.056599"
                },
                {
                    "user": "UJCU8BAAW",
                    "ts": "1655574148.936409"
                },
                {
                    "user": "UJCU8BAAW",
                    "ts": "1655655432.829769"
                }
            ],
            "is_locked": false,
            "subscribed": false
        },
        "blocks": [
            {
                "type": "rich_text",
                "block_id": "RjUg",
                "elements": [
                    {
                        "type": "rich_text_section",
                        "elements": [
                            {
                                "type": "text",
                                "text": "It's not a direct answer to your question, but I know that everything works very smoothly on my linux workstation, and I can't think of any reason why it wouldn't work fine on the pi..."
                            }
                        ]
                    }
                ]
            }
        ],
        "client_msg_id": "482c0ce8-eb39-410d-9225-356e72b85b16"
    },
    {
        "client_msg_id": "2f6433d1-fa92-4ac6-bd99-e7ffb0f09473",
        "type": "message",
        "text": "The direct answer is yes, we built it. The instructions for compiling are at the MPU repo (GitHub). More accurately, in a markdown file containing instructions to create a rpi image based on the PatchboxOS. I'm AFK but can send you the link later if you don't find it.",
        "user": "UJCU8BAAW",
        "ts": "1655574148.936409",
        "blocks": [
            {
                "type": "rich_text",
                "block_id": "xmkT2",
                "elements": [
                    {
                        "type": "rich_text_section",
                        "elements": [
                            {
                                "type": "text",
                                "text": "The direct answer is yes, we built it. The instructions for compiling are at the MPU repo (GitHub). More accurately, in a markdown file containing instructions to create a rpi image based on the PatchboxOS. I'm AFK but can send you the link later if you don't find it."
                            }
                        ]
                    }
                ]
            }
        ],
        "team": "TJPN85XRA",
        "user_team": "TJPN85XRA",
        "source_team": "TJPN85XRA",
        "user_profile": {
            "avatar_hash": "d49c462f5537",
            "image_72": "https:\/\/avatars.slack-edge.com\/2021-06-14\/2154581376263_d49c462f5537edde8dbb_72.jpg",
            "first_name": "Edu",
            "real_name": "Edu Meneses",
            "display_name": "Edu Meneses",
            "team": "TJPN85XRA",
            "name": "eduardo.meneses",
            "is_restricted": false,
            "is_ultra_restricted": false
        },
        "thread_ts": "1655382960.698069",
        "parent_user_id": "U01APBW5N2J"
    }
]