[
    {
        "client_msg_id": "eb7519dc-2e34-47f2-a57e-0cae8fdc4331",
        "type": "message",
        "text": "Ok, cool. I will continue to develop my extension with it's own distinct header files and physical separation.",
        "user": "UJR4DDS12",
        "ts": "1656500598.576369",
        "blocks": [
            {
                "type": "rich_text",
                "block_id": "+YfPr",
                "elements": [
                    {
                        "type": "rich_text_section",
                        "elements": [
                            {
                                "type": "text",
                                "text": "Ok, cool. I will continue to develop my extension with it's own distinct header files and physical separation."
                            }
                        ]
                    }
                ]
            }
        ],
        "team": "TJPN85XRA",
        "user_team": "TJPN85XRA",
        "source_team": "TJPN85XRA",
        "user_profile": {
            "avatar_hash": "a59dc6f2aaf0",
            "image_72": "https:\/\/avatars.slack-edge.com\/2022-06-18\/3673671924631_a59dc6f2aaf006d655d2_72.jpg",
            "first_name": "Travis",
            "real_name": "Travis West",
            "display_name": "Travis",
            "team": "TJPN85XRA",
            "name": "travis.west",
            "is_restricted": false,
            "is_ultra_restricted": false
        },
        "thread_ts": "1656363869.467719",
        "parent_user_id": "UJR4DDS12"
    },
    {
        "client_msg_id": "d444ed9e-eca9-4327-8c10-d33bae0ef4e6",
        "type": "message",
        "text": "I see. So presumably any time properties get edited, that increments the version number? And then, given a (re)subscribe message with an old version number, how do you know which properties have been changed since that version and need to be sent over?",
        "user": "UJR4DDS12",
        "ts": "1656527324.136699",
        "blocks": [
            {
                "type": "rich_text",
                "block_id": "HZxpp",
                "elements": [
                    {
                        "type": "rich_text_section",
                        "elements": [
                            {
                                "type": "text",
                                "text": "I see. So presumably any time properties get edited, that increments the version number? And then, given a (re)subscribe message with an old version number, how do you know which properties have been changed since that version and need to be sent over?"
                            }
                        ]
                    }
                ]
            }
        ],
        "team": "TJPN85XRA",
        "user_team": "TJPN85XRA",
        "source_team": "TJPN85XRA",
        "user_profile": {
            "avatar_hash": "a59dc6f2aaf0",
            "image_72": "https:\/\/avatars.slack-edge.com\/2022-06-18\/3673671924631_a59dc6f2aaf006d655d2_72.jpg",
            "first_name": "Travis",
            "real_name": "Travis West",
            "display_name": "Travis",
            "team": "TJPN85XRA",
            "name": "travis.west",
            "is_restricted": false,
            "is_ultra_restricted": false
        },
        "thread_ts": "1655974893.633129",
        "parent_user_id": "UJR4DDS12"
    }
]