[
    {
        "client_msg_id": "05541095-551f-4e03-b9d5-64b036a8c931",
        "type": "message",
        "text": "Good morning, I ran some new tests. When I run `.\/test`, without specifying the interface I get:\n\n```-- &lt;network&gt;  found interface: docker0\n-- &lt;network&gt;  bus connected to 224.0.1.3:7570\n-- &lt;device 'test-recv.?'::0x55aabf1a0524&gt; bound to UDP port 17530\n-- &lt;device 'test-recv.?'::0x55aabf1a0524&gt; bound to TCP port 17530\n-- &lt;device 'test-recv.?'::0x55aabf1a0524&gt; probing name 'test-recv.1'\ndestination created using interface docker0.\nInput signal 'insig' registered.\nNumber of inputs: 4\n-- &lt;network&gt;  found interface: docker0\n-- &lt;network&gt;  bus connected to 224.0.1.3:7570\n-- &lt;device 'test-send.?'::0x55aabf1a7434&gt; bound to UDP port 14274\n-- &lt;device 'test-send.?'::0x55aabf1a7434&gt; bound to TCP port 14274\n-- &lt;device 'test-send.?'::0x55aabf1a7434&gt; probing name 'test-send.1'\nsource created using interface docker0.\nOutput signal 'outsig' registered.\nNumber of outputs: 4\n-- &lt;network&gt;  received name probe test-send.1 2139842997 \n-- &lt;device 'test-send.?'::0x55aabf1a7434&gt; name probe match test-send.1 2139842997 \n-- &lt;network&gt;  received name probe test-recv.1 33750300 \n-- &lt;device 'test-recv.?'::0x55aabf1a0524&gt; name probe match test-recv.1 33750300 \n-- &lt;network&gt;  received name probe test-send.1 2139842997 \n-- &lt;device 'test-recv.1'&gt; registered.\n-- &lt;device 'test-recv.1'&gt; received name test-recv.1\n-- &lt;device 'test-recv.1'&gt; received \/subscribe ,ssisi \"device\" \"@lease\" 0 \"@version\" -1\n-- &lt;device 'test-recv.1'&gt; received \/subscribe ,ssisi \"device\" \"@lease\" 60 \"@version\" -1\n-- &lt;device 'test-recv.1'&gt; adding new subscription from 192.168.0.100:14324 with flags [devices] \n-- &lt;device 'test-send.1'&gt; registered.\n-- &lt;device 'test-send.1'&gt; received name test-recv.1\n-- &lt;graph&gt; ignoring sync from 'test-recv.1' (autosubscribe = 0)\n-- &lt;device 'test-send.1'&gt; received name test-send.1\n-- &lt;device 'test-send.1'&gt; received \/subscribe ,ssisi \"device\" \"@lease\" 0 \"@version\" -1\n-- &lt;device 'test-send.1'&gt; received \/subscribe ,ssisi \"device\" \"@lease\" 60 \"@version\" -1\n-- &lt;device 'test-send.1'&gt; adding new subscription from 192.168.0.100:14324 with flags [devices] \n-- &lt;device 'test-recv.1'&gt; received name test-send.1\n-- &lt;graph&gt; ignoring sync from 'test-send.1' (autosubscribe = 0)\n-------------------- GO ! --------------------```",
        "user": "UJCU8BAAW",
        "ts": "1659626988.869239",
        "blocks": [
            {
                "type": "rich_text",
                "block_id": "Bur4V",
                "elements": [
                    {
                        "type": "rich_text_section",
                        "elements": [
                            {
                                "type": "text",
                                "text": "Good morning, I ran some new tests. When I run "
                            },
                            {
                                "type": "text",
                                "text": ".\/test",
                                "style": {
                                    "code": true
                                }
                            },
                            {
                                "type": "text",
                                "text": ", without specifying the interface I get:\n\n"
                            }
                        ]
                    },
                    {
                        "type": "rich_text_preformatted",
                        "elements": [
                            {
                                "type": "text",
                                "text": "-- <network>  found interface: docker0\n-- <network>  bus connected to 224.0.1.3:7570\n-- <device 'test-recv.?'::0x55aabf1a0524> bound to UDP port 17530\n-- <device 'test-recv.?'::0x55aabf1a0524> bound to TCP port 17530\n-- <device 'test-recv.?'::0x55aabf1a0524> probing name 'test-recv.1'\ndestination created using interface docker0.\nInput signal 'insig' registered.\nNumber of inputs: 4\n-- <network>  found interface: docker0\n-- <network>  bus connected to 224.0.1.3:7570\n-- <device 'test-send.?'::0x55aabf1a7434> bound to UDP port 14274\n-- <device 'test-send.?'::0x55aabf1a7434> bound to TCP port 14274\n-- <device 'test-send.?'::0x55aabf1a7434> probing name 'test-send.1'\nsource created using interface docker0.\nOutput signal 'outsig' registered.\nNumber of outputs: 4\n-- <network>  received name probe test-send.1 2139842997 \n-- <device 'test-send.?'::0x55aabf1a7434> name probe match test-send.1 2139842997 \n-- <network>  received name probe test-recv.1 33750300 \n-- <device 'test-recv.?'::0x55aabf1a0524> name probe match test-recv.1 33750300 \n-- <network>  received name probe test-send.1 2139842997 \n-- <device 'test-recv.1'> registered.\n-- <device 'test-recv.1'> received name test-recv.1\n-- <device 'test-recv.1'> received \/subscribe ,ssisi \"device\" \"@lease\" 0 \"@version\" -1\n-- <device 'test-recv.1'> received \/subscribe ,ssisi \"device\" \"@lease\" 60 \"@version\" -1\n-- <device 'test-recv.1'> adding new subscription from 192.168.0.100:14324 with flags [devices] \n-- <device 'test-send.1'> registered.\n-- <device 'test-send.1'> received name test-recv.1\n-- <graph> ignoring sync from 'test-recv.1' (autosubscribe = 0)\n-- <device 'test-send.1'> received name test-send.1\n-- <device 'test-send.1'> received \/subscribe ,ssisi \"device\" \"@lease\" 0 \"@version\" -1\n-- <device 'test-send.1'> received \/subscribe ,ssisi \"device\" \"@lease\" 60 \"@version\" -1\n-- <device 'test-send.1'> adding new subscription from 192.168.0.100:14324 with flags [devices] \n-- <device 'test-recv.1'> received name test-send.1\n-- <graph> ignoring sync from 'test-send.1' (autosubscribe = 0)\n-------------------- GO ! --------------------"
                            }
                        ],
                        "border": 0
                    }
                ]
            }
        ],
        "team": "TJPN85XRA",
        "user_team": "TJPN85XRA",
        "source_team": "TJPN85XRA",
        "user_profile": {
            "avatar_hash": "d49c462f5537",
            "image_72": "https:\/\/avatars.slack-edge.com\/2021-06-14\/2154581376263_d49c462f5537edde8dbb_72.jpg",
            "first_name": "Edu",
            "real_name": "Edu Meneses",
            "display_name": "Edu Meneses",
            "team": "TJPN85XRA",
            "name": "eduardo.meneses",
            "is_restricted": false,
            "is_ultra_restricted": false
        },
        "edited": {
            "user": "UJCU8BAAW",
            "ts": "1659627152.000000"
        },
        "thread_ts": "1658271626.214049",
        "parent_user_id": "U03JTLB9FSS"
    },
    {
        "client_msg_id": "bbdcae16-7947-47cc-ba83-442409567974",
        "type": "message",
        "text": "using `.\/test --iface wlp0s20f3` I get:\n\n```-- &lt;network&gt;  found interface: docker0\n-- &lt;network&gt;  bus connected to 224.0.1.3:7570\n-- &lt;graph&gt; pinging all devices.\n-- &lt;graph&gt; setting autosubscribe flags to [devices, signals, maps] \n-- &lt;device 'test-recv.?'::0x56082c561694&gt; bound to UDP port 17633\n-- &lt;device 'test-recv.?'::0x56082c561694&gt; bound to TCP port 17633\n-- &lt;device 'test-recv.?'::0x56082c561694&gt; probing name 'test-recv.1'\n-- &lt;network&gt;  found interface: wlp0s20f3\n-- &lt;network&gt;  bus connected to 224.0.1.3:7570\n-- &lt;device 'test-recv.?'::0x56082c561694&gt; probing name 'test-recv.0'\ndestination created using interface wlp0s20f3.\nInput signal 'insig' registered.\nNumber of inputs: 4\n-- &lt;device 'test-send.?'::0x56082c568244&gt; bound to UDP port 17633\n-- &lt;device 'test-send.?'::0x56082c568244&gt; bound to TCP port 17633\n-- &lt;device 'test-send.?'::0x56082c568244&gt; probing name 'test-send.2'\n-- &lt;network&gt;  found interface: wlp0s20f3\n-- &lt;network&gt;  bus connected to 224.0.1.3:7570\n-- &lt;device 'test-recv.?'::0x56082c561694&gt; probing name 'test-recv.0'\n-- &lt;device 'test-send.?'::0x56082c568244&gt; probing name 'test-send.1'\nsource created using interface wlp0s20f3.\nOutput signal 'outsig' registered.\nNumber of outputs: 4\n-- &lt;device 'test-recv.?'::0x56082c561694&gt; probing name 'test-recv.0'\n-- &lt;device 'test-send.?'::0x56082c568244&gt; probing name 'test-send.1'\n-- &lt;network&gt;  requesting metadata for device 'Puara_001.1'.\n-- &lt;network&gt;  received \/device ,sssshsssssisisisisisisi \"Puara_001.1\" \"@host\" \"esp32\" \"@id\" 6365586263650598912 \"@lib_version\" \"1.2-301-g67458aad\" \"@linked\" \"none\" \"@num_maps_in\" 0 \"@num_maps_out\" 0 \"@num_sigs_in\" 1 \"@num_sigs_out\" 1 \"@ordinal\" 1 \"@port\" 12118 \"@version\" 0\n-- &lt;graph&gt; adding device 'Puara_001.1'.\n-- &lt;graph&gt; adding 60-second autorenewing subscription to device 'Puara_001.1' with flags [devices, signals, maps] \n-- &lt;network&gt;  received \/device Puara_001.1\n-- &lt;network&gt;  ignoring \/device 'Puara_001.1', no link.\n-- &lt;network&gt;  received \/device ,sssshsssssisisisisisisi \"Puara_001.1\" \"@host\" \"esp32\" \"@id\" 6365586263650598912 \"@lib_version\" \"1.2-301-g67458aad\" \"@linked\" \"none\" \"@num_maps_in\" 0 \"@num_maps_out\" 0 \"@num_sigs_in\" 1 \"@num_sigs_out\" 1 \"@ordinal\" 1 \"@port\" 12118 \"@version\" 0\n-- &lt;graph&gt; updated 1 props for device 'Puara_001.1'.\n-- &lt;network&gt;  received \/device Puara_001.1\n-- &lt;network&gt;  ignoring \/device 'Puara_001.1', no link.\n-- &lt;graph&gt; received \/signal Puara_001.1:dummy_income\n-- &lt;graph&gt; adding signal 'Puara_001.1:dummy_income'.\n,sssshsfsisfsfsssisisisfssscsssFsi \"Puara_001.1\/dummy_income\" \"@direction\" \"input\" \"@id\" 6365586263650598914 \"@jitter\" 0.000000 \"@length\" 1 \"@max\" 10.000000 \"@min\" 0.000000 \"@name\" \"dummy_income\" \"@num_instances\" 1 \"@num_maps_in\" 0 \"@num_maps_out\" 0 \"@period\" -1.000000 \"@steal\" \"none\" \"@type\" 'f' \"@unit\" \"un\" \"@use_inst\" #F \"@version\" 0\n-- &lt;graph&gt; received \/signal Puara_001.1:dummy_sensor\n-- &lt;graph&gt; adding signal 'Puara_001.1:dummy_sensor'.\n,sssshsfsisfsfsssisisisfssscsssFsi \"Puara_001.1\/dummy_sensor\" \"@direction\" \"output\" \"@id\" 6365586263650598913 \"@jitter\" 0.000065 \"@length\" 1 \"@max\" 10.000000 \"@min\" 0.000000 \"@name\" \"dummy_sensor\" \"@num_instances\" 1 \"@num_maps_in\" 0 \"@num_maps_out\" 0 \"@period\" 0.012047 \"@steal\" \"none\" \"@type\" 'f' \"@unit\" \"un\" \"@use_inst\" #F \"@version\" 0\n-- &lt;graph&gt; updating sync record for device 'Puara_001.1'\n-- &lt;device 'test-recv.?'::0x56082c561694&gt; probing name 'test-recv.0'\n-- &lt;device 'test-send.?'::0x56082c568244&gt; probing name 'test-send.1'\n-- &lt;graph&gt; updating sync record for device 'Puara_001.1'\n-- &lt;graph&gt; updating sync record for device 'Puara_001.1'\n-- &lt;graph&gt; updating sync record for device 'Puara_001.1'\n-- &lt;device 'test-recv.?'::0x56082c561694&gt; probing name 'test-recv.0'\n-- &lt;device 'test-send.?'::0x56082c568244&gt; probing name 'test-send.1'\n-- &lt;graph&gt; updating sync record for device 'Puara_001.1'\n-- &lt;network&gt;  received \/who\n-- &lt;device 'test-recv.?'::0x56082c561694&gt; probing name 'test-recv.0'\n-- &lt;device 'test-send.?'::0x56082c568244&gt; probing name 'test-send.1'\n-- &lt;graph&gt; updating sync record for device 'Puara_001.1'\n-- &lt;graph&gt; updating sync record for device 'Puara_001.1'\n-- &lt;graph&gt; updating sync record for device 'Puara_001.1'\n-- &lt;device 'test-recv.?'::0x56082c561694&gt; probing name 'test-recv.0'\n-- &lt;device 'test-send.?'::0x56082c568244&gt; probing name 'test-send.1'\n(...)```\n",
        "user": "UJCU8BAAW",
        "ts": "1659627132.584469",
        "blocks": [
            {
                "type": "rich_text",
                "block_id": "a9P",
                "elements": [
                    {
                        "type": "rich_text_section",
                        "elements": [
                            {
                                "type": "text",
                                "text": "using "
                            },
                            {
                                "type": "text",
                                "text": ".\/test --iface wlp0s20f3",
                                "style": {
                                    "code": true
                                }
                            },
                            {
                                "type": "text",
                                "text": " I get:\n\n"
                            }
                        ]
                    },
                    {
                        "type": "rich_text_preformatted",
                        "elements": [
                            {
                                "type": "text",
                                "text": "-- <network>  found interface: docker0\n-- <network>  bus connected to 224.0.1.3:7570\n-- <graph> pinging all devices.\n-- <graph> setting autosubscribe flags to [devices, signals, maps] \n-- <device 'test-recv.?'::0x56082c561694> bound to UDP port 17633\n-- <device 'test-recv.?'::0x56082c561694> bound to TCP port 17633\n-- <device 'test-recv.?'::0x56082c561694> probing name 'test-recv.1'\n-- <network>  found interface: wlp0s20f3\n-- <network>  bus connected to 224.0.1.3:7570\n-- <device 'test-recv.?'::0x56082c561694> probing name 'test-recv.0'\ndestination created using interface wlp0s20f3.\nInput signal 'insig' registered.\nNumber of inputs: 4\n-- <device 'test-send.?'::0x56082c568244> bound to UDP port 17633\n-- <device 'test-send.?'::0x56082c568244> bound to TCP port 17633\n-- <device 'test-send.?'::0x56082c568244> probing name 'test-send.2'\n-- <network>  found interface: wlp0s20f3\n-- <network>  bus connected to 224.0.1.3:7570\n-- <device 'test-recv.?'::0x56082c561694> probing name 'test-recv.0'\n-- <device 'test-send.?'::0x56082c568244> probing name 'test-send.1'\nsource created using interface wlp0s20f3.\nOutput signal 'outsig' registered.\nNumber of outputs: 4\n-- <device 'test-recv.?'::0x56082c561694> probing name 'test-recv.0'\n-- <device 'test-send.?'::0x56082c568244> probing name 'test-send.1'\n-- <network>  requesting metadata for device 'Puara_001.1'.\n-- <network>  received \/device ,sssshsssssisisisisisisi \"Puara_001.1\" \"@host\" \"esp32\" \"@id\" 6365586263650598912 \"@lib_version\" \"1.2-301-g67458aad\" \"@linked\" \"none\" \"@num_maps_in\" 0 \"@num_maps_out\" 0 \"@num_sigs_in\" 1 \"@num_sigs_out\" 1 \"@ordinal\" 1 \"@port\" 12118 \"@version\" 0\n-- <graph> adding device 'Puara_001.1'.\n-- <graph> adding 60-second autorenewing subscription to device 'Puara_001.1' with flags [devices, signals, maps] \n-- <network>  received \/device Puara_001.1\n-- <network>  ignoring \/device 'Puara_001.1', no link.\n-- <network>  received \/device ,sssshsssssisisisisisisi \"Puara_001.1\" \"@host\" \"esp32\" \"@id\" 6365586263650598912 \"@lib_version\" \"1.2-301-g67458aad\" \"@linked\" \"none\" \"@num_maps_in\" 0 \"@num_maps_out\" 0 \"@num_sigs_in\" 1 \"@num_sigs_out\" 1 \"@ordinal\" 1 \"@port\" 12118 \"@version\" 0\n-- <graph> updated 1 props for device 'Puara_001.1'.\n-- <network>  received \/device Puara_001.1\n-- <network>  ignoring \/device 'Puara_001.1', no link.\n-- <graph> received \/signal Puara_001.1:dummy_income\n-- <graph> adding signal 'Puara_001.1:dummy_income'.\n,sssshsfsisfsfsssisisisfssscsssFsi \"Puara_001.1\/dummy_income\" \"@direction\" \"input\" \"@id\" 6365586263650598914 \"@jitter\" 0.000000 \"@length\" 1 \"@max\" 10.000000 \"@min\" 0.000000 \"@name\" \"dummy_income\" \"@num_instances\" 1 \"@num_maps_in\" 0 \"@num_maps_out\" 0 \"@period\" -1.000000 \"@steal\" \"none\" \"@type\" 'f' \"@unit\" \"un\" \"@use_inst\" #F \"@version\" 0\n-- <graph> received \/signal Puara_001.1:dummy_sensor\n-- <graph> adding signal 'Puara_001.1:dummy_sensor'.\n,sssshsfsisfsfsssisisisfssscsssFsi \"Puara_001.1\/dummy_sensor\" \"@direction\" \"output\" \"@id\" 6365586263650598913 \"@jitter\" 0.000065 \"@length\" 1 \"@max\" 10.000000 \"@min\" 0.000000 \"@name\" \"dummy_sensor\" \"@num_instances\" 1 \"@num_maps_in\" 0 \"@num_maps_out\" 0 \"@period\" 0.012047 \"@steal\" \"none\" \"@type\" 'f' \"@unit\" \"un\" \"@use_inst\" #F \"@version\" 0\n-- <graph> updating sync record for device 'Puara_001.1'\n-- <device 'test-recv.?'::0x56082c561694> probing name 'test-recv.0'\n-- <device 'test-send.?'::0x56082c568244> probing name 'test-send.1'\n-- <graph> updating sync record for device 'Puara_001.1'\n-- <graph> updating sync record for device 'Puara_001.1'\n-- <graph> updating sync record for device 'Puara_001.1'\n-- <device 'test-recv.?'::0x56082c561694> probing name 'test-recv.0'\n-- <device 'test-send.?'::0x56082c568244> probing name 'test-send.1'\n-- <graph> updating sync record for device 'Puara_001.1'\n-- <network>  received \/who\n-- <device 'test-recv.?'::0x56082c561694> probing name 'test-recv.0'\n-- <device 'test-send.?'::0x56082c568244> probing name 'test-send.1'\n-- <graph> updating sync record for device 'Puara_001.1'\n-- <graph> updating sync record for device 'Puara_001.1'\n-- <graph> updating sync record for device 'Puara_001.1'\n-- <device 'test-recv.?'::0x56082c561694> probing name 'test-recv.0'\n-- <device 'test-send.?'::0x56082c568244> probing name 'test-send.1'\n(...)"
                            }
                        ],
                        "border": 0
                    },
                    {
                        "type": "rich_text_section",
                        "elements": []
                    }
                ]
            }
        ],
        "team": "TJPN85XRA",
        "user_team": "TJPN85XRA",
        "source_team": "TJPN85XRA",
        "user_profile": {
            "avatar_hash": "d49c462f5537",
            "image_72": "https:\/\/avatars.slack-edge.com\/2021-06-14\/2154581376263_d49c462f5537edde8dbb_72.jpg",
            "first_name": "Edu",
            "real_name": "Edu Meneses",
            "display_name": "Edu Meneses",
            "team": "TJPN85XRA",
            "name": "eduardo.meneses",
            "is_restricted": false,
            "is_ultra_restricted": false
        },
        "thread_ts": "1658271626.214049",
        "parent_user_id": "U03JTLB9FSS"
    },
    {
        "client_msg_id": "daa5633c-521a-4129-8373-62255d38eb6d",
        "type": "message",
        "text": "Is there more console output? There isn't a record of a \/map message being received...",
        "user": "U010TD4329M",
        "ts": "1659627279.713169",
        "blocks": [
            {
                "type": "rich_text",
                "block_id": "eYU",
                "elements": [
                    {
                        "type": "rich_text_section",
                        "elements": [
                            {
                                "type": "text",
                                "text": "Is there more console output? There isn't a record of a \/map message being received..."
                            }
                        ]
                    }
                ]
            }
        ],
        "team": "TJPN85XRA",
        "user_team": "TJPN85XRA",
        "source_team": "TJPN85XRA",
        "user_profile": {
            "avatar_hash": "g76664e246bb",
            "image_72": "https:\/\/secure.gravatar.com\/avatar\/76664e246bb99704f2fe508d673b1124.jpg?s=72&d=https%3A%2F%2Fa.slack-edge.com%2Fdf10d%2Fimg%2Favatars%2Fava_0026-72.png",
            "first_name": "",
            "real_name": "Joe Malloch",
            "display_name": "Joe Malloch",
            "team": "TJPN85XRA",
            "name": "jmalloch",
            "is_restricted": false,
            "is_ultra_restricted": false
        },
        "thread_ts": "1658271626.214049",
        "parent_user_id": "U03JTLB9FSS"
    },
    {
        "client_msg_id": "8d6d83cf-a1ba-4bd2-9d99-9c2caf98d085",
        "type": "message",
        "text": "For the secong one? No, it keeps looping:\n\n```-- &lt;device 'test-recv.?'::0x56082c561694&gt; probing name 'test-recv.0'\n-- &lt;device 'test-send.?'::0x56082c568244&gt; probing name 'test-send.1'\n-- &lt;graph&gt; updating sync record for device 'Puara_001.1'\n-- &lt;graph&gt; updating sync record for device 'Puara_001.1'\n-- &lt;graph&gt; updating sync record for device 'Puara_001.1'```",
        "user": "UJCU8BAAW",
        "ts": "1659627372.169379",
        "blocks": [
            {
                "type": "rich_text",
                "block_id": "4GCP",
                "elements": [
                    {
                        "type": "rich_text_section",
                        "elements": [
                            {
                                "type": "text",
                                "text": "For the secong one? No, it keeps looping:\n\n"
                            }
                        ]
                    },
                    {
                        "type": "rich_text_preformatted",
                        "elements": [
                            {
                                "type": "text",
                                "text": "-- <device 'test-recv.?'::0x56082c561694> probing name 'test-recv.0'\n-- <device 'test-send.?'::0x56082c568244> probing name 'test-send.1'\n-- <graph> updating sync record for device 'Puara_001.1'\n-- <graph> updating sync record for device 'Puara_001.1'\n-- <graph> updating sync record for device 'Puara_001.1'"
                            }
                        ],
                        "border": 0
                    }
                ]
            }
        ],
        "team": "TJPN85XRA",
        "user_team": "TJPN85XRA",
        "source_team": "TJPN85XRA",
        "user_profile": {
            "avatar_hash": "d49c462f5537",
            "image_72": "https:\/\/avatars.slack-edge.com\/2021-06-14\/2154581376263_d49c462f5537edde8dbb_72.jpg",
            "first_name": "Edu",
            "real_name": "Edu Meneses",
            "display_name": "Edu Meneses",
            "team": "TJPN85XRA",
            "name": "eduardo.meneses",
            "is_restricted": false,
            "is_ultra_restricted": false
        },
        "thread_ts": "1658271626.214049",
        "parent_user_id": "U03JTLB9FSS"
    },
    {
        "client_msg_id": "85612d2c-8bb2-4b0e-ba4c-945b6f6c3bf1",
        "type": "message",
        "text": "never receives name probe or says it's registered, so never starts sending\/receiving messages as well",
        "user": "UJCU8BAAW",
        "ts": "1659627499.269209",
        "blocks": [
            {
                "type": "rich_text",
                "block_id": "vG6Cw",
                "elements": [
                    {
                        "type": "rich_text_section",
                        "elements": [
                            {
                                "type": "text",
                                "text": "never receives name probe or says it's registered, so never starts sending\/receiving messages as well"
                            }
                        ]
                    }
                ]
            }
        ],
        "team": "TJPN85XRA",
        "user_team": "TJPN85XRA",
        "source_team": "TJPN85XRA",
        "user_profile": {
            "avatar_hash": "d49c462f5537",
            "image_72": "https:\/\/avatars.slack-edge.com\/2021-06-14\/2154581376263_d49c462f5537edde8dbb_72.jpg",
            "first_name": "Edu",
            "real_name": "Edu Meneses",
            "display_name": "Edu Meneses",
            "team": "TJPN85XRA",
            "name": "eduardo.meneses",
            "is_restricted": false,
            "is_ultra_restricted": false
        },
        "thread_ts": "1658271626.214049",
        "parent_user_id": "U03JTLB9FSS"
    },
    {
        "client_msg_id": "f3066068-f4ce-4be3-9dae-730a5dd7745c",
        "type": "message",
        "text": "Webmapper and the ESPs work either with or without specifying the interface on webmapper (as long as you choose the right one from the dropdown)",
        "user": "UJCU8BAAW",
        "ts": "1659627598.140419",
        "blocks": [
            {
                "type": "rich_text",
                "block_id": "Pxh",
                "elements": [
                    {
                        "type": "rich_text_section",
                        "elements": [
                            {
                                "type": "text",
                                "text": "Webmapper and the ESPs work either with or without specifying the interface on webmapper (as long as you choose the right one from the dropdown)"
                            }
                        ]
                    }
                ]
            }
        ],
        "team": "TJPN85XRA",
        "user_team": "TJPN85XRA",
        "source_team": "TJPN85XRA",
        "user_profile": {
            "avatar_hash": "d49c462f5537",
            "image_72": "https:\/\/avatars.slack-edge.com\/2021-06-14\/2154581376263_d49c462f5537edde8dbb_72.jpg",
            "first_name": "Edu",
            "real_name": "Edu Meneses",
            "display_name": "Edu Meneses",
            "team": "TJPN85XRA",
            "name": "eduardo.meneses",
            "is_restricted": false,
            "is_ultra_restricted": false
        },
        "thread_ts": "1658271626.214049",
        "parent_user_id": "U03JTLB9FSS"
    },
    {
        "client_msg_id": "4af13027-a44e-4a9c-b35a-27b7bf1c0222",
        "type": "message",
        "text": "Webmapper and .\/test only work if I don't specify the interface (they are bound to the docker0 interface as seen above)",
        "user": "UJCU8BAAW",
        "ts": "1659627689.457049",
        "blocks": [
            {
                "type": "rich_text",
                "block_id": "w3lhU",
                "elements": [
                    {
                        "type": "rich_text_section",
                        "elements": [
                            {
                                "type": "text",
                                "text": "Webmapper and .\/test only work if I don't specify the interface (they are bound to the docker0 interface as seen above)"
                            }
                        ]
                    }
                ]
            }
        ],
        "team": "TJPN85XRA",
        "user_team": "TJPN85XRA",
        "source_team": "TJPN85XRA",
        "user_profile": {
            "avatar_hash": "d49c462f5537",
            "image_72": "https:\/\/avatars.slack-edge.com\/2021-06-14\/2154581376263_d49c462f5537edde8dbb_72.jpg",
            "first_name": "Edu",
            "real_name": "Edu Meneses",
            "display_name": "Edu Meneses",
            "team": "TJPN85XRA",
            "name": "eduardo.meneses",
            "is_restricted": false,
            "is_ultra_restricted": false
        },
        "thread_ts": "1658271626.214049",
        "parent_user_id": "U03JTLB9FSS"
    },
    {
        "client_msg_id": "5ef8e98a-dc27-487e-96cb-f7199b548f42",
        "type": "message",
        "text": "I don't know if <@U03JTLB9FSS> tried to map ESP and .\/test, but could it be a networking problem in my machine?",
        "user": "UJCU8BAAW",
        "ts": "1659627827.720689",
        "blocks": [
            {
                "type": "rich_text",
                "block_id": "mk4sA",
                "elements": [
                    {
                        "type": "rich_text_section",
                        "elements": [
                            {
                                "type": "text",
                                "text": "I don't know if "
                            },
                            {
                                "type": "user",
                                "user_id": "U03JTLB9FSS"
                            },
                            {
                                "type": "text",
                                "text": " tried to map ESP and .\/test, but could it be a networking problem in my machine?"
                            }
                        ]
                    }
                ]
            }
        ],
        "team": "TJPN85XRA",
        "user_team": "TJPN85XRA",
        "source_team": "TJPN85XRA",
        "user_profile": {
            "avatar_hash": "d49c462f5537",
            "image_72": "https:\/\/avatars.slack-edge.com\/2021-06-14\/2154581376263_d49c462f5537edde8dbb_72.jpg",
            "first_name": "Edu",
            "real_name": "Edu Meneses",
            "display_name": "Edu Meneses",
            "team": "TJPN85XRA",
            "name": "eduardo.meneses",
            "is_restricted": false,
            "is_ultra_restricted": false
        },
        "thread_ts": "1658271626.214049",
        "parent_user_id": "U03JTLB9FSS"
    },
    {
        "client_msg_id": "068eb2fb-0161-4967-b79f-5af1802f84f1",
        "type": "message",
        "text": "I mapped using the max externals, let me try with .\/test",
        "user": "U03JTLB9FSS",
        "ts": "1659627856.451849",
        "blocks": [
            {
                "type": "rich_text",
                "block_id": "E=SjM",
                "elements": [
                    {
                        "type": "rich_text_section",
                        "elements": [
                            {
                                "type": "text",
                                "text": "I mapped using the max externals, let me try with .\/test"
                            }
                        ]
                    }
                ]
            }
        ],
        "team": "TJPN85XRA",
        "user_team": "TJPN85XRA",
        "source_team": "TJPN85XRA",
        "user_profile": {
            "avatar_hash": "459fb8de8703",
            "image_72": "https:\/\/avatars.slack-edge.com\/2022-07-28\/3867310060339_459fb8de8703bb2678e5_72.jpg",
            "first_name": "Brady",
            "real_name": "Brady Boettcher",
            "display_name": "",
            "team": "TJPN85XRA",
            "name": "brady.boettcher",
            "is_restricted": false,
            "is_ultra_restricted": false
        },
        "thread_ts": "1658271626.214049",
        "parent_user_id": "U03JTLB9FSS",
        "reactions": [
            {
                "name": "+1::skin-tone-5",
                "users": [
                    "UJCU8BAAW"
                ],
                "count": 1
            }
        ]
    },
    {
        "type": "message",
        "text": "I'm having some trouble getting the device to show up now, <@UJCU8BAAW> do these logs look normal (up until the UDP errors)?",
        "files": [
            {
                "id": "F03SRNBF8QH",
                "mode": "hidden_by_limit"
            }
        ],
        "upload": false,
        "user": "U03JTLB9FSS",
        "display_as_bot": false,
        "ts": "1659629663.518649",
        "blocks": [
            {
                "type": "rich_text",
                "block_id": "np53",
                "elements": [
                    {
                        "type": "rich_text_section",
                        "elements": [
                            {
                                "type": "text",
                                "text": "I'm having some trouble getting the device to show up now, "
                            },
                            {
                                "type": "user",
                                "user_id": "UJCU8BAAW"
                            },
                            {
                                "type": "text",
                                "text": " do these logs look normal (up until the UDP errors)?"
                            }
                        ]
                    }
                ]
            }
        ],
        "client_msg_id": "dc49e270-67a3-431d-a6f5-5721336ea572",
        "thread_ts": "1658271626.214049",
        "parent_user_id": "U03JTLB9FSS"
    },
    {
        "client_msg_id": "b23d1fe9-b4e3-48da-999c-9d9a55bac74a",
        "type": "message",
        "text": "the UDP errors are streaming out even though it's successfully connected to the network",
        "user": "U03JTLB9FSS",
        "ts": "1659629711.473899",
        "blocks": [
            {
                "type": "rich_text",
                "block_id": "Ev\/NM",
                "elements": [
                    {
                        "type": "rich_text_section",
                        "elements": [
                            {
                                "type": "text",
                                "text": "the UDP errors are streaming out even though it's successfully connected to the network"
                            }
                        ]
                    }
                ]
            }
        ],
        "team": "TJPN85XRA",
        "user_team": "TJPN85XRA",
        "source_team": "TJPN85XRA",
        "user_profile": {
            "avatar_hash": "459fb8de8703",
            "image_72": "https:\/\/avatars.slack-edge.com\/2022-07-28\/3867310060339_459fb8de8703bb2678e5_72.jpg",
            "first_name": "Brady",
            "real_name": "Brady Boettcher",
            "display_name": "",
            "team": "TJPN85XRA",
            "name": "brady.boettcher",
            "is_restricted": false,
            "is_ultra_restricted": false
        },
        "thread_ts": "1658271626.214049",
        "parent_user_id": "U03JTLB9FSS"
    },
    {
        "client_msg_id": "bab54601-254e-465c-9395-d955f6d67fa6",
        "type": "message",
        "text": "Are you using the Puara firmware template?\n\nThe infamous :upside_down_face: error 12..... usually means problems with the UDP endpoint. I have those when the ESP is not connected to any network and ArduinoOSC tries to send OSC messages anyway. You can comment lines 69 and 72 on main.cpp (if using Puara-module-template) since we don't care about sending direct OSC messages.\n\nI plan to use liblo for sending those messages (since it's already there for libmapper), but I'm having some issues when creating a server",
        "user": "UJCU8BAAW",
        "ts": "1659629991.231039",
        "blocks": [
            {
                "type": "rich_text",
                "block_id": "suagg",
                "elements": [
                    {
                        "type": "rich_text_section",
                        "elements": [
                            {
                                "type": "text",
                                "text": "Are you using the Puara firmware template?\n\nThe infamous "
                            },
                            {
                                "type": "emoji",
                                "name": "upside_down_face",
                                "unicode": "1f643"
                            },
                            {
                                "type": "text",
                                "text": " error 12..... usually means problems with the UDP endpoint. I have those when the ESP is not connected to any network and ArduinoOSC tries to send OSC messages anyway. You can comment lines 69 and 72 on main.cpp (if using Puara-module-template) since we don't care about sending direct OSC messages.\n\nI plan to use liblo for sending those messages (since it's already there for libmapper), but I'm having some issues when creating a server"
                            }
                        ]
                    }
                ]
            }
        ],
        "team": "TJPN85XRA",
        "user_team": "TJPN85XRA",
        "source_team": "TJPN85XRA",
        "user_profile": {
            "avatar_hash": "d49c462f5537",
            "image_72": "https:\/\/avatars.slack-edge.com\/2021-06-14\/2154581376263_d49c462f5537edde8dbb_72.jpg",
            "first_name": "Edu",
            "real_name": "Edu Meneses",
            "display_name": "Edu Meneses",
            "team": "TJPN85XRA",
            "name": "eduardo.meneses",
            "is_restricted": false,
            "is_ultra_restricted": false
        },
        "thread_ts": "1658271626.214049",
        "parent_user_id": "U03JTLB9FSS"
    },
    {
        "client_msg_id": "f76659f9-5da4-4268-93f8-831786d968e2",
        "type": "message",
        "text": "yep, using the template, and it was working on my previous apartment's network which is odd",
        "user": "U03JTLB9FSS",
        "ts": "1659630263.618159",
        "blocks": [
            {
                "type": "rich_text",
                "block_id": "k=Ad",
                "elements": [
                    {
                        "type": "rich_text_section",
                        "elements": [
                            {
                                "type": "text",
                                "text": "yep, using the template, and it was working on my previous apartment's network which is odd"
                            }
                        ]
                    }
                ]
            }
        ],
        "team": "TJPN85XRA",
        "user_team": "TJPN85XRA",
        "source_team": "TJPN85XRA",
        "user_profile": {
            "avatar_hash": "459fb8de8703",
            "image_72": "https:\/\/avatars.slack-edge.com\/2022-07-28\/3867310060339_459fb8de8703bb2678e5_72.jpg",
            "first_name": "Brady",
            "real_name": "Brady Boettcher",
            "display_name": "",
            "team": "TJPN85XRA",
            "name": "brady.boettcher",
            "is_restricted": false,
            "is_ultra_restricted": false
        },
        "thread_ts": "1658271626.214049",
        "parent_user_id": "U03JTLB9FSS"
    },
    {
        "client_msg_id": "3e90357c-6588-4d92-a974-c3c92dcf8758",
        "type": "message",
        "text": "ah, also ArduinoOSC seems to throws those errors upon networking problems: at SAT the signal quality is very poor and it keeps showing the error (?!). I'm not sure what's happening with this library, but again, will get rid of it asap",
        "user": "UJCU8BAAW",
        "ts": "1659630288.485939",
        "blocks": [
            {
                "type": "rich_text",
                "block_id": "FiID6",
                "elements": [
                    {
                        "type": "rich_text_section",
                        "elements": [
                            {
                                "type": "text",
                                "text": "ah, also ArduinoOSC seems to throws those errors upon networking problems: at SAT the signal quality is very poor and it keeps showing the error (?!). I'm not sure what's happening with this library, but again, will get rid of it asap"
                            }
                        ]
                    }
                ]
            }
        ],
        "team": "TJPN85XRA",
        "user_team": "TJPN85XRA",
        "source_team": "TJPN85XRA",
        "user_profile": {
            "avatar_hash": "d49c462f5537",
            "image_72": "https:\/\/avatars.slack-edge.com\/2021-06-14\/2154581376263_d49c462f5537edde8dbb_72.jpg",
            "first_name": "Edu",
            "real_name": "Edu Meneses",
            "display_name": "Edu Meneses",
            "team": "TJPN85XRA",
            "name": "eduardo.meneses",
            "is_restricted": false,
            "is_ultra_restricted": false
        },
        "thread_ts": "1658271626.214049",
        "parent_user_id": "U03JTLB9FSS"
    },
    {
        "client_msg_id": "442cda45-c495-4e6e-b366-bf84e7cd6eda",
        "type": "message",
        "text": "this is something to keep in mind: reliability deteriorates fast in an environment crowded with poorly set APs",
        "user": "UJCU8BAAW",
        "ts": "1659630365.852589",
        "blocks": [
            {
                "type": "rich_text",
                "block_id": "\/bo",
                "elements": [
                    {
                        "type": "rich_text_section",
                        "elements": [
                            {
                                "type": "text",
                                "text": "this is something to keep in mind: reliability deteriorates fast in an environment crowded with poorly set APs"
                            }
                        ]
                    }
                ]
            }
        ],
        "team": "TJPN85XRA",
        "user_team": "TJPN85XRA",
        "source_team": "TJPN85XRA",
        "user_profile": {
            "avatar_hash": "d49c462f5537",
            "image_72": "https:\/\/avatars.slack-edge.com\/2021-06-14\/2154581376263_d49c462f5537edde8dbb_72.jpg",
            "first_name": "Edu",
            "real_name": "Edu Meneses",
            "display_name": "Edu Meneses",
            "team": "TJPN85XRA",
            "name": "eduardo.meneses",
            "is_restricted": false,
            "is_ultra_restricted": false
        },
        "thread_ts": "1658271626.214049",
        "parent_user_id": "U03JTLB9FSS"
    },
    {
        "client_msg_id": "1107967e-e689-4c5a-87aa-dd05520056db",
        "type": "message",
        "text": "the credentials for my network are correct in config and the filesystem is uploaded, is there a way to debug if it's connected? it seems like `wifi_init: Connected to SSID: !WHOA!` would be that message",
        "user": "U03JTLB9FSS",
        "ts": "1659630423.523319",
        "blocks": [
            {
                "type": "rich_text",
                "block_id": "zcj",
                "elements": [
                    {
                        "type": "rich_text_section",
                        "elements": [
                            {
                                "type": "text",
                                "text": "the credentials for my network are correct in config and the filesystem is uploaded, is there a way to debug if it's connected? it seems like "
                            },
                            {
                                "type": "text",
                                "text": "wifi_init: Connected to SSID: !WHOA!",
                                "style": {
                                    "code": true
                                }
                            },
                            {
                                "type": "text",
                                "text": " would be that message"
                            }
                        ]
                    }
                ]
            }
        ],
        "team": "TJPN85XRA",
        "user_team": "TJPN85XRA",
        "source_team": "TJPN85XRA",
        "user_profile": {
            "avatar_hash": "459fb8de8703",
            "image_72": "https:\/\/avatars.slack-edge.com\/2022-07-28\/3867310060339_459fb8de8703bb2678e5_72.jpg",
            "first_name": "Brady",
            "real_name": "Brady Boettcher",
            "display_name": "",
            "team": "TJPN85XRA",
            "name": "brady.boettcher",
            "is_restricted": false,
            "is_ultra_restricted": false
        },
        "thread_ts": "1658271626.214049",
        "parent_user_id": "U03JTLB9FSS"
    },
    {
        "client_msg_id": "5bf0eb0b-8353-40b9-be24-c163b864d656",
        "type": "message",
        "text": "it is connected and giving you an IP, but if the network conditions are bad you will have problems",
        "user": "UJCU8BAAW",
        "ts": "1659630593.743539",
        "blocks": [
            {
                "type": "rich_text",
                "block_id": "2xA",
                "elements": [
                    {
                        "type": "rich_text_section",
                        "elements": [
                            {
                                "type": "text",
                                "text": "it is connected and giving you an IP, but if the network conditions are bad you will have problems"
                            }
                        ]
                    }
                ]
            }
        ],
        "team": "TJPN85XRA",
        "user_team": "TJPN85XRA",
        "source_team": "TJPN85XRA",
        "user_profile": {
            "avatar_hash": "d49c462f5537",
            "image_72": "https:\/\/avatars.slack-edge.com\/2021-06-14\/2154581376263_d49c462f5537edde8dbb_72.jpg",
            "first_name": "Edu",
            "real_name": "Edu Meneses",
            "display_name": "Edu Meneses",
            "team": "TJPN85XRA",
            "name": "eduardo.meneses",
            "is_restricted": false,
            "is_ultra_restricted": false
        },
        "thread_ts": "1658271626.214049",
        "parent_user_id": "U03JTLB9FSS"
    },
    {
        "client_msg_id": "d0de118e-5c8b-467e-9e13-ad3d5033a021",
        "type": "message",
        "text": "at SAT I can barely enter the WiFiManager page",
        "user": "UJCU8BAAW",
        "ts": "1659630618.761849",
        "blocks": [
            {
                "type": "rich_text",
                "block_id": "3dBS5",
                "elements": [
                    {
                        "type": "rich_text_section",
                        "elements": [
                            {
                                "type": "text",
                                "text": "at SAT I can barely enter the WiFiManager page"
                            }
                        ]
                    }
                ]
            }
        ],
        "team": "TJPN85XRA",
        "user_team": "TJPN85XRA",
        "source_team": "TJPN85XRA",
        "user_profile": {
            "avatar_hash": "d49c462f5537",
            "image_72": "https:\/\/avatars.slack-edge.com\/2021-06-14\/2154581376263_d49c462f5537edde8dbb_72.jpg",
            "first_name": "Edu",
            "real_name": "Edu Meneses",
            "display_name": "Edu Meneses",
            "team": "TJPN85XRA",
            "name": "eduardo.meneses",
            "is_restricted": false,
            "is_ultra_restricted": false
        },
        "thread_ts": "1658271626.214049",
        "parent_user_id": "U03JTLB9FSS"
    },
    {
        "client_msg_id": "897a7ee1-0742-4b94-9860-0546d75f2098",
        "type": "message",
        "text": "one option can be trying to change the channel. That's a good feature to add to the manager as the ESP32 doesn't have a built in auto-channel function",
        "user": "UJCU8BAAW",
        "ts": "1659630700.445399",
        "blocks": [
            {
                "type": "rich_text",
                "block_id": "Wzz",
                "elements": [
                    {
                        "type": "rich_text_section",
                        "elements": [
                            {
                                "type": "text",
                                "text": "one option can be trying to change the channel. That's a good feature to add to the manager as the ESP32 doesn't have a built in auto-channel function"
                            }
                        ]
                    }
                ]
            }
        ],
        "team": "TJPN85XRA",
        "user_team": "TJPN85XRA",
        "source_team": "TJPN85XRA",
        "user_profile": {
            "avatar_hash": "d49c462f5537",
            "image_72": "https:\/\/avatars.slack-edge.com\/2021-06-14\/2154581376263_d49c462f5537edde8dbb_72.jpg",
            "first_name": "Edu",
            "real_name": "Edu Meneses",
            "display_name": "Edu Meneses",
            "team": "TJPN85XRA",
            "name": "eduardo.meneses",
            "is_restricted": false,
            "is_ultra_restricted": false
        },
        "thread_ts": "1658271626.214049",
        "parent_user_id": "U03JTLB9FSS"
    },
    {
        "client_msg_id": "b3d41d62-9e0c-41a4-ab04-2370f60337ad",
        "type": "message",
        "text": "Inn your case you can try to change the router channel",
        "user": "UJCU8BAAW",
        "ts": "1659630725.536839",
        "blocks": [
            {
                "type": "rich_text",
                "block_id": "mzOF",
                "elements": [
                    {
                        "type": "rich_text_section",
                        "elements": [
                            {
                                "type": "text",
                                "text": "Inn your case you can try to change the router channel"
                            }
                        ]
                    }
                ]
            }
        ],
        "team": "TJPN85XRA",
        "user_team": "TJPN85XRA",
        "source_team": "TJPN85XRA",
        "user_profile": {
            "avatar_hash": "d49c462f5537",
            "image_72": "https:\/\/avatars.slack-edge.com\/2021-06-14\/2154581376263_d49c462f5537edde8dbb_72.jpg",
            "first_name": "Edu",
            "real_name": "Edu Meneses",
            "display_name": "Edu Meneses",
            "team": "TJPN85XRA",
            "name": "eduardo.meneses",
            "is_restricted": false,
            "is_ultra_restricted": false
        },
        "thread_ts": "1658271626.214049",
        "parent_user_id": "U03JTLB9FSS"
    },
    {
        "client_msg_id": "1ab62e6e-9070-4eab-8b47-0d033c5e8552",
        "type": "message",
        "text": "you can check how had the area is with your phone or computer\n\nIf running Linux you can try _*`nmcli dev wifi`*_",
        "user": "UJCU8BAAW",
        "ts": "1659630884.010999",
        "blocks": [
            {
                "type": "rich_text",
                "block_id": "b4lW7",
                "elements": [
                    {
                        "type": "rich_text_section",
                        "elements": [
                            {
                                "type": "text",
                                "text": "you can check how had the area is with your phone or computer\n\nIf running Linux you can try "
                            },
                            {
                                "type": "text",
                                "text": "nmcli dev wifi",
                                "style": {
                                    "bold": true,
                                    "italic": true,
                                    "code": true
                                }
                            }
                        ]
                    }
                ]
            }
        ],
        "team": "TJPN85XRA",
        "user_team": "TJPN85XRA",
        "source_team": "TJPN85XRA",
        "user_profile": {
            "avatar_hash": "d49c462f5537",
            "image_72": "https:\/\/avatars.slack-edge.com\/2021-06-14\/2154581376263_d49c462f5537edde8dbb_72.jpg",
            "first_name": "Edu",
            "real_name": "Edu Meneses",
            "display_name": "Edu Meneses",
            "team": "TJPN85XRA",
            "name": "eduardo.meneses",
            "is_restricted": false,
            "is_ultra_restricted": false
        },
        "thread_ts": "1658271626.214049",
        "parent_user_id": "U03JTLB9FSS"
    },
    {
        "client_msg_id": "fe241a86-7865-4cf8-a8ee-a19e1982b25a",
        "type": "message",
        "text": "im on windows, and our network just has a single channel available rn",
        "user": "U03JTLB9FSS",
        "ts": "1659630931.941939",
        "blocks": [
            {
                "type": "rich_text",
                "block_id": "786",
                "elements": [
                    {
                        "type": "rich_text_section",
                        "elements": [
                            {
                                "type": "text",
                                "text": "im on windows, and our network just has a single channel available rn"
                            }
                        ]
                    }
                ]
            }
        ],
        "team": "TJPN85XRA",
        "user_team": "TJPN85XRA",
        "source_team": "TJPN85XRA",
        "user_profile": {
            "avatar_hash": "459fb8de8703",
            "image_72": "https:\/\/avatars.slack-edge.com\/2022-07-28\/3867310060339_459fb8de8703bb2678e5_72.jpg",
            "first_name": "Brady",
            "real_name": "Brady Boettcher",
            "display_name": "",
            "team": "TJPN85XRA",
            "name": "brady.boettcher",
            "is_restricted": false,
            "is_ultra_restricted": false
        },
        "edited": {
            "user": "U03JTLB9FSS",
            "ts": "1659630941.000000"
        },
        "thread_ts": "1658271626.214049",
        "parent_user_id": "U03JTLB9FSS"
    },
    {
        "client_msg_id": "68d5d0a9-0820-4e13-b66a-b6ccdc86ca4b",
        "type": "message",
        "text": "for Android there's the <https:\/\/play.google.com\/store\/apps\/details?id=com.vrem.wifianalyzer&amp;hl=en_CA&amp;gl=US|WiFi Analyser (Open-source version)>",
        "user": "UJCU8BAAW",
        "ts": "1659630962.136949",
        "blocks": [
            {
                "type": "rich_text",
                "block_id": "C=x0",
                "elements": [
                    {
                        "type": "rich_text_section",
                        "elements": [
                            {
                                "type": "text",
                                "text": "for Android there's the "
                            },
                            {
                                "type": "link",
                                "url": "https:\/\/play.google.com\/store\/apps\/details?id=com.vrem.wifianalyzer&hl=en_CA&gl=US",
                                "text": "WiFi Analyser (Open-source version)"
                            }
                        ]
                    }
                ]
            }
        ],
        "team": "TJPN85XRA",
        "user_team": "TJPN85XRA",
        "source_team": "TJPN85XRA",
        "user_profile": {
            "avatar_hash": "d49c462f5537",
            "image_72": "https:\/\/avatars.slack-edge.com\/2021-06-14\/2154581376263_d49c462f5537edde8dbb_72.jpg",
            "first_name": "Edu",
            "real_name": "Edu Meneses",
            "display_name": "Edu Meneses",
            "team": "TJPN85XRA",
            "name": "eduardo.meneses",
            "is_restricted": false,
            "is_ultra_restricted": false
        },
        "thread_ts": "1658271626.214049",
        "parent_user_id": "U03JTLB9FSS"
    },
    {
        "client_msg_id": "2d8e0cb5-2a5f-403f-8c92-bdd8c871a977",
        "type": "message",
        "text": "you have to change the channel in your router",
        "user": "UJCU8BAAW",
        "ts": "1659630976.864609",
        "blocks": [
            {
                "type": "rich_text",
                "block_id": "l3DQ",
                "elements": [
                    {
                        "type": "rich_text_section",
                        "elements": [
                            {
                                "type": "text",
                                "text": "you have to change the channel in your router"
                            }
                        ]
                    }
                ]
            }
        ],
        "team": "TJPN85XRA",
        "user_team": "TJPN85XRA",
        "source_team": "TJPN85XRA",
        "user_profile": {
            "avatar_hash": "d49c462f5537",
            "image_72": "https:\/\/avatars.slack-edge.com\/2021-06-14\/2154581376263_d49c462f5537edde8dbb_72.jpg",
            "first_name": "Edu",
            "real_name": "Edu Meneses",
            "display_name": "Edu Meneses",
            "team": "TJPN85XRA",
            "name": "eduardo.meneses",
            "is_restricted": false,
            "is_ultra_restricted": false
        },
        "thread_ts": "1658271626.214049",
        "parent_user_id": "U03JTLB9FSS"
    },
    {
        "client_msg_id": "125a46dc-a0e3-4c7d-9341-42c6ce3ee1b1",
        "type": "message",
        "text": "but better to check the network first",
        "user": "UJCU8BAAW",
        "ts": "1659630997.637159",
        "blocks": [
            {
                "type": "rich_text",
                "block_id": "aoB6P",
                "elements": [
                    {
                        "type": "rich_text_section",
                        "elements": [
                            {
                                "type": "text",
                                "text": "but better to check the network first"
                            }
                        ]
                    }
                ]
            }
        ],
        "team": "TJPN85XRA",
        "user_team": "TJPN85XRA",
        "source_team": "TJPN85XRA",
        "user_profile": {
            "avatar_hash": "d49c462f5537",
            "image_72": "https:\/\/avatars.slack-edge.com\/2021-06-14\/2154581376263_d49c462f5537edde8dbb_72.jpg",
            "first_name": "Edu",
            "real_name": "Edu Meneses",
            "display_name": "Edu Meneses",
            "team": "TJPN85XRA",
            "name": "eduardo.meneses",
            "is_restricted": false,
            "is_ultra_restricted": false
        },
        "thread_ts": "1658271626.214049",
        "parent_user_id": "U03JTLB9FSS"
    },
    {
        "type": "message",
        "text": "this is how it looks at home:",
        "files": [
            {
                "id": "F03T2UURL80",
                "mode": "hidden_by_limit"
            }
        ],
        "upload": false,
        "user": "UJCU8BAAW",
        "display_as_bot": false,
        "ts": "1659631110.907089",
        "blocks": [
            {
                "type": "rich_text",
                "block_id": "f=Sv",
                "elements": [
                    {
                        "type": "rich_text_section",
                        "elements": [
                            {
                                "type": "text",
                                "text": "this is how it looks at home:"
                            }
                        ]
                    }
                ]
            }
        ],
        "client_msg_id": "43d9c0b3-ce4c-4b0f-ba98-87046b0a3e6e",
        "thread_ts": "1658271626.214049",
        "parent_user_id": "U03JTLB9FSS"
    },
    {
        "client_msg_id": "15154c68-09d7-433a-a5d0-96351cb80b9f",
        "type": "message",
        "text": "it's quite good and I don't have issues. At SAT (and IDMIL) is considerably worse",
        "user": "UJCU8BAAW",
        "ts": "1659631176.554949",
        "blocks": [
            {
                "type": "rich_text",
                "block_id": "omPie",
                "elements": [
                    {
                        "type": "rich_text_section",
                        "elements": [
                            {
                                "type": "text",
                                "text": "it's quite good and I don't have issues. At SAT (and IDMIL) is considerably worse"
                            }
                        ]
                    }
                ]
            }
        ],
        "team": "TJPN85XRA",
        "user_team": "TJPN85XRA",
        "source_team": "TJPN85XRA",
        "user_profile": {
            "avatar_hash": "d49c462f5537",
            "image_72": "https:\/\/avatars.slack-edge.com\/2021-06-14\/2154581376263_d49c462f5537edde8dbb_72.jpg",
            "first_name": "Edu",
            "real_name": "Edu Meneses",
            "display_name": "Edu Meneses",
            "team": "TJPN85XRA",
            "name": "eduardo.meneses",
            "is_restricted": false,
            "is_ultra_restricted": false
        },
        "thread_ts": "1658271626.214049",
        "parent_user_id": "U03JTLB9FSS"
    },
    {
        "type": "message",
        "text": "",
        "files": [
            {
                "id": "F03SD8BJV1Q",
                "mode": "hidden_by_limit"
            }
        ],
        "upload": false,
        "user": "U03JTLB9FSS",
        "display_as_bot": false,
        "ts": "1659631225.897579",
        "blocks": [
            {
                "type": "rich_text",
                "block_id": "XuY",
                "elements": [
                    {
                        "type": "rich_text_section",
                        "elements": []
                    }
                ]
            }
        ],
        "client_msg_id": "a29962c3-66cc-4f80-b8c5-51aa3b8e0554",
        "thread_ts": "1658271626.214049",
        "parent_user_id": "U03JTLB9FSS"
    },
    {
        "client_msg_id": "52a0ebc8-92f8-473a-a23d-35f390076c83",
        "type": "message",
        "text": "seems fine on my end though :confused:",
        "user": "U03JTLB9FSS",
        "ts": "1659631237.964329",
        "blocks": [
            {
                "type": "rich_text",
                "block_id": "XoC",
                "elements": [
                    {
                        "type": "rich_text_section",
                        "elements": [
                            {
                                "type": "text",
                                "text": "seems fine on my end though "
                            },
                            {
                                "type": "emoji",
                                "name": "confused",
                                "unicode": "1f615"
                            }
                        ]
                    }
                ]
            }
        ],
        "team": "TJPN85XRA",
        "user_team": "TJPN85XRA",
        "source_team": "TJPN85XRA",
        "user_profile": {
            "avatar_hash": "459fb8de8703",
            "image_72": "https:\/\/avatars.slack-edge.com\/2022-07-28\/3867310060339_459fb8de8703bb2678e5_72.jpg",
            "first_name": "Brady",
            "real_name": "Brady Boettcher",
            "display_name": "",
            "team": "TJPN85XRA",
            "name": "brady.boettcher",
            "is_restricted": false,
            "is_ultra_restricted": false
        },
        "thread_ts": "1658271626.214049",
        "parent_user_id": "U03JTLB9FSS"
    },
    {
        "client_msg_id": "f3578a46-61d9-4643-b544-04db654328b8",
        "type": "message",
        "text": "I would just comment the lines and that's it",
        "user": "UJCU8BAAW",
        "ts": "1659631279.167319",
        "blocks": [
            {
                "type": "rich_text",
                "block_id": "PM=",
                "elements": [
                    {
                        "type": "rich_text_section",
                        "elements": [
                            {
                                "type": "text",
                                "text": "I would just comment the lines and that's it"
                            }
                        ]
                    }
                ]
            }
        ],
        "team": "TJPN85XRA",
        "user_team": "TJPN85XRA",
        "source_team": "TJPN85XRA",
        "user_profile": {
            "avatar_hash": "d49c462f5537",
            "image_72": "https:\/\/avatars.slack-edge.com\/2021-06-14\/2154581376263_d49c462f5537edde8dbb_72.jpg",
            "first_name": "Edu",
            "real_name": "Edu Meneses",
            "display_name": "Edu Meneses",
            "team": "TJPN85XRA",
            "name": "eduardo.meneses",
            "is_restricted": false,
            "is_ultra_restricted": false
        },
        "thread_ts": "1658271626.214049",
        "parent_user_id": "U03JTLB9FSS"
    },
    {
        "client_msg_id": "e50ed2b1-5eac-47ba-8c1d-f1a9e1f0181d",
        "type": "message",
        "text": "i did, no more errors but still no device on webmapper or mappervst",
        "user": "U03JTLB9FSS",
        "ts": "1659631304.987479",
        "blocks": [
            {
                "type": "rich_text",
                "block_id": "mlU3j",
                "elements": [
                    {
                        "type": "rich_text_section",
                        "elements": [
                            {
                                "type": "text",
                                "text": "i did, no more errors but still no device on webmapper or mappervst"
                            }
                        ]
                    }
                ]
            }
        ],
        "team": "TJPN85XRA",
        "user_team": "TJPN85XRA",
        "source_team": "TJPN85XRA",
        "user_profile": {
            "avatar_hash": "459fb8de8703",
            "image_72": "https:\/\/avatars.slack-edge.com\/2022-07-28\/3867310060339_459fb8de8703bb2678e5_72.jpg",
            "first_name": "Brady",
            "real_name": "Brady Boettcher",
            "display_name": "",
            "team": "TJPN85XRA",
            "name": "brady.boettcher",
            "is_restricted": false,
            "is_ultra_restricted": false
        },
        "thread_ts": "1658271626.214049",
        "parent_user_id": "U03JTLB9FSS"
    },
    {
        "client_msg_id": "9bf75d9a-b4e7-4f3c-b5b3-4834d7058488",
        "type": "message",
        "text": "sanity check:\n• same firmware\n• same computer\/webmapper\/libmapper\n• both connected to the same network\n• they \"see\" each other (ping, wifimanager)\n• webmapper set to the wireless interface (assuming both ESP and laptop are connected to the network through wifi)",
        "user": "UJCU8BAAW",
        "ts": "1659631656.227509",
        "blocks": [
            {
                "type": "rich_text",
                "block_id": "web",
                "elements": [
                    {
                        "type": "rich_text_section",
                        "elements": [
                            {
                                "type": "text",
                                "text": "sanity check:\n"
                            }
                        ]
                    },
                    {
                        "type": "rich_text_list",
                        "elements": [
                            {
                                "type": "rich_text_section",
                                "elements": [
                                    {
                                        "type": "text",
                                        "text": "same firmware"
                                    }
                                ]
                            },
                            {
                                "type": "rich_text_section",
                                "elements": [
                                    {
                                        "type": "text",
                                        "text": "same computer\/webmapper\/libmapper"
                                    }
                                ]
                            },
                            {
                                "type": "rich_text_section",
                                "elements": [
                                    {
                                        "type": "text",
                                        "text": "both connected to the same network"
                                    }
                                ]
                            },
                            {
                                "type": "rich_text_section",
                                "elements": [
                                    {
                                        "type": "text",
                                        "text": "they \"see\" each other (ping, wifimanager)"
                                    }
                                ]
                            },
                            {
                                "type": "rich_text_section",
                                "elements": [
                                    {
                                        "type": "text",
                                        "text": "webmapper set to the wireless interface (assuming both ESP and laptop are connected to the network through wifi)"
                                    }
                                ]
                            }
                        ],
                        "style": "bullet",
                        "indent": 0,
                        "border": 0
                    }
                ]
            }
        ],
        "team": "TJPN85XRA",
        "user_team": "TJPN85XRA",
        "source_team": "TJPN85XRA",
        "user_profile": {
            "avatar_hash": "d49c462f5537",
            "image_72": "https:\/\/avatars.slack-edge.com\/2021-06-14\/2154581376263_d49c462f5537edde8dbb_72.jpg",
            "first_name": "Edu",
            "real_name": "Edu Meneses",
            "display_name": "Edu Meneses",
            "team": "TJPN85XRA",
            "name": "eduardo.meneses",
            "is_restricted": false,
            "is_ultra_restricted": false
        },
        "thread_ts": "1658271626.214049",
        "parent_user_id": "U03JTLB9FSS",
        "reactions": [
            {
                "name": "white_check_mark",
                "users": [
                    "U03JTLB9FSS"
                ],
                "count": 1
            }
        ]
    },
    {
        "client_msg_id": "cbbfd639-1290-4eef-a3b6-3edb6b3caf61",
        "type": "message",
        "text": "if yes to all, maybe worth to flash the cpp example from the libmapper-arduino library and see what happens (need only to hardcode the wifi credentials before flashing)",
        "user": "UJCU8BAAW",
        "ts": "1659631769.719629",
        "blocks": [
            {
                "type": "rich_text",
                "block_id": "SgCUu",
                "elements": [
                    {
                        "type": "rich_text_section",
                        "elements": [
                            {
                                "type": "text",
                                "text": "if yes to all, maybe worth to flash the cpp example from the libmapper-arduino library and see what happens (need only to hardcode the wifi credentials before flashing)"
                            }
                        ]
                    }
                ]
            }
        ],
        "team": "TJPN85XRA",
        "user_team": "TJPN85XRA",
        "source_team": "TJPN85XRA",
        "user_profile": {
            "avatar_hash": "d49c462f5537",
            "image_72": "https:\/\/avatars.slack-edge.com\/2021-06-14\/2154581376263_d49c462f5537edde8dbb_72.jpg",
            "first_name": "Edu",
            "real_name": "Edu Meneses",
            "display_name": "Edu Meneses",
            "team": "TJPN85XRA",
            "name": "eduardo.meneses",
            "is_restricted": false,
            "is_ultra_restricted": false
        },
        "thread_ts": "1658271626.214049",
        "parent_user_id": "U03JTLB9FSS"
    },
    {
        "client_msg_id": "8793021f-c1d8-445a-a075-5b4870534e2a",
        "type": "message",
        "text": "fetching and rebuilding libmapper and webmapper, will try again then",
        "user": "U03JTLB9FSS",
        "ts": "1659632080.591019",
        "blocks": [
            {
                "type": "rich_text",
                "block_id": "7LW",
                "elements": [
                    {
                        "type": "rich_text_section",
                        "elements": [
                            {
                                "type": "text",
                                "text": "fetching and rebuilding libmapper and webmapper, will try again then"
                            }
                        ]
                    }
                ]
            }
        ],
        "team": "TJPN85XRA",
        "user_team": "TJPN85XRA",
        "source_team": "TJPN85XRA",
        "user_profile": {
            "avatar_hash": "459fb8de8703",
            "image_72": "https:\/\/avatars.slack-edge.com\/2022-07-28\/3867310060339_459fb8de8703bb2678e5_72.jpg",
            "first_name": "Brady",
            "real_name": "Brady Boettcher",
            "display_name": "",
            "team": "TJPN85XRA",
            "name": "brady.boettcher",
            "is_restricted": false,
            "is_ultra_restricted": false
        },
        "thread_ts": "1658271626.214049",
        "parent_user_id": "U03JTLB9FSS",
        "reactions": [
            {
                "name": "+1::skin-tone-5",
                "users": [
                    "UJCU8BAAW"
                ],
                "count": 1
            }
        ]
    },
    {
        "client_msg_id": "24f2ea3a-4f1d-4b0b-b42d-b486547f3dfe",
        "type": "message",
        "text": "still no luck.. i'm able to see and make maps between .\/test and the max externals too, just not seeing puara",
        "user": "U03JTLB9FSS",
        "ts": "1659632504.042929",
        "blocks": [
            {
                "type": "rich_text",
                "block_id": "DdZP",
                "elements": [
                    {
                        "type": "rich_text_section",
                        "elements": [
                            {
                                "type": "text",
                                "text": "still no luck.. i'm able to see and make maps between .\/test and the max externals too, just not seeing puara"
                            }
                        ]
                    }
                ]
            }
        ],
        "team": "TJPN85XRA",
        "user_team": "TJPN85XRA",
        "source_team": "TJPN85XRA",
        "user_profile": {
            "avatar_hash": "459fb8de8703",
            "image_72": "https:\/\/avatars.slack-edge.com\/2022-07-28\/3867310060339_459fb8de8703bb2678e5_72.jpg",
            "first_name": "Brady",
            "real_name": "Brady Boettcher",
            "display_name": "",
            "team": "TJPN85XRA",
            "name": "brady.boettcher",
            "is_restricted": false,
            "is_ultra_restricted": false
        },
        "thread_ts": "1658271626.214049",
        "parent_user_id": "U03JTLB9FSS"
    },
    {
        "client_msg_id": "53a7345c-683f-4d8a-931e-522d3f6e5c3a",
        "type": "message",
        "text": "I plan to go to CIRMMT next Wednesday morning, we can try to check on that live after my meeting there",
        "user": "UJCU8BAAW",
        "ts": "1659633330.835739",
        "blocks": [
            {
                "type": "rich_text",
                "block_id": "sv=ru",
                "elements": [
                    {
                        "type": "rich_text_section",
                        "elements": [
                            {
                                "type": "text",
                                "text": "I plan to go to CIRMMT next Wednesday morning, we can try to check on that live after my meeting there"
                            }
                        ]
                    }
                ]
            }
        ],
        "team": "TJPN85XRA",
        "user_team": "TJPN85XRA",
        "source_team": "TJPN85XRA",
        "user_profile": {
            "avatar_hash": "d49c462f5537",
            "image_72": "https:\/\/avatars.slack-edge.com\/2021-06-14\/2154581376263_d49c462f5537edde8dbb_72.jpg",
            "first_name": "Edu",
            "real_name": "Edu Meneses",
            "display_name": "Edu Meneses",
            "team": "TJPN85XRA",
            "name": "eduardo.meneses",
            "is_restricted": false,
            "is_ultra_restricted": false
        },
        "thread_ts": "1658271626.214049",
        "parent_user_id": "U03JTLB9FSS"
    },
    {
        "client_msg_id": "2ce79e7d-06dc-46ab-8e7a-41a72dccb220",
        "type": "message",
        "text": "then we can run all sorts of tests: different networks, machines, etc",
        "user": "UJCU8BAAW",
        "ts": "1659633356.984189",
        "blocks": [
            {
                "type": "rich_text",
                "block_id": "DqWT",
                "elements": [
                    {
                        "type": "rich_text_section",
                        "elements": [
                            {
                                "type": "text",
                                "text": "then we can run all sorts of tests: different networks, machines, etc"
                            }
                        ]
                    }
                ]
            }
        ],
        "team": "TJPN85XRA",
        "user_team": "TJPN85XRA",
        "source_team": "TJPN85XRA",
        "user_profile": {
            "avatar_hash": "d49c462f5537",
            "image_72": "https:\/\/avatars.slack-edge.com\/2021-06-14\/2154581376263_d49c462f5537edde8dbb_72.jpg",
            "first_name": "Edu",
            "real_name": "Edu Meneses",
            "display_name": "Edu Meneses",
            "team": "TJPN85XRA",
            "name": "eduardo.meneses",
            "is_restricted": false,
            "is_ultra_restricted": false
        },
        "thread_ts": "1658271626.214049",
        "parent_user_id": "U03JTLB9FSS"
    },
    {
        "client_msg_id": "3e7932ad-fade-499c-847b-7ac0479841bb",
        "type": "message",
        "text": "sounds good!",
        "user": "U03JTLB9FSS",
        "ts": "1659634129.716079",
        "blocks": [
            {
                "type": "rich_text",
                "block_id": "pPCe",
                "elements": [
                    {
                        "type": "rich_text_section",
                        "elements": [
                            {
                                "type": "text",
                                "text": "sounds good!"
                            }
                        ]
                    }
                ]
            }
        ],
        "team": "TJPN85XRA",
        "user_team": "TJPN85XRA",
        "source_team": "TJPN85XRA",
        "user_profile": {
            "avatar_hash": "459fb8de8703",
            "image_72": "https:\/\/avatars.slack-edge.com\/2022-07-28\/3867310060339_459fb8de8703bb2678e5_72.jpg",
            "first_name": "Brady",
            "real_name": "Brady Boettcher",
            "display_name": "",
            "team": "TJPN85XRA",
            "name": "brady.boettcher",
            "is_restricted": false,
            "is_ultra_restricted": false
        },
        "thread_ts": "1658271626.214049",
        "parent_user_id": "U03JTLB9FSS"
    }
]