[
    {
        "type": "message",
        "text": "Cleaning up how signal metadata is displayed in webmapper, moving to tooltips that show up when you hover",
        "files": [
            {
                "id": "F04BACK3NGZ",
                "mode": "hidden_by_limit"
            }
        ],
        "upload": false,
        "user": "U03JTLB9FSS",
        "display_as_bot": false,
        "ts": "1668485774.292049",
        "blocks": [
            {
                "type": "rich_text",
                "block_id": "+ndxc",
                "elements": [
                    {
                        "type": "rich_text_section",
                        "elements": [
                            {
                                "type": "text",
                                "text": "Cleaning up how signal metadata is displayed in webmapper, moving to tooltips that show up when you hover"
                            }
                        ]
                    }
                ]
            }
        ],
        "edited": {
            "user": "U03JTLB9FSS",
            "ts": "1668485786.000000"
        },
        "client_msg_id": "4f9c3f16-7b2e-4e91-a0be-923c83c8abbf",
        "reactions": [
            {
                "name": "clap",
                "users": [
                    "UJR4DDS12"
                ],
                "count": 1
            }
        ]
    }
]