[
    {
        "client_msg_id": "59d46000-2461-4735-ada8-1353e68d9709",
        "type": "message",
        "text": "Perhaps the preferred weighting of metadata for device\/signal matching could be part of the saved file?",
        "user": "U010TD4329M",
        "ts": "1665072046.008359",
        "blocks": [
            {
                "type": "rich_text",
                "block_id": "Q+k",
                "elements": [
                    {
                        "type": "rich_text_section",
                        "elements": [
                            {
                                "type": "text",
                                "text": "Perhaps the preferred weighting of metadata for device\/signal matching could be part of the saved file?"
                            }
                        ]
                    }
                ]
            }
        ],
        "team": "TJPN85XRA",
        "user_team": "TJPN85XRA",
        "source_team": "TJPN85XRA",
        "user_profile": {
            "avatar_hash": "g76664e246bb",
            "image_72": "https:\/\/secure.gravatar.com\/avatar\/76664e246bb99704f2fe508d673b1124.jpg?s=72&d=https%3A%2F%2Fa.slack-edge.com%2Fdf10d%2Fimg%2Favatars%2Fava_0026-72.png",
            "first_name": "",
            "real_name": "Joe Malloch",
            "display_name": "Joe Malloch",
            "team": "TJPN85XRA",
            "name": "jmalloch",
            "is_restricted": false,
            "is_ultra_restricted": false
        },
        "thread_ts": "1664990171.920579",
        "parent_user_id": "UJR4DDS12"
    }
]