[
    {
        "type": "message",
        "text": "cycling through sessions with mappersession :tada:",
        "files": [
            {
                "id": "F04APFZMULS",
                "mode": "hidden_by_limit"
            }
        ],
        "upload": false,
        "user": "U03JTLB9FSS",
        "display_as_bot": false,
        "ts": "1668312586.246419",
        "blocks": [
            {
                "type": "rich_text",
                "block_id": "uNdhD",
                "elements": [
                    {
                        "type": "rich_text_section",
                        "elements": [
                            {
                                "type": "text",
                                "text": "cycling through sessions with mappersession "
                            },
                            {
                                "type": "emoji",
                                "name": "tada",
                                "unicode": "1f389"
                            }
                        ]
                    }
                ]
            }
        ],
        "client_msg_id": "9a010d6d-e8dd-4ab7-8b02-4373bfc56d11",
        "reactions": [
            {
                "name": "star-struck",
                "users": [
                    "U04920VRM1S"
                ],
                "count": 1
            },
            {
                "name": "headset_parrot",
                "users": [
                    "U010TD4329M",
                    "U01APBW5N2J"
                ],
                "count": 2
            }
        ]
    }
]