[
    {
        "client_msg_id": "e5ad8f30-1a94-4db9-a90d-f556624ad52f",
        "type": "message",
        "text": "`\/map [centerSig, spreadSig] -&gt; valueSig @expr \"y=x$0+uniform(x$1)-x$1*0.5\"`\nThe call to `uniform()` in the expression will result in a different random value for each instance...",
        "user": "U010TD4329M",
        "ts": "1662488422.735049",
        "blocks": [
            {
                "type": "rich_text",
                "block_id": "qloUT",
                "elements": [
                    {
                        "type": "rich_text_section",
                        "elements": [
                            {
                                "type": "text",
                                "text": "\/map [centerSig, spreadSig] -> valueSig @expr \"y=x$0+uniform(x$1)-x$1*0.5\"",
                                "style": {
                                    "code": true
                                }
                            },
                            {
                                "type": "text",
                                "text": "\nThe call to "
                            },
                            {
                                "type": "text",
                                "text": "uniform()",
                                "style": {
                                    "code": true
                                }
                            },
                            {
                                "type": "text",
                                "text": " in the expression will result in a different random value for each instance..."
                            }
                        ]
                    }
                ]
            }
        ],
        "team": "TJPN85XRA",
        "user_team": "TJPN85XRA",
        "source_team": "TJPN85XRA",
        "user_profile": {
            "avatar_hash": "g76664e246bb",
            "image_72": "https:\/\/secure.gravatar.com\/avatar\/76664e246bb99704f2fe508d673b1124.jpg?s=72&d=https%3A%2F%2Fa.slack-edge.com%2Fdf10d%2Fimg%2Favatars%2Fava_0026-72.png",
            "first_name": "",
            "real_name": "Joe Malloch",
            "display_name": "Joe Malloch",
            "team": "TJPN85XRA",
            "name": "jmalloch",
            "is_restricted": false,
            "is_ultra_restricted": false
        },
        "thread_ts": "1661374629.427069",
        "parent_user_id": "U03JTLB9FSS",
        "reactions": [
            {
                "name": "raised_hands",
                "users": [
                    "U03JTLB9FSS"
                ],
                "count": 1
            }
        ]
    }
]