[
    {
        "client_msg_id": "D4F43B22-C4AE-45CE-B03D-7559CF459536",
        "type": "message",
        "text": "let us know when the recording of the workshop is available!",
        "user": "UJR4DDS12",
        "ts": "1662114216.164279",
        "blocks": [
            {
                "type": "rich_text",
                "block_id": "Z4mcs",
                "elements": [
                    {
                        "type": "rich_text_section",
                        "elements": [
                            {
                                "type": "text",
                                "text": "let us know when the recording of the workshop is available!"
                            }
                        ]
                    }
                ]
            }
        ],
        "team": "TJPN85XRA",
        "user_team": "TJPN85XRA",
        "source_team": "TJPN85XRA",
        "user_profile": {
            "avatar_hash": "a59dc6f2aaf0",
            "image_72": "https:\/\/avatars.slack-edge.com\/2022-06-18\/3673671924631_a59dc6f2aaf006d655d2_72.jpg",
            "first_name": "Travis",
            "real_name": "Travis West",
            "display_name": "Travis",
            "team": "TJPN85XRA",
            "name": "travis.west",
            "is_restricted": false,
            "is_ultra_restricted": false
        }
    },
    {
        "client_msg_id": "8f19f0c3-b65f-4f12-9fb6-b0281524ed18",
        "type": "message",
        "text": "It's out! :tada::headset_parrot:\n<https:\/\/github.com\/libmapper\/libmapper\/releases\/tag\/2.2b>",
        "user": "U03JTLB9FSS",
        "ts": "1662140232.436789",
        "blocks": [
            {
                "type": "rich_text",
                "block_id": "BTb",
                "elements": [
                    {
                        "type": "rich_text_section",
                        "elements": [
                            {
                                "type": "text",
                                "text": "It's out! "
                            },
                            {
                                "type": "emoji",
                                "name": "tada",
                                "unicode": "1f389"
                            },
                            {
                                "type": "emoji",
                                "name": "headset_parrot"
                            },
                            {
                                "type": "text",
                                "text": "\n"
                            },
                            {
                                "type": "link",
                                "url": "https:\/\/github.com\/libmapper\/libmapper\/releases\/tag\/2.2b"
                            }
                        ]
                    }
                ]
            }
        ],
        "team": "TJPN85XRA",
        "user_team": "TJPN85XRA",
        "source_team": "TJPN85XRA",
        "user_profile": {
            "avatar_hash": "459fb8de8703",
            "image_72": "https:\/\/avatars.slack-edge.com\/2022-07-28\/3867310060339_459fb8de8703bb2678e5_72.jpg",
            "first_name": "Brady",
            "real_name": "Brady Boettcher",
            "display_name": "",
            "team": "TJPN85XRA",
            "name": "brady.boettcher",
            "is_restricted": false,
            "is_ultra_restricted": false
        },
        "attachments": [
            {
                "from_url": "https:\/\/github.com\/libmapper\/libmapper\/releases\/tag\/2.2b",
                "image_url": "https:\/\/opengraph.githubassets.com\/6187abdda6b5d2603082d47e8f42b8433c77e843b34d284ba34ebb1bc4d1884d\/libmapper\/libmapper\/releases\/tag\/2.2b",
                "image_width": 500,
                "image_height": 250,
                "image_bytes": 79722,
                "service_icon": "https:\/\/a.slack-edge.com\/80588\/img\/unfurl_icons\/github.png",
                "id": 1,
                "original_url": "https:\/\/github.com\/libmapper\/libmapper\/releases\/tag\/2.2b",
                "fallback": "GitHub: Release v2.2 · libmapper\/libmapper",
                "text": "We are pleased to announce the release of version 2.2 of libmapper, an open-source, cross-platform software library for declaring data signals on a shared network and enabling arbitrary connections...",
                "title": "Release v2.2 · libmapper\/libmapper",
                "title_link": "https:\/\/github.com\/libmapper\/libmapper\/releases\/tag\/2.2b",
                "service_name": "GitHub"
            }
        ],
        "thread_ts": "1662140232.436789",
        "reply_count": 2,
        "reply_users_count": 2,
        "latest_reply": "1662681937.670309",
        "reply_users": [
            "U01APBW5N2J",
            "U010TD4329M"
        ],
        "replies": [
            {
                "user": "U01APBW5N2J",
                "ts": "1662142286.866479"
            },
            {
                "user": "U010TD4329M",
                "ts": "1662681937.670309"
            }
        ],
        "is_locked": false,
        "subscribed": false,
        "reactions": [
            {
                "name": "clap::skin-tone-5",
                "users": [
                    "UJCU8BAAW"
                ],
                "count": 1
            },
            {
                "name": "headbanging_parrot",
                "users": [
                    "U029MNKJ0DR",
                    "U01APBW5N2J",
                    "UJR4DDS12"
                ],
                "count": 3
            }
        ]
    },
    {
        "client_msg_id": "c2d56b50-cf7a-4aa2-8dd7-b83f31065050",
        "type": "message",
        "text": "Congrats!! Maybe a news item in the idmil page? ;-)",
        "user": "UKGLCA1GS",
        "ts": "1662140276.683209",
        "blocks": [
            {
                "type": "rich_text",
                "block_id": "6PXI+",
                "elements": [
                    {
                        "type": "rich_text_section",
                        "elements": [
                            {
                                "type": "text",
                                "text": "Congrats!! Maybe a news item in the idmil page? ;-)"
                            }
                        ]
                    }
                ]
            }
        ],
        "team": "TJPN85XRA",
        "user_team": "TJPN85XRA",
        "source_team": "TJPN85XRA",
        "user_profile": {
            "avatar_hash": "82cc3b048607",
            "image_72": "https:\/\/avatars.slack-edge.com\/2022-07-25\/3850040330500_82cc3b048607f33add6e_72.jpg",
            "first_name": "",
            "real_name": "Marcelo Wanderley",
            "display_name": "Marcelo Wanderley",
            "team": "TJPN85XRA",
            "name": "marcelo.wanderley",
            "is_restricted": false,
            "is_ultra_restricted": false
        },
        "thread_ts": "1662140276.683209",
        "reply_count": 2,
        "reply_users_count": 2,
        "latest_reply": "1662148918.405969",
        "reply_users": [
            "U03JTLB9FSS",
            "UKGLCA1GS"
        ],
        "replies": [
            {
                "user": "U03JTLB9FSS",
                "ts": "1662143214.260199"
            },
            {
                "user": "UKGLCA1GS",
                "ts": "1662148918.405969"
            }
        ],
        "is_locked": false,
        "subscribed": false
    },
    {
        "type": "message",
        "text": "looking good! compiles and runs well on both my macs - but it complains quite a bit while compiling on MacOS 12. Looks like that's an RtAudio problem though the audio examples all seem to run",
        "files": [
            {
                "id": "F040TN7EYE9",
                "mode": "hidden_by_limit"
            }
        ],
        "upload": false,
        "user": "U01APBW5N2J",
        "display_as_bot": false,
        "ts": "1662142286.866479",
        "blocks": [
            {
                "type": "rich_text",
                "block_id": "2i\/zx",
                "elements": [
                    {
                        "type": "rich_text_section",
                        "elements": [
                            {
                                "type": "text",
                                "text": "looking good! compiles and runs well on both my macs - but it complains quite a bit while compiling on MacOS 12. Looks like that's an RtAudio problem though the audio examples all seem to run"
                            }
                        ]
                    }
                ]
            }
        ],
        "client_msg_id": "bb082c3d-c75b-478d-a40e-14b7d9939993",
        "thread_ts": "1662140232.436789",
        "parent_user_id": "U03JTLB9FSS"
    },
    {
        "client_msg_id": "a22852ad-3ae4-4841-947d-9d4c16fe244f",
        "type": "message",
        "text": "I think I'll wait until I push the binaries to the package managers before posting so that there's download links\/commands in the post :)",
        "user": "U03JTLB9FSS",
        "ts": "1662143214.260199",
        "blocks": [
            {
                "type": "rich_text",
                "block_id": "31iHW",
                "elements": [
                    {
                        "type": "rich_text_section",
                        "elements": [
                            {
                                "type": "text",
                                "text": "I think I'll wait until I push the binaries to the package managers before posting so that there's download links\/commands in the post :)"
                            }
                        ]
                    }
                ]
            }
        ],
        "team": "TJPN85XRA",
        "user_team": "TJPN85XRA",
        "source_team": "TJPN85XRA",
        "user_profile": {
            "avatar_hash": "459fb8de8703",
            "image_72": "https:\/\/avatars.slack-edge.com\/2022-07-28\/3867310060339_459fb8de8703bb2678e5_72.jpg",
            "first_name": "Brady",
            "real_name": "Brady Boettcher",
            "display_name": "",
            "team": "TJPN85XRA",
            "name": "brady.boettcher",
            "is_restricted": false,
            "is_ultra_restricted": false
        },
        "thread_ts": "1662140276.683209",
        "parent_user_id": "UKGLCA1GS"
    },
    {
        "client_msg_id": "1cbf5a7b-c85c-42c7-9f42-a432838aec15",
        "type": "message",
        "text": "Good idea!",
        "user": "UKGLCA1GS",
        "ts": "1662148918.405969",
        "blocks": [
            {
                "type": "rich_text",
                "block_id": "FlceJ",
                "elements": [
                    {
                        "type": "rich_text_section",
                        "elements": [
                            {
                                "type": "text",
                                "text": "Good idea!"
                            }
                        ]
                    }
                ]
            }
        ],
        "team": "TJPN85XRA",
        "user_team": "TJPN85XRA",
        "source_team": "TJPN85XRA",
        "user_profile": {
            "avatar_hash": "82cc3b048607",
            "image_72": "https:\/\/avatars.slack-edge.com\/2022-07-25\/3850040330500_82cc3b048607f33add6e_72.jpg",
            "first_name": "",
            "real_name": "Marcelo Wanderley",
            "display_name": "Marcelo Wanderley",
            "team": "TJPN85XRA",
            "name": "marcelo.wanderley",
            "is_restricted": false,
            "is_ultra_restricted": false
        },
        "thread_ts": "1662140276.683209",
        "parent_user_id": "UKGLCA1GS"
    }
]