[
    {
        "type": "message",
        "text": "TouchDesigner bindings are working for both sources and destinations! Here's a demo controlling some params with MaxMSP. I'll make a repo soon, it should be pretty easy to distribute and setup as a TD container",
        "files": [
            {
                "id": "F043979JQQZ",
                "mode": "hidden_by_limit"
            }
        ],
        "upload": false,
        "user": "U03JTLB9FSS",
        "display_as_bot": false,
        "ts": "1663558261.408979",
        "blocks": [
            {
                "type": "rich_text",
                "block_id": "qjnm",
                "elements": [
                    {
                        "type": "rich_text_section",
                        "elements": [
                            {
                                "type": "text",
                                "text": "TouchDesigner bindings are working for both sources and destinations! Here's a demo controlling some params with MaxMSP. I'll make a repo soon, it should be pretty easy to distribute and setup as a TD container"
                            }
                        ]
                    }
                ]
            }
        ],
        "client_msg_id": "1cb10ba6-7072-4c2b-8b9d-faff28e8a6c4",
        "reactions": [
            {
                "name": "raised_hands",
                "users": [
                    "UKGLCA1GS"
                ],
                "count": 1
            }
        ]
    }
]