[
    {
        "type": "message",
        "text": "mapping session staging with the `mappersession` python module :) <https:\/\/github.com\/bboettcher3\/mappersession>",
        "files": [
            {
                "id": "F047US66SBT",
                "mode": "hidden_by_limit"
            }
        ],
        "upload": false,
        "user": "U03JTLB9FSS",
        "display_as_bot": false,
        "ts": "1666302292.357499",
        "blocks": [
            {
                "type": "rich_text",
                "block_id": "egd",
                "elements": [
                    {
                        "type": "rich_text_section",
                        "elements": [
                            {
                                "type": "text",
                                "text": "mapping session staging with the "
                            },
                            {
                                "type": "text",
                                "text": "mappersession",
                                "style": {
                                    "code": true
                                }
                            },
                            {
                                "type": "text",
                                "text": " python module :) "
                            },
                            {
                                "type": "link",
                                "url": "https:\/\/github.com\/bboettcher3\/mappersession"
                            }
                        ]
                    }
                ]
            }
        ],
        "client_msg_id": "bdff26ca-118a-4705-a538-83873044ee4e",
        "reactions": [
            {
                "name": "headset_parrot",
                "users": [
                    "U010TD4329M",
                    "UJCU8BAAW"
                ],
                "count": 2
            },
            {
                "name": "grin",
                "users": [
                    "UKGLCA1GS"
                ],
                "count": 1
            }
        ]
    }
]