[
    {
        "client_msg_id": "e50a9e05-1996-4009-81cb-f88010d7c530",
        "type": "message",
        "text": "I support this kind of refactoring – separation of concerns is good for libmapper too, and the existing structure is definitely not optimal!",
        "user": "U010TD4329M",
        "ts": "1656426897.949659",
        "blocks": [
            {
                "type": "rich_text",
                "block_id": "AxZdq",
                "elements": [
                    {
                        "type": "rich_text_section",
                        "elements": [
                            {
                                "type": "text",
                                "text": "I support this kind of refactoring – separation of concerns is good for libmapper too, and the existing structure is definitely not optimal!"
                            }
                        ]
                    }
                ]
            }
        ],
        "team": "TJPN85XRA",
        "user_team": "TJPN85XRA",
        "source_team": "TJPN85XRA",
        "user_profile": {
            "avatar_hash": "g76664e246bb",
            "image_72": "https:\/\/secure.gravatar.com\/avatar\/76664e246bb99704f2fe508d673b1124.jpg?s=72&d=https%3A%2F%2Fa.slack-edge.com%2Fdf10d%2Fimg%2Favatars%2Fava_0026-72.png",
            "first_name": "",
            "real_name": "Joe Malloch",
            "display_name": "Joe Malloch",
            "team": "TJPN85XRA",
            "name": "jmalloch",
            "is_restricted": false,
            "is_ultra_restricted": false
        },
        "thread_ts": "1656363869.467719",
        "parent_user_id": "UJR4DDS12"
    }
]