[
    {
        "client_msg_id": "914b261a-2247-41d0-9b83-e1d568b17cda",
        "type": "message",
        "text": "<https:\/\/github.com\/libmapper\/libmapper\/pull\/79|new PR> for libmapper for windows to make installing the python wheel simpler and moving binaries to \/dist. <@UJR4DDS12> once this is merged <https:\/\/github.com\/libmapper\/webmapper\/pull\/26|your PR> should be good to go too.",
        "user": "U03JTLB9FSS",
        "ts": "1657923398.818929",
        "blocks": [
            {
                "type": "rich_text",
                "block_id": "UBfXu",
                "elements": [
                    {
                        "type": "rich_text_section",
                        "elements": [
                            {
                                "type": "link",
                                "url": "https:\/\/github.com\/libmapper\/libmapper\/pull\/79",
                                "text": "new PR"
                            },
                            {
                                "type": "text",
                                "text": " for libmapper for windows to make installing the python wheel simpler and moving binaries to \/dist. "
                            },
                            {
                                "type": "user",
                                "user_id": "UJR4DDS12"
                            },
                            {
                                "type": "text",
                                "text": " once this is merged "
                            },
                            {
                                "type": "link",
                                "url": "https:\/\/github.com\/libmapper\/webmapper\/pull\/26",
                                "text": "your PR"
                            },
                            {
                                "type": "text",
                                "text": " should be good to go too."
                            }
                        ]
                    }
                ]
            }
        ],
        "team": "TJPN85XRA",
        "user_team": "TJPN85XRA",
        "source_team": "TJPN85XRA",
        "user_profile": {
            "avatar_hash": "459fb8de8703",
            "image_72": "https:\/\/avatars.slack-edge.com\/2022-07-28\/3867310060339_459fb8de8703bb2678e5_72.jpg",
            "first_name": "Brady",
            "real_name": "Brady Boettcher",
            "display_name": "",
            "team": "TJPN85XRA",
            "name": "brady.boettcher",
            "is_restricted": false,
            "is_ultra_restricted": false
        },
        "edited": {
            "user": "U03JTLB9FSS",
            "ts": "1657923420.000000"
        }
    },
    {
        "type": "message",
        "subtype": "channel_join",
        "ts": "1657931434.367259",
        "user": "UKGLCA1GS",
        "text": "<@UKGLCA1GS> has joined the channel"
    }
]