[
    {
        "client_msg_id": "f2d118f5-7b1c-4124-aa1e-eece10265ca6",
        "type": "message",
        "text": "All interested in mappings can rejoin the idmil zoom at 12! :)",
        "user": "U03JTLB9FSS",
        "ts": "1670344074.952899",
        "blocks": [
            {
                "type": "rich_text",
                "block_id": "FYp",
                "elements": [
                    {
                        "type": "rich_text_section",
                        "elements": [
                            {
                                "type": "text",
                                "text": "All interested in mappings can rejoin the idmil zoom at 12! :)"
                            }
                        ]
                    }
                ]
            }
        ],
        "team": "TJPN85XRA",
        "user_team": "TJPN85XRA",
        "source_team": "TJPN85XRA",
        "user_profile": {
            "avatar_hash": "459fb8de8703",
            "image_72": "https:\/\/avatars.slack-edge.com\/2022-07-28\/3867310060339_459fb8de8703bb2678e5_72.jpg",
            "first_name": "Brady",
            "real_name": "Brady Boettcher",
            "display_name": "",
            "team": "TJPN85XRA",
            "name": "brady.boettcher",
            "is_restricted": false,
            "is_ultra_restricted": false
        }
    },
    {
        "client_msg_id": "2d0183b1-6c2a-4f43-a41a-20d65edfe1b4",
        "type": "message",
        "text": "<@U03JTLB9FSS> continuing our conversation about signals not appearing from ESP32-hosted devices: Mathias had modified the MAX_BUNDLE_LEN to 1460 in the libmapper-arduino repo, which was overwritten in your PR\n```- #define MAX_BUNDLE_LEN 1460\n+ #define MAX_BUNDLE_LEN 8192```\nIf you set it to 1460 it should fix your issue!",
        "user": "U010TD4329M",
        "ts": "1670347083.370029",
        "blocks": [
            {
                "type": "rich_text",
                "block_id": "gNT",
                "elements": [
                    {
                        "type": "rich_text_section",
                        "elements": [
                            {
                                "type": "user",
                                "user_id": "U03JTLB9FSS"
                            },
                            {
                                "type": "text",
                                "text": " continuing our conversation about signals not appearing from ESP32-hosted devices: Mathias had modified the MAX_BUNDLE_LEN to 1460 in the libmapper-arduino repo, which was overwritten in your PR\n"
                            }
                        ]
                    },
                    {
                        "type": "rich_text_preformatted",
                        "elements": [
                            {
                                "type": "text",
                                "text": "- #define MAX_BUNDLE_LEN 1460\n+ #define MAX_BUNDLE_LEN 8192"
                            }
                        ],
                        "border": 0
                    },
                    {
                        "type": "rich_text_section",
                        "elements": [
                            {
                                "type": "text",
                                "text": "If you set it to 1460 it should fix your issue!"
                            }
                        ]
                    }
                ]
            }
        ],
        "team": "TJPN85XRA",
        "user_team": "TJPN85XRA",
        "source_team": "TJPN85XRA",
        "user_profile": {
            "avatar_hash": "g76664e246bb",
            "image_72": "https:\/\/secure.gravatar.com\/avatar\/76664e246bb99704f2fe508d673b1124.jpg?s=72&d=https%3A%2F%2Fa.slack-edge.com%2Fdf10d%2Fimg%2Favatars%2Fava_0026-72.png",
            "first_name": "",
            "real_name": "Joe Malloch",
            "display_name": "Joe Malloch",
            "team": "TJPN85XRA",
            "name": "jmalloch",
            "is_restricted": false,
            "is_ultra_restricted": false
        },
        "thread_ts": "1670347083.370029",
        "reply_count": 3,
        "reply_users_count": 2,
        "latest_reply": "1670532501.793399",
        "reply_users": [
            "U03JTLB9FSS",
            "U010TD4329M"
        ],
        "replies": [
            {
                "user": "U03JTLB9FSS",
                "ts": "1670514921.279189"
            },
            {
                "user": "U010TD4329M",
                "ts": "1670530297.929789"
            },
            {
                "user": "U03JTLB9FSS",
                "ts": "1670532501.793399"
            }
        ],
        "is_locked": false,
        "subscribed": false
    },
    {
        "client_msg_id": "42f155b5-e4b2-436c-b8df-8dd83b55be0c",
        "type": "message",
        "text": "Perhaps we could patch this value as part of the `update-library.sh` script?",
        "user": "U010TD4329M",
        "ts": "1670347161.791759",
        "blocks": [
            {
                "type": "rich_text",
                "block_id": "f8t=s",
                "elements": [
                    {
                        "type": "rich_text_section",
                        "elements": [
                            {
                                "type": "text",
                                "text": "Perhaps we could patch this value as part of the "
                            },
                            {
                                "type": "text",
                                "text": "update-library.sh",
                                "style": {
                                    "code": true
                                }
                            },
                            {
                                "type": "text",
                                "text": " script?"
                            }
                        ]
                    }
                ]
            }
        ],
        "team": "TJPN85XRA",
        "user_team": "TJPN85XRA",
        "source_team": "TJPN85XRA",
        "user_profile": {
            "avatar_hash": "g76664e246bb",
            "image_72": "https:\/\/secure.gravatar.com\/avatar\/76664e246bb99704f2fe508d673b1124.jpg?s=72&d=https%3A%2F%2Fa.slack-edge.com%2Fdf10d%2Fimg%2Favatars%2Fava_0026-72.png",
            "first_name": "",
            "real_name": "Joe Malloch",
            "display_name": "Joe Malloch",
            "team": "TJPN85XRA",
            "name": "jmalloch",
            "is_restricted": false,
            "is_ultra_restricted": false
        },
        "reactions": [
            {
                "name": "headset_parrot",
                "users": [
                    "U03JTLB9FSS"
                ],
                "count": 1
            }
        ]
    },
    {
        "client_msg_id": "99a72456-f875-4cf9-8ca4-97e5a972641d",
        "type": "message",
        "text": "Definitely. For now I'll hardcode the variable change and add an issue for when I have time to fix it, then we can merge?",
        "user": "U03JTLB9FSS",
        "ts": "1670347310.319679",
        "blocks": [
            {
                "type": "rich_text",
                "block_id": "Wx+",
                "elements": [
                    {
                        "type": "rich_text_section",
                        "elements": [
                            {
                                "type": "text",
                                "text": "Definitely. For now I'll hardcode the variable change and add an issue for when I have time to fix it, then we can merge?"
                            }
                        ]
                    }
                ]
            }
        ],
        "team": "TJPN85XRA",
        "user_team": "TJPN85XRA",
        "source_team": "TJPN85XRA",
        "user_profile": {
            "avatar_hash": "459fb8de8703",
            "image_72": "https:\/\/avatars.slack-edge.com\/2022-07-28\/3867310060339_459fb8de8703bb2678e5_72.jpg",
            "first_name": "Brady",
            "real_name": "Brady Boettcher",
            "display_name": "",
            "team": "TJPN85XRA",
            "name": "brady.boettcher",
            "is_restricted": false,
            "is_ultra_restricted": false
        },
        "reactions": [
            {
                "name": "+1",
                "users": [
                    "U010TD4329M"
                ],
                "count": 1
            }
        ]
    }
]