[
    {
        "type": "message",
        "subtype": "channel_join",
        "ts": "1667503455.715049",
        "user": "U04920VRM1S",
        "text": "<@U04920VRM1S> has joined the channel"
    },
    {
        "type": "message",
        "text": "sneak peek at a quick side project",
        "files": [
            {
                "id": "F049UKMDU7K",
                "mode": "hidden_by_limit"
            }
        ],
        "upload": false,
        "user": "U03JTLB9FSS",
        "display_as_bot": false,
        "ts": "1667535485.028819",
        "blocks": [
            {
                "type": "rich_text",
                "block_id": "\/ApLe",
                "elements": [
                    {
                        "type": "rich_text_section",
                        "elements": [
                            {
                                "type": "text",
                                "text": "sneak peek at a quick side project"
                            }
                        ]
                    }
                ]
            }
        ],
        "edited": {
            "user": "U03JTLB9FSS",
            "ts": "1667535535.000000"
        },
        "client_msg_id": "e4f22ebd-f6ec-42b5-afd9-c9d13906e5d1",
        "thread_ts": "1667535485.028819",
        "reply_count": 4,
        "reply_users_count": 3,
        "latest_reply": "1667573403.892289",
        "reply_users": [
            "U04920VRM1S",
            "UJCU8BAAW",
            "U03JTLB9FSS"
        ],
        "replies": [
            {
                "user": "U04920VRM1S",
                "ts": "1667559734.036429"
            },
            {
                "user": "UJCU8BAAW",
                "ts": "1667568568.624919"
            },
            {
                "user": "U03JTLB9FSS",
                "ts": "1667568599.711979"
            },
            {
                "user": "U03JTLB9FSS",
                "ts": "1667573403.892289"
            }
        ],
        "is_locked": false,
        "subscribed": false,
        "reactions": [
            {
                "name": "+1",
                "users": [
                    "U04920VRM1S",
                    "UKGLCA1GS",
                    "U010TD4329M"
                ],
                "count": 3
            }
        ]
    }
]