[
    {
        "client_msg_id": "88e09d78-b3c3-4f5a-b581-9784fdbf52e7",
        "type": "message",
        "text": "Signal IDs are based on a bitwise OR of their parent device's ID (which is a hash of their unique name on the network) and the current value of the graph's resource counter, therefore signal IDs are not deterministically assigned and may be different every time a program is run even if the signals involved are identical; correct?",
        "user": "UJR4DDS12",
        "ts": "1655973082.219939",
        "blocks": [
            {
                "type": "rich_text",
                "block_id": "sppq",
                "elements": [
                    {
                        "type": "rich_text_section",
                        "elements": [
                            {
                                "type": "text",
                                "text": "Signal IDs are based on a bitwise OR of their parent device's ID (which is a hash of their unique name on the network) and the current value of the graph's resource counter, therefore signal IDs are not deterministically assigned and may be different every time a program is run even if the signals involved are identical; correct?"
                            }
                        ]
                    }
                ]
            }
        ],
        "team": "TJPN85XRA",
        "user_team": "TJPN85XRA",
        "source_team": "TJPN85XRA",
        "user_profile": {
            "avatar_hash": "a59dc6f2aaf0",
            "image_72": "https:\/\/avatars.slack-edge.com\/2022-06-18\/3673671924631_a59dc6f2aaf006d655d2_72.jpg",
            "first_name": "Travis",
            "real_name": "Travis West",
            "display_name": "Travis",
            "team": "TJPN85XRA",
            "name": "travis.west",
            "is_restricted": false,
            "is_ultra_restricted": false
        }
    },
    {
        "client_msg_id": "2904379e-fb4c-4183-bff8-1520046504f0",
        "type": "message",
        "text": "IDs are shared across the whole network, right? Yeah, they must be, they're accessible as properties...",
        "user": "UJR4DDS12",
        "ts": "1655974101.233319",
        "blocks": [
            {
                "type": "rich_text",
                "block_id": "cqf",
                "elements": [
                    {
                        "type": "rich_text_section",
                        "elements": [
                            {
                                "type": "text",
                                "text": "IDs are shared across the whole network, right? Yeah, they must be, they're accessible as properties..."
                            }
                        ]
                    }
                ]
            }
        ],
        "team": "TJPN85XRA",
        "user_team": "TJPN85XRA",
        "source_team": "TJPN85XRA",
        "user_profile": {
            "avatar_hash": "a59dc6f2aaf0",
            "image_72": "https:\/\/avatars.slack-edge.com\/2022-06-18\/3673671924631_a59dc6f2aaf006d655d2_72.jpg",
            "first_name": "Travis",
            "real_name": "Travis West",
            "display_name": "Travis",
            "team": "TJPN85XRA",
            "name": "travis.west",
            "is_restricted": false,
            "is_ultra_restricted": false
        }
    },
    {
        "client_msg_id": "477a5b5d-d35a-46d3-b5e7-653fbe775406",
        "type": "message",
        "text": "But across sessions, signals IDs are likely to change, whereas device IDs may remain the same.",
        "user": "UJR4DDS12",
        "ts": "1655974443.444589",
        "blocks": [
            {
                "type": "rich_text",
                "block_id": "rMwz",
                "elements": [
                    {
                        "type": "rich_text_section",
                        "elements": [
                            {
                                "type": "text",
                                "text": "But across sessions, signals IDs are likely to change, whereas device IDs may remain the same."
                            }
                        ]
                    }
                ]
            }
        ],
        "team": "TJPN85XRA",
        "user_team": "TJPN85XRA",
        "source_team": "TJPN85XRA",
        "user_profile": {
            "avatar_hash": "a59dc6f2aaf0",
            "image_72": "https:\/\/avatars.slack-edge.com\/2022-06-18\/3673671924631_a59dc6f2aaf006d655d2_72.jpg",
            "first_name": "Travis",
            "real_name": "Travis West",
            "display_name": "Travis",
            "team": "TJPN85XRA",
            "name": "travis.west",
            "is_restricted": false,
            "is_ultra_restricted": false
        }
    },
    {
        "client_msg_id": "9f2c2999-6e00-4291-ae51-91e8bc61f52a",
        "type": "message",
        "text": "what is the version property used for? Is that just user supplied metadata?",
        "user": "UJR4DDS12",
        "ts": "1655974893.633129",
        "blocks": [
            {
                "type": "rich_text",
                "block_id": "YTvNI",
                "elements": [
                    {
                        "type": "rich_text_section",
                        "elements": [
                            {
                                "type": "text",
                                "text": "what is the version property used for? Is that just user supplied metadata?"
                            }
                        ]
                    }
                ]
            }
        ],
        "team": "TJPN85XRA",
        "user_team": "TJPN85XRA",
        "source_team": "TJPN85XRA",
        "user_profile": {
            "avatar_hash": "a59dc6f2aaf0",
            "image_72": "https:\/\/avatars.slack-edge.com\/2022-06-18\/3673671924631_a59dc6f2aaf006d655d2_72.jpg",
            "first_name": "Travis",
            "real_name": "Travis West",
            "display_name": "Travis",
            "team": "TJPN85XRA",
            "name": "travis.west",
            "is_restricted": false,
            "is_ultra_restricted": false
        },
        "thread_ts": "1655974893.633129",
        "reply_count": 2,
        "reply_users_count": 2,
        "latest_reply": "1656527324.136699",
        "reply_users": [
            "U010TD4329M",
            "UJR4DDS12"
        ],
        "replies": [
            {
                "user": "U010TD4329M",
                "ts": "1656011494.995869"
            },
            {
                "user": "UJR4DDS12",
                "ts": "1656527324.136699"
            }
        ],
        "is_locked": false,
        "subscribed": false
    },
    {
        "client_msg_id": "8a5eb7f5-7acc-45d6-842f-abcdb1f8bfb6",
        "type": "message",
        "text": "Sorry to bring in a different topic, but I've been having some <https:\/\/github.com\/libmapper\/libmapper\/issues\/76|int32\/int64 bugs> when setting signal ranges from my unity project, and the more I look it seems like MPR_INT32 is treated as an `int` throughout the libmapper code, which could be 64 bit depending on the platform. It looks like it's for alignment, but seems to be messing up how the min and max is interpreted somewhere along the line. I'd appreciate some help if anyone finds the time to poke around!",
        "user": "U03JTLB9FSS",
        "ts": "1655982172.042569",
        "blocks": [
            {
                "type": "rich_text",
                "block_id": "9Hjo",
                "elements": [
                    {
                        "type": "rich_text_section",
                        "elements": [
                            {
                                "type": "text",
                                "text": "Sorry to bring in a different topic, but I've been having some "
                            },
                            {
                                "type": "link",
                                "url": "https:\/\/github.com\/libmapper\/libmapper\/issues\/76",
                                "text": "int32\/int64 bugs"
                            },
                            {
                                "type": "text",
                                "text": " when setting signal ranges from my unity project, and the more I look it seems like MPR_INT32 is treated as an "
                            },
                            {
                                "type": "text",
                                "text": "int",
                                "style": {
                                    "code": true
                                }
                            },
                            {
                                "type": "text",
                                "text": " throughout the libmapper code, which could be 64 bit depending on the platform. It looks like it's for alignment, but seems to be messing up how the min and max is interpreted somewhere along the line. I'd appreciate some help if anyone finds the time to poke around!"
                            }
                        ]
                    }
                ]
            }
        ],
        "team": "TJPN85XRA",
        "user_team": "TJPN85XRA",
        "source_team": "TJPN85XRA",
        "user_profile": {
            "avatar_hash": "459fb8de8703",
            "image_72": "https:\/\/avatars.slack-edge.com\/2022-07-28\/3867310060339_459fb8de8703bb2678e5_72.jpg",
            "first_name": "Brady",
            "real_name": "Brady Boettcher",
            "display_name": "",
            "team": "TJPN85XRA",
            "name": "brady.boettcher",
            "is_restricted": false,
            "is_ultra_restricted": false
        },
        "edited": {
            "user": "U03JTLB9FSS",
            "ts": "1655982200.000000"
        }
    },
    {
        "client_msg_id": "4ea4b037-3fab-4dcc-b96e-4a0f6d9cfb15",
        "type": "message",
        "text": "I had also noticed before that MPR_INT32 is not actually certain to be 32 bits and wondered why we don't have typedefs to int32_t or something in mapper_types.h. Same with floats and doubles and everything. I'm surprised it would make a difference though if MPR_INT32s are being stored in a larger int format!",
        "user": "UJR4DDS12",
        "ts": "1655984842.692699",
        "blocks": [
            {
                "type": "rich_text",
                "block_id": "t00",
                "elements": [
                    {
                        "type": "rich_text_section",
                        "elements": [
                            {
                                "type": "text",
                                "text": "I had also noticed before that MPR_INT32 is not actually certain to be 32 bits and wondered why we don't have typedefs to int32_t or something in mapper_types.h. Same with floats and doubles and everything. I'm surprised it would make a difference though if MPR_INT32s are being stored in a larger int format!"
                            }
                        ]
                    }
                ]
            }
        ],
        "team": "TJPN85XRA",
        "user_team": "TJPN85XRA",
        "source_team": "TJPN85XRA",
        "user_profile": {
            "avatar_hash": "a59dc6f2aaf0",
            "image_72": "https:\/\/avatars.slack-edge.com\/2022-06-18\/3673671924631_a59dc6f2aaf006d655d2_72.jpg",
            "first_name": "Travis",
            "real_name": "Travis West",
            "display_name": "Travis",
            "team": "TJPN85XRA",
            "name": "travis.west",
            "is_restricted": false,
            "is_ultra_restricted": false
        }
    },
    {
        "client_msg_id": "44bbf0f7-fb63-4509-a096-beca80fa3442",
        "type": "message",
        "text": "in the case of the bug report above, somewhere along the line it's extending the 32 bit max value into 64 bits, with the extra bits as garbage. I'll try finding where this is happening, but I agree it would make more sense to enforce `int32_t` from stdint.h when we can",
        "user": "U03JTLB9FSS",
        "ts": "1655985470.563169",
        "blocks": [
            {
                "type": "rich_text",
                "block_id": "ymcF",
                "elements": [
                    {
                        "type": "rich_text_section",
                        "elements": [
                            {
                                "type": "text",
                                "text": "in the case of the bug report above, somewhere along the line it's extending the 32 bit max value into 64 bits, with the extra bits as garbage. I'll try finding where this is happening, but I agree it would make more sense to enforce "
                            },
                            {
                                "type": "text",
                                "text": "int32_t",
                                "style": {
                                    "code": true
                                }
                            },
                            {
                                "type": "text",
                                "text": " from stdint.h when we can"
                            }
                        ]
                    }
                ]
            }
        ],
        "team": "TJPN85XRA",
        "user_team": "TJPN85XRA",
        "source_team": "TJPN85XRA",
        "user_profile": {
            "avatar_hash": "459fb8de8703",
            "image_72": "https:\/\/avatars.slack-edge.com\/2022-07-28\/3867310060339_459fb8de8703bb2678e5_72.jpg",
            "first_name": "Brady",
            "real_name": "Brady Boettcher",
            "display_name": "",
            "team": "TJPN85XRA",
            "name": "brady.boettcher",
            "is_restricted": false,
            "is_ultra_restricted": false
        }
    },
    {
        "client_msg_id": "cb5bb701-1c11-43de-8211-3b9518ab82c5",
        "type": "message",
        "text": "sounds like you've got some intense debugging ahead of you. See if you can binary search it. You know the min and max are correct at the beginning, and you know they've gone wrong at the other end. Check half way in between the beginning and end. And then a quarter of the way and so on. Or maybe it would be easier to work from the beginning until you see they've gone wrong? I guess it might be hard to debug the unity bindings though...",
        "user": "UJR4DDS12",
        "ts": "1655986015.319539",
        "blocks": [
            {
                "type": "rich_text",
                "block_id": "zxqyT",
                "elements": [
                    {
                        "type": "rich_text_section",
                        "elements": [
                            {
                                "type": "text",
                                "text": "sounds like you've got some intense debugging ahead of you. See if you can binary search it. You know the min and max are correct at the beginning, and you know they've gone wrong at the other end. Check half way in between the beginning and end. And then a quarter of the way and so on. Or maybe it would be easier to work from the beginning until you see they've gone wrong? I guess it might be hard to debug the unity bindings though..."
                            }
                        ]
                    }
                ]
            }
        ],
        "team": "TJPN85XRA",
        "user_team": "TJPN85XRA",
        "source_team": "TJPN85XRA",
        "user_profile": {
            "avatar_hash": "a59dc6f2aaf0",
            "image_72": "https:\/\/avatars.slack-edge.com\/2022-06-18\/3673671924631_a59dc6f2aaf006d655d2_72.jpg",
            "first_name": "Travis",
            "real_name": "Travis West",
            "display_name": "Travis",
            "team": "TJPN85XRA",
            "name": "travis.west",
            "is_restricted": false,
            "is_ultra_restricted": false
        }
    },
    {
        "client_msg_id": "97fe9c87-109c-4da6-a050-de2d2871aff3",
        "type": "message",
        "text": "Godspeed man.",
        "user": "UJR4DDS12",
        "ts": "1655986033.227499",
        "blocks": [
            {
                "type": "rich_text",
                "block_id": "pcU",
                "elements": [
                    {
                        "type": "rich_text_section",
                        "elements": [
                            {
                                "type": "text",
                                "text": "Godspeed man."
                            }
                        ]
                    }
                ]
            }
        ],
        "team": "TJPN85XRA",
        "user_team": "TJPN85XRA",
        "source_team": "TJPN85XRA",
        "user_profile": {
            "avatar_hash": "a59dc6f2aaf0",
            "image_72": "https:\/\/avatars.slack-edge.com\/2022-06-18\/3673671924631_a59dc6f2aaf006d655d2_72.jpg",
            "first_name": "Travis",
            "real_name": "Travis West",
            "display_name": "Travis",
            "team": "TJPN85XRA",
            "name": "travis.west",
            "is_restricted": false,
            "is_ultra_restricted": false
        }
    },
    {
        "client_msg_id": "5e8057b9-5766-432c-b706-8e35e65369ef",
        "type": "message",
        "text": "fixed it on the unity end! the DLL functions were being called with float references instead of ints, hence the garbage data. Not as complicated as we thought haha. Just assumed that it was a more general problem since I saw similar range corruption on probatio, so I'll be sure to check those out when I get back to montreal",
        "user": "U03JTLB9FSS",
        "ts": "1655994094.815389",
        "blocks": [
            {
                "type": "rich_text",
                "block_id": "4M1i",
                "elements": [
                    {
                        "type": "rich_text_section",
                        "elements": [
                            {
                                "type": "text",
                                "text": "fixed it on the unity end! the DLL functions were being called with float references instead of ints, hence the garbage data. Not as complicated as we thought haha. Just assumed that it was a more general problem since I saw similar range corruption on probatio, so I'll be sure to check those out when I get back to montreal"
                            }
                        ]
                    }
                ]
            }
        ],
        "team": "TJPN85XRA",
        "user_team": "TJPN85XRA",
        "source_team": "TJPN85XRA",
        "user_profile": {
            "avatar_hash": "459fb8de8703",
            "image_72": "https:\/\/avatars.slack-edge.com\/2022-07-28\/3867310060339_459fb8de8703bb2678e5_72.jpg",
            "first_name": "Brady",
            "real_name": "Brady Boettcher",
            "display_name": "",
            "team": "TJPN85XRA",
            "name": "brady.boettcher",
            "is_restricted": false,
            "is_ultra_restricted": false
        },
        "reactions": [
            {
                "name": "raised_hands",
                "users": [
                    "UJR4DDS12",
                    "U010TD4329M"
                ],
                "count": 2
            },
            {
                "name": "+1",
                "users": [
                    "U010TD4329M"
                ],
                "count": 1
            }
        ]
    },
    {
        "client_msg_id": "6f9607b1-6cb9-48e2-80a6-e910be35e2a6",
        "type": "message",
        "text": "The version property is used to reduce bandwidth usage when synchronizing properties across the graph. A (re)subscribe message can include the last version seen.",
        "user": "U010TD4329M",
        "ts": "1656011494.995869",
        "blocks": [
            {
                "type": "rich_text",
                "block_id": "wCvK3",
                "elements": [
                    {
                        "type": "rich_text_section",
                        "elements": [
                            {
                                "type": "text",
                                "text": "The version property is used to reduce bandwidth usage when synchronizing properties across the graph. A (re)subscribe message can include the last version seen."
                            }
                        ]
                    }
                ]
            }
        ],
        "team": "TJPN85XRA",
        "user_team": "TJPN85XRA",
        "source_team": "TJPN85XRA",
        "user_profile": {
            "avatar_hash": "g76664e246bb",
            "image_72": "https:\/\/secure.gravatar.com\/avatar\/76664e246bb99704f2fe508d673b1124.jpg?s=72&d=https%3A%2F%2Fa.slack-edge.com%2Fdf10d%2Fimg%2Favatars%2Fava_0026-72.png",
            "first_name": "",
            "real_name": "Joe Malloch",
            "display_name": "Joe Malloch",
            "team": "TJPN85XRA",
            "name": "jmalloch",
            "is_restricted": false,
            "is_ultra_restricted": false
        },
        "thread_ts": "1655974893.633129",
        "parent_user_id": "UJR4DDS12"
    }
]