[
    {
        "client_msg_id": "a5d7f80c-90fb-41c1-93da-78df55d34cc6",
        "type": "message",
        "text": "Even if the devices share a graph they each have their own network address for receiving signal updates. Signal updates are sent peer-to-peer, not on the shared \"admin bus\" so name collision between devices is not possible.",
        "user": "U010TD4329M",
        "ts": "1658604209.475509",
        "blocks": [
            {
                "type": "rich_text",
                "block_id": "qep",
                "elements": [
                    {
                        "type": "rich_text_section",
                        "elements": [
                            {
                                "type": "text",
                                "text": "Even if the devices share a graph they each have their own network address for receiving signal updates. Signal updates are sent peer-to-peer, not on the shared \"admin bus\" so name collision between devices is not possible."
                            }
                        ]
                    }
                ]
            }
        ],
        "team": "TJPN85XRA",
        "user_team": "TJPN85XRA",
        "source_team": "TJPN85XRA",
        "user_profile": {
            "avatar_hash": "g76664e246bb",
            "image_72": "https:\/\/secure.gravatar.com\/avatar\/76664e246bb99704f2fe508d673b1124.jpg?s=72&d=https%3A%2F%2Fa.slack-edge.com%2Fdf10d%2Fimg%2Favatars%2Fava_0026-72.png",
            "first_name": "",
            "real_name": "Joe Malloch",
            "display_name": "Joe Malloch",
            "team": "TJPN85XRA",
            "name": "jmalloch",
            "is_restricted": false,
            "is_ultra_restricted": false
        },
        "thread_ts": "1658513070.301059",
        "parent_user_id": "UJR4DDS12",
        "reactions": [
            {
                "name": "pray",
                "users": [
                    "UJR4DDS12"
                ],
                "count": 1
            }
        ]
    },
    {
        "client_msg_id": "99b236ad-173d-46e0-9a9d-903f05f34c4f",
        "type": "message",
        "text": "The signal iteration is necessary because we need to update the unique ids for all existing signals now that the device id is known. New signals added after device registration will automatically receive the correct id.",
        "user": "U010TD4329M",
        "ts": "1658604295.267669",
        "blocks": [
            {
                "type": "rich_text",
                "block_id": "xF7",
                "elements": [
                    {
                        "type": "rich_text_section",
                        "elements": [
                            {
                                "type": "text",
                                "text": "The signal iteration is necessary because we need to update the unique ids for all existing signals now that the device id is known. New signals added after device registration will automatically receive the correct id."
                            }
                        ]
                    }
                ]
            }
        ],
        "team": "TJPN85XRA",
        "user_team": "TJPN85XRA",
        "source_team": "TJPN85XRA",
        "user_profile": {
            "avatar_hash": "g76664e246bb",
            "image_72": "https:\/\/secure.gravatar.com\/avatar\/76664e246bb99704f2fe508d673b1124.jpg?s=72&d=https%3A%2F%2Fa.slack-edge.com%2Fdf10d%2Fimg%2Favatars%2Fava_0026-72.png",
            "first_name": "",
            "real_name": "Joe Malloch",
            "display_name": "Joe Malloch",
            "team": "TJPN85XRA",
            "name": "jmalloch",
            "is_restricted": false,
            "is_ultra_restricted": false
        },
        "thread_ts": "1658513233.942379",
        "parent_user_id": "UJR4DDS12"
    }
]