[
    {
        "type": "message",
        "text": "any thoughts on a slightly new panel ordering for loading\/unloading sessions?",
        "files": [
            {
                "id": "F04A7JW5N3H",
                "mode": "hidden_by_limit"
            }
        ],
        "upload": false,
        "user": "U03JTLB9FSS",
        "display_as_bot": false,
        "ts": "1668230507.094889",
        "blocks": [
            {
                "type": "rich_text",
                "block_id": "NrMs0",
                "elements": [
                    {
                        "type": "rich_text_section",
                        "elements": [
                            {
                                "type": "text",
                                "text": "any thoughts on a slightly new panel ordering for loading\/unloading sessions?"
                            }
                        ]
                    }
                ]
            }
        ],
        "client_msg_id": "cc03dea2-19f5-4e61-b51e-0f81025bf10d"
    },
    {
        "client_msg_id": "29f61121-2bb5-4391-a61e-16b6c76ae815",
        "type": "message",
        "text": "can be tried out here: <https:\/\/github.com\/libmapper\/webmapper\/pull\/33>\n• now with a requirements.txt! (pip install -r requirements.txt) to install all dependencies",
        "user": "U03JTLB9FSS",
        "ts": "1668230842.772159",
        "blocks": [
            {
                "type": "rich_text",
                "block_id": "CD60o",
                "elements": [
                    {
                        "type": "rich_text_section",
                        "elements": [
                            {
                                "type": "text",
                                "text": "can be tried out here: "
                            },
                            {
                                "type": "link",
                                "url": "https:\/\/github.com\/libmapper\/webmapper\/pull\/33"
                            },
                            {
                                "type": "text",
                                "text": "\n"
                            }
                        ]
                    },
                    {
                        "type": "rich_text_list",
                        "elements": [
                            {
                                "type": "rich_text_section",
                                "elements": [
                                    {
                                        "type": "text",
                                        "text": "now with a requirements.txt! (pip install -r requirements.txt) to install all dependencies"
                                    }
                                ]
                            }
                        ],
                        "style": "bullet",
                        "indent": 0,
                        "border": 0
                    }
                ]
            }
        ],
        "team": "TJPN85XRA",
        "user_team": "TJPN85XRA",
        "source_team": "TJPN85XRA",
        "user_profile": {
            "avatar_hash": "459fb8de8703",
            "image_72": "https:\/\/avatars.slack-edge.com\/2022-07-28\/3867310060339_459fb8de8703bb2678e5_72.jpg",
            "first_name": "Brady",
            "real_name": "Brady Boettcher",
            "display_name": "",
            "team": "TJPN85XRA",
            "name": "brady.boettcher",
            "is_restricted": false,
            "is_ultra_restricted": false
        }
    }
]