[
    {
        "client_msg_id": "d068d8fc-de9a-44e4-8564-487de5d42674",
        "type": "message",
        "text": "Hello <@U010TD4329M>,\n\nI opened an issue based on the tests <@U03JTLB9FSS> and I made at IDMIL today: <https:\/\/github.com\/libmapper\/libmapper\/issues\/80>\n\nLooks like there are some networking issues, but I'm note sure exactly where they came.",
        "user": "UJCU8BAAW",
        "ts": "1660159385.764869",
        "blocks": [
            {
                "type": "rich_text",
                "block_id": "Efj+",
                "elements": [
                    {
                        "type": "rich_text_section",
                        "elements": [
                            {
                                "type": "text",
                                "text": "Hello "
                            },
                            {
                                "type": "user",
                                "user_id": "U010TD4329M"
                            },
                            {
                                "type": "text",
                                "text": ",\n\nI opened an issue based on the tests "
                            },
                            {
                                "type": "user",
                                "user_id": "U03JTLB9FSS"
                            },
                            {
                                "type": "text",
                                "text": " and I made at IDMIL today: "
                            },
                            {
                                "type": "link",
                                "url": "https:\/\/github.com\/libmapper\/libmapper\/issues\/80"
                            },
                            {
                                "type": "text",
                                "text": "\n\nLooks like there are some networking issues, but I'm note sure exactly where they came."
                            }
                        ]
                    }
                ]
            }
        ],
        "team": "TJPN85XRA",
        "user_team": "TJPN85XRA",
        "source_team": "TJPN85XRA",
        "user_profile": {
            "avatar_hash": "d49c462f5537",
            "image_72": "https:\/\/avatars.slack-edge.com\/2021-06-14\/2154581376263_d49c462f5537edde8dbb_72.jpg",
            "first_name": "Edu",
            "real_name": "Edu Meneses",
            "display_name": "Edu Meneses",
            "team": "TJPN85XRA",
            "name": "eduardo.meneses",
            "is_restricted": false,
            "is_ultra_restricted": false
        },
        "thread_ts": "1660159385.764869",
        "reply_count": 1,
        "reply_users_count": 1,
        "latest_reply": "1660669436.203129",
        "reply_users": [
            "U010TD4329M"
        ],
        "replies": [
            {
                "user": "U010TD4329M",
                "ts": "1660669436.203129"
            }
        ],
        "is_locked": false,
        "subscribed": false
    },
    {
        "client_msg_id": "faf20c64-685c-4ea3-a3cb-3cde21d618cd",
        "type": "message",
        "text": "And I also found that Windows machines running webmapper aren't able to change network interfaces. I'll investigate from my side though.",
        "user": "U03JTLB9FSS",
        "ts": "1660166730.435489",
        "blocks": [
            {
                "type": "rich_text",
                "block_id": "=N8",
                "elements": [
                    {
                        "type": "rich_text_section",
                        "elements": [
                            {
                                "type": "text",
                                "text": "And I also found that Windows machines running webmapper aren't able to change network interfaces. I'll investigate from my side though."
                            }
                        ]
                    }
                ]
            }
        ],
        "team": "TJPN85XRA",
        "user_team": "TJPN85XRA",
        "source_team": "TJPN85XRA",
        "user_profile": {
            "avatar_hash": "459fb8de8703",
            "image_72": "https:\/\/avatars.slack-edge.com\/2022-07-28\/3867310060339_459fb8de8703bb2678e5_72.jpg",
            "first_name": "Brady",
            "real_name": "Brady Boettcher",
            "display_name": "",
            "team": "TJPN85XRA",
            "name": "brady.boettcher",
            "is_restricted": false,
            "is_ultra_restricted": false
        },
        "reactions": [
            {
                "name": "+1",
                "users": [
                    "U010TD4329M"
                ],
                "count": 1
            },
            {
                "name": "white_check_mark",
                "users": [
                    "U03JTLB9FSS"
                ],
                "count": 1
            }
        ]
    }
]