[
    {
        "client_msg_id": "f3fc097a-21ae-4c39-87ff-2133f5eba5de",
        "type": "message",
        "text": "Thank you both! I've been a bit distracted by other projects, but these tips are helpful. Still working on determining a reproducible case for my connectivity bug, but I appreciate both of your help thus far! :slightly_smiling_face:",
        "user": "U04920VRM1S",
        "ts": "1669736600.851239",
        "blocks": [
            {
                "type": "rich_text",
                "block_id": "xA6",
                "elements": [
                    {
                        "type": "rich_text_section",
                        "elements": [
                            {
                                "type": "text",
                                "text": "Thank you both! I've been a bit distracted by other projects, but these tips are helpful. Still working on determining a reproducible case for my connectivity bug, but I appreciate both of your help thus far! "
                            },
                            {
                                "type": "emoji",
                                "name": "slightly_smiling_face",
                                "unicode": "1f642"
                            }
                        ]
                    }
                ]
            }
        ],
        "team": "TJPN85XRA",
        "user_team": "TJPN85XRA",
        "source_team": "TJPN85XRA",
        "user_profile": {
            "avatar_hash": "ge211e52a359",
            "image_72": "https:\/\/secure.gravatar.com\/avatar\/e211e52a3592d39b4c9cb8410a019489.jpg?s=72&d=https%3A%2F%2Fa.slack-edge.com%2Fdf10d%2Fimg%2Favatars%2Fava_0013-72.png",
            "first_name": "Matt",
            "real_name": "Matt Peachey",
            "display_name": "",
            "team": "TJPN85XRA",
            "name": "peacheym",
            "is_restricted": false,
            "is_ultra_restricted": false
        },
        "thread_ts": "1668718349.459419",
        "parent_user_id": "U04920VRM1S"
    },
    {
        "client_msg_id": "b379e01d-2e42-4503-96f6-17a71149286d",
        "type": "message",
        "text": "Relating to the chat with <@U010TD4329M> and <@UJR4DDS12> this morning, I updated libmapper-arduino with the most recent version of libmapper, still works as expected (hopefully even better!) <https:\/\/github.com\/libmapper\/libmapper-arduino\/pull\/1>",
        "user": "U03JTLB9FSS",
        "ts": "1669752358.126399",
        "blocks": [
            {
                "type": "rich_text",
                "block_id": "bW4N",
                "elements": [
                    {
                        "type": "rich_text_section",
                        "elements": [
                            {
                                "type": "text",
                                "text": "Relating to the chat with "
                            },
                            {
                                "type": "user",
                                "user_id": "U010TD4329M"
                            },
                            {
                                "type": "text",
                                "text": " and "
                            },
                            {
                                "type": "user",
                                "user_id": "UJR4DDS12"
                            },
                            {
                                "type": "text",
                                "text": " this morning, I updated libmapper-arduino with the most recent version of libmapper, still works as expected (hopefully even better!) "
                            },
                            {
                                "type": "link",
                                "url": "https:\/\/github.com\/libmapper\/libmapper-arduino\/pull\/1"
                            }
                        ]
                    }
                ]
            }
        ],
        "team": "TJPN85XRA",
        "user_team": "TJPN85XRA",
        "source_team": "TJPN85XRA",
        "user_profile": {
            "avatar_hash": "459fb8de8703",
            "image_72": "https:\/\/avatars.slack-edge.com\/2022-07-28\/3867310060339_459fb8de8703bb2678e5_72.jpg",
            "first_name": "Brady",
            "real_name": "Brady Boettcher",
            "display_name": "",
            "team": "TJPN85XRA",
            "name": "brady.boettcher",
            "is_restricted": false,
            "is_ultra_restricted": false
        },
        "reactions": [
            {
                "name": "+1::skin-tone-6",
                "users": [
                    "U03JWS43U3H"
                ],
                "count": 1
            },
            {
                "name": "+1",
                "users": [
                    "U04920VRM1S",
                    "U01APBW5N2J",
                    "UKGLCA1GS",
                    "U010TD4329M"
                ],
                "count": 4
            }
        ]
    }
]