[
    {
        "type": "message",
        "subtype": "channel_join",
        "ts": "1655299382.504029",
        "user": "U03JTLB9FSS",
        "text": "<@U03JTLB9FSS> has joined the channel"
    },
    {
        "type": "message",
        "subtype": "channel_join",
        "ts": "1655299399.180699",
        "user": "U010TD4329M",
        "text": "<@U010TD4329M> has joined the channel",
        "inviter": "U03JTLB9FSS"
    },
    {
        "type": "message",
        "subtype": "channel_join",
        "ts": "1655299399.256739",
        "user": "U029MNKJ0DR",
        "text": "<@U029MNKJ0DR> has joined the channel",
        "inviter": "U03JTLB9FSS"
    },
    {
        "type": "message",
        "subtype": "channel_join",
        "ts": "1655299399.337229",
        "user": "U01APBW5N2J",
        "text": "<@U01APBW5N2J> has joined the channel",
        "inviter": "U03JTLB9FSS"
    },
    {
        "type": "message",
        "subtype": "channel_join",
        "ts": "1655299399.404199",
        "user": "U03JWS43U3H",
        "text": "<@U03JWS43U3H> has joined the channel",
        "inviter": "U03JTLB9FSS"
    },
    {
        "type": "message",
        "subtype": "channel_join",
        "ts": "1655299399.454039",
        "user": "U03KSGRRF5F",
        "text": "<@U03KSGRRF5F> has joined the channel",
        "inviter": "U03JTLB9FSS"
    },
    {
        "type": "message",
        "subtype": "channel_join",
        "ts": "1655299524.310299",
        "user": "UJSJMACMC",
        "text": "<@UJSJMACMC> has joined the channel",
        "inviter": "U03JTLB9FSS"
    },
    {
        "client_msg_id": "4d32702d-806c-4b58-b3bd-c603c484f0f5",
        "type": "message",
        "text": "Hey <@U010TD4329M>, just made one PR for libmapper (small windows build refactoring) and one for webmapper (weird bugs that prevented devs\/sigs from showing up).\n\nI'm hoping we can use this channel for informal libmapper support and discussions as well. For anyone unaware, there's also the libmapper google group <https:\/\/groups.google.com\/g\/dot_mapper> for more formal-ish discussions.",
        "user": "U03JTLB9FSS",
        "ts": "1655299686.685929",
        "blocks": [
            {
                "type": "rich_text",
                "block_id": "kSdaM",
                "elements": [
                    {
                        "type": "rich_text_section",
                        "elements": [
                            {
                                "type": "text",
                                "text": "Hey "
                            },
                            {
                                "type": "user",
                                "user_id": "U010TD4329M"
                            },
                            {
                                "type": "text",
                                "text": ", just made one PR for libmapper (small windows build refactoring) and one for webmapper (weird bugs that prevented devs\/sigs from showing up).\n\nI'm hoping we can use this channel for informal libmapper support and discussions as well. For anyone unaware, there's also the libmapper google group "
                            },
                            {
                                "type": "link",
                                "url": "https:\/\/groups.google.com\/g\/dot_mapper"
                            },
                            {
                                "type": "text",
                                "text": " for more formal-ish discussions."
                            }
                        ]
                    }
                ]
            }
        ],
        "team": "TJPN85XRA",
        "user_team": "TJPN85XRA",
        "source_team": "TJPN85XRA",
        "user_profile": {
            "avatar_hash": "459fb8de8703",
            "image_72": "https:\/\/avatars.slack-edge.com\/2022-07-28\/3867310060339_459fb8de8703bb2678e5_72.jpg",
            "first_name": "Brady",
            "real_name": "Brady Boettcher",
            "display_name": "",
            "team": "TJPN85XRA",
            "name": "brady.boettcher",
            "is_restricted": false,
            "is_ultra_restricted": false
        },
        "thread_ts": "1655299686.685929",
        "reply_count": 1,
        "reply_users_count": 1,
        "latest_reply": "1655572713.859479",
        "reply_users": [
            "UJR4DDS12"
        ],
        "replies": [
            {
                "user": "UJR4DDS12",
                "ts": "1655572713.859479"
            }
        ],
        "is_locked": false,
        "subscribed": false,
        "reactions": [
            {
                "name": "+1",
                "users": [
                    "U010TD4329M",
                    "UJR4DDS12"
                ],
                "count": 2
            }
        ]
    }
]