[
    {
        "client_msg_id": "883e565f-1c47-4116-963d-cd09593c9886",
        "type": "message",
        "text": "I've given those commands a go, and I can't seem to get it - might be worth working with <@U03RKAGLHTP> on this!",
        "user": "U01APBW5N2J",
        "ts": "1679517467.755019",
        "blocks": [
            {
                "type": "rich_text",
                "block_id": "BISUV",
                "elements": [
                    {
                        "type": "rich_text_section",
                        "elements": [
                            {
                                "type": "text",
                                "text": "I've given those commands a go, and I can't seem to get it - might be worth working with "
                            },
                            {
                                "type": "user",
                                "user_id": "U03RKAGLHTP"
                            },
                            {
                                "type": "text",
                                "text": " on this!"
                            }
                        ]
                    }
                ]
            }
        ],
        "team": "TJPN85XRA",
        "user_team": "TJPN85XRA",
        "source_team": "TJPN85XRA",
        "user_profile": {
            "avatar_hash": "fe0a901d9daf",
            "image_72": "https:\/\/avatars.slack-edge.com\/2020-09-17\/1355731656631_fe0a901d9daf26440442_72.png",
            "first_name": "",
            "real_name": "Kasey Pocius",
            "display_name": "Kasey Pocius",
            "team": "TJPN85XRA",
            "name": "kaseypocius",
            "is_restricted": false,
            "is_ultra_restricted": false
        },
        "thread_ts": "1679339747.745389",
        "parent_user_id": "U03JTLB9FSS"
    },
    {
        "client_msg_id": "0147f956-ccfc-4f02-bf56-ef4b8470613d",
        "type": "message",
        "text": "(or at least until after Tommy's doctoral recital on saturday, I'll have more time to poke then)",
        "user": "U01APBW5N2J",
        "ts": "1679517497.590919",
        "blocks": [
            {
                "type": "rich_text",
                "block_id": "UeMf",
                "elements": [
                    {
                        "type": "rich_text_section",
                        "elements": [
                            {
                                "type": "text",
                                "text": "(or at least until after Tommy's doctoral recital on saturday, I'll have more time to poke then)"
                            }
                        ]
                    }
                ]
            }
        ],
        "team": "TJPN85XRA",
        "user_team": "TJPN85XRA",
        "source_team": "TJPN85XRA",
        "user_profile": {
            "avatar_hash": "fe0a901d9daf",
            "image_72": "https:\/\/avatars.slack-edge.com\/2020-09-17\/1355731656631_fe0a901d9daf26440442_72.png",
            "first_name": "",
            "real_name": "Kasey Pocius",
            "display_name": "Kasey Pocius",
            "team": "TJPN85XRA",
            "name": "kaseypocius",
            "is_restricted": false,
            "is_ultra_restricted": false
        },
        "thread_ts": "1679339747.745389",
        "parent_user_id": "U03JTLB9FSS"
    }
]