[
    {
        "type": "message",
        "text": "made a windows installer for webmapper, works like a charm!",
        "files": [
            {
                "id": "F04ULS4TT45",
                "mode": "hidden_by_limit"
            }
        ],
        "upload": false,
        "user": "U03JTLB9FSS",
        "display_as_bot": false,
        "ts": "1679294555.488839",
        "blocks": [
            {
                "type": "rich_text",
                "block_id": "QLu",
                "elements": [
                    {
                        "type": "rich_text_section",
                        "elements": [
                            {
                                "type": "text",
                                "text": "made a windows installer for webmapper, works like a charm!"
                            }
                        ]
                    }
                ]
            }
        ],
        "client_msg_id": "29cfd7e3-aac4-499f-8e4c-4a0346a7bb2a",
        "reactions": [
            {
                "name": "clap::skin-tone-5",
                "users": [
                    "UJCU8BAAW"
                ],
                "count": 1
            },
            {
                "name": "clap",
                "users": [
                    "UKGLCA1GS"
                ],
                "count": 1
            },
            {
                "name": "clap::skin-tone-6",
                "users": [
                    "U03JWS43U3H"
                ],
                "count": 1
            },
            {
                "name": "the_horns",
                "users": [
                    "U01APBW5N2J"
                ],
                "count": 1
            }
        ]
    }
]