[
    {
        "client_msg_id": "e226bae6-b406-4496-80a3-4e305c0020e1",
        "type": "message",
        "text": "<@U03JTLB9FSS> the build instructions do enforce a particular direction for the IMU",
        "user": "U03JWS43U3H",
        "ts": "1667857337.794309",
        "blocks": [
            {
                "type": "rich_text",
                "block_id": "=ugo8",
                "elements": [
                    {
                        "type": "rich_text_section",
                        "elements": [
                            {
                                "type": "user",
                                "user_id": "U03JTLB9FSS"
                            },
                            {
                                "type": "text",
                                "text": " the build instructions do enforce a particular direction for the IMU"
                            }
                        ]
                    }
                ]
            }
        ],
        "team": "TJPN85XRA",
        "user_team": "TJPN85XRA",
        "source_team": "TJPN85XRA",
        "user_profile": {
            "avatar_hash": "g9dd84ade99b",
            "image_72": "https:\/\/secure.gravatar.com\/avatar\/9dd84ade99bb030e9269d9f654d3b81f.jpg?s=72&d=https%3A%2F%2Fa.slack-edge.com%2Fdf10d%2Fimg%2Favatars%2Fava_0006-72.png",
            "first_name": "Albert-Ngabo",
            "real_name": "Albert-Ngabo Niyonsenga",
            "display_name": "Albert-Ngabo Niyonsenga",
            "team": "TJPN85XRA",
            "name": "albert-ngabo.niyonsen",
            "is_restricted": false,
            "is_ultra_restricted": false
        },
        "thread_ts": "1667605150.429639",
        "parent_user_id": "U010TD4329M",
        "reactions": [
            {
                "name": "+1",
                "users": [
                    "U03JTLB9FSS"
                ],
                "count": 1
            }
        ]
    }
]