[
    {
        "client_msg_id": "8b87fba7-c03c-4ceb-8cd4-4f1218bc9bea",
        "type": "message",
        "text": "How are people feeling about whether the sensor fusion code should go in the T-Stick codebase vs Puara? Are there arguments for\/against each?",
        "user": "U010TD4329M",
        "ts": "1670006024.564089",
        "blocks": [
            {
                "type": "rich_text",
                "block_id": "P3n",
                "elements": [
                    {
                        "type": "rich_text_section",
                        "elements": [
                            {
                                "type": "text",
                                "text": "How are people feeling about whether the sensor fusion code should go in the T-Stick codebase vs Puara? Are there arguments for\/against each?"
                            }
                        ]
                    }
                ]
            }
        ],
        "team": "TJPN85XRA",
        "user_team": "TJPN85XRA",
        "source_team": "TJPN85XRA",
        "user_profile": {
            "avatar_hash": "g76664e246bb",
            "image_72": "https:\/\/secure.gravatar.com\/avatar\/76664e246bb99704f2fe508d673b1124.jpg?s=72&d=https%3A%2F%2Fa.slack-edge.com%2Fdf10d%2Fimg%2Favatars%2Fava_0026-72.png",
            "first_name": "",
            "real_name": "Joe Malloch",
            "display_name": "Joe Malloch",
            "team": "TJPN85XRA",
            "name": "jmalloch",
            "is_restricted": false,
            "is_ultra_restricted": false
        },
        "thread_ts": "1670006024.564089",
        "reply_count": 9,
        "reply_users_count": 4,
        "latest_reply": "1670519368.305729",
        "reply_users": [
            "U03JTLB9FSS",
            "UJCU8BAAW",
            "U010TD4329M",
            "UJR4DDS12"
        ],
        "replies": [
            {
                "user": "U03JTLB9FSS",
                "ts": "1670006229.481079"
            },
            {
                "user": "UJCU8BAAW",
                "ts": "1670007540.475239"
            },
            {
                "user": "U010TD4329M",
                "ts": "1670009742.470349"
            },
            {
                "user": "U010TD4329M",
                "ts": "1670009803.618379"
            },
            {
                "user": "UJCU8BAAW",
                "ts": "1670009929.863839"
            },
            {
                "user": "UJCU8BAAW",
                "ts": "1670010004.450709"
            },
            {
                "user": "UJCU8BAAW",
                "ts": "1670010590.687789"
            },
            {
                "user": "UJR4DDS12",
                "ts": "1670518928.846759"
            },
            {
                "user": "U03JTLB9FSS",
                "ts": "1670519368.305729"
            }
        ],
        "is_locked": false,
        "subscribed": false
    },
    {
        "client_msg_id": "af3ef49d-c418-47bd-8056-f8c85d206705",
        "type": "message",
        "text": "I vote for it to go in puara-gestures as it fits in with the goal of abstracting higher level data from sensors and isn't T-Stick specific (unless you count the axes directions, which we should document clearly in the sensor fusion header)",
        "user": "U03JTLB9FSS",
        "ts": "1670006229.481079",
        "blocks": [
            {
                "type": "rich_text",
                "block_id": "rQRd0",
                "elements": [
                    {
                        "type": "rich_text_section",
                        "elements": [
                            {
                                "type": "text",
                                "text": "I vote for it to go in puara-gestures as it fits in with the goal of abstracting higher level data from sensors and isn't T-Stick specific (unless you count the axes directions, which we should document clearly in the sensor fusion header)"
                            }
                        ]
                    }
                ]
            }
        ],
        "team": "TJPN85XRA",
        "user_team": "TJPN85XRA",
        "source_team": "TJPN85XRA",
        "user_profile": {
            "avatar_hash": "459fb8de8703",
            "image_72": "https:\/\/avatars.slack-edge.com\/2022-07-28\/3867310060339_459fb8de8703bb2678e5_72.jpg",
            "first_name": "Brady",
            "real_name": "Brady Boettcher",
            "display_name": "",
            "team": "TJPN85XRA",
            "name": "brady.boettcher",
            "is_restricted": false,
            "is_ultra_restricted": false
        },
        "edited": {
            "user": "U03JTLB9FSS",
            "ts": "1670006291.000000"
        },
        "thread_ts": "1670006024.564089",
        "parent_user_id": "U010TD4329M"
    },
    {
        "client_msg_id": "b43e0b23-6c45-4da3-bcbd-9c02eca3f61e",
        "type": "message",
        "text": "I'm totally biased on that one, but I agree with <@U03JTLB9FSS>. It also makes easy to include in other controllers.\n\nOf course, it doesn't prevents us to keep a separate repo for the code and include to the puara-gestures, in case the author's want to maintain it separately.",
        "user": "UJCU8BAAW",
        "ts": "1670007540.475239",
        "blocks": [
            {
                "type": "rich_text",
                "block_id": "eYdk",
                "elements": [
                    {
                        "type": "rich_text_section",
                        "elements": [
                            {
                                "type": "text",
                                "text": "I'm totally biased on that one, but I agree with "
                            },
                            {
                                "type": "user",
                                "user_id": "U03JTLB9FSS"
                            },
                            {
                                "type": "text",
                                "text": ". It also makes easy to include in other controllers.\n\nOf course, it doesn't prevents us to keep a separate repo for the code and include to the puara-gestures, in case the author's want to maintain it separately."
                            }
                        ]
                    }
                ]
            }
        ],
        "team": "TJPN85XRA",
        "user_team": "TJPN85XRA",
        "source_team": "TJPN85XRA",
        "user_profile": {
            "avatar_hash": "d49c462f5537",
            "image_72": "https:\/\/avatars.slack-edge.com\/2021-06-14\/2154581376263_d49c462f5537edde8dbb_72.jpg",
            "first_name": "Edu",
            "real_name": "Edu Meneses",
            "display_name": "Edu Meneses",
            "team": "TJPN85XRA",
            "name": "eduardo.meneses",
            "is_restricted": false,
            "is_ultra_restricted": false
        },
        "thread_ts": "1670006024.564089",
        "parent_user_id": "U010TD4329M"
    },
    {
        "client_msg_id": "0f9d9924-4285-44ec-8fa8-4c4ad8c0cf5b",
        "type": "message",
        "text": "The code will remain separate, but needs to be called from somewhere. I don't really consider orientation to be \"higher-level\" in the sense of gestures or activity tracking, so IMO it could also be treated as signal conditioning.",
        "user": "U010TD4329M",
        "ts": "1670009742.470349",
        "blocks": [
            {
                "type": "rich_text",
                "block_id": "\/13",
                "elements": [
                    {
                        "type": "rich_text_section",
                        "elements": [
                            {
                                "type": "text",
                                "text": "The code will remain separate, but needs to be called from somewhere. I don't really consider orientation to be \"higher-level\" in the sense of gestures or activity tracking, so IMO it could also be treated as signal conditioning."
                            }
                        ]
                    }
                ]
            }
        ],
        "team": "TJPN85XRA",
        "user_team": "TJPN85XRA",
        "source_team": "TJPN85XRA",
        "user_profile": {
            "avatar_hash": "g76664e246bb",
            "image_72": "https:\/\/secure.gravatar.com\/avatar\/76664e246bb99704f2fe508d673b1124.jpg?s=72&d=https%3A%2F%2Fa.slack-edge.com%2Fdf10d%2Fimg%2Favatars%2Fava_0026-72.png",
            "first_name": "",
            "real_name": "Joe Malloch",
            "display_name": "Joe Malloch",
            "team": "TJPN85XRA",
            "name": "jmalloch",
            "is_restricted": false,
            "is_ultra_restricted": false
        },
        "thread_ts": "1670006024.564089",
        "parent_user_id": "U010TD4329M"
    },
    {
        "client_msg_id": "743e7e04-57f0-42be-8a18-ed20b2e2d95d",
        "type": "message",
        "text": "The calibration step will need to store\/load some offsets &amp; coefficients to\/from file – is there a plan for this?",
        "user": "U010TD4329M",
        "ts": "1670009803.618379",
        "blocks": [
            {
                "type": "rich_text",
                "block_id": "J7qS5",
                "elements": [
                    {
                        "type": "rich_text_section",
                        "elements": [
                            {
                                "type": "text",
                                "text": "The calibration step will need to store\/load some offsets & coefficients to\/from file – is there a plan for this?"
                            }
                        ]
                    }
                ]
            }
        ],
        "team": "TJPN85XRA",
        "user_team": "TJPN85XRA",
        "source_team": "TJPN85XRA",
        "user_profile": {
            "avatar_hash": "g76664e246bb",
            "image_72": "https:\/\/secure.gravatar.com\/avatar\/76664e246bb99704f2fe508d673b1124.jpg?s=72&d=https%3A%2F%2Fa.slack-edge.com%2Fdf10d%2Fimg%2Favatars%2Fava_0026-72.png",
            "first_name": "",
            "real_name": "Joe Malloch",
            "display_name": "Joe Malloch",
            "team": "TJPN85XRA",
            "name": "jmalloch",
            "is_restricted": false,
            "is_ultra_restricted": false
        },
        "thread_ts": "1670006024.564089",
        "parent_user_id": "U010TD4329M"
    },
    {
        "client_msg_id": "a6ac3a49-902d-4804-b6c5-0de97daaded0",
        "type": "message",
        "text": "this is already implemented at the puara-manager layer. The library reads\/writes from a stored json file, makes the values available, and generates a page for the user to update them if needed",
        "user": "UJCU8BAAW",
        "ts": "1670009929.863839",
        "blocks": [
            {
                "type": "rich_text",
                "block_id": "ZY5RH",
                "elements": [
                    {
                        "type": "rich_text_section",
                        "elements": [
                            {
                                "type": "text",
                                "text": "this is already implemented at the puara-manager layer. The library reads\/writes from a stored json file, makes the values available, and generates a page for the user to update them if needed"
                            }
                        ]
                    }
                ]
            }
        ],
        "team": "TJPN85XRA",
        "user_team": "TJPN85XRA",
        "source_team": "TJPN85XRA",
        "user_profile": {
            "avatar_hash": "d49c462f5537",
            "image_72": "https:\/\/avatars.slack-edge.com\/2021-06-14\/2154581376263_d49c462f5537edde8dbb_72.jpg",
            "first_name": "Edu",
            "real_name": "Edu Meneses",
            "display_name": "Edu Meneses",
            "team": "TJPN85XRA",
            "name": "eduardo.meneses",
            "is_restricted": false,
            "is_ultra_restricted": false
        },
        "thread_ts": "1670006024.564089",
        "parent_user_id": "U010TD4329M",
        "reactions": [
            {
                "name": "+1",
                "users": [
                    "U010TD4329M"
                ],
                "count": 1
            }
        ]
    },
    {
        "client_msg_id": "73ca75e3-02c0-449a-9211-9f1a90a317a6",
        "type": "message",
        "text": "this is usually implemented in the controller's code, but nothing prevents us to ~have a page for orientation~ access the puara-manager functions for that",
        "user": "UJCU8BAAW",
        "ts": "1670010004.450709",
        "blocks": [
            {
                "type": "rich_text",
                "block_id": "yXgRU",
                "elements": [
                    {
                        "type": "rich_text_section",
                        "elements": [
                            {
                                "type": "text",
                                "text": "this is usually implemented in the controller's code, but nothing prevents us to "
                            },
                            {
                                "type": "text",
                                "text": "have a page for orientation",
                                "style": {
                                    "strike": true
                                }
                            },
                            {
                                "type": "text",
                                "text": " access the puara-manager functions for that"
                            }
                        ]
                    }
                ]
            }
        ],
        "team": "TJPN85XRA",
        "user_team": "TJPN85XRA",
        "source_team": "TJPN85XRA",
        "user_profile": {
            "avatar_hash": "d49c462f5537",
            "image_72": "https:\/\/avatars.slack-edge.com\/2021-06-14\/2154581376263_d49c462f5537edde8dbb_72.jpg",
            "first_name": "Edu",
            "real_name": "Edu Meneses",
            "display_name": "Edu Meneses",
            "team": "TJPN85XRA",
            "name": "eduardo.meneses",
            "is_restricted": false,
            "is_ultra_restricted": false
        },
        "edited": {
            "user": "UJCU8BAAW",
            "ts": "1670010138.000000"
        },
        "thread_ts": "1670006024.564089",
        "parent_user_id": "U010TD4329M"
    },
    {
        "client_msg_id": "ee2d4b52-188c-4851-9f95-5eea48deca0e",
        "type": "message",
        "text": "orientation is not really higher-level, but it seems to be the main reason one uses IMUs, so is nice to have this user friendly (i.e., designers just plug the IMU data to get the orientation). Also, if sensor fusion is in puara-gestures, we can can use it to extract more interesting and meaningful higher-level gestures with a reliable orientation algorithm implementation.",
        "user": "UJCU8BAAW",
        "ts": "1670010590.687789",
        "blocks": [
            {
                "type": "rich_text",
                "block_id": "lVh",
                "elements": [
                    {
                        "type": "rich_text_section",
                        "elements": [
                            {
                                "type": "text",
                                "text": "orientation is not really higher-level, but it seems to be the main reason one uses IMUs, so is nice to have this user friendly (i.e., designers just plug the IMU data to get the orientation). Also, if sensor fusion is in puara-gestures, we can can use it to extract more interesting and meaningful higher-level gestures with a reliable orientation algorithm implementation."
                            }
                        ]
                    }
                ]
            }
        ],
        "team": "TJPN85XRA",
        "user_team": "TJPN85XRA",
        "source_team": "TJPN85XRA",
        "user_profile": {
            "avatar_hash": "d49c462f5537",
            "image_72": "https:\/\/avatars.slack-edge.com\/2021-06-14\/2154581376263_d49c462f5537edde8dbb_72.jpg",
            "first_name": "Edu",
            "real_name": "Edu Meneses",
            "display_name": "Edu Meneses",
            "team": "TJPN85XRA",
            "name": "eduardo.meneses",
            "is_restricted": false,
            "is_ultra_restricted": false
        },
        "thread_ts": "1670006024.564089",
        "parent_user_id": "U010TD4329M"
    }
]