[
    {
        "type": "message",
        "subtype": "channel_join",
        "ts": "1662476910.097939",
        "user": "UKGLCA1GS",
        "text": "<@UKGLCA1GS> has joined the channel",
        "inviter": "U01APBW5N2J"
    },
    {
        "client_msg_id": "3053859b-909c-4db1-ab76-369a66849374",
        "type": "message",
        "text": "The one I wrote for the soprano t-stick and spines (<https:\/\/github.com\/malloch\/Arduino_IMU>) is also a complementary filter – but uses the mag data :stuck_out_tongue:",
        "user": "U010TD4329M",
        "ts": "1662488531.487529",
        "blocks": [
            {
                "type": "rich_text",
                "block_id": "Tq7",
                "elements": [
                    {
                        "type": "rich_text_section",
                        "elements": [
                            {
                                "type": "text",
                                "text": "The one I wrote for the soprano t-stick and spines ("
                            },
                            {
                                "type": "link",
                                "url": "https:\/\/github.com\/malloch\/Arduino_IMU"
                            },
                            {
                                "type": "text",
                                "text": ") is also a complementary filter – but uses the mag data "
                            },
                            {
                                "type": "emoji",
                                "name": "stuck_out_tongue",
                                "unicode": "1f61b"
                            }
                        ]
                    }
                ]
            }
        ],
        "team": "TJPN85XRA",
        "user_team": "TJPN85XRA",
        "source_team": "TJPN85XRA",
        "user_profile": {
            "avatar_hash": "g76664e246bb",
            "image_72": "https:\/\/secure.gravatar.com\/avatar\/76664e246bb99704f2fe508d673b1124.jpg?s=72&d=https%3A%2F%2Fa.slack-edge.com%2Fdf10d%2Fimg%2Favatars%2Fava_0026-72.png",
            "first_name": "",
            "real_name": "Joe Malloch",
            "display_name": "Joe Malloch",
            "team": "TJPN85XRA",
            "name": "jmalloch",
            "is_restricted": false,
            "is_ultra_restricted": false
        },
        "thread_ts": "1661950439.072229",
        "parent_user_id": "U010TD4329M"
    },
    {
        "client_msg_id": "5217d310-bf49-4145-9ac6-d5c1b4014de7",
        "type": "message",
        "text": "Here is 9dof sensor fusion working drift-free in the IDMIL (in 2012):\n<https:\/\/www.youtube.com\/watch?v=-Dqvf1CXPWg>",
        "user": "U010TD4329M",
        "ts": "1662488796.987619",
        "blocks": [
            {
                "type": "rich_text",
                "block_id": "4y9B1",
                "elements": [
                    {
                        "type": "rich_text_section",
                        "elements": [
                            {
                                "type": "text",
                                "text": "Here is 9dof sensor fusion working drift-free in the IDMIL (in 2012):\n"
                            },
                            {
                                "type": "link",
                                "url": "https:\/\/www.youtube.com\/watch?v=-Dqvf1CXPWg"
                            }
                        ]
                    }
                ]
            }
        ],
        "team": "TJPN85XRA",
        "user_team": "TJPN85XRA",
        "source_team": "TJPN85XRA",
        "user_profile": {
            "avatar_hash": "g76664e246bb",
            "image_72": "https:\/\/secure.gravatar.com\/avatar\/76664e246bb99704f2fe508d673b1124.jpg?s=72&d=https%3A%2F%2Fa.slack-edge.com%2Fdf10d%2Fimg%2Favatars%2Fava_0026-72.png",
            "first_name": "",
            "real_name": "Joe Malloch",
            "display_name": "Joe Malloch",
            "team": "TJPN85XRA",
            "name": "jmalloch",
            "is_restricted": false,
            "is_ultra_restricted": false
        },
        "edited": {
            "user": "U010TD4329M",
            "ts": "1662488822.000000"
        },
        "attachments": [
            {
                "from_url": "https:\/\/www.youtube.com\/watch?v=-Dqvf1CXPWg",
                "thumb_url": "https:\/\/i.ytimg.com\/vi\/-Dqvf1CXPWg\/hqdefault.jpg",
                "thumb_width": 480,
                "thumb_height": 360,
                "video_html": "<iframe width=\"400\" height=\"225\" src=\"https:\/\/www.youtube.com\/embed\/-Dqvf1CXPWg?feature=oembed&autoplay=1&iv_load_policy=3\" frameborder=\"0\" allow=\"accelerometer; autoplay; clipboard-write; encrypted-media; gyroscope; picture-in-picture\" allowfullscreen title=\"Test: Multiple IMUs\"><\/iframe>",
                "video_html_width": 400,
                "video_html_height": 225,
                "service_icon": "https:\/\/a.slack-edge.com\/80588\/img\/unfurl_icons\/youtube.png",
                "id": 1,
                "original_url": "https:\/\/www.youtube.com\/watch?v=-Dqvf1CXPWg",
                "fallback": "YouTube Video: Test: Multiple IMUs",
                "title": "Test: Multiple IMUs",
                "title_link": "https:\/\/www.youtube.com\/watch?v=-Dqvf1CXPWg",
                "author_name": "IDMIL",
                "author_link": "https:\/\/www.youtube.com\/user\/IDMIL",
                "service_name": "YouTube",
                "service_url": "https:\/\/www.youtube.com\/"
            }
        ],
        "thread_ts": "1662488796.987619",
        "reply_count": 2,
        "reply_users_count": 2,
        "latest_reply": "1667969232.514809",
        "reply_users": [
            "UJR4DDS12",
            "U010TD4329M"
        ],
        "replies": [
            {
                "user": "UJR4DDS12",
                "ts": "1662565605.596809"
            },
            {
                "user": "U010TD4329M",
                "ts": "1667969232.514809"
            }
        ],
        "is_locked": false,
        "subscribed": false,
        "reactions": [
            {
                "name": "+1",
                "users": [
                    "U010FMZRE4A"
                ],
                "count": 1
            }
        ]
    }
]