[
    {
        "client_msg_id": "06992248-ddda-4a90-810f-0a09d80a735b",
        "type": "message",
        "text": "There is an existing sensor fusion program for LSM9DS1 here;\n<https:\/\/github.com\/jremington\/LSM9DS1-AHRS>",
        "user": "U010FMZRE4A",
        "ts": "1662808043.121899",
        "blocks": [
            {
                "type": "rich_text",
                "block_id": "=Tyl",
                "elements": [
                    {
                        "type": "rich_text_section",
                        "elements": [
                            {
                                "type": "text",
                                "text": "There is an existing sensor fusion program for LSM9DS1 here;\n"
                            },
                            {
                                "type": "link",
                                "url": "https:\/\/github.com\/jremington\/LSM9DS1-AHRS"
                            }
                        ]
                    }
                ]
            }
        ],
        "team": "TJPN85XRA",
        "user_team": "TJPN85XRA",
        "source_team": "TJPN85XRA",
        "user_profile": {
            "avatar_hash": "c0adc2d8c593",
            "image_72": "https:\/\/avatars.slack-edge.com\/2020-03-26\/1027782097284_c0adc2d8c5932b435e7b_72.jpg",
            "first_name": "",
            "real_name": "Takuto Fukuda",
            "display_name": "Takuto Fukuda",
            "team": "TJPN85XRA",
            "name": "takuto.fukuda",
            "is_restricted": false,
            "is_ultra_restricted": false
        },
        "attachments": [
            {
                "from_url": "https:\/\/github.com\/jremington\/LSM9DS1-AHRS",
                "image_url": "https:\/\/opengraph.githubassets.com\/8d3bb613e496ba0f0c74ef759f09095834caeee58075396988bc029403790f31\/jremington\/LSM9DS1-AHRS",
                "image_width": 500,
                "image_height": 250,
                "image_bytes": 53383,
                "service_icon": "https:\/\/a.slack-edge.com\/80588\/img\/unfurl_icons\/github.png",
                "id": 1,
                "original_url": "https:\/\/github.com\/jremington\/LSM9DS1-AHRS",
                "fallback": "GitHub: GitHub - jremington\/LSM9DS1-AHRS: Mahony 3D fusion filter and tilt compensated compass, with sensor calibration code",
                "text": "Mahony 3D fusion filter and tilt compensated compass, with sensor calibration code - GitHub - jremington\/LSM9DS1-AHRS: Mahony 3D fusion filter and tilt compensated compass, with sensor calibration ...",
                "title": "GitHub - jremington\/LSM9DS1-AHRS: Mahony 3D fusion filter and tilt compensated compass, with sensor calibration code",
                "title_link": "https:\/\/github.com\/jremington\/LSM9DS1-AHRS",
                "service_name": "GitHub"
            }
        ],
        "thread_ts": "1662808043.121899",
        "reply_count": 3,
        "reply_users_count": 2,
        "latest_reply": "1666113504.394609",
        "reply_users": [
            "U010FMZRE4A",
            "UJR4DDS12"
        ],
        "replies": [
            {
                "user": "U010FMZRE4A",
                "ts": "1662808141.079249"
            },
            {
                "user": "UJR4DDS12",
                "ts": "1666113454.480419"
            },
            {
                "user": "UJR4DDS12",
                "ts": "1666113504.394609"
            }
        ],
        "is_locked": false,
        "subscribed": false
    },
    {
        "client_msg_id": "8b4bae35-2e41-43e9-b1d5-aac5ded76ce0",
        "type": "message",
        "text": "Another useful resource;\n<https:\/\/learn.adafruit.com\/how-to-fuse-motion-sensor-data-into-ahrs-orientation-euler-quaternions\/overview>",
        "user": "U010FMZRE4A",
        "ts": "1662808141.079249",
        "blocks": [
            {
                "type": "rich_text",
                "block_id": "CgfMY",
                "elements": [
                    {
                        "type": "rich_text_section",
                        "elements": [
                            {
                                "type": "text",
                                "text": "Another useful resource;\n"
                            },
                            {
                                "type": "link",
                                "url": "https:\/\/learn.adafruit.com\/how-to-fuse-motion-sensor-data-into-ahrs-orientation-euler-quaternions\/overview"
                            }
                        ]
                    }
                ]
            }
        ],
        "team": "TJPN85XRA",
        "user_team": "TJPN85XRA",
        "source_team": "TJPN85XRA",
        "user_profile": {
            "avatar_hash": "c0adc2d8c593",
            "image_72": "https:\/\/avatars.slack-edge.com\/2020-03-26\/1027782097284_c0adc2d8c5932b435e7b_72.jpg",
            "first_name": "",
            "real_name": "Takuto Fukuda",
            "display_name": "Takuto Fukuda",
            "team": "TJPN85XRA",
            "name": "takuto.fukuda",
            "is_restricted": false,
            "is_ultra_restricted": false
        },
        "attachments": [
            {
                "from_url": "https:\/\/learn.adafruit.com\/how-to-fuse-motion-sensor-data-into-ahrs-orientation-euler-quaternions\/overview",
                "image_url": "https:\/\/cdn-learn.adafruit.com\/guides\/images\/000\/002\/912\/medium800thumb\/99.gif",
                "image_width": 394,
                "image_height": 250,
                "image_bytes": 15250,
                "service_icon": "https:\/\/learn.adafruit.com\/assets\/favicon-11d9964de07961a3a796b93805a7a240050c6b9f27a213b4002f3ed1efbe2a44.ico",
                "id": 1,
                "original_url": "https:\/\/learn.adafruit.com\/how-to-fuse-motion-sensor-data-into-ahrs-orientation-euler-quaternions\/overview",
                "fallback": "Adafruit Learning System: How to Fuse Motion Sensor Data into AHRS Orientation (Euler\/Quaternions)",
                "text": "A basic IMU (Intertial Measurement Unit) generally provides raw sensor data, whereas an AHRS takes this data one step further, converting it into heading or direction in degrees.",
                "title": "How to Fuse Motion Sensor Data into AHRS Orientation (Euler\/Quaternions)",
                "title_link": "https:\/\/learn.adafruit.com\/how-to-fuse-motion-sensor-data-into-ahrs-orientation-euler-quaternions\/overview",
                "service_name": "Adafruit Learning System"
            }
        ],
        "thread_ts": "1662808043.121899",
        "parent_user_id": "U010FMZRE4A"
    }
]