[
    {
        "client_msg_id": "f6577924-6141-4af0-a138-783e1130e730",
        "type": "message",
        "text": "This video blew my mind during my undergrad XD. I'm still suspicious about your use of the magnetometer data though... I've seriously never got it to work satisfactorily...",
        "user": "UJR4DDS12",
        "ts": "1662565605.596809",
        "blocks": [
            {
                "type": "rich_text",
                "block_id": "qbfR4",
                "elements": [
                    {
                        "type": "rich_text_section",
                        "elements": [
                            {
                                "type": "text",
                                "text": "This video blew my mind during my undergrad XD. I'm still suspicious about your use of the magnetometer data though... I've seriously never got it to work satisfactorily..."
                            }
                        ]
                    }
                ]
            }
        ],
        "team": "TJPN85XRA",
        "user_team": "TJPN85XRA",
        "source_team": "TJPN85XRA",
        "user_profile": {
            "avatar_hash": "a59dc6f2aaf0",
            "image_72": "https:\/\/avatars.slack-edge.com\/2022-06-18\/3673671924631_a59dc6f2aaf006d655d2_72.jpg",
            "first_name": "Travis",
            "real_name": "Travis West",
            "display_name": "Travis",
            "team": "TJPN85XRA",
            "name": "travis.west",
            "is_restricted": false,
            "is_ultra_restricted": false
        },
        "thread_ts": "1662488796.987619",
        "parent_user_id": "U010TD4329M"
    }
]