[
    {
        "type": "message",
        "text": "Prototyped in Max for debugging... full 9dof drift-free sensor fusion :slightly_smiling_face: The video\/data sync is a bit off and I ran it at 30% speed for the video because my laptop didn't like drawing the visualisation\n<https:\/\/youtu.be\/6IdoTnlRcfY>",
        "files": [
            {
                "id": "F04AUBW7HEW",
                "mode": "tombstone"
            }
        ],
        "upload": false,
        "user": "U010TD4329M",
        "display_as_bot": false,
        "ts": "1668441137.119869",
        "blocks": [
            {
                "type": "rich_text",
                "block_id": "bpqy",
                "elements": [
                    {
                        "type": "rich_text_section",
                        "elements": [
                            {
                                "type": "text",
                                "text": "Prototyped in Max for debugging... full 9dof drift-free sensor fusion "
                            },
                            {
                                "type": "emoji",
                                "name": "slightly_smiling_face",
                                "unicode": "1f642"
                            },
                            {
                                "type": "text",
                                "text": " The video\/data sync is a bit off and I ran it at 30% speed for the video because my laptop didn't like drawing the visualisation\n"
                            },
                            {
                                "type": "link",
                                "url": "https:\/\/youtu.be\/6IdoTnlRcfY"
                            }
                        ]
                    }
                ]
            }
        ],
        "edited": {
            "user": "U010TD4329M",
            "ts": "1668446186.000000"
        },
        "client_msg_id": "a2f054f7-2da7-4ad4-8d92-33568858bee4",
        "thread_ts": "1668441137.119869",
        "reply_count": 3,
        "reply_users_count": 2,
        "latest_reply": "1668452197.919779",
        "reply_users": [
            "UJR4DDS12",
            "U010TD4329M"
        ],
        "replies": [
            {
                "user": "UJR4DDS12",
                "ts": "1668451958.231679"
            },
            {
                "user": "U010TD4329M",
                "ts": "1668452147.469809"
            },
            {
                "user": "U010TD4329M",
                "ts": "1668452197.919779"
            }
        ],
        "is_locked": false,
        "subscribed": false,
        "attachments": [
            {
                "from_url": "https:\/\/youtu.be\/6IdoTnlRcfY",
                "thumb_url": "https:\/\/i.ytimg.com\/vi\/6IdoTnlRcfY\/hqdefault.jpg",
                "thumb_width": 480,
                "thumb_height": 360,
                "video_html": "<iframe width=\"400\" height=\"225\" src=\"https:\/\/www.youtube.com\/embed\/6IdoTnlRcfY?feature=oembed&autoplay=1&iv_load_policy=3\" frameborder=\"0\" allow=\"accelerometer; autoplay; clipboard-write; encrypted-media; gyroscope; picture-in-picture\" allowfullscreen title=\"IMU sensor fusion test\"><\/iframe>",
                "video_html_width": 400,
                "video_html_height": 225,
                "service_icon": "https:\/\/a.slack-edge.com\/80588\/img\/unfurl_icons\/youtube.png",
                "id": 1,
                "original_url": "https:\/\/youtu.be\/6IdoTnlRcfY",
                "fallback": "YouTube Video: IMU sensor fusion test",
                "title": "IMU sensor fusion test",
                "title_link": "https:\/\/youtu.be\/6IdoTnlRcfY",
                "author_name": "Joseph Malloch",
                "author_link": "https:\/\/www.youtube.com\/c\/JosephMalloch",
                "service_name": "YouTube",
                "service_url": "https:\/\/www.youtube.com\/"
            }
        ],
        "reactions": [
            {
                "name": "clap::skin-tone-5",
                "users": [
                    "UJCU8BAAW"
                ],
                "count": 1
            },
            {
                "name": "clap::skin-tone-6",
                "users": [
                    "U03JWS43U3H"
                ],
                "count": 1
            },
            {
                "name": "clap",
                "users": [
                    "UKGLCA1GS",
                    "U01APBW5N2J",
                    "U03JTLB9FSS",
                    "UJR4DDS12"
                ],
                "count": 4
            }
        ]
    },
    {
        "client_msg_id": "730825ee-4044-4f5d-9321-5119464f13d7",
        "type": "message",
        "text": "<@UJR4DDS12> and <@U010TD4329M> with both of you having your own algos, do we wanna have a chat about which to merge?",
        "user": "U03JTLB9FSS",
        "ts": "1668444767.692999",
        "blocks": [
            {
                "type": "rich_text",
                "block_id": "h3i",
                "elements": [
                    {
                        "type": "rich_text_section",
                        "elements": [
                            {
                                "type": "user",
                                "user_id": "UJR4DDS12"
                            },
                            {
                                "type": "text",
                                "text": " and "
                            },
                            {
                                "type": "user",
                                "user_id": "U010TD4329M"
                            },
                            {
                                "type": "text",
                                "text": " with both of you having your own algos, do we wanna have a chat about which to merge?"
                            }
                        ]
                    }
                ]
            }
        ],
        "team": "TJPN85XRA",
        "user_team": "TJPN85XRA",
        "source_team": "TJPN85XRA",
        "user_profile": {
            "avatar_hash": "459fb8de8703",
            "image_72": "https:\/\/avatars.slack-edge.com\/2022-07-28\/3867310060339_459fb8de8703bb2678e5_72.jpg",
            "first_name": "Brady",
            "real_name": "Brady Boettcher",
            "display_name": "",
            "team": "TJPN85XRA",
            "name": "brady.boettcher",
            "is_restricted": false,
            "is_ultra_restricted": false
        },
        "thread_ts": "1668444767.692999",
        "reply_count": 6,
        "reply_users_count": 3,
        "latest_reply": "1668454677.684029",
        "reply_users": [
            "UJR4DDS12",
            "U010TD4329M",
            "UJCU8BAAW"
        ],
        "replies": [
            {
                "user": "UJR4DDS12",
                "ts": "1668451804.669809"
            },
            {
                "user": "U010TD4329M",
                "ts": "1668451848.826799"
            },
            {
                "user": "U010TD4329M",
                "ts": "1668451987.817779"
            },
            {
                "user": "UJR4DDS12",
                "ts": "1668452198.357679"
            },
            {
                "user": "UJR4DDS12",
                "ts": "1668452347.096299"
            },
            {
                "user": "UJCU8BAAW",
                "ts": "1668454677.684029"
            }
        ],
        "is_locked": false,
        "subscribed": false
    },
    {
        "type": "message",
        "subtype": "thread_broadcast",
        "text": "I would propose we should organize an algorithm vs algorithm ~fight to the death~ user evaluation at some point and see if people notice any differences or have a preference for one or the other. Could make a great NIME paper, and\/or part of a larger paper. And then our merge choices can be informed by the results.",
        "user": "UJR4DDS12",
        "ts": "1668451804.669809",
        "thread_ts": "1668444767.692999",
        "root": {
            "client_msg_id": "730825ee-4044-4f5d-9321-5119464f13d7",
            "type": "message",
            "text": "<@UJR4DDS12> and <@U010TD4329M> with both of you having your own algos, do we wanna have a chat about which to merge?",
            "user": "U03JTLB9FSS",
            "ts": "1668444767.692999",
            "blocks": [
                {
                    "type": "rich_text",
                    "block_id": "h3i",
                    "elements": [
                        {
                            "type": "rich_text_section",
                            "elements": [
                                {
                                    "type": "user",
                                    "user_id": "UJR4DDS12"
                                },
                                {
                                    "type": "text",
                                    "text": " and "
                                },
                                {
                                    "type": "user",
                                    "user_id": "U010TD4329M"
                                },
                                {
                                    "type": "text",
                                    "text": " with both of you having your own algos, do we wanna have a chat about which to merge?"
                                }
                            ]
                        }
                    ]
                }
            ],
            "team": "TJPN85XRA",
            "thread_ts": "1668444767.692999",
            "reply_count": 6,
            "reply_users_count": 3,
            "latest_reply": "1668454677.684029",
            "reply_users": [
                "UJR4DDS12",
                "U010TD4329M",
                "UJCU8BAAW"
            ],
            "replies": [
                {
                    "user": "UJR4DDS12",
                    "ts": "1668451804.669809"
                },
                {
                    "user": "U010TD4329M",
                    "ts": "1668451848.826799"
                },
                {
                    "user": "U010TD4329M",
                    "ts": "1668451987.817779"
                },
                {
                    "user": "UJR4DDS12",
                    "ts": "1668452198.357679"
                },
                {
                    "user": "UJR4DDS12",
                    "ts": "1668452347.096299"
                },
                {
                    "user": "UJCU8BAAW",
                    "ts": "1668454677.684029"
                }
            ],
            "is_locked": false,
            "subscribed": false
        },
        "blocks": [
            {
                "type": "rich_text",
                "block_id": "ZaY",
                "elements": [
                    {
                        "type": "rich_text_section",
                        "elements": [
                            {
                                "type": "text",
                                "text": "I would propose we should organize an algorithm vs algorithm "
                            },
                            {
                                "type": "text",
                                "text": "fight to the death",
                                "style": {
                                    "strike": true
                                }
                            },
                            {
                                "type": "text",
                                "text": " user evaluation at some point and see if people notice any differences or have a preference for one or the other. Could make a great NIME paper, and\/or part of a larger paper. And then our merge choices can be informed by the results."
                            }
                        ]
                    }
                ]
            }
        ],
        "client_msg_id": "D2F14428-299A-437B-A160-2BD3A0D66C22"
    },
    {
        "client_msg_id": "fd86e75c-44c1-43b7-8f0b-9b5a6e57a1bc",
        "type": "message",
        "text": "Agreed :slightly_smiling_face:",
        "user": "U010TD4329M",
        "ts": "1668451848.826799",
        "blocks": [
            {
                "type": "rich_text",
                "block_id": "P3wlR",
                "elements": [
                    {
                        "type": "rich_text_section",
                        "elements": [
                            {
                                "type": "text",
                                "text": "Agreed "
                            },
                            {
                                "type": "emoji",
                                "name": "slightly_smiling_face",
                                "unicode": "1f642"
                            }
                        ]
                    }
                ]
            }
        ],
        "team": "TJPN85XRA",
        "user_team": "TJPN85XRA",
        "source_team": "TJPN85XRA",
        "user_profile": {
            "avatar_hash": "g76664e246bb",
            "image_72": "https:\/\/secure.gravatar.com\/avatar\/76664e246bb99704f2fe508d673b1124.jpg?s=72&d=https%3A%2F%2Fa.slack-edge.com%2Fdf10d%2Fimg%2Favatars%2Fava_0026-72.png",
            "first_name": "",
            "real_name": "Joe Malloch",
            "display_name": "Joe Malloch",
            "team": "TJPN85XRA",
            "name": "jmalloch",
            "is_restricted": false,
            "is_ultra_restricted": false
        },
        "thread_ts": "1668444767.692999",
        "parent_user_id": "U03JTLB9FSS"
    },
    {
        "client_msg_id": "AF0E3407-43C0-4DE3-B7AF-314024DD17EE",
        "type": "message",
        "text": "what are you doing to handle the magnetometer bias, scale factors, etc? Is this your c algorithm that Brady recently translated to c++, or a new one?",
        "user": "UJR4DDS12",
        "ts": "1668451958.231679",
        "blocks": [
            {
                "type": "rich_text",
                "block_id": "EAO",
                "elements": [
                    {
                        "type": "rich_text_section",
                        "elements": [
                            {
                                "type": "text",
                                "text": "what are you doing to handle the magnetometer bias, scale factors, etc? Is this your c algorithm that Brady recently translated to c++, or a new one?"
                            }
                        ]
                    }
                ]
            }
        ],
        "team": "TJPN85XRA",
        "user_team": "TJPN85XRA",
        "source_team": "TJPN85XRA",
        "user_profile": {
            "avatar_hash": "a59dc6f2aaf0",
            "image_72": "https:\/\/avatars.slack-edge.com\/2022-06-18\/3673671924631_a59dc6f2aaf006d655d2_72.jpg",
            "first_name": "Travis",
            "real_name": "Travis West",
            "display_name": "Travis",
            "team": "TJPN85XRA",
            "name": "travis.west",
            "is_restricted": false,
            "is_ultra_restricted": false
        },
        "thread_ts": "1668441137.119869",
        "parent_user_id": "U010TD4329M"
    },
    {
        "client_msg_id": "6a3863bb-62a9-4d5d-acac-065f48a4e0da",
        "type": "message",
        "text": "There are also some data-conditioning steps that will benefit both fusion implementations, especially magnetometer calibration and ideally soft-iron compensation. The t-stick firmware should include \"easy\" calibration support.",
        "user": "U010TD4329M",
        "ts": "1668451987.817779",
        "blocks": [
            {
                "type": "rich_text",
                "block_id": "0sTa",
                "elements": [
                    {
                        "type": "rich_text_section",
                        "elements": [
                            {
                                "type": "text",
                                "text": "There are also some data-conditioning steps that will benefit both fusion implementations, especially magnetometer calibration and ideally soft-iron compensation. The t-stick firmware should include \"easy\" calibration support."
                            }
                        ]
                    }
                ]
            }
        ],
        "team": "TJPN85XRA",
        "user_team": "TJPN85XRA",
        "source_team": "TJPN85XRA",
        "user_profile": {
            "avatar_hash": "g76664e246bb",
            "image_72": "https:\/\/secure.gravatar.com\/avatar\/76664e246bb99704f2fe508d673b1124.jpg?s=72&d=https%3A%2F%2Fa.slack-edge.com%2Fdf10d%2Fimg%2Favatars%2Fava_0026-72.png",
            "first_name": "",
            "real_name": "Joe Malloch",
            "display_name": "Joe Malloch",
            "team": "TJPN85XRA",
            "name": "jmalloch",
            "is_restricted": false,
            "is_ultra_restricted": false
        },
        "thread_ts": "1668444767.692999",
        "parent_user_id": "U03JTLB9FSS"
    },
    {
        "client_msg_id": "8f7ba8ad-5226-40e0-9fb0-1dd9fd57fb51",
        "type": "message",
        "text": "This is essentially the same algo as the C implementation but done in Max for easy visualisation of intermediate results (to verify correct axis ordering &amp; polarity, etc). I used data (and video) recorded by Brady (thanks <@U03JTLB9FSS>!). I measured and compensated for a slight bias in the mag data but otherwise left it unchanged.",
        "user": "U010TD4329M",
        "ts": "1668452147.469809",
        "blocks": [
            {
                "type": "rich_text",
                "block_id": "6Hw",
                "elements": [
                    {
                        "type": "rich_text_section",
                        "elements": [
                            {
                                "type": "text",
                                "text": "This is essentially the same algo as the C implementation but done in Max for easy visualisation of intermediate results (to verify correct axis ordering & polarity, etc). I used data (and video) recorded by Brady (thanks "
                            },
                            {
                                "type": "user",
                                "user_id": "U03JTLB9FSS"
                            },
                            {
                                "type": "text",
                                "text": "!). I measured and compensated for a slight bias in the mag data but otherwise left it unchanged."
                            }
                        ]
                    }
                ]
            }
        ],
        "team": "TJPN85XRA",
        "user_team": "TJPN85XRA",
        "source_team": "TJPN85XRA",
        "user_profile": {
            "avatar_hash": "g76664e246bb",
            "image_72": "https:\/\/secure.gravatar.com\/avatar\/76664e246bb99704f2fe508d673b1124.jpg?s=72&d=https%3A%2F%2Fa.slack-edge.com%2Fdf10d%2Fimg%2Favatars%2Fava_0026-72.png",
            "first_name": "",
            "real_name": "Joe Malloch",
            "display_name": "Joe Malloch",
            "team": "TJPN85XRA",
            "name": "jmalloch",
            "is_restricted": false,
            "is_ultra_restricted": false
        },
        "thread_ts": "1668441137.119869",
        "parent_user_id": "U010TD4329M"
    },
    {
        "client_msg_id": "0cd7f0a6-1073-4ed7-94ef-25b31a6104cc",
        "type": "message",
        "text": "I'm also trying what should be a small improvement in the fusion algorithm that should reduce azimuth noise but it's not quite working yet.",
        "user": "U010TD4329M",
        "ts": "1668452197.919779",
        "blocks": [
            {
                "type": "rich_text",
                "block_id": "\/AH",
                "elements": [
                    {
                        "type": "rich_text_section",
                        "elements": [
                            {
                                "type": "text",
                                "text": "I'm also trying what should be a small improvement in the fusion algorithm that should reduce azimuth noise but it's not quite working yet."
                            }
                        ]
                    }
                ]
            }
        ],
        "team": "TJPN85XRA",
        "user_team": "TJPN85XRA",
        "source_team": "TJPN85XRA",
        "user_profile": {
            "avatar_hash": "g76664e246bb",
            "image_72": "https:\/\/secure.gravatar.com\/avatar\/76664e246bb99704f2fe508d673b1124.jpg?s=72&d=https%3A%2F%2Fa.slack-edge.com%2Fdf10d%2Fimg%2Favatars%2Fava_0026-72.png",
            "first_name": "",
            "real_name": "Joe Malloch",
            "display_name": "Joe Malloch",
            "team": "TJPN85XRA",
            "name": "jmalloch",
            "is_restricted": false,
            "is_ultra_restricted": false
        },
        "thread_ts": "1668441137.119869",
        "parent_user_id": "U010TD4329M"
    },
    {
        "client_msg_id": "BD08EFD5-062C-4E2F-B907-7160B51AEC6A",
        "type": "message",
        "text": "I was also thinking it could be nice to do an evaluation against ground-truth data from one of the mocap systems at CIRMMT",
        "user": "UJR4DDS12",
        "ts": "1668452198.357679",
        "blocks": [
            {
                "type": "rich_text",
                "block_id": "3+Qpv",
                "elements": [
                    {
                        "type": "rich_text_section",
                        "elements": [
                            {
                                "type": "text",
                                "text": "I was also thinking it could be nice to do an evaluation against ground-truth data from one of the mocap systems at CIRMMT"
                            }
                        ]
                    }
                ]
            }
        ],
        "team": "TJPN85XRA",
        "user_team": "TJPN85XRA",
        "source_team": "TJPN85XRA",
        "user_profile": {
            "avatar_hash": "a59dc6f2aaf0",
            "image_72": "https:\/\/avatars.slack-edge.com\/2022-06-18\/3673671924631_a59dc6f2aaf006d655d2_72.jpg",
            "first_name": "Travis",
            "real_name": "Travis West",
            "display_name": "Travis",
            "team": "TJPN85XRA",
            "name": "travis.west",
            "is_restricted": false,
            "is_ultra_restricted": false
        },
        "thread_ts": "1668444767.692999",
        "parent_user_id": "U03JTLB9FSS",
        "reactions": [
            {
                "name": "+1",
                "users": [
                    "U010TD4329M",
                    "UKGLCA1GS"
                ],
                "count": 2
            }
        ]
    },
    {
        "client_msg_id": "4464FA87-4B73-4237-9410-2255324945FD",
        "type": "message",
        "text": "actually, just having a recording of IMU raw data + ground truth mocap data would be really useful for developing these algorithms...",
        "user": "UJR4DDS12",
        "ts": "1668452347.096299",
        "blocks": [
            {
                "type": "rich_text",
                "block_id": "fXP",
                "elements": [
                    {
                        "type": "rich_text_section",
                        "elements": [
                            {
                                "type": "text",
                                "text": "actually, just having a recording of IMU raw data + ground truth mocap data would be really useful for developing these algorithms..."
                            }
                        ]
                    }
                ]
            }
        ],
        "team": "TJPN85XRA",
        "user_team": "TJPN85XRA",
        "source_team": "TJPN85XRA",
        "user_profile": {
            "avatar_hash": "a59dc6f2aaf0",
            "image_72": "https:\/\/avatars.slack-edge.com\/2022-06-18\/3673671924631_a59dc6f2aaf006d655d2_72.jpg",
            "first_name": "Travis",
            "real_name": "Travis West",
            "display_name": "Travis",
            "team": "TJPN85XRA",
            "name": "travis.west",
            "is_restricted": false,
            "is_ultra_restricted": false
        },
        "thread_ts": "1668444767.692999",
        "parent_user_id": "U03JTLB9FSS",
        "reactions": [
            {
                "name": "+1",
                "users": [
                    "U010TD4329M"
                ],
                "count": 1
            }
        ]
    },
    {
        "client_msg_id": "2cf071e8-d8e6-419f-888c-583de62b3eb7",
        "type": "message",
        "text": "We (Sérgio Freire leading) did ~exactly that~ a IMU data recording synced with the Qualisys for an off-the-shelf IMU in 2020: <http:\/\/www-new.idmil.org\/publication\/evaluation-of-inertial-sensor-data-by-a-comparison-with-optical-motion-capture-data-of-guitar-strumming-gestures\/|http:\/\/www-new.idmil.org\/publication\/evaluation-of-inertial-sensor-data-by-a-compari[…]th-optical-motion-capture-data-of-guitar-strumming-gestures\/>\n\nYou can take advantage of he being in town and talk to him about the analysis.\n\nMy question would be what is being compared: different algorithms or different implementations of the same one (or both)?",
        "user": "UJCU8BAAW",
        "ts": "1668454677.684029",
        "blocks": [
            {
                "type": "rich_text",
                "block_id": "zUOB7",
                "elements": [
                    {
                        "type": "rich_text_section",
                        "elements": [
                            {
                                "type": "text",
                                "text": "We (Sérgio Freire leading) did "
                            },
                            {
                                "type": "text",
                                "text": "exactly that",
                                "style": {
                                    "strike": true
                                }
                            },
                            {
                                "type": "text",
                                "text": " a IMU data recording synced with the Qualisys for an off-the-shelf IMU in 2020: "
                            },
                            {
                                "type": "link",
                                "url": "http:\/\/www-new.idmil.org\/publication\/evaluation-of-inertial-sensor-data-by-a-comparison-with-optical-motion-capture-data-of-guitar-strumming-gestures\/",
                                "text": "http:\/\/www-new.idmil.org\/publication\/evaluation-of-inertial-sensor-data-by-a-compari[…]th-optical-motion-capture-data-of-guitar-strumming-gestures\/"
                            },
                            {
                                "type": "text",
                                "text": "\n\nYou can take advantage of he being in town and talk to him about the analysis.\n\nMy question would be what is being compared: different algorithms or different implementations of the same one (or both)?"
                            }
                        ]
                    }
                ]
            }
        ],
        "team": "TJPN85XRA",
        "user_team": "TJPN85XRA",
        "source_team": "TJPN85XRA",
        "user_profile": {
            "avatar_hash": "d49c462f5537",
            "image_72": "https:\/\/avatars.slack-edge.com\/2021-06-14\/2154581376263_d49c462f5537edde8dbb_72.jpg",
            "first_name": "Edu",
            "real_name": "Edu Meneses",
            "display_name": "Edu Meneses",
            "team": "TJPN85XRA",
            "name": "eduardo.meneses",
            "is_restricted": false,
            "is_ultra_restricted": false
        },
        "edited": {
            "user": "UJCU8BAAW",
            "ts": "1668455717.000000"
        },
        "thread_ts": "1668444767.692999",
        "parent_user_id": "U03JTLB9FSS"
    },
    {
        "client_msg_id": "2117e9eb-112c-4958-b5db-baa16467ae2a",
        "type": "message",
        "text": "<@UJR4DDS12> <@U010TD4329M> any chance I could use either of your algorithms for my Dec 9 performance with <@U01APBW5N2J>?",
        "user": "U029MNKJ0DR",
        "ts": "1668459790.469779",
        "blocks": [
            {
                "type": "rich_text",
                "block_id": "Rkq6+",
                "elements": [
                    {
                        "type": "rich_text_section",
                        "elements": [
                            {
                                "type": "user",
                                "user_id": "UJR4DDS12"
                            },
                            {
                                "type": "text",
                                "text": " "
                            },
                            {
                                "type": "user",
                                "user_id": "U010TD4329M"
                            },
                            {
                                "type": "text",
                                "text": " any chance I could use either of your algorithms for my Dec 9 performance with "
                            },
                            {
                                "type": "user",
                                "user_id": "U01APBW5N2J"
                            },
                            {
                                "type": "text",
                                "text": "?"
                            }
                        ]
                    }
                ]
            }
        ],
        "team": "TJPN85XRA",
        "user_team": "TJPN85XRA",
        "source_team": "TJPN85XRA",
        "user_profile": {
            "avatar_hash": "f350669b1e49",
            "image_72": "https:\/\/avatars.slack-edge.com\/2021-07-29\/2324539512645_f350669b1e496193ea11_72.jpg",
            "first_name": "",
            "real_name": "Paul Buser",
            "display_name": "Paul Buser",
            "team": "TJPN85XRA",
            "name": "buser.paul",
            "is_restricted": false,
            "is_ultra_restricted": false
        },
        "thread_ts": "1668459790.469779",
        "reply_count": 8,
        "reply_users_count": 3,
        "latest_reply": "1668622840.032659",
        "reply_users": [
            "U029MNKJ0DR",
            "U010TD4329M",
            "UJR4DDS12"
        ],
        "replies": [
            {
                "user": "U029MNKJ0DR",
                "ts": "1668459834.906239"
            },
            {
                "user": "U010TD4329M",
                "ts": "1668459869.311049"
            },
            {
                "user": "UJR4DDS12",
                "ts": "1668463980.325079"
            },
            {
                "user": "UJR4DDS12",
                "ts": "1668529131.503899"
            },
            {
                "user": "UJR4DDS12",
                "ts": "1668547543.220369"
            },
            {
                "user": "U010TD4329M",
                "ts": "1668548374.518909"
            },
            {
                "user": "U010TD4329M",
                "ts": "1668622820.045069"
            },
            {
                "user": "U010TD4329M",
                "ts": "1668622840.032659"
            }
        ],
        "is_locked": false,
        "subscribed": false
    },
    {
        "client_msg_id": "effa68a6-baff-4523-bb0c-de6dad4a5465",
        "type": "message",
        "text": "(Doesn't need to be fully production-ready, just as a temporary solution to have more reliable YPR data available to our sound designers)",
        "user": "U029MNKJ0DR",
        "ts": "1668459834.906239",
        "blocks": [
            {
                "type": "rich_text",
                "block_id": "\/7Y=T",
                "elements": [
                    {
                        "type": "rich_text_section",
                        "elements": [
                            {
                                "type": "text",
                                "text": "(Doesn't need to be fully production-ready, just as a temporary solution to have more reliable YPR data available to our sound designers)"
                            }
                        ]
                    }
                ]
            }
        ],
        "team": "TJPN85XRA",
        "user_team": "TJPN85XRA",
        "source_team": "TJPN85XRA",
        "user_profile": {
            "avatar_hash": "f350669b1e49",
            "image_72": "https:\/\/avatars.slack-edge.com\/2021-07-29\/2324539512645_f350669b1e496193ea11_72.jpg",
            "first_name": "",
            "real_name": "Paul Buser",
            "display_name": "Paul Buser",
            "team": "TJPN85XRA",
            "name": "buser.paul",
            "is_restricted": false,
            "is_ultra_restricted": false
        },
        "thread_ts": "1668459790.469779",
        "parent_user_id": "U029MNKJ0DR"
    },
    {
        "client_msg_id": "4261d4d0-decf-420c-8c7c-effa5a7fafc8",
        "type": "message",
        "text": "Sure! The code will all be public anyway :slightly_smiling_face:",
        "user": "U010TD4329M",
        "ts": "1668459869.311049",
        "blocks": [
            {
                "type": "rich_text",
                "block_id": "Uqdn",
                "elements": [
                    {
                        "type": "rich_text_section",
                        "elements": [
                            {
                                "type": "text",
                                "text": "Sure! The code will all be public anyway "
                            },
                            {
                                "type": "emoji",
                                "name": "slightly_smiling_face",
                                "unicode": "1f642"
                            }
                        ]
                    }
                ]
            }
        ],
        "team": "TJPN85XRA",
        "user_team": "TJPN85XRA",
        "source_team": "TJPN85XRA",
        "user_profile": {
            "avatar_hash": "g76664e246bb",
            "image_72": "https:\/\/secure.gravatar.com\/avatar\/76664e246bb99704f2fe508d673b1124.jpg?s=72&d=https%3A%2F%2Fa.slack-edge.com%2Fdf10d%2Fimg%2Favatars%2Fava_0026-72.png",
            "first_name": "",
            "real_name": "Joe Malloch",
            "display_name": "Joe Malloch",
            "team": "TJPN85XRA",
            "name": "jmalloch",
            "is_restricted": false,
            "is_ultra_restricted": false
        },
        "thread_ts": "1668459790.469779",
        "parent_user_id": "U029MNKJ0DR",
        "reactions": [
            {
                "name": "+1",
                "users": [
                    "U029MNKJ0DR"
                ],
                "count": 1
            }
        ]
    },
    {
        "client_msg_id": "3b5d2432-e6e2-4ff8-b840-00f070264d83",
        "type": "message",
        "text": "Full speed with some small optimizations (still in Max): <https:\/\/youtu.be\/qmpl8HKJJzk>",
        "user": "U010TD4329M",
        "ts": "1668460977.268349",
        "blocks": [
            {
                "type": "rich_text",
                "block_id": "sI80",
                "elements": [
                    {
                        "type": "rich_text_section",
                        "elements": [
                            {
                                "type": "text",
                                "text": "Full speed with some small optimizations (still in Max): "
                            },
                            {
                                "type": "link",
                                "url": "https:\/\/youtu.be\/qmpl8HKJJzk"
                            }
                        ]
                    }
                ]
            }
        ],
        "team": "TJPN85XRA",
        "user_team": "TJPN85XRA",
        "source_team": "TJPN85XRA",
        "user_profile": {
            "avatar_hash": "g76664e246bb",
            "image_72": "https:\/\/secure.gravatar.com\/avatar\/76664e246bb99704f2fe508d673b1124.jpg?s=72&d=https%3A%2F%2Fa.slack-edge.com%2Fdf10d%2Fimg%2Favatars%2Fava_0026-72.png",
            "first_name": "",
            "real_name": "Joe Malloch",
            "display_name": "Joe Malloch",
            "team": "TJPN85XRA",
            "name": "jmalloch",
            "is_restricted": false,
            "is_ultra_restricted": false
        },
        "attachments": [
            {
                "from_url": "https:\/\/youtu.be\/qmpl8HKJJzk",
                "thumb_url": "https:\/\/i.ytimg.com\/vi\/qmpl8HKJJzk\/hqdefault.jpg",
                "thumb_width": 480,
                "thumb_height": 360,
                "video_html": "<iframe width=\"400\" height=\"225\" src=\"https:\/\/www.youtube.com\/embed\/qmpl8HKJJzk?feature=oembed&autoplay=1&iv_load_policy=3\" frameborder=\"0\" allow=\"accelerometer; autoplay; clipboard-write; encrypted-media; gyroscope; picture-in-picture\" allowfullscreen title=\"IMU sensor fusion test 2\"><\/iframe>",
                "video_html_width": 400,
                "video_html_height": 225,
                "service_icon": "https:\/\/a.slack-edge.com\/80588\/img\/unfurl_icons\/youtube.png",
                "id": 1,
                "original_url": "https:\/\/youtu.be\/qmpl8HKJJzk",
                "fallback": "YouTube Video: IMU sensor fusion test 2",
                "title": "IMU sensor fusion test 2",
                "title_link": "https:\/\/youtu.be\/qmpl8HKJJzk",
                "author_name": "Joseph Malloch",
                "author_link": "https:\/\/www.youtube.com\/c\/JosephMalloch",
                "service_name": "YouTube",
                "service_url": "https:\/\/www.youtube.com\/"
            }
        ],
        "thread_ts": "1668460977.268349",
        "reply_count": 3,
        "reply_users_count": 3,
        "latest_reply": "1668523701.202859",
        "reply_users": [
            "UJCU8BAAW",
            "U03JTLB9FSS",
            "U010TD4329M"
        ],
        "replies": [
            {
                "user": "UJCU8BAAW",
                "ts": "1668523388.845959"
            },
            {
                "user": "U03JTLB9FSS",
                "ts": "1668523693.994259"
            },
            {
                "user": "U010TD4329M",
                "ts": "1668523701.202859"
            }
        ],
        "is_locked": false,
        "subscribed": false,
        "reactions": [
            {
                "name": "tada",
                "users": [
                    "U03JTLB9FSS",
                    "U010FMZRE4A"
                ],
                "count": 2
            },
            {
                "name": "clap::skin-tone-5",
                "users": [
                    "UJCU8BAAW"
                ],
                "count": 1
            }
        ]
    },
    {
        "client_msg_id": "D2C91184-D125-4A81-AC8C-401025427C95",
        "type": "message",
        "text": "yeah, same. Just need to push my work in progress somewhere",
        "user": "UJR4DDS12",
        "ts": "1668463980.325079",
        "blocks": [
            {
                "type": "rich_text",
                "block_id": "esk",
                "elements": [
                    {
                        "type": "rich_text_section",
                        "elements": [
                            {
                                "type": "text",
                                "text": "yeah, same. Just need to push my work in progress somewhere"
                            }
                        ]
                    }
                ]
            }
        ],
        "team": "TJPN85XRA",
        "user_team": "TJPN85XRA",
        "source_team": "TJPN85XRA",
        "user_profile": {
            "avatar_hash": "a59dc6f2aaf0",
            "image_72": "https:\/\/avatars.slack-edge.com\/2022-06-18\/3673671924631_a59dc6f2aaf006d655d2_72.jpg",
            "first_name": "Travis",
            "real_name": "Travis West",
            "display_name": "Travis",
            "team": "TJPN85XRA",
            "name": "travis.west",
            "is_restricted": false,
            "is_ultra_restricted": false
        },
        "thread_ts": "1668459790.469779",
        "parent_user_id": "U029MNKJ0DR"
    }
]