[
    {
        "client_msg_id": "0acfa854-f057-471a-b9d6-379df8f6520c",
        "type": "message",
        "text": "hey <@U03JTLB9FSS> could you record some of the raw accel\/gyro\/mag data while moving the tstick around and send it to me?",
        "user": "U010TD4329M",
        "ts": "1667757442.931249",
        "blocks": [
            {
                "type": "rich_text",
                "block_id": "czGXS",
                "elements": [
                    {
                        "type": "rich_text_section",
                        "elements": [
                            {
                                "type": "text",
                                "text": "hey "
                            },
                            {
                                "type": "user",
                                "user_id": "U03JTLB9FSS"
                            },
                            {
                                "type": "text",
                                "text": " could you record some of the raw accel\/gyro\/mag data while moving the tstick around and send it to me?"
                            }
                        ]
                    }
                ]
            }
        ],
        "team": "TJPN85XRA",
        "user_team": "TJPN85XRA",
        "source_team": "TJPN85XRA",
        "user_profile": {
            "avatar_hash": "g76664e246bb",
            "image_72": "https:\/\/secure.gravatar.com\/avatar\/76664e246bb99704f2fe508d673b1124.jpg?s=72&d=https%3A%2F%2Fa.slack-edge.com%2Fdf10d%2Fimg%2Favatars%2Fava_0026-72.png",
            "first_name": "",
            "real_name": "Joe Malloch",
            "display_name": "Joe Malloch",
            "team": "TJPN85XRA",
            "name": "jmalloch",
            "is_restricted": false,
            "is_ultra_restricted": false
        },
        "thread_ts": "1667605150.429639",
        "parent_user_id": "U010TD4329M"
    },
    {
        "client_msg_id": "a6f6b8f0-e0ec-468c-ad21-db116b33e668",
        "type": "message",
        "text": "and what is the orientation of the LSM9DS1 in the the T-Stick?",
        "user": "U010TD4329M",
        "ts": "1667757608.757729",
        "blocks": [
            {
                "type": "rich_text",
                "block_id": "2XJ",
                "elements": [
                    {
                        "type": "rich_text_section",
                        "elements": [
                            {
                                "type": "text",
                                "text": "and what is the orientation of the LSM9DS1 in the the T-Stick?"
                            }
                        ]
                    }
                ]
            }
        ],
        "team": "TJPN85XRA",
        "user_team": "TJPN85XRA",
        "source_team": "TJPN85XRA",
        "user_profile": {
            "avatar_hash": "g76664e246bb",
            "image_72": "https:\/\/secure.gravatar.com\/avatar\/76664e246bb99704f2fe508d673b1124.jpg?s=72&d=https%3A%2F%2Fa.slack-edge.com%2Fdf10d%2Fimg%2Favatars%2Fava_0026-72.png",
            "first_name": "",
            "real_name": "Joe Malloch",
            "display_name": "Joe Malloch",
            "team": "TJPN85XRA",
            "name": "jmalloch",
            "is_restricted": false,
            "is_ultra_restricted": false
        },
        "thread_ts": "1667605150.429639",
        "parent_user_id": "U010TD4329M"
    },
    {
        "client_msg_id": "a7fa0173-269f-41db-9531-4b7ff896654a",
        "type": "message",
        "text": "<@U010TD4329M> sure, will send in one sec. I'm not sure the build instructions have enforced the IMU being connected in a certain direction, so it might be a bit messy with each T-Stick having different axes.",
        "user": "U03JTLB9FSS",
        "ts": "1667758183.334539",
        "blocks": [
            {
                "type": "rich_text",
                "block_id": "n87I",
                "elements": [
                    {
                        "type": "rich_text_section",
                        "elements": [
                            {
                                "type": "user",
                                "user_id": "U010TD4329M"
                            },
                            {
                                "type": "text",
                                "text": " sure, will send in one sec. I'm not sure the build instructions have enforced the IMU being connected in a certain direction, so it might be a bit messy with each T-Stick having different axes."
                            }
                        ]
                    }
                ]
            }
        ],
        "team": "TJPN85XRA",
        "user_team": "TJPN85XRA",
        "source_team": "TJPN85XRA",
        "user_profile": {
            "avatar_hash": "459fb8de8703",
            "image_72": "https:\/\/avatars.slack-edge.com\/2022-07-28\/3867310060339_459fb8de8703bb2678e5_72.jpg",
            "first_name": "Brady",
            "real_name": "Brady Boettcher",
            "display_name": "",
            "team": "TJPN85XRA",
            "name": "brady.boettcher",
            "is_restricted": false,
            "is_ultra_restricted": false
        },
        "thread_ts": "1667605150.429639",
        "parent_user_id": "U010TD4329M"
    },
    {
        "type": "message",
        "text": "here's a low quality pic from the build instructions compared to the chip, but people definitely could have swapped directions when building their own",
        "files": [
            {
                "id": "F049S6VTC0L",
                "mode": "hidden_by_limit"
            },
            {
                "id": "F04A2CBCC4R",
                "mode": "hidden_by_limit"
            }
        ],
        "upload": false,
        "user": "U03JTLB9FSS",
        "ts": "1667758253.271719",
        "blocks": [
            {
                "type": "rich_text",
                "block_id": "44DP",
                "elements": [
                    {
                        "type": "rich_text_section",
                        "elements": [
                            {
                                "type": "text",
                                "text": "here's a low quality pic from the build instructions compared to the chip, but people definitely could have swapped directions when building their own"
                            }
                        ]
                    }
                ]
            }
        ],
        "client_msg_id": "2965e1a7-5fc9-467d-8d04-fbe9f9761a8a",
        "thread_ts": "1667605150.429639",
        "parent_user_id": "U010TD4329M"
    },
    {
        "type": "message",
        "text": "<@U010TD4329M> here you go, formatted as ax,ay,az,gx,gy,gz,mx,my,mz",
        "files": [
            {
                "id": "F04A2CPDG49",
                "mode": "tombstone"
            }
        ],
        "upload": false,
        "user": "U03JTLB9FSS",
        "display_as_bot": false,
        "ts": "1667758888.096889",
        "blocks": [
            {
                "type": "rich_text",
                "block_id": "Hg+q9",
                "elements": [
                    {
                        "type": "rich_text_section",
                        "elements": [
                            {
                                "type": "user",
                                "user_id": "U010TD4329M"
                            },
                            {
                                "type": "text",
                                "text": " here you go, formatted as ax,ay,az,gx,gy,gz,mx,my,mz"
                            }
                        ]
                    }
                ]
            }
        ],
        "client_msg_id": "07d97ea8-7704-4db1-8f3e-628897c5f585",
        "thread_ts": "1667605150.429639",
        "parent_user_id": "U010TD4329M",
        "reactions": [
            {
                "name": "+1",
                "users": [
                    "U010TD4329M"
                ],
                "count": 1
            }
        ]
    },
    {
        "type": "message",
        "text": "",
        "files": [
            {
                "id": "F049PLB1F7D",
                "created": 1667759042,
                "timestamp": 1667759042,
                "name": "output.txt",
                "title": "output.txt",
                "mimetype": "text\/plain",
                "filetype": "text",
                "pretty_type": "Plain Text",
                "user": "U03JTLB9FSS",
                "user_team": "TJPN85XRA",
                "editable": true,
                "size": 26207,
                "mode": "snippet",
                "is_external": false,
                "external_type": "",
                "is_public": true,
                "public_url_shared": false,
                "display_as_bot": false,
                "username": "",
                "url_private": "https:\/\/files.slack.com\/files-pri\/TJPN85XRA-F049PLB1F7D\/output.txt?t=xoxe-635756201860-5822147069925-5827507671108-aa50e926a1c11470df3e79fc59b5f176",
                "url_private_download": "https:\/\/files.slack.com\/files-pri\/TJPN85XRA-F049PLB1F7D\/download\/output.txt?t=xoxe-635756201860-5822147069925-5827507671108-aa50e926a1c11470df3e79fc59b5f176",
                "permalink": "https:\/\/idmil.slack.com\/files\/U03JTLB9FSS\/F049PLB1F7D\/output.txt",
                "permalink_public": "https:\/\/slack-files.com\/TJPN85XRA-F049PLB1F7D-6a227b77fd",
                "edit_link": "https:\/\/idmil.slack.com\/files\/U03JTLB9FSS\/F049PLB1F7D\/output.txt\/edit",
                "is_starred": false,
                "has_rich_preview": false,
                "file_access": "visible"
            }
        ],
        "upload": false,
        "user": "U03JTLB9FSS",
        "display_as_bot": false,
        "ts": "1667759059.052139",
        "client_msg_id": "10d8f173-7a38-421b-8f9b-151a7a8afd31",
        "thread_ts": "1667605150.429639",
        "parent_user_id": "U010TD4329M"
    }
]