[
    {
        "client_msg_id": "b0c73eff-edfb-408c-b4d4-9602f15f2ebe",
        "type": "message",
        "text": "I suggested to <@U029MNKJ0DR> this morning that we could try to organize a brief (e.g. 48hrs) hackathon \/ sprint around implementing some first tests of UWB tri-lateration. Would anyone else be interested in such an initiative or event? <@U01APBW5N2J>? Others? <@UKGLCA1GS> is there potentially any budget to order a handful of sensors for something like this?",
        "user": "UJR4DDS12",
        "ts": "1666113265.533839",
        "blocks": [
            {
                "type": "rich_text",
                "block_id": "NSRZ",
                "elements": [
                    {
                        "type": "rich_text_section",
                        "elements": [
                            {
                                "type": "text",
                                "text": "I suggested to "
                            },
                            {
                                "type": "user",
                                "user_id": "U029MNKJ0DR"
                            },
                            {
                                "type": "text",
                                "text": " this morning that we could try to organize a brief (e.g. 48hrs) hackathon \/ sprint around implementing some first tests of UWB tri-lateration. Would anyone else be interested in such an initiative or event? "
                            },
                            {
                                "type": "user",
                                "user_id": "U01APBW5N2J"
                            },
                            {
                                "type": "text",
                                "text": "? Others? "
                            },
                            {
                                "type": "user",
                                "user_id": "UKGLCA1GS"
                            },
                            {
                                "type": "text",
                                "text": " is there potentially any budget to order a handful of sensors for something like this?"
                            }
                        ]
                    }
                ]
            }
        ],
        "team": "TJPN85XRA",
        "user_team": "TJPN85XRA",
        "source_team": "TJPN85XRA",
        "user_profile": {
            "avatar_hash": "a59dc6f2aaf0",
            "image_72": "https:\/\/avatars.slack-edge.com\/2022-06-18\/3673671924631_a59dc6f2aaf006d655d2_72.jpg",
            "first_name": "Travis",
            "real_name": "Travis West",
            "display_name": "Travis",
            "team": "TJPN85XRA",
            "name": "travis.west",
            "is_restricted": false,
            "is_ultra_restricted": false
        },
        "thread_ts": "1666113265.533839",
        "reply_count": 17,
        "reply_users_count": 4,
        "latest_reply": "1666126691.041889",
        "reply_users": [
            "U01APBW5N2J",
            "U03JWS43U3H",
            "UJR4DDS12",
            "UKGLCA1GS"
        ],
        "replies": [
            {
                "user": "U01APBW5N2J",
                "ts": "1666113532.010879"
            },
            {
                "user": "U03JWS43U3H",
                "ts": "1666113554.792379"
            },
            {
                "user": "UJR4DDS12",
                "ts": "1666113870.020559"
            },
            {
                "user": "UJR4DDS12",
                "ts": "1666114589.475259"
            },
            {
                "user": "UKGLCA1GS",
                "ts": "1666114801.908069"
            },
            {
                "user": "UJR4DDS12",
                "ts": "1666117892.636979"
            },
            {
                "user": "UJR4DDS12",
                "ts": "1666123488.268629"
            },
            {
                "user": "UJR4DDS12",
                "ts": "1666123650.105679"
            },
            {
                "user": "U03JWS43U3H",
                "ts": "1666123770.348669"
            },
            {
                "user": "U01APBW5N2J",
                "ts": "1666123993.315719"
            },
            {
                "user": "UJR4DDS12",
                "ts": "1666125002.912759"
            },
            {
                "user": "UJR4DDS12",
                "ts": "1666125028.788589"
            },
            {
                "user": "UJR4DDS12",
                "ts": "1666125126.063029"
            },
            {
                "user": "UJR4DDS12",
                "ts": "1666125165.277319"
            },
            {
                "user": "U01APBW5N2J",
                "ts": "1666125336.098799"
            },
            {
                "user": "UJR4DDS12",
                "ts": "1666125479.551879"
            },
            {
                "user": "UKGLCA1GS",
                "ts": "1666126691.041889"
            }
        ],
        "is_locked": false,
        "subscribed": false
    },
    {
        "type": "message",
        "subtype": "channel_join",
        "ts": "1666113269.818689",
        "user": "U029MNKJ0DR",
        "text": "<@U029MNKJ0DR> has joined the channel",
        "inviter": "UJR4DDS12"
    },
    {
        "client_msg_id": "29cffee9-852c-4d92-a1e8-13fbb1f4ff5d",
        "type": "message",
        "text": "Hi there,",
        "user": "UKGLCA1GS",
        "ts": "1666113337.365789",
        "blocks": [
            {
                "type": "rich_text",
                "block_id": "97xv",
                "elements": [
                    {
                        "type": "rich_text_section",
                        "elements": [
                            {
                                "type": "text",
                                "text": "Hi there,"
                            }
                        ]
                    }
                ]
            }
        ],
        "team": "TJPN85XRA",
        "user_team": "TJPN85XRA",
        "source_team": "TJPN85XRA",
        "user_profile": {
            "avatar_hash": "82cc3b048607",
            "image_72": "https:\/\/avatars.slack-edge.com\/2022-07-25\/3850040330500_82cc3b048607f33add6e_72.jpg",
            "first_name": "",
            "real_name": "Marcelo Wanderley",
            "display_name": "Marcelo Wanderley",
            "team": "TJPN85XRA",
            "name": "marcelo.wanderley",
            "is_restricted": false,
            "is_ultra_restricted": false
        }
    },
    {
        "client_msg_id": "3be620bd-fc28-4fb2-af81-ace854b6a10e",
        "type": "message",
        "text": "sure thing! Just submit the list for purchase and I can approve it.",
        "user": "UKGLCA1GS",
        "ts": "1666113367.713759",
        "blocks": [
            {
                "type": "rich_text",
                "block_id": "=v+",
                "elements": [
                    {
                        "type": "rich_text_section",
                        "elements": [
                            {
                                "type": "text",
                                "text": "sure thing! Just submit the list for purchase and I can approve it."
                            }
                        ]
                    }
                ]
            }
        ],
        "team": "TJPN85XRA",
        "user_team": "TJPN85XRA",
        "source_team": "TJPN85XRA",
        "user_profile": {
            "avatar_hash": "82cc3b048607",
            "image_72": "https:\/\/avatars.slack-edge.com\/2022-07-25\/3850040330500_82cc3b048607f33add6e_72.jpg",
            "first_name": "",
            "real_name": "Marcelo Wanderley",
            "display_name": "Marcelo Wanderley",
            "team": "TJPN85XRA",
            "name": "marcelo.wanderley",
            "is_restricted": false,
            "is_ultra_restricted": false
        },
        "reactions": [
            {
                "name": "tada",
                "users": [
                    "UJR4DDS12",
                    "U03JWS43U3H",
                    "U03JTLB9FSS"
                ],
                "count": 3
            },
            {
                "name": "headbanging_parrot",
                "users": [
                    "UJR4DDS12"
                ],
                "count": 1
            }
        ]
    },
    {
        "client_msg_id": "7ba33b1b-b936-4ab8-8e88-ea838fd195ae",
        "type": "message",
        "text": "I think the issue (for me at least) is not so much a lack of information as a lack of time :face_exhaling:",
        "user": "UJR4DDS12",
        "ts": "1666113454.480419",
        "blocks": [
            {
                "type": "rich_text",
                "block_id": "U9s",
                "elements": [
                    {
                        "type": "rich_text_section",
                        "elements": [
                            {
                                "type": "text",
                                "text": "I think the issue (for me at least) is not so much a lack of information as a lack of time "
                            },
                            {
                                "type": "emoji",
                                "name": "face_exhaling",
                                "unicode": "1f62e-200d-1f4a8"
                            }
                        ]
                    }
                ]
            }
        ],
        "team": "TJPN85XRA",
        "user_team": "TJPN85XRA",
        "source_team": "TJPN85XRA",
        "user_profile": {
            "avatar_hash": "a59dc6f2aaf0",
            "image_72": "https:\/\/avatars.slack-edge.com\/2022-06-18\/3673671924631_a59dc6f2aaf006d655d2_72.jpg",
            "first_name": "Travis",
            "real_name": "Travis West",
            "display_name": "Travis",
            "team": "TJPN85XRA",
            "name": "travis.west",
            "is_restricted": false,
            "is_ultra_restricted": false
        },
        "thread_ts": "1662808043.121899",
        "parent_user_id": "U010FMZRE4A"
    },
    {
        "client_msg_id": "57bbde11-11cd-43f4-a32d-4eb6aa275a3f",
        "type": "message",
        "text": "I plan on getting orientation sensing working again by mid-November. Fingers crossed.",
        "user": "UJR4DDS12",
        "ts": "1666113504.394609",
        "blocks": [
            {
                "type": "rich_text",
                "block_id": "xYh",
                "elements": [
                    {
                        "type": "rich_text_section",
                        "elements": [
                            {
                                "type": "text",
                                "text": "I plan on getting orientation sensing working again by mid-November. Fingers crossed."
                            }
                        ]
                    }
                ]
            }
        ],
        "team": "TJPN85XRA",
        "user_team": "TJPN85XRA",
        "source_team": "TJPN85XRA",
        "user_profile": {
            "avatar_hash": "a59dc6f2aaf0",
            "image_72": "https:\/\/avatars.slack-edge.com\/2022-06-18\/3673671924631_a59dc6f2aaf006d655d2_72.jpg",
            "first_name": "Travis",
            "real_name": "Travis West",
            "display_name": "Travis",
            "team": "TJPN85XRA",
            "name": "travis.west",
            "is_restricted": false,
            "is_ultra_restricted": false
        },
        "thread_ts": "1662808043.121899",
        "parent_user_id": "U010FMZRE4A",
        "reactions": [
            {
                "name": "pray",
                "users": [
                    "U010FMZRE4A"
                ],
                "count": 1
            }
        ]
    },
    {
        "client_msg_id": "92c0fbf3-b442-436d-a644-35caeea7c589",
        "type": "message",
        "text": "I would be interested, depending on timing! <@U029MNKJ0DR> had talked about exact positioning of the t-stick, which while giving it some thought, could be a fun use for UWB (with an anchor in the tree, and then maybe multiple sticks? i'm not sure how many anchors we'll need to deploy for multiple moving objects)",
        "user": "U01APBW5N2J",
        "ts": "1666113532.010879",
        "blocks": [
            {
                "type": "rich_text",
                "block_id": "6WT",
                "elements": [
                    {
                        "type": "rich_text_section",
                        "elements": [
                            {
                                "type": "text",
                                "text": "I would be interested, depending on timing! "
                            },
                            {
                                "type": "user",
                                "user_id": "U029MNKJ0DR"
                            },
                            {
                                "type": "text",
                                "text": " had talked about exact positioning of the t-stick, which while giving it some thought, could be a fun use for UWB (with an anchor in the tree, and then maybe multiple sticks? i'm not sure how many anchors we'll need to deploy for multiple moving objects)"
                            }
                        ]
                    }
                ]
            }
        ],
        "team": "TJPN85XRA",
        "user_team": "TJPN85XRA",
        "source_team": "TJPN85XRA",
        "user_profile": {
            "avatar_hash": "fe0a901d9daf",
            "image_72": "https:\/\/avatars.slack-edge.com\/2020-09-17\/1355731656631_fe0a901d9daf26440442_72.png",
            "first_name": "",
            "real_name": "Kasey Pocius",
            "display_name": "Kasey Pocius",
            "team": "TJPN85XRA",
            "name": "kaseypocius",
            "is_restricted": false,
            "is_ultra_restricted": false
        },
        "thread_ts": "1666113265.533839",
        "parent_user_id": "UJR4DDS12"
    },
    {
        "client_msg_id": "22b02aae-daaa-43a1-956b-42374ba54028",
        "type": "message",
        "text": "I'd be interested in participating as well",
        "user": "U03JWS43U3H",
        "ts": "1666113554.792379",
        "blocks": [
            {
                "type": "rich_text",
                "block_id": "5OfWj",
                "elements": [
                    {
                        "type": "rich_text_section",
                        "elements": [
                            {
                                "type": "text",
                                "text": "I'd be interested in participating as well"
                            }
                        ]
                    }
                ]
            }
        ],
        "team": "TJPN85XRA",
        "user_team": "TJPN85XRA",
        "source_team": "TJPN85XRA",
        "user_profile": {
            "avatar_hash": "g9dd84ade99b",
            "image_72": "https:\/\/secure.gravatar.com\/avatar\/9dd84ade99bb030e9269d9f654d3b81f.jpg?s=72&d=https%3A%2F%2Fa.slack-edge.com%2Fdf10d%2Fimg%2Favatars%2Fava_0006-72.png",
            "first_name": "Albert-Ngabo",
            "real_name": "Albert-Ngabo Niyonsenga",
            "display_name": "Albert-Ngabo Niyonsenga",
            "team": "TJPN85XRA",
            "name": "albert-ngabo.niyonsen",
            "is_restricted": false,
            "is_ultra_restricted": false
        },
        "thread_ts": "1666113265.533839",
        "parent_user_id": "UJR4DDS12"
    },
    {
        "client_msg_id": "020d4561-6a90-4802-88c7-32e041d19229",
        "type": "message",
        "text": "Then the planning commences... <https:\/\/padlet.com\/traviswest1\/4uok6wn3rvar0txt>",
        "user": "UJR4DDS12",
        "ts": "1666113870.020559",
        "blocks": [
            {
                "type": "rich_text",
                "block_id": "7n+",
                "elements": [
                    {
                        "type": "rich_text_section",
                        "elements": [
                            {
                                "type": "text",
                                "text": "Then the planning commences... "
                            },
                            {
                                "type": "link",
                                "url": "https:\/\/padlet.com\/traviswest1\/4uok6wn3rvar0txt"
                            }
                        ]
                    }
                ]
            }
        ],
        "team": "TJPN85XRA",
        "user_team": "TJPN85XRA",
        "source_team": "TJPN85XRA",
        "user_profile": {
            "avatar_hash": "a59dc6f2aaf0",
            "image_72": "https:\/\/avatars.slack-edge.com\/2022-06-18\/3673671924631_a59dc6f2aaf006d655d2_72.jpg",
            "first_name": "Travis",
            "real_name": "Travis West",
            "display_name": "Travis",
            "team": "TJPN85XRA",
            "name": "travis.west",
            "is_restricted": false,
            "is_ultra_restricted": false
        },
        "thread_ts": "1666113265.533839",
        "parent_user_id": "UJR4DDS12"
    },
    {
        "client_msg_id": "660b525a-a52d-46c7-bf65-e18a4ab81474",
        "type": "message",
        "text": "Quick poll. React :one: (`:one:`) :two: (`:two:`) or :three: (`:three:`) to respond.\n\nWhat is your preferred format for a hackathon?\n:one:: short very intense. 24 to 72 hrs of living eating and sleeping ultrawideband.\n:two:: week long sprint. I have other things to do, but not too many this week.\n:three:: longer than that.",
        "user": "UJR4DDS12",
        "ts": "1666114589.475259",
        "blocks": [
            {
                "type": "rich_text",
                "block_id": "palB",
                "elements": [
                    {
                        "type": "rich_text_section",
                        "elements": [
                            {
                                "type": "text",
                                "text": "Quick poll. React "
                            },
                            {
                                "type": "emoji",
                                "name": "one",
                                "unicode": "0031-fe0f-20e3"
                            },
                            {
                                "type": "text",
                                "text": " ("
                            },
                            {
                                "type": "text",
                                "text": ":one:",
                                "style": {
                                    "code": true
                                }
                            },
                            {
                                "type": "text",
                                "text": ") "
                            },
                            {
                                "type": "emoji",
                                "name": "two",
                                "unicode": "0032-fe0f-20e3"
                            },
                            {
                                "type": "text",
                                "text": " ("
                            },
                            {
                                "type": "text",
                                "text": ":two:",
                                "style": {
                                    "code": true
                                }
                            },
                            {
                                "type": "text",
                                "text": ") or "
                            },
                            {
                                "type": "emoji",
                                "name": "three",
                                "unicode": "0033-fe0f-20e3"
                            },
                            {
                                "type": "text",
                                "text": " ("
                            },
                            {
                                "type": "text",
                                "text": ":three:",
                                "style": {
                                    "code": true
                                }
                            },
                            {
                                "type": "text",
                                "text": ") to respond.\n\nWhat is your preferred format for a hackathon?\n"
                            },
                            {
                                "type": "emoji",
                                "name": "one",
                                "unicode": "0031-fe0f-20e3"
                            },
                            {
                                "type": "text",
                                "text": ": short very intense. 24 to 72 hrs of living eating and sleeping ultrawideband.\n"
                            },
                            {
                                "type": "emoji",
                                "name": "two",
                                "unicode": "0032-fe0f-20e3"
                            },
                            {
                                "type": "text",
                                "text": ": week long sprint. I have other things to do, but not too many this week.\n"
                            },
                            {
                                "type": "emoji",
                                "name": "three",
                                "unicode": "0033-fe0f-20e3"
                            },
                            {
                                "type": "text",
                                "text": ": longer than that."
                            }
                        ]
                    }
                ]
            }
        ],
        "team": "TJPN85XRA",
        "user_team": "TJPN85XRA",
        "source_team": "TJPN85XRA",
        "user_profile": {
            "avatar_hash": "a59dc6f2aaf0",
            "image_72": "https:\/\/avatars.slack-edge.com\/2022-06-18\/3673671924631_a59dc6f2aaf006d655d2_72.jpg",
            "first_name": "Travis",
            "real_name": "Travis West",
            "display_name": "Travis",
            "team": "TJPN85XRA",
            "name": "travis.west",
            "is_restricted": false,
            "is_ultra_restricted": false
        },
        "edited": {
            "user": "UJR4DDS12",
            "ts": "1666114612.000000"
        },
        "thread_ts": "1666113265.533839",
        "parent_user_id": "UJR4DDS12",
        "reactions": [
            {
                "name": "one",
                "users": [
                    "U03JWS43U3H",
                    "UJR4DDS12",
                    "U01APBW5N2J",
                    "U029MNKJ0DR"
                ],
                "count": 4
            },
            {
                "name": "two",
                "users": [
                    "U029MNKJ0DR"
                ],
                "count": 1
            }
        ]
    },
    {
        "client_msg_id": "59a1c453-29cd-4968-a41c-e8d9b1aa5dda",
        "type": "message",
        "text": "Sure thing for sensor purchase, just make the request with Darryl.",
        "user": "UKGLCA1GS",
        "ts": "1666114801.908069",
        "blocks": [
            {
                "type": "rich_text",
                "block_id": "Zy=m7",
                "elements": [
                    {
                        "type": "rich_text_section",
                        "elements": [
                            {
                                "type": "text",
                                "text": "Sure thing for sensor purchase, just make the request with Darryl."
                            }
                        ]
                    }
                ]
            }
        ],
        "team": "TJPN85XRA",
        "user_team": "TJPN85XRA",
        "source_team": "TJPN85XRA",
        "user_profile": {
            "avatar_hash": "82cc3b048607",
            "image_72": "https:\/\/avatars.slack-edge.com\/2022-07-25\/3850040330500_82cc3b048607f33add6e_72.jpg",
            "first_name": "",
            "real_name": "Marcelo Wanderley",
            "display_name": "Marcelo Wanderley",
            "team": "TJPN85XRA",
            "name": "marcelo.wanderley",
            "is_restricted": false,
            "is_ultra_restricted": false
        },
        "thread_ts": "1666113265.533839",
        "parent_user_id": "UJR4DDS12"
    },
    {
        "client_msg_id": "db50c737-149e-49bf-9ff9-369806b70428",
        "type": "message",
        "text": "Weekend or weekday?\n:one:weekend\n:two:weekday\n:three:either is equally fine",
        "user": "UJR4DDS12",
        "ts": "1666117892.636979",
        "blocks": [
            {
                "type": "rich_text",
                "block_id": "nniUL",
                "elements": [
                    {
                        "type": "rich_text_section",
                        "elements": [
                            {
                                "type": "text",
                                "text": "Weekend or weekday?\n"
                            },
                            {
                                "type": "emoji",
                                "name": "one",
                                "unicode": "0031-fe0f-20e3"
                            },
                            {
                                "type": "text",
                                "text": "weekend\n"
                            },
                            {
                                "type": "emoji",
                                "name": "two",
                                "unicode": "0032-fe0f-20e3"
                            },
                            {
                                "type": "text",
                                "text": "weekday\n"
                            },
                            {
                                "type": "emoji",
                                "name": "three",
                                "unicode": "0033-fe0f-20e3"
                            },
                            {
                                "type": "text",
                                "text": "either is equally fine"
                            }
                        ]
                    }
                ]
            }
        ],
        "team": "TJPN85XRA",
        "user_team": "TJPN85XRA",
        "source_team": "TJPN85XRA",
        "user_profile": {
            "avatar_hash": "a59dc6f2aaf0",
            "image_72": "https:\/\/avatars.slack-edge.com\/2022-06-18\/3673671924631_a59dc6f2aaf006d655d2_72.jpg",
            "first_name": "Travis",
            "real_name": "Travis West",
            "display_name": "Travis",
            "team": "TJPN85XRA",
            "name": "travis.west",
            "is_restricted": false,
            "is_ultra_restricted": false
        },
        "edited": {
            "user": "UJR4DDS12",
            "ts": "1666117919.000000"
        },
        "thread_ts": "1666113265.533839",
        "parent_user_id": "UJR4DDS12",
        "reactions": [
            {
                "name": "one",
                "users": [
                    "UJR4DDS12",
                    "U03JWS43U3H",
                    "U01APBW5N2J"
                ],
                "count": 3
            },
            {
                "name": "three",
                "users": [
                    "U029MNKJ0DR"
                ],
                "count": 1
            }
        ]
    },
    {
        "client_msg_id": "29C6DFBF-9B63-41F7-AB1E-F3B254101D83",
        "type": "message",
        "text": "Which weekends are you available?\n:one: Nov 5,6\n:two: Nov 12,13\n:three: Nov 19,20",
        "user": "UJR4DDS12",
        "ts": "1666123488.268629",
        "blocks": [
            {
                "type": "rich_text",
                "block_id": "XAvb",
                "elements": [
                    {
                        "type": "rich_text_section",
                        "elements": [
                            {
                                "type": "text",
                                "text": "Which weekends are you available?"
                            },
                            {
                                "type": "text",
                                "text": "\n"
                            },
                            {
                                "type": "emoji",
                                "name": "one",
                                "unicode": "0031-fe0f-20e3"
                            },
                            {
                                "type": "text",
                                "text": " Nov 5,6"
                            },
                            {
                                "type": "text",
                                "text": "\n"
                            },
                            {
                                "type": "emoji",
                                "name": "two",
                                "unicode": "0032-fe0f-20e3"
                            },
                            {
                                "type": "text",
                                "text": " Nov 12,13"
                            },
                            {
                                "type": "text",
                                "text": "\n"
                            },
                            {
                                "type": "emoji",
                                "name": "three",
                                "unicode": "0033-fe0f-20e3"
                            },
                            {
                                "type": "text",
                                "text": " Nov 19,20"
                            }
                        ]
                    }
                ]
            }
        ],
        "team": "TJPN85XRA",
        "user_team": "TJPN85XRA",
        "source_team": "TJPN85XRA",
        "user_profile": {
            "avatar_hash": "a59dc6f2aaf0",
            "image_72": "https:\/\/avatars.slack-edge.com\/2022-06-18\/3673671924631_a59dc6f2aaf006d655d2_72.jpg",
            "first_name": "Travis",
            "real_name": "Travis West",
            "display_name": "Travis",
            "team": "TJPN85XRA",
            "name": "travis.west",
            "is_restricted": false,
            "is_ultra_restricted": false
        },
        "thread_ts": "1666113265.533839",
        "parent_user_id": "UJR4DDS12",
        "reactions": [
            {
                "name": "one",
                "users": [
                    "UJR4DDS12",
                    "U03JWS43U3H"
                ],
                "count": 2
            },
            {
                "name": "two",
                "users": [
                    "UJR4DDS12",
                    "U03JWS43U3H"
                ],
                "count": 2
            },
            {
                "name": "three",
                "users": [
                    "UJR4DDS12",
                    "U03JWS43U3H",
                    "U01APBW5N2J"
                ],
                "count": 3
            },
            {
                "name": "1234",
                "users": [
                    "U029MNKJ0DR"
                ],
                "count": 1
            }
        ]
    },
    {
        "client_msg_id": "56797713-3714-406D-8C1F-FF44EEE7BB82",
        "type": "message",
        "text": "Does anyone have preferences regarding what MCU to use? I guess it would make sense to get whatever it is we're using in the T-Stick these days? Or what do you think?",
        "user": "UJR4DDS12",
        "ts": "1666123650.105679",
        "blocks": [
            {
                "type": "rich_text",
                "block_id": "tV5K8",
                "elements": [
                    {
                        "type": "rich_text_section",
                        "elements": [
                            {
                                "type": "text",
                                "text": "Does anyone have preferences regarding what MCU to use? I guess it would make sense to get whatever it is we're using in the T-Stick these days? Or what do you think?"
                            }
                        ]
                    }
                ]
            }
        ],
        "team": "TJPN85XRA",
        "user_team": "TJPN85XRA",
        "source_team": "TJPN85XRA",
        "user_profile": {
            "avatar_hash": "a59dc6f2aaf0",
            "image_72": "https:\/\/avatars.slack-edge.com\/2022-06-18\/3673671924631_a59dc6f2aaf006d655d2_72.jpg",
            "first_name": "Travis",
            "real_name": "Travis West",
            "display_name": "Travis",
            "team": "TJPN85XRA",
            "name": "travis.west",
            "is_restricted": false,
            "is_ultra_restricted": false
        },
        "thread_ts": "1666113265.533839",
        "parent_user_id": "UJR4DDS12"
    },
    {
        "client_msg_id": "473a805a-7c70-42e4-9e40-e844f63a402b",
        "type": "message",
        "text": "I don't really have any preference, we already have 18ish spare tinypicos which is what is currently in the T-Stick",
        "user": "U03JWS43U3H",
        "ts": "1666123770.348669",
        "blocks": [
            {
                "type": "rich_text",
                "block_id": "tNBV",
                "elements": [
                    {
                        "type": "rich_text_section",
                        "elements": [
                            {
                                "type": "text",
                                "text": "I don't really have any preference, we already have 18ish spare tinypicos which is what is currently in the T-Stick"
                            }
                        ]
                    }
                ]
            }
        ],
        "team": "TJPN85XRA",
        "user_team": "TJPN85XRA",
        "source_team": "TJPN85XRA",
        "user_profile": {
            "avatar_hash": "g9dd84ade99b",
            "image_72": "https:\/\/secure.gravatar.com\/avatar\/9dd84ade99bb030e9269d9f654d3b81f.jpg?s=72&d=https%3A%2F%2Fa.slack-edge.com%2Fdf10d%2Fimg%2Favatars%2Fava_0006-72.png",
            "first_name": "Albert-Ngabo",
            "real_name": "Albert-Ngabo Niyonsenga",
            "display_name": "Albert-Ngabo Niyonsenga",
            "team": "TJPN85XRA",
            "name": "albert-ngabo.niyonsen",
            "is_restricted": false,
            "is_ultra_restricted": false
        },
        "thread_ts": "1666113265.533839",
        "parent_user_id": "UJR4DDS12"
    },
    {
        "client_msg_id": "f85421aa-c321-4c60-8259-3d47acb8c207",
        "type": "message",
        "text": "Just noting that I have a journal paper for ICJMR due on the 18th of November - my preference is for after, but my brain might be a little fried, and I can compromise for others if they prefer the earlier date due to courses etc",
        "user": "U01APBW5N2J",
        "ts": "1666123993.315719",
        "blocks": [
            {
                "type": "rich_text",
                "block_id": "l0=Vg",
                "elements": [
                    {
                        "type": "rich_text_section",
                        "elements": [
                            {
                                "type": "text",
                                "text": "Just noting that I have a journal paper for ICJMR due on the 18th of November - my preference is for after, but my brain might be a little fried, and I can compromise for others if they prefer the earlier date due to courses etc"
                            }
                        ]
                    }
                ]
            }
        ],
        "team": "TJPN85XRA",
        "user_team": "TJPN85XRA",
        "source_team": "TJPN85XRA",
        "user_profile": {
            "avatar_hash": "fe0a901d9daf",
            "image_72": "https:\/\/avatars.slack-edge.com\/2020-09-17\/1355731656631_fe0a901d9daf26440442_72.png",
            "first_name": "",
            "real_name": "Kasey Pocius",
            "display_name": "Kasey Pocius",
            "team": "TJPN85XRA",
            "name": "kaseypocius",
            "is_restricted": false,
            "is_ultra_restricted": false
        },
        "thread_ts": "1666113265.533839",
        "parent_user_id": "UJR4DDS12"
    },
    {
        "client_msg_id": "05eda62b-3866-47ee-82d1-d1e520a651fa",
        "type": "message",
        "text": "do we have a preference for UWB sensors?",
        "user": "U01APBW5N2J",
        "ts": "1666124048.917049",
        "blocks": [
            {
                "type": "rich_text",
                "block_id": "uDvP",
                "elements": [
                    {
                        "type": "rich_text_section",
                        "elements": [
                            {
                                "type": "text",
                                "text": "do we have a preference for UWB sensors?"
                            }
                        ]
                    }
                ]
            }
        ],
        "team": "TJPN85XRA",
        "user_team": "TJPN85XRA",
        "source_team": "TJPN85XRA",
        "user_profile": {
            "avatar_hash": "fe0a901d9daf",
            "image_72": "https:\/\/avatars.slack-edge.com\/2020-09-17\/1355731656631_fe0a901d9daf26440442_72.png",
            "first_name": "",
            "real_name": "Kasey Pocius",
            "display_name": "Kasey Pocius",
            "team": "TJPN85XRA",
            "name": "kaseypocius",
            "is_restricted": false,
            "is_ultra_restricted": false
        },
        "thread_ts": "1666124048.917049",
        "reply_count": 11,
        "reply_users_count": 3,
        "latest_reply": "1666228036.122199",
        "reply_users": [
            "U01APBW5N2J",
            "UJR4DDS12",
            "UJCU8BAAW"
        ],
        "replies": [
            {
                "user": "U01APBW5N2J",
                "ts": "1666124111.416209"
            },
            {
                "user": "U01APBW5N2J",
                "ts": "1666124112.245939"
            },
            {
                "user": "UJR4DDS12",
                "ts": "1666125314.588449"
            },
            {
                "user": "UJR4DDS12",
                "ts": "1666125343.306429"
            },
            {
                "user": "UJR4DDS12",
                "ts": "1666125360.266129"
            },
            {
                "user": "UJR4DDS12",
                "ts": "1666125399.438189"
            },
            {
                "user": "U01APBW5N2J",
                "ts": "1666125516.200939"
            },
            {
                "user": "UJCU8BAAW",
                "ts": "1666186142.846789"
            },
            {
                "user": "UJCU8BAAW",
                "ts": "1666186445.362539"
            },
            {
                "user": "UJR4DDS12",
                "ts": "1666227997.524349"
            },
            {
                "user": "UJR4DDS12",
                "ts": "1666228036.122199"
            }
        ],
        "is_locked": false,
        "subscribed": false
    },
    {
        "client_msg_id": "fa0fc941-570c-49c2-91ed-5c083fb9ced5",
        "type": "message",
        "text": "<https:\/\/www.qorvo.com\/products\/d\/da007946>\n\nI'm seeing these have already been used successfully with the ESP32 WROOM chips, which I _think_ I have some spares at home if they don't like the picos",
        "user": "U01APBW5N2J",
        "ts": "1666124111.416209",
        "blocks": [
            {
                "type": "rich_text",
                "block_id": "5zdb",
                "elements": [
                    {
                        "type": "rich_text_section",
                        "elements": [
                            {
                                "type": "link",
                                "url": "https:\/\/www.qorvo.com\/products\/d\/da007946"
                            },
                            {
                                "type": "text",
                                "text": "\n\nI'm seeing these have already been used successfully with the ESP32 WROOM chips, which I "
                            },
                            {
                                "type": "text",
                                "text": "think",
                                "style": {
                                    "italic": true
                                }
                            },
                            {
                                "type": "text",
                                "text": " I have some spares at home if they don't like the picos"
                            }
                        ]
                    }
                ]
            }
        ],
        "team": "TJPN85XRA",
        "user_team": "TJPN85XRA",
        "source_team": "TJPN85XRA",
        "user_profile": {
            "avatar_hash": "fe0a901d9daf",
            "image_72": "https:\/\/avatars.slack-edge.com\/2020-09-17\/1355731656631_fe0a901d9daf26440442_72.png",
            "first_name": "",
            "real_name": "Kasey Pocius",
            "display_name": "Kasey Pocius",
            "team": "TJPN85XRA",
            "name": "kaseypocius",
            "is_restricted": false,
            "is_ultra_restricted": false
        },
        "thread_ts": "1666124048.917049",
        "parent_user_id": "U01APBW5N2J"
    },
    {
        "client_msg_id": "0c8fcba0-f16b-4eaa-a7ab-42249d61a0b1",
        "type": "message",
        "text": "<https:\/\/www.cnx-software.com\/2021\/12\/22\/esp32-uwb-board-features-dw1000-module-for-accurate-indoor-positioning\/>",
        "user": "U01APBW5N2J",
        "ts": "1666124112.245939",
        "blocks": [
            {
                "type": "rich_text",
                "block_id": "yth\/e",
                "elements": [
                    {
                        "type": "rich_text_section",
                        "elements": [
                            {
                                "type": "link",
                                "url": "https:\/\/www.cnx-software.com\/2021\/12\/22\/esp32-uwb-board-features-dw1000-module-for-accurate-indoor-positioning\/"
                            }
                        ]
                    }
                ]
            }
        ],
        "team": "TJPN85XRA",
        "user_team": "TJPN85XRA",
        "source_team": "TJPN85XRA",
        "user_profile": {
            "avatar_hash": "fe0a901d9daf",
            "image_72": "https:\/\/avatars.slack-edge.com\/2020-09-17\/1355731656631_fe0a901d9daf26440442_72.png",
            "first_name": "",
            "real_name": "Kasey Pocius",
            "display_name": "Kasey Pocius",
            "team": "TJPN85XRA",
            "name": "kaseypocius",
            "is_restricted": false,
            "is_ultra_restricted": false
        },
        "attachments": [
            {
                "from_url": "https:\/\/www.cnx-software.com\/2021\/12\/22\/esp32-uwb-board-features-dw1000-module-for-accurate-indoor-positioning\/",
                "ts": 1640149147,
                "image_url": "https:\/\/www.cnx-software.com\/wp-content\/uploads\/2021\/12\/ESP32-UWB-board.jpg",
                "image_width": 337,
                "image_height": 250,
                "image_bytes": 151576,
                "service_icon": "https:\/\/cdn.cnx-software.com\/wp-content\/uploads\/2021\/04\/cropped-CNX-Software-Square-Logo-Light-Grey-1.png?lossy=1&amp;resize=180%2C180&amp;ssl=1",
                "id": 1,
                "original_url": "https:\/\/www.cnx-software.com\/2021\/12\/22\/esp32-uwb-board-features-dw1000-module-for-accurate-indoor-positioning\/",
                "fallback": "CNX Software - Embedded Systems News: ESP32 UWB board features DW1000 module for accurate indoor positioning - CNX Software",
                "text": "FiRa “Fine Ranging” UWB technology was introduced a few years ago and is now found in devkits and Apple U1 chip. Makerfabs ESP32 UWB board provides",
                "title": "ESP32 UWB board features DW1000 module for accurate indoor positioning - CNX Software",
                "title_link": "https:\/\/www.cnx-software.com\/2021\/12\/22\/esp32-uwb-board-features-dw1000-module-for-accurate-indoor-positioning\/",
                "service_name": "CNX Software - Embedded Systems News",
                "fields": [
                    {
                        "value": "Jean-Luc Aufranc (CNXSoft)",
                        "title": "Written by",
                        "short": true
                    },
                    {
                        "value": "2 minutes",
                        "title": "Est. reading time",
                        "short": true
                    }
                ]
            }
        ],
        "thread_ts": "1666124048.917049",
        "parent_user_id": "U01APBW5N2J"
    },
    {
        "client_msg_id": "BD7459B9-4B0F-4DD2-AEBF-9C7296568D72",
        "type": "message",
        "text": "I've update the padlet with the organizational details set so far",
        "user": "UJR4DDS12",
        "ts": "1666125002.912759",
        "blocks": [
            {
                "type": "rich_text",
                "block_id": "gEUY6",
                "elements": [
                    {
                        "type": "rich_text_section",
                        "elements": [
                            {
                                "type": "text",
                                "text": "I've update the padlet with the organizational details set so far"
                            }
                        ]
                    }
                ]
            }
        ],
        "team": "TJPN85XRA",
        "user_team": "TJPN85XRA",
        "source_team": "TJPN85XRA",
        "user_profile": {
            "avatar_hash": "a59dc6f2aaf0",
            "image_72": "https:\/\/avatars.slack-edge.com\/2022-06-18\/3673671924631_a59dc6f2aaf006d655d2_72.jpg",
            "first_name": "Travis",
            "real_name": "Travis West",
            "display_name": "Travis",
            "team": "TJPN85XRA",
            "name": "travis.west",
            "is_restricted": false,
            "is_ultra_restricted": false
        },
        "thread_ts": "1666113265.533839",
        "parent_user_id": "UJR4DDS12"
    },
    {
        "client_msg_id": "C55BFECA-F888-409F-BB6A-AB26EE86D9BC",
        "type": "message",
        "text": "Nov 19-20 seems fine for everyone and prefered for Kasey, so I set that as the date",
        "user": "UJR4DDS12",
        "ts": "1666125028.788589",
        "blocks": [
            {
                "type": "rich_text",
                "block_id": "QCR",
                "elements": [
                    {
                        "type": "rich_text_section",
                        "elements": [
                            {
                                "type": "text",
                                "text": "Nov 19-20 seems fine for everyone and prefered for Kasey, so I set that as the date"
                            }
                        ]
                    }
                ]
            }
        ],
        "team": "TJPN85XRA",
        "user_team": "TJPN85XRA",
        "source_team": "TJPN85XRA",
        "user_profile": {
            "avatar_hash": "a59dc6f2aaf0",
            "image_72": "https:\/\/avatars.slack-edge.com\/2022-06-18\/3673671924631_a59dc6f2aaf006d655d2_72.jpg",
            "first_name": "Travis",
            "real_name": "Travis West",
            "display_name": "Travis",
            "team": "TJPN85XRA",
            "name": "travis.west",
            "is_restricted": false,
            "is_ultra_restricted": false
        },
        "thread_ts": "1666113265.533839",
        "parent_user_id": "UJR4DDS12",
        "reactions": [
            {
                "name": "heart",
                "users": [
                    "U01APBW5N2J"
                ],
                "count": 1
            }
        ]
    },
    {
        "client_msg_id": "4E1153D2-B100-4EBE-AD08-3728653D4078",
        "type": "message",
        "text": "Should we consider publicising more widely? Maybe we can make it a CIRMMT event and get some catering? Or is it better to keep it within the lab? Maybe that makes possible publications easier to organize...",
        "user": "UJR4DDS12",
        "ts": "1666125126.063029",
        "blocks": [
            {
                "type": "rich_text",
                "block_id": "AMfb",
                "elements": [
                    {
                        "type": "rich_text_section",
                        "elements": [
                            {
                                "type": "text",
                                "text": "Should we consider publicising more widely? Maybe we can make it a CIRMMT event and get some catering? Or is it better to keep it within the lab? Maybe that makes possible publications easier to organize..."
                            }
                        ]
                    }
                ]
            }
        ],
        "team": "TJPN85XRA",
        "user_team": "TJPN85XRA",
        "source_team": "TJPN85XRA",
        "user_profile": {
            "avatar_hash": "a59dc6f2aaf0",
            "image_72": "https:\/\/avatars.slack-edge.com\/2022-06-18\/3673671924631_a59dc6f2aaf006d655d2_72.jpg",
            "first_name": "Travis",
            "real_name": "Travis West",
            "display_name": "Travis",
            "team": "TJPN85XRA",
            "name": "travis.west",
            "is_restricted": false,
            "is_ultra_restricted": false
        },
        "thread_ts": "1666113265.533839",
        "parent_user_id": "UJR4DDS12"
    },
    {
        "client_msg_id": "7DF4D8D4-2F97-434D-92DC-B49311DFC94D",
        "type": "message",
        "text": "<@UKGLCA1GS> is there any possibility there might be a within-IDMIL hackathon-related food budget?",
        "user": "UJR4DDS12",
        "ts": "1666125165.277319",
        "blocks": [
            {
                "type": "rich_text",
                "block_id": "CJQ",
                "elements": [
                    {
                        "type": "rich_text_section",
                        "elements": [
                            {
                                "type": "user",
                                "user_id": "UKGLCA1GS"
                            },
                            {
                                "type": "text",
                                "text": " is there any possibility there might be a within-IDMIL hackathon-related food budget?"
                            }
                        ]
                    }
                ]
            }
        ],
        "team": "TJPN85XRA",
        "user_team": "TJPN85XRA",
        "source_team": "TJPN85XRA",
        "user_profile": {
            "avatar_hash": "a59dc6f2aaf0",
            "image_72": "https:\/\/avatars.slack-edge.com\/2022-06-18\/3673671924631_a59dc6f2aaf006d655d2_72.jpg",
            "first_name": "Travis",
            "real_name": "Travis West",
            "display_name": "Travis",
            "team": "TJPN85XRA",
            "name": "travis.west",
            "is_restricted": false,
            "is_ultra_restricted": false
        },
        "thread_ts": "1666113265.533839",
        "parent_user_id": "UJR4DDS12"
    },
    {
        "client_msg_id": "6D205105-9ED9-400C-AC9C-0892D12F6EA8",
        "type": "message",
        "text": "I actually thought we would just get the radio modules and deadbug-solder them to breadboard jumper wires. Or maybe make a very simple breakout board in kicad.",
        "user": "UJR4DDS12",
        "ts": "1666125314.588449",
        "blocks": [
            {
                "type": "rich_text",
                "block_id": "Vmn",
                "elements": [
                    {
                        "type": "rich_text_section",
                        "elements": [
                            {
                                "type": "text",
                                "text": "I actually thought we would just get the radio modules and deadbug-solder them to breadboard jumper wires. Or maybe make a very simple breakout board in kicad."
                            }
                        ]
                    }
                ]
            }
        ],
        "team": "TJPN85XRA",
        "user_team": "TJPN85XRA",
        "source_team": "TJPN85XRA",
        "user_profile": {
            "avatar_hash": "a59dc6f2aaf0",
            "image_72": "https:\/\/avatars.slack-edge.com\/2022-06-18\/3673671924631_a59dc6f2aaf006d655d2_72.jpg",
            "first_name": "Travis",
            "real_name": "Travis West",
            "display_name": "Travis",
            "team": "TJPN85XRA",
            "name": "travis.west",
            "is_restricted": false,
            "is_ultra_restricted": false
        },
        "thread_ts": "1666124048.917049",
        "parent_user_id": "U01APBW5N2J",
        "reactions": [
            {
                "name": "+1",
                "users": [
                    "U01APBW5N2J"
                ],
                "count": 1
            }
        ]
    },
    {
        "client_msg_id": "6027c7c9-618e-4252-9536-fb7ed9f5b248",
        "type": "message",
        "text": "I feel like it's better to keep it in house, imo. Less groups to coordindate last minute. If we have some code by next term that makes sounds, I would happy to see with my colleagues in RA4 if we could do something longer with CIRMMT? what do you think <@UJR4DDS12>?",
        "user": "U01APBW5N2J",
        "ts": "1666125336.098799",
        "blocks": [
            {
                "type": "rich_text",
                "block_id": "X9d",
                "elements": [
                    {
                        "type": "rich_text_section",
                        "elements": [
                            {
                                "type": "text",
                                "text": "I feel like it's better to keep it in house, imo. Less groups to coordindate last minute. If we have some code by next term that makes sounds, I would happy to see with my colleagues in RA4 if we could do something longer with CIRMMT? what do you think "
                            },
                            {
                                "type": "user",
                                "user_id": "UJR4DDS12"
                            },
                            {
                                "type": "text",
                                "text": "?"
                            }
                        ]
                    }
                ]
            }
        ],
        "team": "TJPN85XRA",
        "user_team": "TJPN85XRA",
        "source_team": "TJPN85XRA",
        "user_profile": {
            "avatar_hash": "fe0a901d9daf",
            "image_72": "https:\/\/avatars.slack-edge.com\/2020-09-17\/1355731656631_fe0a901d9daf26440442_72.png",
            "first_name": "",
            "real_name": "Kasey Pocius",
            "display_name": "Kasey Pocius",
            "team": "TJPN85XRA",
            "name": "kaseypocius",
            "is_restricted": false,
            "is_ultra_restricted": false
        },
        "thread_ts": "1666113265.533839",
        "parent_user_id": "UJR4DDS12"
    },
    {
        "client_msg_id": "A2A1726D-3B03-40E8-91FD-F5A291D4C8FB",
        "type": "message",
        "text": "DWMC3000 seems to be the most recent revision from Qoorvo, which seems to be the most accessible platform ",
        "user": "UJR4DDS12",
        "ts": "1666125343.306429",
        "blocks": [
            {
                "type": "rich_text",
                "block_id": "zXd",
                "elements": [
                    {
                        "type": "rich_text_section",
                        "elements": [
                            {
                                "type": "text",
                                "text": "DWMC3000 seems to be the most recent revision from Qoorvo, which seems to be the most accessible platform "
                            }
                        ]
                    }
                ]
            }
        ],
        "team": "TJPN85XRA",
        "user_team": "TJPN85XRA",
        "source_team": "TJPN85XRA",
        "user_profile": {
            "avatar_hash": "a59dc6f2aaf0",
            "image_72": "https:\/\/avatars.slack-edge.com\/2022-06-18\/3673671924631_a59dc6f2aaf006d655d2_72.jpg",
            "first_name": "Travis",
            "real_name": "Travis West",
            "display_name": "Travis",
            "team": "TJPN85XRA",
            "name": "travis.west",
            "is_restricted": false,
            "is_ultra_restricted": false
        },
        "thread_ts": "1666124048.917049",
        "parent_user_id": "U01APBW5N2J",
        "reactions": [
            {
                "name": "+1",
                "users": [
                    "U01APBW5N2J"
                ],
                "count": 1
            }
        ]
    },
    {
        "client_msg_id": "3E7CC320-A066-4BCD-8EA0-1FE89E5AF560",
        "type": "message",
        "text": "they also have some modules with MCUs built in which would be another option",
        "user": "UJR4DDS12",
        "ts": "1666125360.266129",
        "blocks": [
            {
                "type": "rich_text",
                "block_id": "M2N",
                "elements": [
                    {
                        "type": "rich_text_section",
                        "elements": [
                            {
                                "type": "text",
                                "text": "they also have some modules with MCUs built in which would be another option"
                            }
                        ]
                    }
                ]
            }
        ],
        "team": "TJPN85XRA",
        "user_team": "TJPN85XRA",
        "source_team": "TJPN85XRA",
        "user_profile": {
            "avatar_hash": "a59dc6f2aaf0",
            "image_72": "https:\/\/avatars.slack-edge.com\/2022-06-18\/3673671924631_a59dc6f2aaf006d655d2_72.jpg",
            "first_name": "Travis",
            "real_name": "Travis West",
            "display_name": "Travis",
            "team": "TJPN85XRA",
            "name": "travis.west",
            "is_restricted": false,
            "is_ultra_restricted": false
        },
        "thread_ts": "1666124048.917049",
        "parent_user_id": "U01APBW5N2J"
    },
    {
        "client_msg_id": "BDF95CAB-8AF6-4FD6-83A9-C14F53D4FB75",
        "type": "message",
        "text": "but I think getting just the radio modules might be simpler?",
        "user": "UJR4DDS12",
        "ts": "1666125399.438189",
        "blocks": [
            {
                "type": "rich_text",
                "block_id": "5ilvT",
                "elements": [
                    {
                        "type": "rich_text_section",
                        "elements": [
                            {
                                "type": "text",
                                "text": "but I think getting just the radio modules might be simpler?"
                            }
                        ]
                    }
                ]
            }
        ],
        "team": "TJPN85XRA",
        "user_team": "TJPN85XRA",
        "source_team": "TJPN85XRA",
        "user_profile": {
            "avatar_hash": "a59dc6f2aaf0",
            "image_72": "https:\/\/avatars.slack-edge.com\/2022-06-18\/3673671924631_a59dc6f2aaf006d655d2_72.jpg",
            "first_name": "Travis",
            "real_name": "Travis West",
            "display_name": "Travis",
            "team": "TJPN85XRA",
            "name": "travis.west",
            "is_restricted": false,
            "is_ultra_restricted": false
        },
        "thread_ts": "1666124048.917049",
        "parent_user_id": "U01APBW5N2J"
    },
    {
        "client_msg_id": "AE1680B6-E32F-471C-AC71-533140DE661A",
        "type": "message",
        "text": "yeah, that sounds great",
        "user": "UJR4DDS12",
        "ts": "1666125479.551879",
        "blocks": [
            {
                "type": "rich_text",
                "block_id": "q38js",
                "elements": [
                    {
                        "type": "rich_text_section",
                        "elements": [
                            {
                                "type": "text",
                                "text": "yeah, that sounds great"
                            }
                        ]
                    }
                ]
            }
        ],
        "team": "TJPN85XRA",
        "user_team": "TJPN85XRA",
        "source_team": "TJPN85XRA",
        "user_profile": {
            "avatar_hash": "a59dc6f2aaf0",
            "image_72": "https:\/\/avatars.slack-edge.com\/2022-06-18\/3673671924631_a59dc6f2aaf006d655d2_72.jpg",
            "first_name": "Travis",
            "real_name": "Travis West",
            "display_name": "Travis",
            "team": "TJPN85XRA",
            "name": "travis.west",
            "is_restricted": false,
            "is_ultra_restricted": false
        },
        "thread_ts": "1666113265.533839",
        "parent_user_id": "UJR4DDS12",
        "reactions": [
            {
                "name": "+1",
                "users": [
                    "U01APBW5N2J"
                ],
                "count": 1
            }
        ]
    },
    {
        "client_msg_id": "9460b274-272c-4fa4-a25c-6fcb65019057",
        "type": "message",
        "text": "yes! I'm not sure if we could derive anything extra out of what we already have with the Picos - ie, BT or WiFi signal strength etc",
        "user": "U01APBW5N2J",
        "ts": "1666125516.200939",
        "blocks": [
            {
                "type": "rich_text",
                "block_id": "dj=W",
                "elements": [
                    {
                        "type": "rich_text_section",
                        "elements": [
                            {
                                "type": "text",
                                "text": "yes! I'm not sure if we could derive anything extra out of what we already have with the Picos - ie, BT or WiFi signal strength etc"
                            }
                        ]
                    }
                ]
            }
        ],
        "team": "TJPN85XRA",
        "user_team": "TJPN85XRA",
        "source_team": "TJPN85XRA",
        "user_profile": {
            "avatar_hash": "fe0a901d9daf",
            "image_72": "https:\/\/avatars.slack-edge.com\/2020-09-17\/1355731656631_fe0a901d9daf26440442_72.png",
            "first_name": "",
            "real_name": "Kasey Pocius",
            "display_name": "Kasey Pocius",
            "team": "TJPN85XRA",
            "name": "kaseypocius",
            "is_restricted": false,
            "is_ultra_restricted": false
        },
        "thread_ts": "1666124048.917049",
        "parent_user_id": "U01APBW5N2J"
    },
    {
        "client_msg_id": "8c3588b4-5658-4f73-9022-d0df3172624d",
        "type": "message",
        "text": "I agree that a lab-limited event is the best (organization and possible publication of outcomes). How much do you imagine is needed as a budget? I can find a couple of $$ for the event.",
        "user": "UKGLCA1GS",
        "ts": "1666126691.041889",
        "blocks": [
            {
                "type": "rich_text",
                "block_id": "bFg",
                "elements": [
                    {
                        "type": "rich_text_section",
                        "elements": [
                            {
                                "type": "text",
                                "text": "I agree that a lab-limited event is the best (organization and possible publication of outcomes). How much do you imagine is needed as a budget? I can find a couple of $$ for the event."
                            }
                        ]
                    }
                ]
            }
        ],
        "team": "TJPN85XRA",
        "user_team": "TJPN85XRA",
        "source_team": "TJPN85XRA",
        "user_profile": {
            "avatar_hash": "82cc3b048607",
            "image_72": "https:\/\/avatars.slack-edge.com\/2022-07-25\/3850040330500_82cc3b048607f33add6e_72.jpg",
            "first_name": "",
            "real_name": "Marcelo Wanderley",
            "display_name": "Marcelo Wanderley",
            "team": "TJPN85XRA",
            "name": "marcelo.wanderley",
            "is_restricted": false,
            "is_ultra_restricted": false
        },
        "thread_ts": "1666113265.533839",
        "parent_user_id": "UJR4DDS12"
    }
]