[
    {
        "client_msg_id": "9b6208c3-8377-436f-98df-6d88275fe214",
        "type": "message",
        "text": "Hi, I am testing Joe’s code now. I see improvement!\nI just want to make sure: Do the \/ypr and \/orientation report the values in the order of r, p, y, not y, p, r?",
        "user": "U010FMZRE4A",
        "ts": "1671387071.174699",
        "blocks": [
            {
                "type": "rich_text",
                "block_id": "Gr+",
                "elements": [
                    {
                        "type": "rich_text_section",
                        "elements": [
                            {
                                "type": "text",
                                "text": "Hi, I am testing Joe’s code now. I see improvement!\nI just want to make sure: Do the \/ypr and \/orientation report the values in the order of r, p, y, not y, p, r?"
                            }
                        ]
                    }
                ]
            }
        ],
        "team": "TJPN85XRA",
        "user_team": "TJPN85XRA",
        "source_team": "TJPN85XRA",
        "user_profile": {
            "avatar_hash": "c0adc2d8c593",
            "image_72": "https:\/\/avatars.slack-edge.com\/2020-03-26\/1027782097284_c0adc2d8c5932b435e7b_72.jpg",
            "first_name": "",
            "real_name": "Takuto Fukuda",
            "display_name": "Takuto Fukuda",
            "team": "TJPN85XRA",
            "name": "takuto.fukuda",
            "is_restricted": false,
            "is_ultra_restricted": false
        },
        "thread_ts": "1671387071.174699",
        "reply_count": 2,
        "reply_users_count": 2,
        "latest_reply": "1671387624.482249",
        "reply_users": [
            "U03JTLB9FSS",
            "U010FMZRE4A"
        ],
        "replies": [
            {
                "user": "U03JTLB9FSS",
                "ts": "1671387447.702509"
            },
            {
                "user": "U010FMZRE4A",
                "ts": "1671387624.482249"
            }
        ],
        "is_locked": false,
        "subscribed": false
    },
    {
        "client_msg_id": "1d61abd8-0590-4be1-a2a4-e8b895b71a3c",
        "type": "message",
        "text": "\/ypr should be y, p, r in the right order. \/orientation is a quaternion in w, x, y, z",
        "user": "U03JTLB9FSS",
        "ts": "1671387447.702509",
        "blocks": [
            {
                "type": "rich_text",
                "block_id": "mF8",
                "elements": [
                    {
                        "type": "rich_text_section",
                        "elements": [
                            {
                                "type": "text",
                                "text": "\/ypr should be y, p, r in the right order. \/orientation is a quaternion in w, x, y, z"
                            }
                        ]
                    }
                ]
            }
        ],
        "team": "TJPN85XRA",
        "user_team": "TJPN85XRA",
        "source_team": "TJPN85XRA",
        "user_profile": {
            "avatar_hash": "459fb8de8703",
            "image_72": "https:\/\/avatars.slack-edge.com\/2022-07-28\/3867310060339_459fb8de8703bb2678e5_72.jpg",
            "first_name": "Brady",
            "real_name": "Brady Boettcher",
            "display_name": "",
            "team": "TJPN85XRA",
            "name": "brady.boettcher",
            "is_restricted": false,
            "is_ultra_restricted": false
        },
        "thread_ts": "1671387071.174699",
        "parent_user_id": "U010FMZRE4A",
        "reactions": [
            {
                "name": "+1",
                "users": [
                    "U010FMZRE4A"
                ],
                "count": 1
            }
        ]
    },
    {
        "client_msg_id": "ceaf74fa-62b3-48a5-8602-b9534b4dbe50",
        "type": "message",
        "text": "Thanks, I will have a closer look at the data!",
        "user": "U010FMZRE4A",
        "ts": "1671387624.482249",
        "blocks": [
            {
                "type": "rich_text",
                "block_id": "Z2piY",
                "elements": [
                    {
                        "type": "rich_text_section",
                        "elements": [
                            {
                                "type": "text",
                                "text": "Thanks, I will have a closer look at the data!"
                            }
                        ]
                    }
                ]
            }
        ],
        "team": "TJPN85XRA",
        "user_team": "TJPN85XRA",
        "source_team": "TJPN85XRA",
        "user_profile": {
            "avatar_hash": "c0adc2d8c593",
            "image_72": "https:\/\/avatars.slack-edge.com\/2020-03-26\/1027782097284_c0adc2d8c5932b435e7b_72.jpg",
            "first_name": "",
            "real_name": "Takuto Fukuda",
            "display_name": "Takuto Fukuda",
            "team": "TJPN85XRA",
            "name": "takuto.fukuda",
            "is_restricted": false,
            "is_ultra_restricted": false
        },
        "thread_ts": "1671387071.174699",
        "parent_user_id": "U010FMZRE4A"
    }
]