[
    {
        "client_msg_id": "dd757ae4-1a2e-4804-ae85-6c30567047dc",
        "type": "message",
        "text": "<@UJR4DDS12> <@U010TD4329M> with a few T-Stick installations\/performances coming up soon, do we want to make a timeline for the algo comparison? I could help set things up this week in the lab if we have a plan.",
        "user": "U03JTLB9FSS",
        "ts": "1668977695.698169",
        "blocks": [
            {
                "type": "rich_text",
                "block_id": "Khu",
                "elements": [
                    {
                        "type": "rich_text_section",
                        "elements": [
                            {
                                "type": "user",
                                "user_id": "UJR4DDS12"
                            },
                            {
                                "type": "text",
                                "text": " "
                            },
                            {
                                "type": "user",
                                "user_id": "U010TD4329M"
                            },
                            {
                                "type": "text",
                                "text": " with a few T-Stick installations\/performances coming up soon, do we want to make a timeline for the algo comparison? I could help set things up this week in the lab if we have a plan."
                            }
                        ]
                    }
                ]
            }
        ],
        "team": "TJPN85XRA",
        "user_team": "TJPN85XRA",
        "source_team": "TJPN85XRA",
        "user_profile": {
            "avatar_hash": "459fb8de8703",
            "image_72": "https:\/\/avatars.slack-edge.com\/2022-07-28\/3867310060339_459fb8de8703bb2678e5_72.jpg",
            "first_name": "Brady",
            "real_name": "Brady Boettcher",
            "display_name": "",
            "team": "TJPN85XRA",
            "name": "brady.boettcher",
            "is_restricted": false,
            "is_ultra_restricted": false
        },
        "thread_ts": "1668977695.698169",
        "reply_count": 7,
        "reply_users_count": 3,
        "latest_reply": "1669134315.342989",
        "reply_users": [
            "UJR4DDS12",
            "U03JTLB9FSS",
            "U010TD4329M"
        ],
        "replies": [
            {
                "user": "UJR4DDS12",
                "ts": "1669036590.500189"
            },
            {
                "user": "U03JTLB9FSS",
                "ts": "1669040715.254089"
            },
            {
                "user": "U03JTLB9FSS",
                "ts": "1669041035.211479"
            },
            {
                "user": "UJR4DDS12",
                "ts": "1669048802.975539"
            },
            {
                "user": "UJR4DDS12",
                "ts": "1669048841.522929"
            },
            {
                "user": "UJR4DDS12",
                "ts": "1669048888.438419"
            },
            {
                "user": "U010TD4329M",
                "ts": "1669134315.342989"
            }
        ],
        "is_locked": false,
        "subscribed": false
    }
]