[
    {
        "client_msg_id": "19347c6c-53e4-4feb-b53a-3520b27f697a",
        "type": "message",
        "text": "<https:\/\/www.mouser.ca\/datasheet\/2\/412\/DWM1000_Data_Sheet-1950396.pdf>",
        "user": "UJR4DDS12",
        "ts": "1661943003.890639",
        "blocks": [
            {
                "type": "rich_text",
                "block_id": "qLR",
                "elements": [
                    {
                        "type": "rich_text_section",
                        "elements": [
                            {
                                "type": "link",
                                "url": "https:\/\/www.mouser.ca\/datasheet\/2\/412\/DWM1000_Data_Sheet-1950396.pdf"
                            }
                        ]
                    }
                ]
            }
        ],
        "team": "TJPN85XRA",
        "user_team": "TJPN85XRA",
        "source_team": "TJPN85XRA",
        "user_profile": {
            "avatar_hash": "a59dc6f2aaf0",
            "image_72": "https:\/\/avatars.slack-edge.com\/2022-06-18\/3673671924631_a59dc6f2aaf006d655d2_72.jpg",
            "first_name": "Travis",
            "real_name": "Travis West",
            "display_name": "Travis",
            "team": "TJPN85XRA",
            "name": "travis.west",
            "is_restricted": false,
            "is_ultra_restricted": false
        },
        "thread_ts": "1661899413.552239",
        "parent_user_id": "UJR4DDS12"
    },
    {
        "client_msg_id": "cb11b2a6-e14c-4b9a-8dc1-c06268b92bb5",
        "type": "message",
        "text": "my sense from what I've read so far is that these kinds of beacon technologies (whether bluetooth or uwb or whatever) would give you a distance measurement, from one \"tag\" to one \"beacon\". So much like a mocap setup, we would need to put several tags\/beacons on the T-Stick in order to derive information about its orientation. But as a bonus, we would also learn something about its position relative to the stationary tags\/beacons.",
        "user": "UJR4DDS12",
        "ts": "1661943176.947279",
        "blocks": [
            {
                "type": "rich_text",
                "block_id": "nAI",
                "elements": [
                    {
                        "type": "rich_text_section",
                        "elements": [
                            {
                                "type": "text",
                                "text": "my sense from what I've read so far is that these kinds of beacon technologies (whether bluetooth or uwb or whatever) would give you a distance measurement, from one \"tag\" to one \"beacon\". So much like a mocap setup, we would need to put several tags\/beacons on the T-Stick in order to derive information about its orientation. But as a bonus, we would also learn something about its position relative to the stationary tags\/beacons."
                            }
                        ]
                    }
                ]
            }
        ],
        "team": "TJPN85XRA",
        "user_team": "TJPN85XRA",
        "source_team": "TJPN85XRA",
        "user_profile": {
            "avatar_hash": "a59dc6f2aaf0",
            "image_72": "https:\/\/avatars.slack-edge.com\/2022-06-18\/3673671924631_a59dc6f2aaf006d655d2_72.jpg",
            "first_name": "Travis",
            "real_name": "Travis West",
            "display_name": "Travis",
            "team": "TJPN85XRA",
            "name": "travis.west",
            "is_restricted": false,
            "is_ultra_restricted": false
        },
        "thread_ts": "1661943176.947279",
        "reply_count": 12,
        "reply_users_count": 2,
        "latest_reply": "1661965812.895299",
        "reply_users": [
            "U01APBW5N2J",
            "UJR4DDS12"
        ],
        "replies": [
            {
                "user": "U01APBW5N2J",
                "ts": "1661964945.160459"
            },
            {
                "user": "UJR4DDS12",
                "ts": "1661965047.148019"
            },
            {
                "user": "U01APBW5N2J",
                "ts": "1661965443.246239"
            },
            {
                "user": "U01APBW5N2J",
                "ts": "1661965471.578739"
            },
            {
                "user": "UJR4DDS12",
                "ts": "1661965532.666539"
            },
            {
                "user": "U01APBW5N2J",
                "ts": "1661965552.857989"
            },
            {
                "user": "UJR4DDS12",
                "ts": "1661965667.812079"
            },
            {
                "user": "UJR4DDS12",
                "ts": "1661965684.339589"
            },
            {
                "user": "U01APBW5N2J",
                "ts": "1661965736.434499"
            },
            {
                "user": "UJR4DDS12",
                "ts": "1661965777.013099"
            },
            {
                "user": "U01APBW5N2J",
                "ts": "1661965784.208169"
            },
            {
                "user": "UJR4DDS12",
                "ts": "1661965812.895299"
            }
        ],
        "is_locked": false,
        "subscribed": false
    },
    {
        "client_msg_id": "1b9d97c1-7995-4ece-8a9b-ac70b63ea09d",
        "type": "message",
        "text": "<https:\/\/www.inpixon.com\/blog\/uwb-localization-tdoa-vs-twr#:~:text=TDoA%20is%20based%20on%20measuring,by%20the%20speed%20of%20light>.",
        "user": "UJR4DDS12",
        "ts": "1661946976.412849",
        "blocks": [
            {
                "type": "rich_text",
                "block_id": "pMOm",
                "elements": [
                    {
                        "type": "rich_text_section",
                        "elements": [
                            {
                                "type": "link",
                                "url": "https:\/\/www.inpixon.com\/blog\/uwb-localization-tdoa-vs-twr#:~:text=TDoA%20is%20based%20on%20measuring,by%20the%20speed%20of%20light"
                            },
                            {
                                "type": "text",
                                "text": "."
                            }
                        ]
                    }
                ]
            }
        ],
        "team": "TJPN85XRA",
        "user_team": "TJPN85XRA",
        "source_team": "TJPN85XRA",
        "user_profile": {
            "avatar_hash": "a59dc6f2aaf0",
            "image_72": "https:\/\/avatars.slack-edge.com\/2022-06-18\/3673671924631_a59dc6f2aaf006d655d2_72.jpg",
            "first_name": "Travis",
            "real_name": "Travis West",
            "display_name": "Travis",
            "team": "TJPN85XRA",
            "name": "travis.west",
            "is_restricted": false,
            "is_ultra_restricted": false
        },
        "thread_ts": "1661899413.552239",
        "parent_user_id": "UJR4DDS12"
    },
    {
        "client_msg_id": "c2dc32c5-aba6-432e-a249-47d7cdcc946f",
        "type": "message",
        "text": "Some of the devices estimate angle of arrival (AoA) using multiple antennae – this is more what I was thinking of for improving our IMU sensor fusion",
        "user": "U010TD4329M",
        "ts": "1661950439.072229",
        "blocks": [
            {
                "type": "rich_text",
                "block_id": "64lk0",
                "elements": [
                    {
                        "type": "rich_text_section",
                        "elements": [
                            {
                                "type": "text",
                                "text": "Some of the devices estimate angle of arrival (AoA) using multiple antennae – this is more what I was thinking of for improving our IMU sensor fusion"
                            }
                        ]
                    }
                ]
            }
        ],
        "team": "TJPN85XRA",
        "user_team": "TJPN85XRA",
        "source_team": "TJPN85XRA",
        "user_profile": {
            "avatar_hash": "g76664e246bb",
            "image_72": "https:\/\/secure.gravatar.com\/avatar\/76664e246bb99704f2fe508d673b1124.jpg?s=72&d=https%3A%2F%2Fa.slack-edge.com%2Fdf10d%2Fimg%2Favatars%2Fava_0026-72.png",
            "first_name": "",
            "real_name": "Joe Malloch",
            "display_name": "Joe Malloch",
            "team": "TJPN85XRA",
            "name": "jmalloch",
            "is_restricted": false,
            "is_ultra_restricted": false
        },
        "thread_ts": "1661950439.072229",
        "reply_count": 20,
        "reply_users_count": 4,
        "latest_reply": "1667448842.454589",
        "reply_users": [
            "U010TD4329M",
            "U01APBW5N2J",
            "UJR4DDS12",
            "U03JTLB9FSS"
        ],
        "replies": [
            {
                "user": "U010TD4329M",
                "ts": "1661950772.866909"
            },
            {
                "user": "U010TD4329M",
                "ts": "1661951784.951089"
            },
            {
                "user": "U01APBW5N2J",
                "ts": "1661965167.054869"
            },
            {
                "user": "UJR4DDS12",
                "ts": "1661965743.021709"
            },
            {
                "user": "U010TD4329M",
                "ts": "1661966217.062649"
            },
            {
                "user": "U01APBW5N2J",
                "ts": "1661968552.255929"
            },
            {
                "user": "U01APBW5N2J",
                "ts": "1661968650.175229"
            },
            {
                "user": "U010TD4329M",
                "ts": "1661973278.699869"
            },
            {
                "user": "UJR4DDS12",
                "ts": "1662114147.547119"
            },
            {
                "user": "U010TD4329M",
                "ts": "1662488531.487529"
            },
            {
                "user": "U03JTLB9FSS",
                "ts": "1667428046.580069"
            },
            {
                "user": "UJR4DDS12",
                "ts": "1667428832.531979"
            },
            {
                "user": "UJR4DDS12",
                "ts": "1667428887.107529"
            },
            {
                "user": "UJR4DDS12",
                "ts": "1667428904.921719"
            },
            {
                "user": "UJR4DDS12",
                "ts": "1667428926.645079"
            },
            {
                "user": "UJR4DDS12",
                "ts": "1667428948.295229"
            },
            {
                "user": "U03JTLB9FSS",
                "ts": "1667429047.570299"
            },
            {
                "user": "UJR4DDS12",
                "ts": "1667429085.741459"
            },
            {
                "user": "U03JTLB9FSS",
                "ts": "1667429568.636209"
            },
            {
                "user": "U03JTLB9FSS",
                "ts": "1667448842.454589"
            }
        ],
        "is_locked": false,
        "subscribed": false
    },
    {
        "client_msg_id": "3df59898-a2e5-4ca1-89bd-53e0bc856390",
        "type": "message",
        "text": "<https:\/\/www.u-blox.com\/en\/product\/nina-b41-series-u-connect>",
        "user": "U010TD4329M",
        "ts": "1661950772.866909",
        "blocks": [
            {
                "type": "rich_text",
                "block_id": "jPi9Z",
                "elements": [
                    {
                        "type": "rich_text_section",
                        "elements": [
                            {
                                "type": "link",
                                "url": "https:\/\/www.u-blox.com\/en\/product\/nina-b41-series-u-connect"
                            }
                        ]
                    }
                ]
            }
        ],
        "team": "TJPN85XRA",
        "user_team": "TJPN85XRA",
        "source_team": "TJPN85XRA",
        "user_profile": {
            "avatar_hash": "g76664e246bb",
            "image_72": "https:\/\/secure.gravatar.com\/avatar\/76664e246bb99704f2fe508d673b1124.jpg?s=72&d=https%3A%2F%2Fa.slack-edge.com%2Fdf10d%2Fimg%2Favatars%2Fava_0026-72.png",
            "first_name": "",
            "real_name": "Joe Malloch",
            "display_name": "Joe Malloch",
            "team": "TJPN85XRA",
            "name": "jmalloch",
            "is_restricted": false,
            "is_ultra_restricted": false
        },
        "attachments": [
            {
                "from_url": "https:\/\/www.u-blox.com\/en\/product\/nina-b41-series-u-connect",
                "ts": 1605538268,
                "thumb_url": "https:\/\/content.u-blox.com\/sites\/default\/files\/products\/NINA-B410-top-bottom.png",
                "thumb_width": 638,
                "thumb_height": 529,
                "service_icon": "https:\/\/www.u-blox.com\/meta\/apple-touch-icon.png",
                "id": 1,
                "original_url": "https:\/\/www.u-blox.com\/en\/product\/nina-b41-series-u-connect",
                "fallback": "u-blox: NINA-B41 series (u-connect)",
                "text": "Stand-alone Bluetooth 5.1 low energy modules",
                "title": "NINA-B41 series (u-connect)",
                "title_link": "https:\/\/www.u-blox.com\/en\/product\/nina-b41-series-u-connect",
                "service_name": "u-blox"
            }
        ],
        "thread_ts": "1661950439.072229",
        "parent_user_id": "U010TD4329M"
    },
    {
        "client_msg_id": "c7557cf5-178c-45e4-9647-146687ac4503",
        "type": "message",
        "text": "<https:\/\/www.ti.com\/lit\/an\/tida029\/tida029.pdf>",
        "user": "U010TD4329M",
        "ts": "1661951784.951089",
        "blocks": [
            {
                "type": "rich_text",
                "block_id": "cMs",
                "elements": [
                    {
                        "type": "rich_text_section",
                        "elements": [
                            {
                                "type": "link",
                                "url": "https:\/\/www.ti.com\/lit\/an\/tida029\/tida029.pdf"
                            }
                        ]
                    }
                ]
            }
        ],
        "team": "TJPN85XRA",
        "user_team": "TJPN85XRA",
        "source_team": "TJPN85XRA",
        "user_profile": {
            "avatar_hash": "g76664e246bb",
            "image_72": "https:\/\/secure.gravatar.com\/avatar\/76664e246bb99704f2fe508d673b1124.jpg?s=72&d=https%3A%2F%2Fa.slack-edge.com%2Fdf10d%2Fimg%2Favatars%2Fava_0026-72.png",
            "first_name": "",
            "real_name": "Joe Malloch",
            "display_name": "Joe Malloch",
            "team": "TJPN85XRA",
            "name": "jmalloch",
            "is_restricted": false,
            "is_ultra_restricted": false
        },
        "thread_ts": "1661950439.072229",
        "parent_user_id": "U010TD4329M"
    },
    {
        "client_msg_id": "85ff58e5-1346-4187-a0c2-a791da788467",
        "type": "message",
        "text": "Looking at it from an artistic perspective, it looks more promising for installation work than performance imo - but still worth exploring as another mocap alternative for testing",
        "user": "U01APBW5N2J",
        "ts": "1661964945.160459",
        "blocks": [
            {
                "type": "rich_text",
                "block_id": "WXp",
                "elements": [
                    {
                        "type": "rich_text_section",
                        "elements": [
                            {
                                "type": "text",
                                "text": "Looking at it from an artistic perspective, it looks more promising for installation work than performance imo - but still worth exploring as another mocap alternative for testing"
                            }
                        ]
                    }
                ]
            }
        ],
        "team": "TJPN85XRA",
        "user_team": "TJPN85XRA",
        "source_team": "TJPN85XRA",
        "user_profile": {
            "avatar_hash": "fe0a901d9daf",
            "image_72": "https:\/\/avatars.slack-edge.com\/2020-09-17\/1355731656631_fe0a901d9daf26440442_72.png",
            "first_name": "",
            "real_name": "Kasey Pocius",
            "display_name": "Kasey Pocius",
            "team": "TJPN85XRA",
            "name": "kaseypocius",
            "is_restricted": false,
            "is_ultra_restricted": false
        },
        "thread_ts": "1661943176.947279",
        "parent_user_id": "UJR4DDS12"
    },
    {
        "client_msg_id": "c9baddf6-d869-4bc5-b153-c78757cc9509",
        "type": "message",
        "text": "would you care to elaborate on why that might be the case?",
        "user": "UJR4DDS12",
        "ts": "1661965047.148019",
        "blocks": [
            {
                "type": "rich_text",
                "block_id": "POHUj",
                "elements": [
                    {
                        "type": "rich_text_section",
                        "elements": [
                            {
                                "type": "text",
                                "text": "would you care to elaborate on why that might be the case?"
                            }
                        ]
                    }
                ]
            }
        ],
        "team": "TJPN85XRA",
        "user_team": "TJPN85XRA",
        "source_team": "TJPN85XRA",
        "user_profile": {
            "avatar_hash": "a59dc6f2aaf0",
            "image_72": "https:\/\/avatars.slack-edge.com\/2022-06-18\/3673671924631_a59dc6f2aaf006d655d2_72.jpg",
            "first_name": "Travis",
            "real_name": "Travis West",
            "display_name": "Travis",
            "team": "TJPN85XRA",
            "name": "travis.west",
            "is_restricted": false,
            "is_ultra_restricted": false
        },
        "thread_ts": "1661943176.947279",
        "parent_user_id": "UJR4DDS12"
    },
    {
        "client_msg_id": "a4d06810-6dc0-4a9b-9612-4b1f0b64579e",
        "type": "message",
        "text": "I’m wondering what the power impact of these systems would be like. The sheet claims “The measured total radiated power (TRP) is –8.71 dBm and –8.97 dBm giving an antenna efficiency of around 14%” so I’m guessing we would need to consider running power to the 2 plus antenna instead of batteries",
        "user": "U01APBW5N2J",
        "ts": "1661965167.054869",
        "blocks": [
            {
                "type": "rich_text",
                "block_id": "iYvV",
                "elements": [
                    {
                        "type": "rich_text_section",
                        "elements": [
                            {
                                "type": "text",
                                "text": "I’m wondering what the power impact of these systems would be like. The sheet claims “The measured total radiated power (TRP) is –8.71 dBm and –8.97 dBm giving an antenna efficiency of around 14%” so I’m guessing we would need to consider running power to the 2 plus antenna instead of batteries"
                            }
                        ]
                    }
                ]
            }
        ],
        "team": "TJPN85XRA",
        "user_team": "TJPN85XRA",
        "source_team": "TJPN85XRA",
        "user_profile": {
            "avatar_hash": "fe0a901d9daf",
            "image_72": "https:\/\/avatars.slack-edge.com\/2020-09-17\/1355731656631_fe0a901d9daf26440442_72.png",
            "first_name": "",
            "real_name": "Kasey Pocius",
            "display_name": "Kasey Pocius",
            "team": "TJPN85XRA",
            "name": "kaseypocius",
            "is_restricted": false,
            "is_ultra_restricted": false
        },
        "thread_ts": "1661950439.072229",
        "parent_user_id": "U010TD4329M"
    },
    {
        "type": "message",
        "text": "The more recent papers considered cluttered to be mostly furniture, no human beings (attached is the photo of the suggested setup they tested). So when I think of it from a performance standpoint, it’s a lot to setup",
        "files": [
            {
                "id": "F040WQWMCFK",
                "mode": "hidden_by_limit"
            }
        ],
        "upload": false,
        "user": "U01APBW5N2J",
        "display_as_bot": false,
        "ts": "1661965443.246239",
        "blocks": [
            {
                "type": "rich_text",
                "block_id": "BeM",
                "elements": [
                    {
                        "type": "rich_text_section",
                        "elements": [
                            {
                                "type": "text",
                                "text": "The more recent papers considered cluttered to be mostly furniture, no human beings (attached is the photo of the suggested setup they tested). So when I think of it from a performance standpoint, it’s a lot to setup"
                            }
                        ]
                    }
                ]
            }
        ],
        "client_msg_id": "3ef10083-c017-42c6-b63d-adfead946971",
        "thread_ts": "1661943176.947279",
        "parent_user_id": "UJR4DDS12"
    },
    {
        "client_msg_id": "57f0572b-ec25-4c6f-b437-df26d24a77f6",
        "type": "message",
        "text": "(and from anecdotal experience of friends working in live sound here\/in NYC, it was always a struggle to convince the venue to let the techs mount wireless receivers in the grid for even conventional equipment like wireless mics, which would lose signal once an audience was placed in the room,)",
        "user": "U01APBW5N2J",
        "ts": "1661965471.578739",
        "blocks": [
            {
                "type": "rich_text",
                "block_id": "6dR",
                "elements": [
                    {
                        "type": "rich_text_section",
                        "elements": [
                            {
                                "type": "text",
                                "text": "(and from anecdotal experience of friends working in live sound here\/in NYC, it was always a struggle to convince the venue to let the techs mount wireless receivers in the grid for even conventional equipment like wireless mics, which would lose signal once an audience was placed in the room,)"
                            }
                        ]
                    }
                ]
            }
        ],
        "team": "TJPN85XRA",
        "user_team": "TJPN85XRA",
        "source_team": "TJPN85XRA",
        "user_profile": {
            "avatar_hash": "fe0a901d9daf",
            "image_72": "https:\/\/avatars.slack-edge.com\/2020-09-17\/1355731656631_fe0a901d9daf26440442_72.png",
            "first_name": "",
            "real_name": "Kasey Pocius",
            "display_name": "Kasey Pocius",
            "team": "TJPN85XRA",
            "name": "kaseypocius",
            "is_restricted": false,
            "is_ultra_restricted": false
        },
        "thread_ts": "1661943176.947279",
        "parent_user_id": "UJR4DDS12"
    },
    {
        "client_msg_id": "cefa7214-e1f7-4345-ba88-df762d27396a",
        "type": "message",
        "text": "Woah. Yeah, that's definitely an impractical amount of set up for performance.",
        "user": "UJR4DDS12",
        "ts": "1661965532.666539",
        "blocks": [
            {
                "type": "rich_text",
                "block_id": "EGw",
                "elements": [
                    {
                        "type": "rich_text_section",
                        "elements": [
                            {
                                "type": "text",
                                "text": "Woah. Yeah, that's definitely an impractical amount of set up for performance."
                            }
                        ]
                    }
                ]
            }
        ],
        "team": "TJPN85XRA",
        "user_team": "TJPN85XRA",
        "source_team": "TJPN85XRA",
        "user_profile": {
            "avatar_hash": "a59dc6f2aaf0",
            "image_72": "https:\/\/avatars.slack-edge.com\/2022-06-18\/3673671924631_a59dc6f2aaf006d655d2_72.jpg",
            "first_name": "Travis",
            "real_name": "Travis West",
            "display_name": "Travis",
            "team": "TJPN85XRA",
            "name": "travis.west",
            "is_restricted": false,
            "is_ultra_restricted": false
        },
        "thread_ts": "1661943176.947279",
        "parent_user_id": "UJR4DDS12"
    },
    {
        "client_msg_id": "25abbbce-8d40-43f3-949c-65f9123cd6f2",
        "type": "message",
        "text": "but for installation purposes (say a reactive ecosystem of small objects with embedded sensors) I could easily see this working",
        "user": "U01APBW5N2J",
        "ts": "1661965552.857989",
        "blocks": [
            {
                "type": "rich_text",
                "block_id": "2VntW",
                "elements": [
                    {
                        "type": "rich_text_section",
                        "elements": [
                            {
                                "type": "text",
                                "text": "but for installation purposes (say a reactive ecosystem of small objects with embedded sensors) I could easily see this working"
                            }
                        ]
                    }
                ]
            }
        ],
        "team": "TJPN85XRA",
        "user_team": "TJPN85XRA",
        "source_team": "TJPN85XRA",
        "user_profile": {
            "avatar_hash": "fe0a901d9daf",
            "image_72": "https:\/\/avatars.slack-edge.com\/2020-09-17\/1355731656631_fe0a901d9daf26440442_72.png",
            "first_name": "",
            "real_name": "Kasey Pocius",
            "display_name": "Kasey Pocius",
            "team": "TJPN85XRA",
            "name": "kaseypocius",
            "is_restricted": false,
            "is_ultra_restricted": false
        },
        "thread_ts": "1661943176.947279",
        "parent_user_id": "UJR4DDS12"
    },
    {
        "client_msg_id": "6540b1cf-3d52-441f-8fcc-afa6147efe19",
        "type": "message",
        "text": "It makes me think, maybe you could put two transceivers in the T-Stick (e.g. one on either end), and one somewhere on the performer's body (e.g. in a pocket or on a belt loop). That would circumvent the distance issue, and give you an absolute position and heading reference with respect to the performer that could be useful? Just a thought",
        "user": "UJR4DDS12",
        "ts": "1661965667.812079",
        "blocks": [
            {
                "type": "rich_text",
                "block_id": "gmrD",
                "elements": [
                    {
                        "type": "rich_text_section",
                        "elements": [
                            {
                                "type": "text",
                                "text": "It makes me think, maybe you could put two transceivers in the T-Stick (e.g. one on either end), and one somewhere on the performer's body (e.g. in a pocket or on a belt loop). That would circumvent the distance issue, and give you an absolute position and heading reference with respect to the performer that could be useful? Just a thought"
                            }
                        ]
                    }
                ]
            }
        ],
        "team": "TJPN85XRA",
        "user_team": "TJPN85XRA",
        "source_team": "TJPN85XRA",
        "user_profile": {
            "avatar_hash": "a59dc6f2aaf0",
            "image_72": "https:\/\/avatars.slack-edge.com\/2022-06-18\/3673671924631_a59dc6f2aaf006d655d2_72.jpg",
            "first_name": "Travis",
            "real_name": "Travis West",
            "display_name": "Travis",
            "team": "TJPN85XRA",
            "name": "travis.west",
            "is_restricted": false,
            "is_ultra_restricted": false
        },
        "thread_ts": "1661943176.947279",
        "parent_user_id": "UJR4DDS12"
    },
    {
        "client_msg_id": "df16687e-b6c6-4c64-85d3-c11f2550775b",
        "type": "message",
        "text": "Also a reasonable amount of setup",
        "user": "UJR4DDS12",
        "ts": "1661965684.339589",
        "blocks": [
            {
                "type": "rich_text",
                "block_id": "HSvu",
                "elements": [
                    {
                        "type": "rich_text_section",
                        "elements": [
                            {
                                "type": "text",
                                "text": "Also a reasonable amount of setup"
                            }
                        ]
                    }
                ]
            }
        ],
        "team": "TJPN85XRA",
        "user_team": "TJPN85XRA",
        "source_team": "TJPN85XRA",
        "user_profile": {
            "avatar_hash": "a59dc6f2aaf0",
            "image_72": "https:\/\/avatars.slack-edge.com\/2022-06-18\/3673671924631_a59dc6f2aaf006d655d2_72.jpg",
            "first_name": "Travis",
            "real_name": "Travis West",
            "display_name": "Travis",
            "team": "TJPN85XRA",
            "name": "travis.west",
            "is_restricted": false,
            "is_ultra_restricted": false
        },
        "thread_ts": "1661943176.947279",
        "parent_user_id": "UJR4DDS12"
    },
    {
        "client_msg_id": "af0be853-9a9f-4849-9bfc-e4271d1e13a8",
        "type": "message",
        "text": "also maybe an antenna in a system such as the MPU?",
        "user": "U01APBW5N2J",
        "ts": "1661965736.434499",
        "blocks": [
            {
                "type": "rich_text",
                "block_id": "nJb+7",
                "elements": [
                    {
                        "type": "rich_text_section",
                        "elements": [
                            {
                                "type": "text",
                                "text": "also maybe an antenna in a system such as the MPU?"
                            }
                        ]
                    }
                ]
            }
        ],
        "team": "TJPN85XRA",
        "user_team": "TJPN85XRA",
        "source_team": "TJPN85XRA",
        "user_profile": {
            "avatar_hash": "fe0a901d9daf",
            "image_72": "https:\/\/avatars.slack-edge.com\/2020-09-17\/1355731656631_fe0a901d9daf26440442_72.png",
            "first_name": "",
            "real_name": "Kasey Pocius",
            "display_name": "Kasey Pocius",
            "team": "TJPN85XRA",
            "name": "kaseypocius",
            "is_restricted": false,
            "is_ultra_restricted": false
        },
        "thread_ts": "1661943176.947279",
        "parent_user_id": "UJR4DDS12"
    },
    {
        "client_msg_id": "ab6f35e1-24cc-4941-bbc1-1ba75494ca2a",
        "type": "message",
        "text": "I guess the direction-finding antenna would be stationary somewhere downstage, and could have wires running to it?",
        "user": "UJR4DDS12",
        "ts": "1661965743.021709",
        "blocks": [
            {
                "type": "rich_text",
                "block_id": "NVm",
                "elements": [
                    {
                        "type": "rich_text_section",
                        "elements": [
                            {
                                "type": "text",
                                "text": "I guess the direction-finding antenna would be stationary somewhere downstage, and could have wires running to it?"
                            }
                        ]
                    }
                ]
            }
        ],
        "team": "TJPN85XRA",
        "user_team": "TJPN85XRA",
        "source_team": "TJPN85XRA",
        "user_profile": {
            "avatar_hash": "a59dc6f2aaf0",
            "image_72": "https:\/\/avatars.slack-edge.com\/2022-06-18\/3673671924631_a59dc6f2aaf006d655d2_72.jpg",
            "first_name": "Travis",
            "real_name": "Travis West",
            "display_name": "Travis",
            "team": "TJPN85XRA",
            "name": "travis.west",
            "is_restricted": false,
            "is_ultra_restricted": false
        },
        "thread_ts": "1661950439.072229",
        "parent_user_id": "U010TD4329M"
    },
    {
        "client_msg_id": "2d332efe-0cf7-4aff-a89d-fcbaf4517473",
        "type": "message",
        "text": "yeah, it might be enough to have just a few transceivers if the reference ones are close enough to the performer",
        "user": "UJR4DDS12",
        "ts": "1661965777.013099",
        "blocks": [
            {
                "type": "rich_text",
                "block_id": "eFjil",
                "elements": [
                    {
                        "type": "rich_text_section",
                        "elements": [
                            {
                                "type": "text",
                                "text": "yeah, it might be enough to have just a few transceivers if the reference ones are close enough to the performer"
                            }
                        ]
                    }
                ]
            }
        ],
        "team": "TJPN85XRA",
        "user_team": "TJPN85XRA",
        "source_team": "TJPN85XRA",
        "user_profile": {
            "avatar_hash": "a59dc6f2aaf0",
            "image_72": "https:\/\/avatars.slack-edge.com\/2022-06-18\/3673671924631_a59dc6f2aaf006d655d2_72.jpg",
            "first_name": "Travis",
            "real_name": "Travis West",
            "display_name": "Travis",
            "team": "TJPN85XRA",
            "name": "travis.west",
            "is_restricted": false,
            "is_ultra_restricted": false
        },
        "thread_ts": "1661943176.947279",
        "parent_user_id": "UJR4DDS12",
        "reactions": [
            {
                "name": "+1",
                "users": [
                    "U01APBW5N2J"
                ],
                "count": 1
            }
        ]
    },
    {
        "client_msg_id": "50896483-509a-4e81-a240-66bedd0c7709",
        "type": "message",
        "text": "I’ve been thinking about the one mounted on the performer’s body - I like it, and could be done with a smartphone (but I don’t like the assumption that the performer has a smartphone, which is turned on during the performance)",
        "user": "U01APBW5N2J",
        "ts": "1661965784.208169",
        "blocks": [
            {
                "type": "rich_text",
                "block_id": "B5zV",
                "elements": [
                    {
                        "type": "rich_text_section",
                        "elements": [
                            {
                                "type": "text",
                                "text": "I’ve been thinking about the one mounted on the performer’s body - I like it, and could be done with a smartphone (but I don’t like the assumption that the performer has a smartphone, which is turned on during the performance)"
                            }
                        ]
                    }
                ]
            }
        ],
        "team": "TJPN85XRA",
        "user_team": "TJPN85XRA",
        "source_team": "TJPN85XRA",
        "user_profile": {
            "avatar_hash": "fe0a901d9daf",
            "image_72": "https:\/\/avatars.slack-edge.com\/2020-09-17\/1355731656631_fe0a901d9daf26440442_72.png",
            "first_name": "",
            "real_name": "Kasey Pocius",
            "display_name": "Kasey Pocius",
            "team": "TJPN85XRA",
            "name": "kaseypocius",
            "is_restricted": false,
            "is_ultra_restricted": false
        },
        "thread_ts": "1661943176.947279",
        "parent_user_id": "UJR4DDS12"
    },
    {
        "client_msg_id": "b90c3a8f-e690-44be-ae42-f39ca35a9aa4",
        "type": "message",
        "text": "yeah, phones ring. That also makes me uncomfortable XD",
        "user": "UJR4DDS12",
        "ts": "1661965812.895299",
        "blocks": [
            {
                "type": "rich_text",
                "block_id": "wfv",
                "elements": [
                    {
                        "type": "rich_text_section",
                        "elements": [
                            {
                                "type": "text",
                                "text": "yeah, phones ring. That also makes me uncomfortable XD"
                            }
                        ]
                    }
                ]
            }
        ],
        "team": "TJPN85XRA",
        "user_team": "TJPN85XRA",
        "source_team": "TJPN85XRA",
        "user_profile": {
            "avatar_hash": "a59dc6f2aaf0",
            "image_72": "https:\/\/avatars.slack-edge.com\/2022-06-18\/3673671924631_a59dc6f2aaf006d655d2_72.jpg",
            "first_name": "Travis",
            "real_name": "Travis West",
            "display_name": "Travis",
            "team": "TJPN85XRA",
            "name": "travis.west",
            "is_restricted": false,
            "is_ultra_restricted": false
        },
        "thread_ts": "1661943176.947279",
        "parent_user_id": "UJR4DDS12"
    },
    {
        "client_msg_id": "10034844-b47b-4b16-8259-cc1cb4b77566",
        "type": "message",
        "text": "This may be a dead end – the goal for azimuth estimation is to find a solution in which the DMI does the direction finding and the transmitter is stationary and probably plugged in rather than battery-powered. On the other hand, if we have a working IMU\/MARG solution for orientation perhaps we can use UWB beacons to add position to the sensor fusion (double-integrated acceleration data + UWB data). If we could do this with commodity hardware this would be very nice :slightly_smiling_face:",
        "user": "U010TD4329M",
        "ts": "1661966217.062649",
        "blocks": [
            {
                "type": "rich_text",
                "block_id": "OT1",
                "elements": [
                    {
                        "type": "rich_text_section",
                        "elements": [
                            {
                                "type": "text",
                                "text": "This may be a dead end – the goal for azimuth estimation is to find a solution in which the DMI does the direction finding and the transmitter is stationary and probably plugged in rather than battery-powered. On the other hand, if we have a working IMU\/MARG solution for orientation perhaps we can use UWB beacons to add position to the sensor fusion (double-integrated acceleration data + UWB data). If we could do this with commodity hardware this would be very nice "
                            },
                            {
                                "type": "emoji",
                                "name": "slightly_smiling_face",
                                "unicode": "1f642"
                            }
                        ]
                    }
                ]
            }
        ],
        "team": "TJPN85XRA",
        "user_team": "TJPN85XRA",
        "source_team": "TJPN85XRA",
        "user_profile": {
            "avatar_hash": "g76664e246bb",
            "image_72": "https:\/\/secure.gravatar.com\/avatar\/76664e246bb99704f2fe508d673b1124.jpg?s=72&d=https%3A%2F%2Fa.slack-edge.com%2Fdf10d%2Fimg%2Favatars%2Fava_0026-72.png",
            "first_name": "",
            "real_name": "Joe Malloch",
            "display_name": "Joe Malloch",
            "team": "TJPN85XRA",
            "name": "jmalloch",
            "is_restricted": false,
            "is_ultra_restricted": false
        },
        "thread_ts": "1661950439.072229",
        "parent_user_id": "U010TD4329M",
        "reactions": [
            {
                "name": "+1",
                "users": [
                    "U01APBW5N2J"
                ],
                "count": 1
            }
        ]
    },
    {
        "client_msg_id": "b5fbabc2-563f-4867-835c-307f40a326d3",
        "type": "message",
        "text": "<https:\/\/ieeexplore.ieee.org\/document\/9103115>\n\nare we already implementing Madgwick’s 2020 filter? or is still the older one? I’ll admit it isn’t immediately apparent to me when I read the T-Stick source code",
        "user": "U01APBW5N2J",
        "ts": "1661968552.255929",
        "blocks": [
            {
                "type": "rich_text",
                "block_id": "\/4rWh",
                "elements": [
                    {
                        "type": "rich_text_section",
                        "elements": [
                            {
                                "type": "link",
                                "url": "https:\/\/ieeexplore.ieee.org\/document\/9103115"
                            },
                            {
                                "type": "text",
                                "text": "\n\nare we already implementing Madgwick’s 2020 filter? or is still the older one? I’ll admit it isn’t immediately apparent to me when I read the T-Stick source code"
                            }
                        ]
                    }
                ]
            }
        ],
        "team": "TJPN85XRA",
        "user_team": "TJPN85XRA",
        "source_team": "TJPN85XRA",
        "user_profile": {
            "avatar_hash": "fe0a901d9daf",
            "image_72": "https:\/\/avatars.slack-edge.com\/2020-09-17\/1355731656631_fe0a901d9daf26440442_72.png",
            "first_name": "",
            "real_name": "Kasey Pocius",
            "display_name": "Kasey Pocius",
            "team": "TJPN85XRA",
            "name": "kaseypocius",
            "is_restricted": false,
            "is_ultra_restricted": false
        },
        "attachments": [
            {
                "from_url": "https:\/\/ieeexplore.ieee.org\/document\/9103115",
                "thumb_url": "https:\/\/ieeexplore.ieee.org\/assets\/img\/ieee_logo_smedia_200X200.png",
                "thumb_width": 200,
                "thumb_height": 200,
                "service_icon": "https:\/\/ieeexplore.ieee.org\/favicon.ico",
                "id": 1,
                "original_url": "https:\/\/ieeexplore.ieee.org\/document\/9103115",
                "fallback": "An Extended Complementary Filter for Full-Body MARG Orientation Estimation",
                "text": "Inertial sensing suites now permeate all forms of smart automation, yet a plateau exists in the real-world derivation of global orientation. Magnetic field fluctuations and inefficient sensor fusion still inhibit deployment. In this article, we introduce a new algorithm, an extended complementary filter (ECF), to derive 3-D rigid body orientation from inertial sensing suites addressing these challenges. The ECF combines computational efficiency of classic complementary filters with improved accuracy compared to popular optimization filters. We present a complete formulation of the algorithm, including an extension to address the challenge of orientation accuracy in the presence of fluctuating magnetic fields. Performance is tested under a variety of conditions and benchmarked against the commonly used gradient decent inertial sensor fusion algorithm. Results demonstrate improved efficiency, with the ECF achieving convergence 30% faster than standard alternatives. We further demonstrate an improved robustness to sources of magnetic interference in pitch and roll and to fast changes of orientation in the yaw direction. The ECF has been implemented at the core of a wearable rehabilitation system tracking movement of stroke patients for home telehealth. The ECF and accompanying magnetic disturbance rejection algorithm enables previously unachievable real-time patient movement feedback in the form of a full virtual human (avatar), even in the presence of magnetic disturbance. Algorithm efficiency and accuracy have also spawned an entire commercial product line released by the company x-io. We believe the ECF and accompanying magnetic disturbance routines are key enablers for future widespread use of wearable systems with the capacity for global orientation tracking.",
                "title": "An Extended Complementary Filter for Full-Body MARG Orientation Estimation",
                "title_link": "https:\/\/ieeexplore.ieee.org\/document\/9103115",
                "service_name": "ieeexplore.ieee.org"
            }
        ],
        "thread_ts": "1661950439.072229",
        "parent_user_id": "U010TD4329M"
    },
    {
        "client_msg_id": "1a401fba-a7ce-43ae-b0af-b7c24e36c725",
        "type": "message",
        "text": "I do like the idea of having UWB as an add on if you’re working with something like the MPU, which then would otherwise be disabled if the antenna aren’t present. But this is blue sky thinking",
        "user": "U01APBW5N2J",
        "ts": "1661968650.175229",
        "blocks": [
            {
                "type": "rich_text",
                "block_id": "t7h5",
                "elements": [
                    {
                        "type": "rich_text_section",
                        "elements": [
                            {
                                "type": "text",
                                "text": "I do like the idea of having UWB as an add on if you’re working with something like the MPU, which then would otherwise be disabled if the antenna aren’t present. But this is blue sky thinking"
                            }
                        ]
                    }
                ]
            }
        ],
        "team": "TJPN85XRA",
        "user_team": "TJPN85XRA",
        "source_team": "TJPN85XRA",
        "user_profile": {
            "avatar_hash": "fe0a901d9daf",
            "image_72": "https:\/\/avatars.slack-edge.com\/2020-09-17\/1355731656631_fe0a901d9daf26440442_72.png",
            "first_name": "",
            "real_name": "Kasey Pocius",
            "display_name": "Kasey Pocius",
            "team": "TJPN85XRA",
            "name": "kaseypocius",
            "is_restricted": false,
            "is_ultra_restricted": false
        },
        "thread_ts": "1661950439.072229",
        "parent_user_id": "U010TD4329M"
    },
    {
        "client_msg_id": "63590dc6-7392-41e4-a94b-4b1658c9e415",
        "type": "message",
        "text": "<@U01APBW5N2J> last time I checked it was the Madgwick version but with mag data disabled entirely",
        "user": "U010TD4329M",
        "ts": "1661973278.699869",
        "blocks": [
            {
                "type": "rich_text",
                "block_id": "s97UL",
                "elements": [
                    {
                        "type": "rich_text_section",
                        "elements": [
                            {
                                "type": "user",
                                "user_id": "U01APBW5N2J"
                            },
                            {
                                "type": "text",
                                "text": " last time I checked it was the Madgwick version but with mag data disabled entirely"
                            }
                        ]
                    }
                ]
            }
        ],
        "team": "TJPN85XRA",
        "user_team": "TJPN85XRA",
        "source_team": "TJPN85XRA",
        "user_profile": {
            "avatar_hash": "g76664e246bb",
            "image_72": "https:\/\/secure.gravatar.com\/avatar\/76664e246bb99704f2fe508d673b1124.jpg?s=72&d=https%3A%2F%2Fa.slack-edge.com%2Fdf10d%2Fimg%2Favatars%2Fava_0026-72.png",
            "first_name": "",
            "real_name": "Joe Malloch",
            "display_name": "Joe Malloch",
            "team": "TJPN85XRA",
            "name": "jmalloch",
            "is_restricted": false,
            "is_ultra_restricted": false
        },
        "thread_ts": "1661950439.072229",
        "parent_user_id": "U010TD4329M",
        "reactions": [
            {
                "name": "+1",
                "users": [
                    "U01APBW5N2J"
                ],
                "count": 1
            }
        ]
    }
]