[
    {
        "client_msg_id": "5e14483c-c8f1-40fa-a38d-42b2bce29251",
        "type": "message",
        "text": "<@UJR4DDS12> all the spines &amp; imu tsticks I built used the same simple calibration. Maybe our use cases just don't need fancy soft iron calibration...?",
        "user": "U010TD4329M",
        "ts": "1669134315.342989",
        "blocks": [
            {
                "type": "rich_text",
                "block_id": "UzDG7",
                "elements": [
                    {
                        "type": "rich_text_section",
                        "elements": [
                            {
                                "type": "user",
                                "user_id": "UJR4DDS12"
                            },
                            {
                                "type": "text",
                                "text": " all the spines & imu tsticks I built used the same simple calibration. Maybe our use cases just don't need fancy soft iron calibration...?"
                            }
                        ]
                    }
                ]
            }
        ],
        "team": "TJPN85XRA",
        "user_team": "TJPN85XRA",
        "source_team": "TJPN85XRA",
        "user_profile": {
            "avatar_hash": "g76664e246bb",
            "image_72": "https:\/\/secure.gravatar.com\/avatar\/76664e246bb99704f2fe508d673b1124.jpg?s=72&d=https%3A%2F%2Fa.slack-edge.com%2Fdf10d%2Fimg%2Favatars%2Fava_0026-72.png",
            "first_name": "",
            "real_name": "Joe Malloch",
            "display_name": "Joe Malloch",
            "team": "TJPN85XRA",
            "name": "jmalloch",
            "is_restricted": false,
            "is_ultra_restricted": false
        },
        "thread_ts": "1668977695.698169",
        "parent_user_id": "U03JTLB9FSS"
    }
]