[
    {
        "type": "message",
        "text": "for anyone using Max and the digital orchestra toolbox your can use dot.quaternion.jit.vis to visualize orientation...",
        "files": [
            {
                "id": "F04A9RRPQ0M",
                "mode": "hidden_by_limit"
            }
        ],
        "upload": false,
        "user": "U010TD4329M",
        "display_as_bot": false,
        "ts": "1668088264.286119",
        "blocks": [
            {
                "type": "rich_text",
                "block_id": "fWA",
                "elements": [
                    {
                        "type": "rich_text_section",
                        "elements": [
                            {
                                "type": "text",
                                "text": "for anyone using Max and the digital orchestra toolbox your can use dot.quaternion.jit.vis to visualize orientation..."
                            }
                        ]
                    }
                ]
            }
        ],
        "client_msg_id": "5cd45475-1d4d-4364-afe6-1b97fbd3eab9",
        "thread_ts": "1667945761.659859",
        "parent_user_id": "UJR4DDS12",
        "reactions": [
            {
                "name": "raised_hands",
                "users": [
                    "U03JTLB9FSS"
                ],
                "count": 1
            }
        ]
    },
    {
        "type": "message",
        "text": "",
        "files": [
            {
                "id": "F04A96C0Z46",
                "mode": "hidden_by_limit"
            }
        ],
        "upload": false,
        "user": "U03JTLB9FSS",
        "display_as_bot": false,
        "ts": "1668116311.101739",
        "blocks": [
            {
                "type": "rich_text",
                "block_id": "nSJH",
                "elements": [
                    {
                        "type": "rich_text_section",
                        "elements": []
                    }
                ]
            }
        ],
        "client_msg_id": "ba86b3dc-8909-4329-839b-20861f0e226c",
        "thread_ts": "1667605150.429639",
        "parent_user_id": "U010TD4329M"
    },
    {
        "type": "message",
        "text": "<@U010TD4329M>",
        "files": [
            {
                "id": "F04ACRR93PF",
                "created": 1668116357,
                "timestamp": 1668116357,
                "name": "output.txt",
                "title": "output.txt",
                "mimetype": "text\/plain",
                "filetype": "text",
                "pretty_type": "Plain Text",
                "user": "U03JTLB9FSS",
                "user_team": "TJPN85XRA",
                "editable": true,
                "size": 113753,
                "mode": "snippet",
                "is_external": false,
                "external_type": "",
                "is_public": true,
                "public_url_shared": false,
                "display_as_bot": false,
                "username": "",
                "url_private": "https:\/\/files.slack.com\/files-pri\/TJPN85XRA-F04ACRR93PF\/output.txt?t=xoxe-635756201860-5822147069925-5827507671108-aa50e926a1c11470df3e79fc59b5f176",
                "url_private_download": "https:\/\/files.slack.com\/files-pri\/TJPN85XRA-F04ACRR93PF\/download\/output.txt?t=xoxe-635756201860-5822147069925-5827507671108-aa50e926a1c11470df3e79fc59b5f176",
                "permalink": "https:\/\/idmil.slack.com\/files\/U03JTLB9FSS\/F04ACRR93PF\/output.txt",
                "permalink_public": "https:\/\/slack-files.com\/TJPN85XRA-F04ACRR93PF-46c18153db",
                "edit_link": "https:\/\/idmil.slack.com\/files\/U03JTLB9FSS\/F04ACRR93PF\/output.txt\/edit",
                "is_starred": false,
                "has_rich_preview": false,
                "file_access": "visible"
            }
        ],
        "upload": false,
        "user": "U03JTLB9FSS",
        "display_as_bot": false,
        "ts": "1668116361.385259",
        "blocks": [
            {
                "type": "rich_text",
                "block_id": "4kz2T",
                "elements": [
                    {
                        "type": "rich_text_section",
                        "elements": [
                            {
                                "type": "user",
                                "user_id": "U010TD4329M"
                            }
                        ]
                    }
                ]
            }
        ],
        "client_msg_id": "2eefd24a-7027-42d5-86fc-401a011e19f1",
        "thread_ts": "1667605150.429639",
        "parent_user_id": "U010TD4329M"
    }
]