[
    {
        "client_msg_id": "ed0f8b7b-b9c8-4f97-9622-3c717f3949d0",
        "type": "message",
        "text": "<@U010FMZRE4A> you could try flashing this branch of the firmware: <https:\/\/github.com\/docsunset\/t-stick\/tree\/docsunset>. The sensor fusion pulled in this branch does a naive automatic compensation of the magnetometer offset error that gives frustratingly usable results when I last tested it months ago. Your mileage may vary. Also, don't bring any magnetic objects near the stick or it will mess up the compensation and you'll have to restart the T-Stick. You should also probably only do this if you're confident you can revert to a working firmware in case this doesn't help.",
        "user": "UJR4DDS12",
        "ts": "1678208702.610559",
        "blocks": [
            {
                "type": "rich_text",
                "block_id": "ASV",
                "elements": [
                    {
                        "type": "rich_text_section",
                        "elements": [
                            {
                                "type": "user",
                                "user_id": "U010FMZRE4A"
                            },
                            {
                                "type": "text",
                                "text": " you could try flashing this branch of the firmware: "
                            },
                            {
                                "type": "link",
                                "url": "https:\/\/github.com\/docsunset\/t-stick\/tree\/docsunset"
                            },
                            {
                                "type": "text",
                                "text": ". The sensor fusion pulled in this branch does a naive automatic compensation of the magnetometer offset error that gives frustratingly usable results when I last tested it months ago. Your mileage may vary. Also, don't bring any magnetic objects near the stick or it will mess up the compensation and you'll have to restart the T-Stick. You should also probably only do this if you're confident you can revert to a working firmware in case this doesn't help."
                            }
                        ]
                    }
                ]
            }
        ],
        "team": "TJPN85XRA",
        "user_team": "TJPN85XRA",
        "source_team": "TJPN85XRA",
        "user_profile": {
            "avatar_hash": "a59dc6f2aaf0",
            "image_72": "https:\/\/avatars.slack-edge.com\/2022-06-18\/3673671924631_a59dc6f2aaf006d655d2_72.jpg",
            "first_name": "Travis",
            "real_name": "Travis West",
            "display_name": "Travis",
            "team": "TJPN85XRA",
            "name": "travis.west",
            "is_restricted": false,
            "is_ultra_restricted": false
        },
        "attachments": [
            {
                "from_url": "https:\/\/github.com\/docsunset\/t-stick\/tree\/docsunset",
                "service_icon": "https:\/\/a.slack-edge.com\/80588\/img\/unfurl_icons\/github.png",
                "id": 1,
                "original_url": "https:\/\/github.com\/docsunset\/t-stick\/tree\/docsunset",
                "fallback": "GitHub: GitHub - DocSunset\/T-Stick at docsunset",
                "text": "T-Stick Digital Musical Instrument (DMI). Contribute to DocSunset\/T-Stick development by creating an account on GitHub.",
                "title": "GitHub - DocSunset\/T-Stick at docsunset",
                "title_link": "https:\/\/github.com\/docsunset\/t-stick\/tree\/docsunset",
                "service_name": "GitHub"
            }
        ],
        "reactions": [
            {
                "name": "+1",
                "users": [
                    "U010FMZRE4A"
                ],
                "count": 1
            }
        ]
    }
]