[
    {
        "type": "message",
        "text": "I found Joe’s T-Stick in the video working far better than mine. Am I doing something wrong?:thinking_face:",
        "files": [
            {
                "id": "F04K4KGEHC7",
                "mode": "hidden_by_limit"
            }
        ],
        "upload": false,
        "user": "U010FMZRE4A",
        "display_as_bot": false,
        "ts": "1674092901.884459",
        "blocks": [
            {
                "type": "rich_text",
                "block_id": "3V8Q",
                "elements": [
                    {
                        "type": "rich_text_section",
                        "elements": [
                            {
                                "type": "text",
                                "text": "I found Joe’s T-Stick in the video working far better than mine. Am I doing something wrong?"
                            },
                            {
                                "type": "emoji",
                                "name": "thinking_face",
                                "unicode": "1f914"
                            }
                        ]
                    }
                ]
            }
        ],
        "client_msg_id": "f65deb3c-dc93-49c2-a7bb-9cd6d4060583",
        "thread_ts": "1668545577.901419",
        "parent_user_id": "U010TD4329M"
    },
    {
        "client_msg_id": "f2b31251-9051-4540-ab12-0df043ba21c4",
        "type": "message",
        "text": "Calibration!",
        "user": "U010TD4329M",
        "ts": "1674092979.842429",
        "blocks": [
            {
                "type": "rich_text",
                "block_id": "JNw",
                "elements": [
                    {
                        "type": "rich_text_section",
                        "elements": [
                            {
                                "type": "text",
                                "text": "Calibration!"
                            }
                        ]
                    }
                ]
            }
        ],
        "team": "TJPN85XRA",
        "user_team": "TJPN85XRA",
        "source_team": "TJPN85XRA",
        "user_profile": {
            "avatar_hash": "g76664e246bb",
            "image_72": "https:\/\/secure.gravatar.com\/avatar\/76664e246bb99704f2fe508d673b1124.jpg?s=72&d=https%3A%2F%2Fa.slack-edge.com%2Fdf10d%2Fimg%2Favatars%2Fava_0026-72.png",
            "first_name": "",
            "real_name": "Joe Malloch",
            "display_name": "Joe Malloch",
            "team": "TJPN85XRA",
            "name": "jmalloch",
            "is_restricted": false,
            "is_ultra_restricted": false
        },
        "thread_ts": "1668545577.901419",
        "parent_user_id": "U010TD4329M"
    },
    {
        "client_msg_id": "b5d24197-b35e-43de-8afe-7611474a5ec1",
        "type": "message",
        "text": "Magnetometer needs calibration, probably accelerometer too",
        "user": "U010TD4329M",
        "ts": "1674093028.624789",
        "blocks": [
            {
                "type": "rich_text",
                "block_id": "xaw",
                "elements": [
                    {
                        "type": "rich_text_section",
                        "elements": [
                            {
                                "type": "text",
                                "text": "Magnetometer needs calibration, probably accelerometer too"
                            }
                        ]
                    }
                ]
            }
        ],
        "team": "TJPN85XRA",
        "user_team": "TJPN85XRA",
        "source_team": "TJPN85XRA",
        "user_profile": {
            "avatar_hash": "g76664e246bb",
            "image_72": "https:\/\/secure.gravatar.com\/avatar\/76664e246bb99704f2fe508d673b1124.jpg?s=72&d=https%3A%2F%2Fa.slack-edge.com%2Fdf10d%2Fimg%2Favatars%2Fava_0026-72.png",
            "first_name": "",
            "real_name": "Joe Malloch",
            "display_name": "Joe Malloch",
            "team": "TJPN85XRA",
            "name": "jmalloch",
            "is_restricted": false,
            "is_ultra_restricted": false
        },
        "thread_ts": "1668545577.901419",
        "parent_user_id": "U010TD4329M"
    },
    {
        "client_msg_id": "e50059ce-32a9-452b-8330-6312552609c1",
        "type": "message",
        "text": "Ah, that’s why we need the calibration modes. Looking forward to this feature!",
        "user": "U010FMZRE4A",
        "ts": "1674093368.505949",
        "blocks": [
            {
                "type": "rich_text",
                "block_id": "K=u",
                "elements": [
                    {
                        "type": "rich_text_section",
                        "elements": [
                            {
                                "type": "text",
                                "text": "Ah, that’s why we need the calibration modes. Looking forward to this feature!"
                            }
                        ]
                    }
                ]
            }
        ],
        "team": "TJPN85XRA",
        "user_team": "TJPN85XRA",
        "source_team": "TJPN85XRA",
        "user_profile": {
            "avatar_hash": "c0adc2d8c593",
            "image_72": "https:\/\/avatars.slack-edge.com\/2020-03-26\/1027782097284_c0adc2d8c5932b435e7b_72.jpg",
            "first_name": "",
            "real_name": "Takuto Fukuda",
            "display_name": "Takuto Fukuda",
            "team": "TJPN85XRA",
            "name": "takuto.fukuda",
            "is_restricted": false,
            "is_ultra_restricted": false
        },
        "thread_ts": "1668545577.901419",
        "parent_user_id": "U010TD4329M"
    }
]