[
    {
        "type": "message",
        "subtype": "channel_join",
        "ts": "1557926969.000200",
        "user": "UJQ7AKDA9",
        "text": "<@UJQ7AKDA9> has joined the channel"
    },
    {
        "type": "message",
        "subtype": "channel_join",
        "ts": "1557930456.000200",
        "user": "UJQ9N9KA9",
        "text": "<@UJQ9N9KA9> has joined the channel"
    },
    {
        "type": "message",
        "subtype": "channel_join",
        "ts": "1557931395.000400",
        "user": "UJCU8BAAW",
        "text": "<@UJCU8BAAW> has joined the channel"
    },
    {
        "client_msg_id": "6df1db12-9278-45f1-b036-e28bc58c2070",
        "type": "message",
        "text": "hello",
        "user": "UJCU8BAAW",
        "ts": "1557931417.000600",
        "blocks": [
            {
                "type": "rich_text",
                "block_id": "9Rub",
                "elements": [
                    {
                        "type": "rich_text_section",
                        "elements": [
                            {
                                "type": "text",
                                "text": "hello"
                            }
                        ]
                    }
                ]
            }
        ],
        "team": "TJPN85XRA",
        "user_team": "TJPN85XRA",
        "source_team": "TJPN85XRA",
        "user_profile": {
            "avatar_hash": "d49c462f5537",
            "image_72": "https:\/\/avatars.slack-edge.com\/2021-06-14\/2154581376263_d49c462f5537edde8dbb_72.jpg",
            "first_name": "Edu",
            "real_name": "Edu Meneses",
            "display_name": "Edu Meneses",
            "team": "TJPN85XRA",
            "name": "eduardo.meneses",
            "is_restricted": false,
            "is_ultra_restricted": false
        }
    },
    {
        "client_msg_id": "96da0d92-f612-4934-9664-b1a688581b3f",
        "type": "message",
        "text": "Yo!",
        "user": "UJQ7AKDA9",
        "ts": "1557933177.000200",
        "blocks": [
            {
                "type": "rich_text",
                "block_id": "xPDeS",
                "elements": [
                    {
                        "type": "rich_text_section",
                        "elements": [
                            {
                                "type": "text",
                                "text": "Yo!"
                            }
                        ]
                    }
                ]
            }
        ],
        "team": "TJPN85XRA",
        "user_team": "TJPN85XRA",
        "source_team": "TJPN85XRA",
        "user_profile": {
            "avatar_hash": "1720101e5f4d",
            "image_72": "https:\/\/avatars.slack-edge.com\/2022-06-20\/3695655977380_1720101e5f4d2ee82bff_72.jpg",
            "first_name": "Johnny",
            "real_name": "Johnny Sullivan",
            "display_name": "Johnny",
            "team": "TJPN85XRA",
            "name": "john.sullivan2",
            "is_restricted": false,
            "is_ultra_restricted": false
        }
    },
    {
        "client_msg_id": "c89ae0da-c6af-4fb2-aeec-4078c668f110",
        "type": "message",
        "text": "Hey",
        "user": "UJQ9N9KA9",
        "ts": "1557934140.000300",
        "blocks": [
            {
                "type": "rich_text",
                "block_id": "vqn",
                "elements": [
                    {
                        "type": "rich_text_section",
                        "elements": [
                            {
                                "type": "text",
                                "text": "Hey"
                            }
                        ]
                    }
                ]
            }
        ],
        "team": "TJPN85XRA",
        "user_team": "TJPN85XRA",
        "source_team": "TJPN85XRA",
        "user_profile": {
            "avatar_hash": "3be35bf04429",
            "image_72": "https:\/\/avatars.slack-edge.com\/2023-08-28\/5813587733204_3be35bf044296c45bdde_72.jpg",
            "first_name": "",
            "real_name": "ChristianFrisson",
            "display_name": "ChristianFrisson",
            "team": "TJPN85XRA",
            "name": "christian.frisson",
            "is_restricted": false,
            "is_ultra_restricted": false
        }
    },
    {
        "type": "message",
        "subtype": "channel_join",
        "ts": "1557934656.000500",
        "user": "UJSJMACMC",
        "text": "<@UJSJMACMC> has joined the channel"
    },
    {
        "client_msg_id": "386af956-5c08-4abe-b97d-e1713216903c",
        "type": "message",
        "text": "hi",
        "user": "UJSJMACMC",
        "ts": "1557948099.000700",
        "blocks": [
            {
                "type": "rich_text",
                "block_id": "wSfif",
                "elements": [
                    {
                        "type": "rich_text_section",
                        "elements": [
                            {
                                "type": "text",
                                "text": "hi"
                            }
                        ]
                    }
                ]
            }
        ],
        "team": "TJPN85XRA",
        "user_team": "TJPN85XRA",
        "source_team": "TJPN85XRA",
        "user_profile": {
            "avatar_hash": "g6469eb15662",
            "image_72": "https:\/\/secure.gravatar.com\/avatar\/f6469eb15662c142e04293e07926ec97.jpg?s=72&d=https%3A%2F%2Fa.slack-edge.com%2Fdf10d%2Fimg%2Favatars%2Fava_0025-72.png",
            "first_name": "",
            "real_name": "johnty",
            "display_name": "johnty",
            "team": "TJPN85XRA",
            "name": "johntywang",
            "is_restricted": false,
            "is_ultra_restricted": false
        }
    },
    {
        "client_msg_id": "2365032f-ee2e-41f8-ad75-2fc638615e83",
        "type": "message",
        "text": "hello?",
        "user": "UJCU8BAAW",
        "ts": "1557948225.001000",
        "blocks": [
            {
                "type": "rich_text",
                "block_id": "UIZIy",
                "elements": [
                    {
                        "type": "rich_text_section",
                        "elements": [
                            {
                                "type": "text",
                                "text": "hello?"
                            }
                        ]
                    }
                ]
            }
        ],
        "team": "TJPN85XRA",
        "user_team": "TJPN85XRA",
        "source_team": "TJPN85XRA",
        "user_profile": {
            "avatar_hash": "d49c462f5537",
            "image_72": "https:\/\/avatars.slack-edge.com\/2021-06-14\/2154581376263_d49c462f5537edde8dbb_72.jpg",
            "first_name": "Edu",
            "real_name": "Edu Meneses",
            "display_name": "Edu Meneses",
            "team": "TJPN85XRA",
            "name": "eduardo.meneses",
            "is_restricted": false,
            "is_ultra_restricted": false
        }
    },
    {
        "client_msg_id": "e39df100-0fac-4606-b3dd-59743abfed6a",
        "type": "message",
        "text": "It’s a party :stuck_out_tongue:",
        "user": "UJQ7AKDA9",
        "ts": "1557948244.001200",
        "blocks": [
            {
                "type": "rich_text",
                "block_id": "D3s7t",
                "elements": [
                    {
                        "type": "rich_text_section",
                        "elements": [
                            {
                                "type": "text",
                                "text": "It’s a party "
                            },
                            {
                                "type": "emoji",
                                "name": "stuck_out_tongue",
                                "unicode": "1f61b"
                            }
                        ]
                    }
                ]
            }
        ],
        "team": "TJPN85XRA",
        "user_team": "TJPN85XRA",
        "source_team": "TJPN85XRA",
        "user_profile": {
            "avatar_hash": "1720101e5f4d",
            "image_72": "https:\/\/avatars.slack-edge.com\/2022-06-20\/3695655977380_1720101e5f4d2ee82bff_72.jpg",
            "first_name": "Johnny",
            "real_name": "Johnny Sullivan",
            "display_name": "Johnny",
            "team": "TJPN85XRA",
            "name": "john.sullivan2",
            "is_restricted": false,
            "is_ultra_restricted": false
        }
    },
    {
        "client_msg_id": "01941fc4-bb85-4373-a07a-dab3a08b80ba",
        "type": "message",
        "text": "I thought it better to create a new IDMIL workspace, rather than Music Tech channel; this way we can create different channels for projects, etc….",
        "user": "UJQ7AKDA9",
        "ts": "1557948311.002100",
        "blocks": [
            {
                "type": "rich_text",
                "block_id": "sMR1",
                "elements": [
                    {
                        "type": "rich_text_section",
                        "elements": [
                            {
                                "type": "text",
                                "text": "I thought it better to create a new IDMIL workspace, rather than Music Tech channel; this way we can create different channels for projects, etc…."
                            }
                        ]
                    }
                ]
            }
        ],
        "team": "TJPN85XRA",
        "user_team": "TJPN85XRA",
        "source_team": "TJPN85XRA",
        "user_profile": {
            "avatar_hash": "1720101e5f4d",
            "image_72": "https:\/\/avatars.slack-edge.com\/2022-06-20\/3695655977380_1720101e5f4d2ee82bff_72.jpg",
            "first_name": "Johnny",
            "real_name": "Johnny Sullivan",
            "display_name": "Johnny",
            "team": "TJPN85XRA",
            "name": "john.sullivan2",
            "is_restricted": false,
            "is_ultra_restricted": false
        }
    },
    {
        "client_msg_id": "269c8ca6-94fa-4a13-a179-26e75ace9cce",
        "type": "message",
        "text": "i think that was a good idea",
        "user": "UJSJMACMC",
        "ts": "1557948432.002400",
        "blocks": [
            {
                "type": "rich_text",
                "block_id": "zckZE",
                "elements": [
                    {
                        "type": "rich_text_section",
                        "elements": [
                            {
                                "type": "text",
                                "text": "i think that was a good idea"
                            }
                        ]
                    }
                ]
            }
        ],
        "team": "TJPN85XRA",
        "user_team": "TJPN85XRA",
        "source_team": "TJPN85XRA",
        "user_profile": {
            "avatar_hash": "g6469eb15662",
            "image_72": "https:\/\/secure.gravatar.com\/avatar\/f6469eb15662c142e04293e07926ec97.jpg?s=72&d=https%3A%2F%2Fa.slack-edge.com%2Fdf10d%2Fimg%2Favatars%2Fava_0025-72.png",
            "first_name": "",
            "real_name": "johnty",
            "display_name": "johnty",
            "team": "TJPN85XRA",
            "name": "johntywang",
            "is_restricted": false,
            "is_ultra_restricted": false
        }
    },
    {
        "client_msg_id": "b3a5fb06-f981-4751-8fd3-d4ee48aa5bdc",
        "type": "message",
        "text": "the MT group is kinda dead anyway",
        "user": "UJSJMACMC",
        "ts": "1557948455.002600",
        "blocks": [
            {
                "type": "rich_text",
                "block_id": "8RvU",
                "elements": [
                    {
                        "type": "rich_text_section",
                        "elements": [
                            {
                                "type": "text",
                                "text": "the MT group is kinda dead anyway"
                            }
                        ]
                    }
                ]
            }
        ],
        "team": "TJPN85XRA",
        "user_team": "TJPN85XRA",
        "source_team": "TJPN85XRA",
        "user_profile": {
            "avatar_hash": "g6469eb15662",
            "image_72": "https:\/\/secure.gravatar.com\/avatar\/f6469eb15662c142e04293e07926ec97.jpg?s=72&d=https%3A%2F%2Fa.slack-edge.com%2Fdf10d%2Fimg%2Favatars%2Fava_0025-72.png",
            "first_name": "",
            "real_name": "johnty",
            "display_name": "johnty",
            "team": "TJPN85XRA",
            "name": "johntywang",
            "is_restricted": false,
            "is_ultra_restricted": false
        }
    },
    {
        "client_msg_id": "087a97cb-88b3-40a3-9688-3e32f99c08c6",
        "type": "message",
        "text": "way dead",
        "user": "UJQ7AKDA9",
        "ts": "1557948460.002800",
        "blocks": [
            {
                "type": "rich_text",
                "block_id": "QQC",
                "elements": [
                    {
                        "type": "rich_text_section",
                        "elements": [
                            {
                                "type": "text",
                                "text": "way dead"
                            }
                        ]
                    }
                ]
            }
        ],
        "team": "TJPN85XRA",
        "user_team": "TJPN85XRA",
        "source_team": "TJPN85XRA",
        "user_profile": {
            "avatar_hash": "1720101e5f4d",
            "image_72": "https:\/\/avatars.slack-edge.com\/2022-06-20\/3695655977380_1720101e5f4d2ee82bff_72.jpg",
            "first_name": "Johnny",
            "real_name": "Johnny Sullivan",
            "display_name": "Johnny",
            "team": "TJPN85XRA",
            "name": "john.sullivan2",
            "is_restricted": false,
            "is_ultra_restricted": false
        }
    },
    {
        "client_msg_id": "2de8ec12-444c-41fb-9f83-031a11c0320c",
        "type": "message",
        "text": "gitlab vs slack on <#CJDAPHPC3|fabrication>",
        "user": "UJQ9N9KA9",
        "ts": "1557951943.004000",
        "blocks": [
            {
                "type": "rich_text",
                "block_id": "rZkg",
                "elements": [
                    {
                        "type": "rich_text_section",
                        "elements": [
                            {
                                "type": "text",
                                "text": "gitlab vs slack on "
                            },
                            {
                                "type": "channel",
                                "channel_id": "CJDAPHPC3"
                            }
                        ]
                    }
                ]
            }
        ],
        "team": "TJPN85XRA",
        "user_team": "TJPN85XRA",
        "source_team": "TJPN85XRA",
        "user_profile": {
            "avatar_hash": "3be35bf04429",
            "image_72": "https:\/\/avatars.slack-edge.com\/2023-08-28\/5813587733204_3be35bf044296c45bdde_72.jpg",
            "first_name": "",
            "real_name": "ChristianFrisson",
            "display_name": "ChristianFrisson",
            "team": "TJPN85XRA",
            "name": "christian.frisson",
            "is_restricted": false,
            "is_ultra_restricted": false
        },
        "edited": {
            "user": "UJQ9N9KA9",
            "ts": "1557951953.000000"
        }
    }
]