[
    {
        "type": "message",
        "subtype": "bot_message",
        "text": "",
        "ts": "1600441223.000100",
        "username": "IDMIL Schedule",
        "bot_id": "B0182SVN8A2",
        "attachments": [
            {
                "fallback": "MUMT203 class (Edu and Marcelo @ IDMIL): <!date^1600441200^{date_short_pretty} from {time}|September 18th, 2020 from 11:00 AM> to <!date^1600455600^{time}|3:00 PM GMT-0400>",
                "text": "<!date^1600441200^{date_short_pretty} from {time}|September 18th, 2020 from 11:00 AM> to <!date^1600455600^{time}|3:00 PM GMT-0400>",
                "pretext": "Event starting now:",
                "title": "MUMT203 class (Edu and Marcelo @ IDMIL)",
                "id": 1,
                "title_link": "https:\/\/www.google.com\/calendar\/event?eid=NHBiYTB1czhqNmhyYm0yZjMzMDM5ZG82ZzVfMjAyMDA5MThUMTUwMDAwWiBjc3A5cDN1dW44MDNpZWY0czJxMmU0Nzg2Y0Bn",
                "color": "fbe983",
                "mrkdwn_in": [
                    "text",
                    "pretext",
                    "more"
                ]
            }
        ]
    }
]