[
    {
        "type": "message",
        "subtype": "bot_message",
        "text": "",
        "ts": "1598274012.000100",
        "username": "IDMIL Schedule",
        "bot_id": "B0182SVN8A2",
        "attachments": [
            {
                "fallback": "Edu @ IDMIL: <!date^1598274000^{date_short_pretty} from {time}|August 24th, 2020 from 9:00 AM> to <!date^1598299200^{time}|4:00 PM GMT-0400>",
                "text": "<!date^1598274000^{date_short_pretty} from {time}|August 24th, 2020 from 9:00 AM> to <!date^1598299200^{time}|4:00 PM GMT-0400>",
                "pretext": "Event starting now:",
                "title": "Edu @ IDMIL",
                "id": 1,
                "title_link": "https:\/\/www.google.com\/calendar\/event?eid=NnBoamNwMzRjOWdtNmJiNTZncGowYjlrNzFnamFiYjI2Y3E2NmJiMjZoZ202ZGI2Y2NvamFkOWpjYyBjc3A5cDN1dW44MDNpZWY0czJxMmU0Nzg2Y0Bn",
                "color": "fbe983",
                "mrkdwn_in": [
                    "text",
                    "pretext"
                ]
            }
        ]
    }
]