[
    {
        "type": "message",
        "subtype": "bot_message",
        "text": "",
        "ts": "1593694801.000100",
        "username": "IDMIL Meeting Space",
        "bot_id": "B013NHGF1S7",
        "attachments": [
            {
                "fallback": "IDMIL Meeting: <!date^1593698400^{date_short_pretty} from {time}|July 2nd, 2020 from 10:00 AM> to <!date^1593702000^{time}|11:00 AM GMT-0400>",
                "text": "<!date^1593698400^{date_short_pretty} from {time}|July 2nd, 2020 from 10:00 AM> to <!date^1593702000^{time}|11:00 AM GMT-0400>",
                "pretext": "Event starting in 1 hour:",
                "title": "IDMIL Meeting",
                "id": 1,
                "title_link": "https:\/\/www.google.com\/calendar\/event?eid=MjczZ3NxNmV2MzcxMGhlMDh2bXM3aWw4anRfMjAyMDA3MDJUMTQwMDAwWiA5ZnUwdTcxcGRtMmJhNzgxc3A2OXJ2bmh1Z0Bn",
                "color": "cabdbf",
                "mrkdwn_in": [
                    "text",
                    "pretext"
                ]
            }
        ]
    },
    {
        "type": "message",
        "subtype": "bot_message",
        "text": "",
        "ts": "1593698402.000200",
        "username": "IDMIL Meeting Space",
        "bot_id": "B013NHGF1S7",
        "attachments": [
            {
                "fallback": "Master Thesis Group Meeting: <!date^1593702000^{date_short_pretty} from {time}|July 2nd, 2020 from 11:00 AM> to <!date^1593704700^{time}|11:45 AM GMT-0400>",
                "text": "<!date^1593702000^{date_short_pretty} from {time}|July 2nd, 2020 from 11:00 AM> to <!date^1593704700^{time}|11:45 AM GMT-0400>",
                "pretext": "Event starting in 1 hour:",
                "title": "Master Thesis Group Meeting",
                "id": 1,
                "title_link": "https:\/\/www.google.com\/calendar\/event?eid=X2NvcWo4ZGI1NjBzbWNwajJjZGdqMGNwbGNvc2pjbzlwNmNvMzhvcG02a3E2NmRyNDZ0aTNnZTltY2dyamFvajNfMjAyMDA3MDJUMTUwMDAwWiA5ZnUwdTcxcGRtMmJhNzgxc3A2OXJ2bmh1Z0Bn",
                "color": "cabdbf",
                "mrkdwn_in": [
                    "text",
                    "pretext",
                    "more"
                ]
            }
        ]
    }
]