[
    {
        "type": "message",
        "subtype": "bot_message",
        "text": "",
        "ts": "1594299602.000100",
        "username": "IDMIL Meeting Space",
        "bot_id": "B013NHGF1S7",
        "attachments": [
            {
                "fallback": "IDMIL Meeting: <!date^1594303200^{date_short_pretty} from {time}|July 9th, 2020 from 10:00 AM> to <!date^1594306800^{time}|11:00 AM GMT-0400>",
                "text": "<!date^1594303200^{date_short_pretty} from {time}|July 9th, 2020 from 10:00 AM> to <!date^1594306800^{time}|11:00 AM GMT-0400>",
                "pretext": "Event starting in 1 hour:",
                "title": "IDMIL Meeting",
                "id": 1,
                "title_link": "https:\/\/www.google.com\/calendar\/event?eid=MjczZ3NxNmV2MzcxMGhlMDh2bXM3aWw4anRfMjAyMDA3MDlUMTQwMDAwWiA5ZnUwdTcxcGRtMmJhNzgxc3A2OXJ2bmh1Z0Bn",
                "color": "cabdbf",
                "mrkdwn_in": [
                    "text",
                    "pretext"
                ]
            }
        ]
    },
    {
        "type": "message",
        "subtype": "bot_message",
        "text": "",
        "ts": "1594303218.000200",
        "username": "IDMIL Meeting Space",
        "bot_id": "B013NHGF1S7",
        "attachments": [
            {
                "fallback": "Master Thesis Group Meeting: <!date^1594306800^{date_short_pretty} from {time}|July 9th, 2020 from 11:00 AM> to <!date^1594309500^{time}|11:45 AM GMT-0400>",
                "text": "<!date^1594306800^{date_short_pretty} from {time}|July 9th, 2020 from 11:00 AM> to <!date^1594309500^{time}|11:45 AM GMT-0400>",
                "pretext": "Event starting in 1 hour:",
                "title": "Master Thesis Group Meeting",
                "id": 1,
                "title_link": "https:\/\/www.google.com\/calendar\/event?eid=X2NvcWo4ZGI1NjBzbWNwajJjZGdqMGNwbGNvc2pjbzlwNmNvMzhvcG02a3E2NmRyNDZ0aTNnZTltY2dyamFvajNfMjAyMDA3MDlUMTUwMDAwWiA5ZnUwdTcxcGRtMmJhNzgxc3A2OXJ2bmh1Z0Bn",
                "color": "cabdbf",
                "mrkdwn_in": [
                    "text",
                    "pretext",
                    "more"
                ]
            }
        ]
    },
    {
        "type": "message",
        "subtype": "bot_message",
        "text": "",
        "ts": "1594303817.000300",
        "bot_id": "B013NHGF1S7",
        "attachments": [
            {
                "fallback": "Event time updated: T-Stick meeting (Jason Noble): <!date^1594321200^{date_short_pretty} from {time}|July 9th, 2020 from 3:00 PM> to <!date^1594324800^{time}|4:00 PM GMT-0400>",
                "text": "<!date^1594321200^{date_short_pretty} from {time}|July 9th, 2020 from 3:00 PM> to <!date^1594324800^{time}|4:00 PM GMT-0400>",
                "pretext": "Calendar event time updated",
                "title": "T-Stick meeting (Jason Noble)",
                "id": 1,
                "title_link": "https:\/\/www.google.com\/calendar\/event?eid=NGdqYmUzdTh0cGwwdDUyZ2cyNjJjdXM0cTQgOWZ1MHU3MXBkbTJiYTc4MXNwNjlydm5odWdAZw",
                "color": "cabdbf",
                "mrkdwn_in": [
                    "text",
                    "pretext"
                ]
            }
        ]
    },
    {
        "type": "message",
        "subtype": "bot_message",
        "text": "",
        "ts": "1594304534.000400",
        "bot_id": "B013NH6S7J7",
        "attachments": [
            {
                "fallback": "Event created: IEEE WHC 2021: July 6th - July 9th, 2021",
                "text": "July 6th - July 9th, 2021 at <https:\/\/maps.google.com\/maps?q=Montreal%2C+QC%2C+Canada|Montreal, QC, Canada>",
                "pretext": "New calendar event created",
                "title": "IEEE WHC 2021",
                "id": 1,
                "title_link": "https:\/\/www.google.com\/calendar\/event?eid=MmZzYnZldnNmdWtmZzduazNwN3AzdjFlanMgMXNjZjlhMmc4YjQ4YWwybmRqcWdxdjN2NzBAZw",
                "color": "cca6ac",
                "mrkdwn_in": [
                    "text",
                    "pretext",
                    "more"
                ]
            }
        ]
    },
    {
        "type": "message",
        "subtype": "bot_message",
        "text": "",
        "ts": "1594306635.000500",
        "bot_id": "B013NHGF1S7",
        "attachments": [
            {
                "fallback": "Event updated: Master Thesis Group Meeting: <!date^1588258800^{date_short_pretty} from {time}|April 30th, 2020 from 11:00 AM> to <!date^1588261500^{time}|11:45 AM GMT-0400>\nRecurring every week on Thursday until <!date^1594267199^{date_pretty}|July 8th, 2020>",
                "text": "<!date^1588258800^{date_short_pretty} from {time}|April 30th, 2020 from 11:00 AM> to <!date^1588261500^{time}|11:45 AM GMT-0400>\nRecurring every week on Thursday until <!date^1594267199^{date_pretty}|July 8th, 2020>",
                "pretext": "Calendar event updated",
                "title": "Master Thesis Group Meeting",
                "id": 1,
                "title_link": "https:\/\/www.google.com\/calendar\/event?eid=X2NvcWo4ZGI1NjBzbWNwajJjZGdqMGNwbGNvc2pjbzlwNmNvMzhvcG02a3E2NmRyNDZ0aTNnZTltY2dyamFvajNfMjAyMDA0MzBUMTUwMDAwWiA5ZnUwdTcxcGRtMmJhNzgxc3A2OXJ2bmh1Z0Bn",
                "mrkdwn_in": [
                    "text",
                    "pretext",
                    "more"
                ]
            }
        ]
    },
    {
        "type": "message",
        "subtype": "bot_message",
        "text": "",
        "ts": "1594314002.000600",
        "username": "IDMIL Meeting Space",
        "bot_id": "B013NHGF1S7",
        "attachments": [
            {
                "fallback": "Meeting: demos for MUMT203: <!date^1594317600^{date_short_pretty} from {time}|July 9th, 2020 from 2:00 PM> to <!date^1594321200^{time}|3:00 PM GMT-0400>",
                "text": "<!date^1594317600^{date_short_pretty} from {time}|July 9th, 2020 from 2:00 PM> to <!date^1594321200^{time}|3:00 PM GMT-0400>",
                "pretext": "Event starting in 1 hour:",
                "title": "Meeting: demos for MUMT203",
                "id": 1,
                "title_link": "https:\/\/www.google.com\/calendar\/event?eid=NmE3a21vaDBlMGIwMjNtMDdhMTdzcnZzOXYgOWZ1MHU3MXBkbTJiYTc4MXNwNjlydm5odWdAZw",
                "color": "cabdbf",
                "mrkdwn_in": [
                    "text",
                    "pretext"
                ]
            }
        ]
    },
    {
        "type": "message",
        "subtype": "bot_message",
        "text": "",
        "ts": "1594317601.000100",
        "username": "IDMIL Meeting Space",
        "bot_id": "B013NHGF1S7",
        "attachments": [
            {
                "fallback": "T-Stick meeting (Jason Noble): <!date^1594321200^{date_short_pretty} from {time}|July 9th, 2020 from 3:00 PM> to <!date^1594324800^{time}|4:00 PM GMT-0400>",
                "text": "<!date^1594321200^{date_short_pretty} from {time}|July 9th, 2020 from 3:00 PM> to <!date^1594324800^{time}|4:00 PM GMT-0400>",
                "pretext": "Event starting in 1 hour:",
                "title": "T-Stick meeting (Jason Noble)",
                "id": 1,
                "title_link": "https:\/\/www.google.com\/calendar\/event?eid=NGdqYmUzdTh0cGwwdDUyZ2cyNjJjdXM0cTQgOWZ1MHU3MXBkbTJiYTc4MXNwNjlydm5odWdAZw",
                "color": "cabdbf",
                "mrkdwn_in": [
                    "text",
                    "pretext"
                ]
            }
        ]
    },
    {
        "type": "message",
        "subtype": "bot_message",
        "text": "",
        "ts": "1594322234.000100",
        "bot_id": "B013NHGF1S7",
        "attachments": [
            {
                "fallback": "Event created: MUMT203: <!date^1594918800^{date_short_pretty} from {time}|July 16th, 2020 from 1:00 PM> to <!date^1594922400^{time}|2:00 PM GMT-0400>",
                "text": "<!date^1594918800^{date_short_pretty} from {time}|July 16th, 2020 from 1:00 PM> to <!date^1594922400^{time}|2:00 PM GMT-0400>",
                "pretext": "New calendar event created",
                "title": "MUMT203",
                "id": 1,
                "title_link": "https:\/\/www.google.com\/calendar\/event?eid=N2oxbnBxOWlhNmp1bTkzZzU4aG83MTdybmYgOWZ1MHU3MXBkbTJiYTc4MXNwNjlydm5odWdAZw",
                "color": "cabdbf",
                "mrkdwn_in": [
                    "text",
                    "pretext"
                ]
            }
        ]
    }
]