[
    {
        "client_msg_id": "7393c177-3ce2-4cdd-9001-43ceab87082e",
        "type": "message",
        "text": "No lab meeting today?",
        "user": "U010FMZRE4A",
        "ts": "1587650513.013000",
        "blocks": [
            {
                "type": "rich_text",
                "block_id": "rVNu",
                "elements": [
                    {
                        "type": "rich_text_section",
                        "elements": [
                            {
                                "type": "text",
                                "text": "No lab meeting today?"
                            }
                        ]
                    }
                ]
            }
        ],
        "team": "TJPN85XRA",
        "user_team": "TJPN85XRA",
        "source_team": "TJPN85XRA",
        "user_profile": {
            "avatar_hash": "c0adc2d8c593",
            "image_72": "https:\/\/avatars.slack-edge.com\/2020-03-26\/1027782097284_c0adc2d8c5932b435e7b_72.jpg",
            "first_name": "",
            "real_name": "Takuto Fukuda",
            "display_name": "Takuto Fukuda",
            "team": "TJPN85XRA",
            "name": "takuto.fukuda",
            "is_restricted": false,
            "is_ultra_restricted": false
        }
    },
    {
        "client_msg_id": "d76383bb-6a6f-4a90-984b-0e34d0d7f292",
        "type": "message",
        "text": "I’m connecting now",
        "user": "UKGLCA1GS",
        "ts": "1587650551.013200",
        "blocks": [
            {
                "type": "rich_text",
                "block_id": "JBaW9",
                "elements": [
                    {
                        "type": "rich_text_section",
                        "elements": [
                            {
                                "type": "text",
                                "text": "I’m connecting now"
                            }
                        ]
                    }
                ]
            }
        ],
        "team": "TJPN85XRA",
        "user_team": "TJPN85XRA",
        "source_team": "TJPN85XRA",
        "user_profile": {
            "avatar_hash": "82cc3b048607",
            "image_72": "https:\/\/avatars.slack-edge.com\/2022-07-25\/3850040330500_82cc3b048607f33add6e_72.jpg",
            "first_name": "",
            "real_name": "Marcelo Wanderley",
            "display_name": "Marcelo Wanderley",
            "team": "TJPN85XRA",
            "name": "marcelo.wanderley",
            "is_restricted": false,
            "is_ultra_restricted": false
        }
    },
    {
        "client_msg_id": "8ef3f030-69e1-4907-b53a-63444ce1bee3",
        "type": "message",
        "text": "I'm there",
        "user": "UJCU8BAAW",
        "ts": "1587650561.013400",
        "blocks": [
            {
                "type": "rich_text",
                "block_id": "O09o",
                "elements": [
                    {
                        "type": "rich_text_section",
                        "elements": [
                            {
                                "type": "text",
                                "text": "I'm there"
                            }
                        ]
                    }
                ]
            }
        ],
        "team": "TJPN85XRA",
        "user_team": "TJPN85XRA",
        "source_team": "TJPN85XRA",
        "user_profile": {
            "avatar_hash": "d49c462f5537",
            "image_72": "https:\/\/avatars.slack-edge.com\/2021-06-14\/2154581376263_d49c462f5537edde8dbb_72.jpg",
            "first_name": "Edu",
            "real_name": "Edu Meneses",
            "display_name": "Edu Meneses",
            "team": "TJPN85XRA",
            "name": "eduardo.meneses",
            "is_restricted": false,
            "is_ultra_restricted": false
        }
    },
    {
        "client_msg_id": "271b3fd2-2fb4-4adf-86f6-24d3dbafb511",
        "type": "message",
        "text": "Here is the agenda: <https:\/\/gitlab.com\/idmil\/administrative\/lab-meetings\/-\/issues\/23>",
        "user": "UJQ9N9KA9",
        "ts": "1587651139.013600",
        "blocks": [
            {
                "type": "rich_text",
                "block_id": "logr8",
                "elements": [
                    {
                        "type": "rich_text_section",
                        "elements": [
                            {
                                "type": "text",
                                "text": "Here is the agenda: "
                            },
                            {
                                "type": "link",
                                "url": "https:\/\/gitlab.com\/idmil\/administrative\/lab-meetings\/-\/issues\/23"
                            }
                        ]
                    }
                ]
            }
        ],
        "team": "TJPN85XRA",
        "user_team": "TJPN85XRA",
        "source_team": "TJPN85XRA",
        "user_profile": {
            "avatar_hash": "3be35bf04429",
            "image_72": "https:\/\/avatars.slack-edge.com\/2023-08-28\/5813587733204_3be35bf044296c45bdde_72.jpg",
            "first_name": "",
            "real_name": "ChristianFrisson",
            "display_name": "ChristianFrisson",
            "team": "TJPN85XRA",
            "name": "christian.frisson",
            "is_restricted": false,
            "is_ultra_restricted": false
        }
    },
    {
        "client_msg_id": "9a4d37fb-2305-47de-b153-50def8faf2bd",
        "type": "message",
        "text": "I won’t be able to join the meeting this morning…have a good meeting!",
        "user": "U010R5CJBNH",
        "ts": "1587651774.014500",
        "blocks": [
            {
                "type": "rich_text",
                "block_id": "jyll",
                "elements": [
                    {
                        "type": "rich_text_section",
                        "elements": [
                            {
                                "type": "text",
                                "text": "I won’t be able to join the meeting this morning…have a good meeting!"
                            }
                        ]
                    }
                ]
            }
        ],
        "team": "TJPN85XRA",
        "user_team": "TJPN85XRA",
        "source_team": "TJPN85XRA",
        "user_profile": {
            "avatar_hash": "g018935afa7e",
            "image_72": "https:\/\/secure.gravatar.com\/avatar\/018935afa7e938178bcfbdf4390acf5e.jpg?s=72&d=https%3A%2F%2Fa.slack-edge.com%2Fdf10d%2Fimg%2Favatars%2Fava_0011-72.png",
            "first_name": "",
            "real_name": "FelipeVerdugo",
            "display_name": "FelipeVerdugo",
            "team": "TJPN85XRA",
            "name": "fiverdug",
            "is_restricted": false,
            "is_ultra_restricted": false
        }
    },
    {
        "client_msg_id": "2dccfe2d-fd1a-440c-aafe-46433c4492c8",
        "type": "message",
        "text": "No problem, thanks for letting us knwo. Talk to you next week!",
        "user": "UKGLCA1GS",
        "ts": "1587651843.015300",
        "blocks": [
            {
                "type": "rich_text",
                "block_id": "EkrR",
                "elements": [
                    {
                        "type": "rich_text_section",
                        "elements": [
                            {
                                "type": "text",
                                "text": "No problem, thanks for letting us knwo. Talk to you next week!"
                            }
                        ]
                    }
                ]
            }
        ],
        "team": "TJPN85XRA",
        "user_team": "TJPN85XRA",
        "source_team": "TJPN85XRA",
        "user_profile": {
            "avatar_hash": "82cc3b048607",
            "image_72": "https:\/\/avatars.slack-edge.com\/2022-07-25\/3850040330500_82cc3b048607f33add6e_72.jpg",
            "first_name": "",
            "real_name": "Marcelo Wanderley",
            "display_name": "Marcelo Wanderley",
            "team": "TJPN85XRA",
            "name": "marcelo.wanderley",
            "is_restricted": false,
            "is_ultra_restricted": false
        }
    }
]