[
    {
        "client_msg_id": "7b664e6b-d296-4d6b-952f-387d88719f66",
        "type": "message",
        "text": "Here we are: <https:\/\/meet.cirmmt.org\/SSM-idmiltest>",
        "user": "UJQ9N9KA9",
        "ts": "1588255307.018800",
        "blocks": [
            {
                "type": "rich_text",
                "block_id": "Ccu",
                "elements": [
                    {
                        "type": "rich_text_section",
                        "elements": [
                            {
                                "type": "text",
                                "text": "Here we are: "
                            },
                            {
                                "type": "link",
                                "url": "https:\/\/meet.cirmmt.org\/SSM-idmiltest"
                            }
                        ]
                    }
                ]
            }
        ],
        "team": "TJPN85XRA",
        "user_team": "TJPN85XRA",
        "source_team": "TJPN85XRA",
        "user_profile": {
            "avatar_hash": "3be35bf04429",
            "image_72": "https:\/\/avatars.slack-edge.com\/2023-08-28\/5813587733204_3be35bf044296c45bdde_72.jpg",
            "first_name": "",
            "real_name": "ChristianFrisson",
            "display_name": "ChristianFrisson",
            "team": "TJPN85XRA",
            "name": "christian.frisson",
            "is_restricted": false,
            "is_ultra_restricted": false
        },
        "edited": {
            "user": "UJQ9N9KA9",
            "ts": "1588255313.000000"
        }
    },
    {
        "client_msg_id": "654861cd-545e-4e70-b48b-ed079f978f9e",
        "type": "message",
        "text": "re: listing multiple authors on nime papers: Listing multiple authors with shared affiliations in one block is officially *not recommended*: <http:\/\/acm.org\/publications\/taps\/latex-best-practices|acm.org\/publications\/taps\/latex-best-practices>",
        "user": "UJQ7AKDA9",
        "ts": "1588262793.019900",
        "blocks": [
            {
                "type": "rich_text",
                "block_id": "u9h",
                "elements": [
                    {
                        "type": "rich_text_section",
                        "elements": [
                            {
                                "type": "text",
                                "text": "re: listing multiple authors on nime papers: Listing multiple authors with shared affiliations in one block is officially "
                            },
                            {
                                "type": "text",
                                "text": "not recommended",
                                "style": {
                                    "bold": true
                                }
                            },
                            {
                                "type": "text",
                                "text": ": "
                            },
                            {
                                "type": "link",
                                "url": "http:\/\/acm.org\/publications\/taps\/latex-best-practices",
                                "text": "acm.org\/publications\/taps\/latex-best-practices"
                            }
                        ]
                    }
                ]
            }
        ],
        "team": "TJPN85XRA",
        "user_team": "TJPN85XRA",
        "source_team": "TJPN85XRA",
        "user_profile": {
            "avatar_hash": "1720101e5f4d",
            "image_72": "https:\/\/avatars.slack-edge.com\/2022-06-20\/3695655977380_1720101e5f4d2ee82bff_72.jpg",
            "first_name": "Johnny",
            "real_name": "Johnny Sullivan",
            "display_name": "Johnny",
            "team": "TJPN85XRA",
            "name": "john.sullivan2",
            "is_restricted": false,
            "is_ultra_restricted": false
        }
    },
    {
        "client_msg_id": "1f60e0e0-1a66-448b-b839-765a4c747ce6",
        "type": "message",
        "text": ":+1:",
        "user": "UJCU8BAAW",
        "ts": "1588270331.020000",
        "blocks": [
            {
                "type": "rich_text",
                "block_id": "0XpwP",
                "elements": [
                    {
                        "type": "rich_text_section",
                        "elements": [
                            {
                                "type": "emoji",
                                "name": "+1",
                                "unicode": "1f44d"
                            }
                        ]
                    }
                ]
            }
        ],
        "team": "TJPN85XRA",
        "user_team": "TJPN85XRA",
        "source_team": "TJPN85XRA",
        "user_profile": {
            "avatar_hash": "d49c462f5537",
            "image_72": "https:\/\/avatars.slack-edge.com\/2021-06-14\/2154581376263_d49c462f5537edde8dbb_72.jpg",
            "first_name": "Edu",
            "real_name": "Edu Meneses",
            "display_name": "Edu Meneses",
            "team": "TJPN85XRA",
            "name": "eduardo.meneses",
            "is_restricted": false,
            "is_ultra_restricted": false
        }
    },
    {
        "client_msg_id": "d5062e76-fc59-4f07-9354-9d606e2fd69a",
        "type": "message",
        "text": "Thanks for the info",
        "user": "UJCU8BAAW",
        "ts": "1588270342.020200",
        "blocks": [
            {
                "type": "rich_text",
                "block_id": "fMSkp",
                "elements": [
                    {
                        "type": "rich_text_section",
                        "elements": [
                            {
                                "type": "text",
                                "text": "Thanks for the info"
                            }
                        ]
                    }
                ]
            }
        ],
        "team": "TJPN85XRA",
        "user_team": "TJPN85XRA",
        "source_team": "TJPN85XRA",
        "user_profile": {
            "avatar_hash": "d49c462f5537",
            "image_72": "https:\/\/avatars.slack-edge.com\/2021-06-14\/2154581376263_d49c462f5537edde8dbb_72.jpg",
            "first_name": "Edu",
            "real_name": "Edu Meneses",
            "display_name": "Edu Meneses",
            "team": "TJPN85XRA",
            "name": "eduardo.meneses",
            "is_restricted": false,
            "is_ultra_restricted": false
        }
    }
]