[
    {
        "type": "message",
        "subtype": "bot_message",
        "text": "",
        "ts": "1601388070.000100",
        "username": "IDMIL Meeting Space",
        "bot_id": "B013NHGF1S7",
        "attachments": [
            {
                "fallback": "IDMIL Meeting: <!date^1601391600^{date_short_pretty} from {time}|September 29th, 2020 from 11:00 AM> to <!date^1601395200^{time}|12:00 PM GMT-0400>",
                "text": "<!date^1601391600^{date_short_pretty} from {time}|September 29th, 2020 from 11:00 AM> to <!date^1601395200^{time}|12:00 PM GMT-0400>",
                "pretext": "Event starting in 1 hour:",
                "title": "IDMIL Meeting",
                "id": 1,
                "title_link": "https:\/\/www.google.com\/calendar\/event?eid=dmd0bDAwYzh2N2NrOWE0ZWc2YjI4aGF1ZjZfMjAyMDA5MjlUMTUwMDAwWiA5ZnUwdTcxcGRtMmJhNzgxc3A2OXJ2bmh1Z0Bn",
                "color": "cabdbf",
                "mrkdwn_in": [
                    "text",
                    "pretext"
                ]
            }
        ]
    },
    {
        "type": "message",
        "subtype": "bot_message",
        "text": "",
        "ts": "1601391663.000200",
        "username": "IDMIL Schedule",
        "bot_id": "B0182SVN8A2",
        "attachments": [
            {
                "fallback": "IDMIL Meetings Fall 2020: <!date^1601391600^{date_short_pretty} from {time}|September 29th, 2020 from 11:00 AM> to <!date^1601395200^{time}|12:00 PM GMT-0400>",
                "text": "<!date^1601391600^{date_short_pretty} from {time}|September 29th, 2020 from 11:00 AM> to <!date^1601395200^{time}|12:00 PM GMT-0400>",
                "pretext": "Event starting now:",
                "title": "IDMIL Meetings Fall 2020",
                "id": 1,
                "title_link": "https:\/\/www.google.com\/calendar\/event?eid=NHZpc3AwMDljZGNrNGVjZHJoMDJzNm52MTBfMjAyMDA5MjlUMTUwMDAwWiBjc3A5cDN1dW44MDNpZWY0czJxMmU0Nzg2Y0Bn",
                "color": "fbe983",
                "mrkdwn_in": [
                    "text",
                    "pretext"
                ]
            }
        ]
    }
]