[
    {
        "type": "message",
        "subtype": "bot_message",
        "text": "",
        "ts": "1598014804.000300",
        "username": "IDMIL Schedule",
        "bot_id": "B0182SVN8A2",
        "attachments": [
            {
                "fallback": "Christian: <!date^1598014800^{date_short_pretty} from {time}|August 21st, 2020 from 9:00 AM> to <!date^1598026500^{time}|12:15 PM GMT-0400>",
                "text": "<!date^1598014800^{date_short_pretty} from {time}|August 21st, 2020 from 9:00 AM> to <!date^1598026500^{time}|12:15 PM GMT-0400>",
                "pretext": "Event starting now:",
                "title": "Christian",
                "id": 1,
                "title_link": "https:\/\/www.google.com\/calendar\/event?eid=NWk1b3NkNGZib2dlYzdiZ2dyaWJxazRncG4gY3NwOXAzdXVuODAzaWVmNHMycTJlNDc4NmNAZw",
                "color": "fbe983",
                "mrkdwn_in": [
                    "text",
                    "pretext"
                ]
            }
        ]
    },
    {
        "type": "message",
        "subtype": "bot_message",
        "text": "",
        "ts": "1598014815.000400",
        "username": "IDMIL Conferences",
        "bot_id": "B013NH6S7J7",
        "attachments": [
            {
                "fallback": "HAID 2020: <!date^1598018400^{date_short_pretty} from {time}|August 21st, 2020 from 10:00 AM> to <!date^1598025600^{time}|12:00 PM GMT-0400>",
                "text": "<!date^1598018400^{date_short_pretty} from {time}|August 21st, 2020 from 10:00 AM> to <!date^1598025600^{time}|12:00 PM GMT-0400>",
                "pretext": "Event starting in 1 hour:",
                "title": "HAID 2020",
                "id": 1,
                "title_link": "https:\/\/www.google.com\/calendar\/event?eid=N3I1NG1vc2djdG44NG91c2JkaTBiaTd1aDQgMXNjZjlhMmc4YjQ4YWwybmRqcWdxdjN2NzBAZw",
                "color": "cca6ac",
                "mrkdwn_in": [
                    "text",
                    "pretext",
                    "more"
                ]
            }
        ]
    },
    {
        "type": "message",
        "subtype": "bot_message",
        "text": "",
        "ts": "1598025626.000500",
        "username": "IDMIL Schedule",
        "bot_id": "B0182SVN8A2",
        "attachments": [
            {
                "fallback": "Edu @ IDMIL (TBD): <!date^1598025600^{date_short_pretty} from {time}|August 21st, 2020 from 12:00 PM> to <!date^1598044500^{time}|5:15 PM GMT-0400>",
                "text": "<!date^1598025600^{date_short_pretty} from {time}|August 21st, 2020 from 12:00 PM> to <!date^1598044500^{time}|5:15 PM GMT-0400>",
                "pretext": "Event starting now:",
                "title": "Edu @ IDMIL (TBD)",
                "id": 1,
                "title_link": "https:\/\/www.google.com\/calendar\/event?eid=NzFoamFlOWk2a3NqaWJiMmM0czZjYjlrYzhvMzhiOW9jZGo2NmI5Z2NwaDY2ZTFqY2dyM2VkOWo3NCBjc3A5cDN1dW44MDNpZWY0czJxMmU0Nzg2Y0Bn",
                "color": "fbe983",
                "mrkdwn_in": [
                    "text",
                    "pretext"
                ]
            }
        ]
    },
    {
        "type": "message",
        "subtype": "bot_message",
        "text": "",
        "ts": "1598036401.000600",
        "username": "IDMIL Schedule",
        "bot_id": "B0182SVN8A2",
        "attachments": [
            {
                "fallback": "Marcelo @ IDMIL: <!date^1598036400^{date_short_pretty} from {time}|August 21st, 2020 from 3:00 PM> to <!date^1598043600^{time}|5:00 PM GMT-0400>",
                "text": "<!date^1598036400^{date_short_pretty} from {time}|August 21st, 2020 from 3:00 PM> to <!date^1598043600^{time}|5:00 PM GMT-0400>",
                "pretext": "Event starting now:",
                "title": "Marcelo @ IDMIL",
                "id": 1,
                "title_link": "https:\/\/www.google.com\/calendar\/event?eid=MGh1NDNsaGY5YXZtdWh0MWEwNXB0M3RvOWsgY3NwOXAzdXVuODAzaWVmNHMycTJlNDc4NmNAZw",
                "color": "fbe983",
                "mrkdwn_in": [
                    "text",
                    "pretext"
                ]
            }
        ]
    },
    {
        "type": "message",
        "subtype": "bot_message",
        "text": "",
        "ts": "1598044993.000100",
        "bot_id": "B013NHGF1S7",
        "attachments": [
            {
                "fallback": "Event created: MUMT203 demo meeting: <!date^1598367600^{date_short_pretty} from {time}|August 25th, 2020 from 11:00 AM> to <!date^1598371200^{time}|12:00 PM GMT-0400>",
                "text": "<!date^1598367600^{date_short_pretty} from {time}|August 25th, 2020 from 11:00 AM> to <!date^1598371200^{time}|12:00 PM GMT-0400>",
                "pretext": "New calendar event created",
                "title": "MUMT203 demo meeting",
                "id": 1,
                "title_link": "https:\/\/www.google.com\/calendar\/event?eid=NThnNW1tajgyOGZubHZlbHM4anA0dmhsaDUgOWZ1MHU3MXBkbTJiYTc4MXNwNjlydm5odWdAZw",
                "color": "cabdbf",
                "mrkdwn_in": [
                    "text",
                    "pretext"
                ]
            }
        ]
    }
]