[
    {
        "type": "message",
        "subtype": "bot_message",
        "text": "",
        "ts": "1592416801.000100",
        "username": "IDMIL Conferences",
        "bot_id": "B013NH6S7J7",
        "attachments": [
            {
                "fallback": " Interact@CIRMMT Organization and challenges of virtual conferences: <!date^1592420400^{date_short_pretty} from {time}|June 17th, 2020 from 3:00 PM> to <!date^1592424000^{time}|4:00 PM GMT-0400>",
                "text": "<!date^1592420400^{date_short_pretty} from {time}|June 17th, 2020 from 3:00 PM> to <!date^1592424000^{time}|4:00 PM GMT-0400>",
                "pretext": "Event starting in 1 hour:",
                "title": " Interact@CIRMMT Organization and challenges of virtual conferences",
                "id": 1,
                "title_link": "https:\/\/www.google.com\/calendar\/event?eid=MGpoMnJkb25oM2owMW9mZzU4dWR1bHFnYjkgMXNjZjlhMmc4YjQ4YWwybmRqcWdxdjN2NzBAZw",
                "color": "cca6ac",
                "mrkdwn_in": [
                    "text",
                    "pretext",
                    "more"
                ]
            }
        ]
    }
]