[
    {
        "type": "message",
        "subtype": "bot_message",
        "text": "",
        "ts": "1594904418.000100",
        "username": "IDMIL Meeting Space",
        "bot_id": "B013NHGF1S7",
        "attachments": [
            {
                "fallback": "IDMIL Meeting: <!date^1594908000^{date_short_pretty} from {time}|July 16th, 2020 from 10:00 AM> to <!date^1594911600^{time}|11:00 AM GMT-0400>",
                "text": "<!date^1594908000^{date_short_pretty} from {time}|July 16th, 2020 from 10:00 AM> to <!date^1594911600^{time}|11:00 AM GMT-0400>",
                "pretext": "Event starting in 1 hour:",
                "title": "IDMIL Meeting",
                "id": 1,
                "title_link": "https:\/\/www.google.com\/calendar\/event?eid=MjczZ3NxNmV2MzcxMGhlMDh2bXM3aWw4anRfMjAyMDA3MTZUMTQwMDAwWiA5ZnUwdTcxcGRtMmJhNzgxc3A2OXJ2bmh1Z0Bn",
                "color": "cabdbf",
                "mrkdwn_in": [
                    "text",
                    "pretext"
                ]
            }
        ]
    },
    {
        "type": "message",
        "subtype": "bot_message",
        "text": "",
        "ts": "1594907717.000200",
        "bot_id": "B013NB7FFT4",
        "attachments": [
            {
                "fallback": "Event created: Haptics Montreal: <!date^1595858400^{date_short_pretty} from {time}|July 27th, 2020 from 10:00 AM> to <!date^1595865600^{time}|12:00 PM GMT-0400>",
                "text": "<!date^1595858400^{date_short_pretty} from {time}|July 27th, 2020 from 10:00 AM> to <!date^1595865600^{time}|12:00 PM GMT-0400>",
                "pretext": "New calendar event created",
                "title": "Haptics Montreal",
                "id": 1,
                "title_link": "https:\/\/www.google.com\/calendar\/event?eid=M2RndDFnNGw3MDltdG5udGpmcWs0NW80bmQgaWRtaWwubWVkaWFAbQ",
                "color": "9a9cff",
                "mrkdwn_in": [
                    "text",
                    "pretext"
                ]
            }
        ]
    },
    {
        "type": "message",
        "subtype": "bot_message",
        "text": "",
        "ts": "1594908002.000300",
        "username": "IDMIL Meeting Space",
        "bot_id": "B013NHGF1S7",
        "attachments": [
            {
                "fallback": "Master Thesis Group Meeting: <!date^1594911600^{date_short_pretty} from {time}|July 16th, 2020 from 11:00 AM> to <!date^1594914300^{time}|11:45 AM GMT-0400>",
                "text": "<!date^1594911600^{date_short_pretty} from {time}|July 16th, 2020 from 11:00 AM> to <!date^1594914300^{time}|11:45 AM GMT-0400>",
                "pretext": "Event starting in 1 hour:",
                "title": "Master Thesis Group Meeting",
                "id": 1,
                "title_link": "https:\/\/www.google.com\/calendar\/event?eid=X2NvcWo4ZGI1NjBzbWNwajJjZGdqMGNwbGNvc2pjbzlwNmNvMzhvcG02a3E2NmRyNDZ0aTNnZTltY2dyamFvajNfMjAyMDA3MTZUMTUwMDAwWiA5ZnUwdTcxcGRtMmJhNzgxc3A2OXJ2bmh1Z0Bn",
                "color": "cabdbf",
                "mrkdwn_in": [
                    "text",
                    "pretext",
                    "more"
                ]
            }
        ]
    },
    {
        "type": "message",
        "subtype": "bot_message",
        "text": "",
        "ts": "1594908675.000400",
        "bot_id": "B013NH6S7J7",
        "attachments": [
            {
                "fallback": "Event created: HCII 2020 IDMIL Session: <!date^1595611800^{date_short_pretty} from {time}|July 24th, 2020 from 1:30 PM> to <!date^1595619000^{time}|3:30 PM GMT-0400>",
                "text": "<!date^1595611800^{date_short_pretty} from {time}|July 24th, 2020 from 1:30 PM> to <!date^1595619000^{time}|3:30 PM GMT-0400>",
                "pretext": "New calendar event created",
                "title": "HCII 2020 IDMIL Session",
                "id": 1,
                "title_link": "https:\/\/www.google.com\/calendar\/event?eid=MHV0bDV1Z29wNXV0c3RuNjhnc3Nibzc0YTIgMXNjZjlhMmc4YjQ4YWwybmRqcWdxdjN2NzBAZw",
                "color": "cca6ac",
                "mrkdwn_in": [
                    "text",
                    "pretext"
                ]
            }
        ]
    },
    {
        "type": "message",
        "subtype": "bot_message",
        "text": "",
        "ts": "1594922407.000500",
        "username": "IDMIL Meeting Space",
        "bot_id": "B013NHGF1S7",
        "attachments": [
            {
                "fallback": "T-Stick article meeting: <!date^1594926000^{date_short_pretty} from {time}|July 16th, 2020 from 3:00 PM> to <!date^1594929600^{time}|4:00 PM GMT-0400>",
                "text": "<!date^1594926000^{date_short_pretty} from {time}|July 16th, 2020 from 3:00 PM> to <!date^1594929600^{time}|4:00 PM GMT-0400>",
                "pretext": "Event starting in 1 hour:",
                "title": "T-Stick article meeting",
                "id": 1,
                "title_link": "https:\/\/www.google.com\/calendar\/event?eid=NWg1NW05aGVmNWV0djIyYXR1YjA3M2JmcGggOWZ1MHU3MXBkbTJiYTc4MXNwNjlydm5odWdAZw",
                "color": "cabdbf",
                "mrkdwn_in": [
                    "text",
                    "pretext"
                ]
            }
        ]
    }
]