[
    {
        "client_msg_id": "a6320209-fda9-49c2-a0d2-dc2246e3b14a",
        "type": "message",
        "text": "Bad news! My performance proposal for NIME was rejected. No T-Stick performance in this year’s NIME at least from Ana and me!",
        "user": "U010FMZRE4A",
        "ts": "1586798913.008900",
        "blocks": [
            {
                "type": "rich_text",
                "block_id": "duv7=",
                "elements": [
                    {
                        "type": "rich_text_section",
                        "elements": [
                            {
                                "type": "text",
                                "text": "Bad news! My performance proposal for NIME was rejected. No T-Stick performance in this year’s NIME at least from Ana and me!"
                            }
                        ]
                    }
                ]
            }
        ],
        "team": "TJPN85XRA",
        "user_team": "TJPN85XRA",
        "source_team": "TJPN85XRA",
        "user_profile": {
            "avatar_hash": "c0adc2d8c593",
            "image_72": "https:\/\/avatars.slack-edge.com\/2020-03-26\/1027782097284_c0adc2d8c5932b435e7b_72.jpg",
            "first_name": "",
            "real_name": "Takuto Fukuda",
            "display_name": "Takuto Fukuda",
            "team": "TJPN85XRA",
            "name": "takuto.fukuda",
            "is_restricted": false,
            "is_ultra_restricted": false
        }
    },
    {
        "client_msg_id": "8d3b610f-ac5a-478d-8762-c52d46565140",
        "type": "message",
        "text": "<@U010FMZRE4A> wasn't it rejected due to the non presential nature of this year's conference?",
        "user": "UJCU8BAAW",
        "ts": "1586799329.011000",
        "blocks": [
            {
                "type": "rich_text",
                "block_id": "Tmm",
                "elements": [
                    {
                        "type": "rich_text_section",
                        "elements": [
                            {
                                "type": "user",
                                "user_id": "U010FMZRE4A"
                            },
                            {
                                "type": "text",
                                "text": " wasn't it rejected due to the non presential nature of this year's conference?"
                            }
                        ]
                    }
                ]
            }
        ],
        "team": "TJPN85XRA",
        "user_team": "TJPN85XRA",
        "source_team": "TJPN85XRA",
        "user_profile": {
            "avatar_hash": "d49c462f5537",
            "image_72": "https:\/\/avatars.slack-edge.com\/2021-06-14\/2154581376263_d49c462f5537edde8dbb_72.jpg",
            "first_name": "Edu",
            "real_name": "Edu Meneses",
            "display_name": "Edu Meneses",
            "team": "TJPN85XRA",
            "name": "eduardo.meneses",
            "is_restricted": false,
            "is_ultra_restricted": false
        }
    },
    {
        "client_msg_id": "8e4eff80-a8cd-4d7f-90ee-ce4dcfa2d535",
        "type": "message",
        "text": "hum, I don’t clearly know. They have not posted their reviews yet. Here is the email I received;\n```Dear Takuto Fukuda\n\nThank you very much for your submission to the NIME20 conference. We are sorry to inform you that your submission: \nHigher Order Gestalt Fromage\ncould not be included in this years music track. This does not neccesarily mean that your submission wasn't of interest to us, and we had a higher number of submissions than expected. We also had to make our decisions based on practical concerns relating to the conference's online delivery, and this year's conference theme. Reviewer feedback will be available through the author portal of CMT.\n\nAs you may be aware, we will now be delivering NIME20 as an exclusively online conference as a result of the COVID19 outbreak. We will be issuing another call for works that respond to this change to online delivery as a creative opportunity. We would be very happy to see your works revised for this call, or to see new works that embrace the different possibilities of the current situation.\n\nMany thanks once again for your submission, and we hope to see you online for the conference this Summer. \nBest wishes, \n\nJoe Wright and Jian Feng```\n",
        "user": "U010FMZRE4A",
        "ts": "1586801507.011800",
        "blocks": [
            {
                "type": "rich_text",
                "block_id": "Nimr",
                "elements": [
                    {
                        "type": "rich_text_section",
                        "elements": [
                            {
                                "type": "text",
                                "text": "hum, I don’t clearly know. They have not posted their reviews yet. Here is the email I received;\n"
                            }
                        ]
                    },
                    {
                        "type": "rich_text_preformatted",
                        "elements": [
                            {
                                "type": "text",
                                "text": "Dear Takuto Fukuda\n\nThank you very much for your submission to the NIME20 conference. We are sorry to inform you that your submission: \nHigher Order Gestalt Fromage\ncould not be included in this years music track. This does not neccesarily mean that your submission wasn't of interest to us, and we had a higher number of submissions than expected. We also had to make our decisions based on practical concerns relating to the conference's online delivery, and this year's conference theme. Reviewer feedback will be available through the author portal of CMT.\n\nAs you may be aware, we will now be delivering NIME20 as an exclusively online conference as a result of the COVID19 outbreak. We will be issuing another call for works that respond to this change to online delivery as a creative opportunity. We would be very happy to see your works revised for this call, or to see new works that embrace the different possibilities of the current situation.\n\nMany thanks once again for your submission, and we hope to see you online for the conference this Summer. \nBest wishes, \n\nJoe Wright and Jian Feng"
                            }
                        ]
                    },
                    {
                        "type": "rich_text_section",
                        "elements": []
                    }
                ]
            }
        ],
        "team": "TJPN85XRA",
        "user_team": "TJPN85XRA",
        "source_team": "TJPN85XRA",
        "user_profile": {
            "avatar_hash": "c0adc2d8c593",
            "image_72": "https:\/\/avatars.slack-edge.com\/2020-03-26\/1027782097284_c0adc2d8c5932b435e7b_72.jpg",
            "first_name": "",
            "real_name": "Takuto Fukuda",
            "display_name": "Takuto Fukuda",
            "team": "TJPN85XRA",
            "name": "takuto.fukuda",
            "is_restricted": false,
            "is_ultra_restricted": false
        }
    }
]