[
    {
        "client_msg_id": "02fa6b88-5149-43db-89a9-a6870986de43",
        "type": "message",
        "text": "<@UJQ9N9KA9> <@UJCU8BAAW> <@UKGLCA1GS> and I are meeting to talk about thesis at 10am, if you wanna join we're at <https:\/\/meet.cirmmt.org\/SSM-idmiltest>",
        "user": "UJU3WNL2J",
        "ts": "1589291379.022700",
        "blocks": [
            {
                "type": "rich_text",
                "block_id": "Q3B=p",
                "elements": [
                    {
                        "type": "rich_text_section",
                        "elements": [
                            {
                                "type": "user",
                                "user_id": "UJQ9N9KA9"
                            },
                            {
                                "type": "text",
                                "text": " "
                            },
                            {
                                "type": "user",
                                "user_id": "UJCU8BAAW"
                            },
                            {
                                "type": "text",
                                "text": " "
                            },
                            {
                                "type": "user",
                                "user_id": "UKGLCA1GS"
                            },
                            {
                                "type": "text",
                                "text": " and I are meeting to talk about thesis at 10am, if you wanna join we're at "
                            },
                            {
                                "type": "link",
                                "url": "https:\/\/meet.cirmmt.org\/SSM-idmiltest"
                            }
                        ]
                    }
                ]
            }
        ],
        "team": "TJPN85XRA",
        "user_team": "TJPN85XRA",
        "source_team": "TJPN85XRA",
        "user_profile": {
            "avatar_hash": "154e1f4c2382",
            "image_72": "https:\/\/avatars.slack-edge.com\/2020-03-25\/1025781484144_154e1f4c2382be7922b6_72.jpg",
            "first_name": "",
            "real_name": "mathiasbredholt",
            "display_name": "mathiasbredholt",
            "team": "TJPN85XRA",
            "name": "mathias.bredholt",
            "is_restricted": false,
            "is_ultra_restricted": false
        },
        "attachments": [
            {
                "title": "Jitsi Meet",
                "title_link": "https:\/\/meet.cirmmt.org\/SSM-idmiltest",
                "text": "Join a WebRTC video conference powered by the Jitsi Videobridge",
                "fallback": "Jitsi Meet",
                "from_url": "https:\/\/meet.cirmmt.org\/SSM-idmiltest",
                "service_icon": "https:\/\/meet.cirmmt.org\/images\/apple-touch-icon.png",
                "service_name": "meet.cirmmt.org",
                "id": 1,
                "original_url": "https:\/\/meet.cirmmt.org\/SSM-idmiltest"
            }
        ]
    },
    {
        "client_msg_id": "ea6a563c-44cd-4a19-ac96-75b29340d1cd",
        "type": "message",
        "text": "Well, we had already scheduled a meeting today at 10am on ChorDOFs with them and Pierre.",
        "user": "UJQ9N9KA9",
        "ts": "1589291732.023600",
        "blocks": [
            {
                "type": "rich_text",
                "block_id": "h7D4",
                "elements": [
                    {
                        "type": "rich_text_section",
                        "elements": [
                            {
                                "type": "text",
                                "text": "Well, we had already scheduled a meeting today at 10am on ChorDOFs with them and Pierre."
                            }
                        ]
                    }
                ]
            }
        ],
        "team": "TJPN85XRA",
        "user_team": "TJPN85XRA",
        "source_team": "TJPN85XRA",
        "user_profile": {
            "avatar_hash": "3be35bf04429",
            "image_72": "https:\/\/avatars.slack-edge.com\/2023-08-28\/5813587733204_3be35bf044296c45bdde_72.jpg",
            "first_name": "",
            "real_name": "ChristianFrisson",
            "display_name": "ChristianFrisson",
            "team": "TJPN85XRA",
            "name": "christian.frisson",
            "is_restricted": false,
            "is_ultra_restricted": false
        }
    },
    {
        "client_msg_id": "f9f84e14-24a0-40e8-a10a-74f7ee244892",
        "type": "message",
        "text": "So it seems we need to setup shared calendars. :slightly_smiling_face:",
        "user": "UJQ9N9KA9",
        "ts": "1589291811.024000",
        "blocks": [
            {
                "type": "rich_text",
                "block_id": "ggLp",
                "elements": [
                    {
                        "type": "rich_text_section",
                        "elements": [
                            {
                                "type": "text",
                                "text": "So it seems we need to setup shared calendars. "
                            },
                            {
                                "type": "emoji",
                                "name": "slightly_smiling_face",
                                "unicode": "1f642"
                            }
                        ]
                    }
                ]
            }
        ],
        "team": "TJPN85XRA",
        "user_team": "TJPN85XRA",
        "source_team": "TJPN85XRA",
        "user_profile": {
            "avatar_hash": "3be35bf04429",
            "image_72": "https:\/\/avatars.slack-edge.com\/2023-08-28\/5813587733204_3be35bf044296c45bdde_72.jpg",
            "first_name": "",
            "real_name": "ChristianFrisson",
            "display_name": "ChristianFrisson",
            "team": "TJPN85XRA",
            "name": "christian.frisson",
            "is_restricted": false,
            "is_ultra_restricted": false
        }
    },
    {
        "client_msg_id": "0c7b4069-cfa8-42a5-acd6-c2447ca5a561",
        "type": "message",
        "text": "Which one will be then? I'll be online in 3 min",
        "user": "UJCU8BAAW",
        "ts": "1589291951.024700",
        "blocks": [
            {
                "type": "rich_text",
                "block_id": "Hj4l",
                "elements": [
                    {
                        "type": "rich_text_section",
                        "elements": [
                            {
                                "type": "text",
                                "text": "Which one will be then? I'll be online in 3 min"
                            }
                        ]
                    }
                ]
            }
        ],
        "team": "TJPN85XRA",
        "user_team": "TJPN85XRA",
        "source_team": "TJPN85XRA",
        "user_profile": {
            "avatar_hash": "d49c462f5537",
            "image_72": "https:\/\/avatars.slack-edge.com\/2021-06-14\/2154581376263_d49c462f5537edde8dbb_72.jpg",
            "first_name": "Edu",
            "real_name": "Edu Meneses",
            "display_name": "Edu Meneses",
            "team": "TJPN85XRA",
            "name": "eduardo.meneses",
            "is_restricted": false,
            "is_ultra_restricted": false
        }
    },
    {
        "client_msg_id": "b2740092-7f2b-4ee2-8fa8-2d468bfcd7f9",
        "type": "message",
        "text": "Ok just talked to <@UJQ9N9KA9>, let's move thesis meeting to 10.30pm",
        "user": "UJU3WNL2J",
        "ts": "1589292186.025900",
        "blocks": [
            {
                "type": "rich_text",
                "block_id": "uqpN",
                "elements": [
                    {
                        "type": "rich_text_section",
                        "elements": [
                            {
                                "type": "text",
                                "text": "Ok just talked to "
                            },
                            {
                                "type": "user",
                                "user_id": "UJQ9N9KA9"
                            },
                            {
                                "type": "text",
                                "text": ", let's move thesis meeting to 10.30pm"
                            }
                        ]
                    }
                ]
            }
        ],
        "team": "TJPN85XRA",
        "user_team": "TJPN85XRA",
        "source_team": "TJPN85XRA",
        "user_profile": {
            "avatar_hash": "154e1f4c2382",
            "image_72": "https:\/\/avatars.slack-edge.com\/2020-03-25\/1025781484144_154e1f4c2382be7922b6_72.jpg",
            "first_name": "",
            "real_name": "mathiasbredholt",
            "display_name": "mathiasbredholt",
            "team": "TJPN85XRA",
            "name": "mathias.bredholt",
            "is_restricted": false,
            "is_ultra_restricted": false
        }
    },
    {
        "client_msg_id": "6bc9ae1a-62b1-4931-bf34-93fa4255737d",
        "type": "message",
        "text": "So that we can meet with <@U010RBBBDK7> on ChorDOFs now.",
        "user": "UJQ9N9KA9",
        "ts": "1589292214.026400",
        "blocks": [
            {
                "type": "rich_text",
                "block_id": "cUQh",
                "elements": [
                    {
                        "type": "rich_text_section",
                        "elements": [
                            {
                                "type": "text",
                                "text": "So that we can meet with "
                            },
                            {
                                "type": "user",
                                "user_id": "U010RBBBDK7"
                            },
                            {
                                "type": "text",
                                "text": " on ChorDOFs now."
                            }
                        ]
                    }
                ]
            }
        ],
        "team": "TJPN85XRA",
        "user_team": "TJPN85XRA",
        "source_team": "TJPN85XRA",
        "user_profile": {
            "avatar_hash": "3be35bf04429",
            "image_72": "https:\/\/avatars.slack-edge.com\/2023-08-28\/5813587733204_3be35bf044296c45bdde_72.jpg",
            "first_name": "",
            "real_name": "ChristianFrisson",
            "display_name": "ChristianFrisson",
            "team": "TJPN85XRA",
            "name": "christian.frisson",
            "is_restricted": false,
            "is_ultra_restricted": false
        },
        "reactions": [
            {
                "name": "+1",
                "users": [
                    "UJU3WNL2J"
                ],
                "count": 1
            }
        ]
    },
    {
        "client_msg_id": "6f27e3ec-556e-42ec-acfd-d086da22a223",
        "type": "message",
        "text": "<@UJU3WNL2J> we are good for the meeting now",
        "user": "UJCU8BAAW",
        "ts": "1589293361.027000",
        "blocks": [
            {
                "type": "rich_text",
                "block_id": "bZd6",
                "elements": [
                    {
                        "type": "rich_text_section",
                        "elements": [
                            {
                                "type": "user",
                                "user_id": "UJU3WNL2J"
                            },
                            {
                                "type": "text",
                                "text": " we are good for the meeting now"
                            }
                        ]
                    }
                ]
            }
        ],
        "team": "TJPN85XRA",
        "user_team": "TJPN85XRA",
        "source_team": "TJPN85XRA",
        "user_profile": {
            "avatar_hash": "d49c462f5537",
            "image_72": "https:\/\/avatars.slack-edge.com\/2021-06-14\/2154581376263_d49c462f5537edde8dbb_72.jpg",
            "first_name": "Edu",
            "real_name": "Edu Meneses",
            "display_name": "Edu Meneses",
            "team": "TJPN85XRA",
            "name": "eduardo.meneses",
            "is_restricted": false,
            "is_ultra_restricted": false
        }
    },
    {
        "client_msg_id": "8a1a251a-b939-4a87-88fa-840002be32c0",
        "type": "message",
        "text": "<@UJU3WNL2J> <@UKGLCA1GS>, <@UJCU8BAAW> and I are ready now on <https:\/\/meet.cirmmt.org\/SSM-idmiltest>",
        "user": "UJQ9N9KA9",
        "ts": "1589294134.027700",
        "blocks": [
            {
                "type": "rich_text",
                "block_id": "TV+3",
                "elements": [
                    {
                        "type": "rich_text_section",
                        "elements": [
                            {
                                "type": "user",
                                "user_id": "UJU3WNL2J"
                            },
                            {
                                "type": "text",
                                "text": " "
                            },
                            {
                                "type": "user",
                                "user_id": "UKGLCA1GS"
                            },
                            {
                                "type": "text",
                                "text": ", "
                            },
                            {
                                "type": "user",
                                "user_id": "UJCU8BAAW"
                            },
                            {
                                "type": "text",
                                "text": " and I are ready now on "
                            },
                            {
                                "type": "link",
                                "url": "https:\/\/meet.cirmmt.org\/SSM-idmiltest"
                            }
                        ]
                    }
                ]
            }
        ],
        "team": "TJPN85XRA",
        "user_team": "TJPN85XRA",
        "source_team": "TJPN85XRA",
        "user_profile": {
            "avatar_hash": "3be35bf04429",
            "image_72": "https:\/\/avatars.slack-edge.com\/2023-08-28\/5813587733204_3be35bf044296c45bdde_72.jpg",
            "first_name": "",
            "real_name": "ChristianFrisson",
            "display_name": "ChristianFrisson",
            "team": "TJPN85XRA",
            "name": "christian.frisson",
            "is_restricted": false,
            "is_ultra_restricted": false
        }
    },
    {
        "client_msg_id": "45a9ba96-71a2-4397-a8d5-905425a9a549",
        "type": "message",
        "text": "hey <@UJQ9N9KA9> or others, I was setting up Issuant for GitLab - I see someone installed it for IDMIL, has anyone been using it?",
        "user": "UJQ7AKDA9",
        "ts": "1589333045.029100",
        "blocks": [
            {
                "type": "rich_text",
                "block_id": "p\/s2q",
                "elements": [
                    {
                        "type": "rich_text_section",
                        "elements": [
                            {
                                "type": "text",
                                "text": "hey "
                            },
                            {
                                "type": "user",
                                "user_id": "UJQ9N9KA9"
                            },
                            {
                                "type": "text",
                                "text": " or others, I was setting up Issuant for GitLab - I see someone installed it for IDMIL, has anyone been using it?"
                            }
                        ]
                    }
                ]
            }
        ],
        "team": "TJPN85XRA",
        "user_team": "TJPN85XRA",
        "source_team": "TJPN85XRA",
        "user_profile": {
            "avatar_hash": "1720101e5f4d",
            "image_72": "https:\/\/avatars.slack-edge.com\/2022-06-20\/3695655977380_1720101e5f4d2ee82bff_72.jpg",
            "first_name": "Johnny",
            "real_name": "Johnny Sullivan",
            "display_name": "Johnny",
            "team": "TJPN85XRA",
            "name": "john.sullivan2",
            "is_restricted": false,
            "is_ultra_restricted": false
        }
    }
]