[
    {
        "type": "message",
        "subtype": "bot_message",
        "text": "",
        "ts": "1604679256.000100",
        "bot_id": "B013NH6S7J7",
        "attachments": [
            {
                "fallback": "Event created: Mapping\/Scripting Workshop?: April 16th - April 30th, 2021",
                "text": "April 16th - April 30th, 2021",
                "pretext": "New calendar event created",
                "title": "Mapping\/Scripting Workshop?",
                "id": 1,
                "title_link": "https:\/\/www.google.com\/calendar\/event?eid=M3NtNjNzdmE5a28xNGpwazB0Y2Z1bGI5bnMgMXNjZjlhMmc4YjQ4YWwybmRqcWdxdjN2NzBAZw",
                "color": "cca6ac",
                "mrkdwn_in": [
                    "text",
                    "pretext"
                ]
            }
        ]
    },
    {
        "type": "message",
        "subtype": "bot_message",
        "text": "",
        "ts": "1604680336.000200",
        "bot_id": "B013NH6S7J7",
        "attachments": [
            {
                "fallback": "Event created: LAC (Linux Audio Conference): November 25th - November 27th, 2020",
                "text": "November 25th - November 27th, 2020",
                "pretext": "New calendar event created",
                "title": "LAC (Linux Audio Conference)",
                "id": 1,
                "title_link": "https:\/\/www.google.com\/calendar\/event?eid=M3RzYnBtYWsxMWlsMnB0NG44a2t2MmkzbHUgMXNjZjlhMmc4YjQ4YWwybmRqcWdxdjN2NzBAZw",
                "color": "cca6ac",
                "mrkdwn_in": [
                    "text",
                    "pretext",
                    "more"
                ]
            }
        ]
    }
]