[
    {
        "type": "message",
        "subtype": "bot_message",
        "text": "",
        "ts": "1590619155.050300",
        "bot_id": "B013NHGF1S7",
        "attachments": [
            {
                "fallback": "Event updated: Master Thesis Group Meeting: Replicable DMIs: <!date^1590678000^{date_short_pretty} from {time}|May 28th, 2020 from 11:00 AM> to <!date^1590680700^{time}|11:45 AM GMT-0400>",
                "text": "<!date^1590678000^{date_short_pretty} from {time}|May 28th, 2020 from 11:00 AM> to <!date^1590680700^{time}|11:45 AM GMT-0400>",
                "pretext": "Calendar event updated",
                "title": "Master Thesis Group Meeting: Replicable DMIs",
                "id": 1,
                "title_link": "https:\/\/www.google.com\/calendar\/event?eid=X2NvcWo4ZGI1NjBzbWNwajJjZGdqMGNwbGNvc2pjbzlwNmNvMzhvcG02a3E2NmRyNDZ0aTNnZTltY2dyamFvajNfMjAyMDA1MjhUMTUwMDAwWiA5ZnUwdTcxcGRtMmJhNzgxc3A2OXJ2bmh1Z0Bn",
                "color": "cabdbf",
                "mrkdwn_in": [
                    "text",
                    "pretext",
                    "more"
                ]
            }
        ]
    }
]