[
    {
        "client_msg_id": "B50433F4-2A20-4EC1-ACEC-54E4F3F68CA5",
        "type": "message",
        "text": "Calling all stations... ",
        "user": "UKGLCA1GS",
        "ts": "1584985328.000400",
        "blocks": [
            {
                "type": "rich_text",
                "block_id": "\/\/d",
                "elements": [
                    {
                        "type": "rich_text_section",
                        "elements": [
                            {
                                "type": "text",
                                "text": "Calling all stations... "
                            }
                        ]
                    }
                ]
            }
        ],
        "team": "TJPN85XRA",
        "user_team": "TJPN85XRA",
        "source_team": "TJPN85XRA",
        "user_profile": {
            "avatar_hash": "82cc3b048607",
            "image_72": "https:\/\/avatars.slack-edge.com\/2022-07-25\/3850040330500_82cc3b048607f33add6e_72.jpg",
            "first_name": "",
            "real_name": "Marcelo Wanderley",
            "display_name": "Marcelo Wanderley",
            "team": "TJPN85XRA",
            "name": "marcelo.wanderley",
            "is_restricted": false,
            "is_ultra_restricted": false
        }
    },
    {
        "client_msg_id": "f394d7ab-0b85-4ef3-82f8-4f56a356bb9c",
        "type": "message",
        "text": "Working on the Andromeda Strain",
        "user": "UJQ9N9KA9",
        "ts": "1584985403.000700",
        "blocks": [
            {
                "type": "rich_text",
                "block_id": "2aL",
                "elements": [
                    {
                        "type": "rich_text_section",
                        "elements": [
                            {
                                "type": "text",
                                "text": "Working on the Andromeda Strain"
                            }
                        ]
                    }
                ]
            }
        ],
        "team": "TJPN85XRA",
        "user_team": "TJPN85XRA",
        "source_team": "TJPN85XRA",
        "user_profile": {
            "avatar_hash": "3be35bf04429",
            "image_72": "https:\/\/avatars.slack-edge.com\/2023-08-28\/5813587733204_3be35bf044296c45bdde_72.jpg",
            "first_name": "",
            "real_name": "ChristianFrisson",
            "display_name": "ChristianFrisson",
            "team": "TJPN85XRA",
            "name": "christian.frisson",
            "is_restricted": false,
            "is_ultra_restricted": false
        }
    },
    {
        "client_msg_id": "7fa403c3-c15c-43a3-860d-5c6d958ed382",
        "type": "message",
        "text": "<https:\/\/www.cbc.ca\/news\/canada\/montreal\/covid-19-coronavirus-montreal-march-23-1.5506434>",
        "user": "UJSJMACMC",
        "ts": "1584985475.000900",
        "blocks": [
            {
                "type": "rich_text",
                "block_id": "RRgE",
                "elements": [
                    {
                        "type": "rich_text_section",
                        "elements": [
                            {
                                "type": "link",
                                "url": "https:\/\/www.cbc.ca\/news\/canada\/montreal\/covid-19-coronavirus-montreal-march-23-1.5506434"
                            }
                        ]
                    }
                ]
            }
        ],
        "team": "TJPN85XRA",
        "user_team": "TJPN85XRA",
        "source_team": "TJPN85XRA",
        "user_profile": {
            "avatar_hash": "g6469eb15662",
            "image_72": "https:\/\/secure.gravatar.com\/avatar\/f6469eb15662c142e04293e07926ec97.jpg?s=72&d=https%3A%2F%2Fa.slack-edge.com%2Fdf10d%2Fimg%2Favatars%2Fava_0025-72.png",
            "first_name": "",
            "real_name": "johnty",
            "display_name": "johnty",
            "team": "TJPN85XRA",
            "name": "johntywang",
            "is_restricted": false,
            "is_ultra_restricted": false
        },
        "attachments": [
            {
                "service_name": "CBC",
                "title": "With community transmission of COVID-19 in Quebec, premier shuts all stores except essential services | CBC News",
                "title_link": "https:\/\/www.cbc.ca\/news\/canada\/montreal\/covid-19-coronavirus-montreal-march-23-1.5506434",
                "text": "Montreal opens an outdoor testing site, and police have new enforcement powers today. Meanwhile, the Montreal police brotherhood has confirmed two SPVM officers have tested positive for the coronavirus.",
                "fallback": "CBC: With community transmission of COVID-19 in Quebec, premier shuts all stores except essential services | CBC News",
                "image_url": "https:\/\/i.cbc.ca\/1.5506510.1584968891!\/cpImage\/httpImage\/image.jpg_gen\/derivatives\/16x9_620\/covid-que-2020322.jpg",
                "from_url": "https:\/\/www.cbc.ca\/news\/canada\/montreal\/covid-19-coronavirus-montreal-march-23-1.5506434",
                "image_width": 444,
                "image_height": 250,
                "image_bytes": 29612,
                "service_icon": "https:\/\/www.cbc.ca\/a\/apple-touch-icon.png",
                "id": 1,
                "original_url": "https:\/\/www.cbc.ca\/news\/canada\/montreal\/covid-19-coronavirus-montreal-march-23-1.5506434"
            }
        ]
    },
    {
        "client_msg_id": "2b23da4a-9f91-493f-a99a-f22cdc162ac1",
        "type": "message",
        "text": "more shutdowns annouced",
        "user": "UJSJMACMC",
        "ts": "1584985488.001300",
        "blocks": [
            {
                "type": "rich_text",
                "block_id": "uCyJ",
                "elements": [
                    {
                        "type": "rich_text_section",
                        "elements": [
                            {
                                "type": "text",
                                "text": "more shutdowns annouced"
                            }
                        ]
                    }
                ]
            }
        ],
        "team": "TJPN85XRA",
        "user_team": "TJPN85XRA",
        "source_team": "TJPN85XRA",
        "user_profile": {
            "avatar_hash": "g6469eb15662",
            "image_72": "https:\/\/secure.gravatar.com\/avatar\/f6469eb15662c142e04293e07926ec97.jpg?s=72&d=https%3A%2F%2Fa.slack-edge.com%2Fdf10d%2Fimg%2Favatars%2Fava_0025-72.png",
            "first_name": "",
            "real_name": "johnty",
            "display_name": "johnty",
            "team": "TJPN85XRA",
            "name": "johntywang",
            "is_restricted": false,
            "is_ultra_restricted": false
        }
    },
    {
        "client_msg_id": "e8a9675b-c469-42c9-bc90-6645ff17f62e",
        "type": "message",
        "text": "... then Congo, Shipwrecked......",
        "user": "UJCU8BAAW",
        "ts": "1584985598.001900",
        "blocks": [
            {
                "type": "rich_text",
                "block_id": "qiHF",
                "elements": [
                    {
                        "type": "rich_text_section",
                        "elements": [
                            {
                                "type": "text",
                                "text": "... then Congo, Shipwrecked......"
                            }
                        ]
                    }
                ]
            }
        ],
        "team": "TJPN85XRA",
        "user_team": "TJPN85XRA",
        "source_team": "TJPN85XRA",
        "user_profile": {
            "avatar_hash": "d49c462f5537",
            "image_72": "https:\/\/avatars.slack-edge.com\/2021-06-14\/2154581376263_d49c462f5537edde8dbb_72.jpg",
            "first_name": "Edu",
            "real_name": "Edu Meneses",
            "display_name": "Edu Meneses",
            "team": "TJPN85XRA",
            "name": "eduardo.meneses",
            "is_restricted": false,
            "is_ultra_restricted": false
        }
    },
    {
        "client_msg_id": "afb14192-18b6-4936-b0ed-3a3458483a46",
        "type": "message",
        "text": "628 cases.... ouch",
        "user": "UJCU8BAAW",
        "ts": "1584985867.002100",
        "blocks": [
            {
                "type": "rich_text",
                "block_id": "2Eg",
                "elements": [
                    {
                        "type": "rich_text_section",
                        "elements": [
                            {
                                "type": "text",
                                "text": "628 cases.... ouch"
                            }
                        ]
                    }
                ]
            }
        ],
        "team": "TJPN85XRA",
        "user_team": "TJPN85XRA",
        "source_team": "TJPN85XRA",
        "user_profile": {
            "avatar_hash": "d49c462f5537",
            "image_72": "https:\/\/avatars.slack-edge.com\/2021-06-14\/2154581376263_d49c462f5537edde8dbb_72.jpg",
            "first_name": "Edu",
            "real_name": "Edu Meneses",
            "display_name": "Edu Meneses",
            "team": "TJPN85XRA",
            "name": "eduardo.meneses",
            "is_restricted": false,
            "is_ultra_restricted": false
        }
    }
]