[
    {
        "type": "message",
        "subtype": "bot_message",
        "text": "",
        "ts": "1597323605.000100",
        "username": "IDMIL Meeting Space",
        "bot_id": "B013NHGF1S7",
        "attachments": [
            {
                "fallback": "IDMIL Meeting: <!date^1597327200^{date_short_pretty} from {time}|August 13th, 2020 from 10:00 AM> to <!date^1597330800^{time}|11:00 AM GMT-0400>",
                "text": "<!date^1597327200^{date_short_pretty} from {time}|August 13th, 2020 from 10:00 AM> to <!date^1597330800^{time}|11:00 AM GMT-0400>",
                "pretext": "Event starting in 1 hour:",
                "title": "IDMIL Meeting",
                "id": 1,
                "title_link": "https:\/\/www.google.com\/calendar\/event?eid=MjczZ3NxNmV2MzcxMGhlMDh2bXM3aWw4anRfMjAyMDA4MTNUMTQwMDAwWiA5ZnUwdTcxcGRtMmJhNzgxc3A2OXJ2bmh1Z0Bn",
                "color": "cabdbf",
                "mrkdwn_in": [
                    "text",
                    "pretext"
                ]
            }
        ]
    },
    {
        "type": "message",
        "subtype": "bot_message",
        "text": "",
        "ts": "1597325401.000200",
        "username": "IDMIL Schedule",
        "bot_id": "B0182SVN8A2",
        "attachments": [
            {
                "fallback": "Edu: <!date^1597325400^{date_short_pretty} from {time}|August 13th, 2020 from 9:30 AM> to <!date^1597352400^{time}|5:00 PM GMT-0400>",
                "text": "<!date^1597325400^{date_short_pretty} from {time}|August 13th, 2020 from 9:30 AM> to <!date^1597352400^{time}|5:00 PM GMT-0400>",
                "pretext": "Event starting now:",
                "title": "Edu",
                "id": 1,
                "title_link": "https:\/\/www.google.com\/calendar\/event?eid=NzM1bHYwNG51YjNxbTdnODVwMjYwcWk4aHZfMjAyMDA4MTNUMTMzMDAwWiBjc3A5cDN1dW44MDNpZWY0czJxMmU0Nzg2Y0Bn",
                "color": "fbe983",
                "mrkdwn_in": [
                    "text",
                    "pretext"
                ]
            }
        ]
    },
    {
        "type": "message",
        "subtype": "bot_message",
        "text": "",
        "ts": "1597327228.000300",
        "username": "IDMIL Schedule",
        "bot_id": "B0182SVN8A2",
        "attachments": [
            {
                "fallback": "Johnty: <!date^1597327200^{date_short_pretty} from {time}|August 13th, 2020 from 10:00 AM> to <!date^1597330800^{time}|11:00 AM GMT-0400>",
                "text": "<!date^1597327200^{date_short_pretty} from {time}|August 13th, 2020 from 10:00 AM> to <!date^1597330800^{time}|11:00 AM GMT-0400>",
                "pretext": "Event starting now:",
                "title": "Johnty",
                "id": 1,
                "title_link": "https:\/\/www.google.com\/calendar\/event?eid=MHRzaHJlcWhwbWY0OWs0aG04bm1kbHI4MWUgY3NwOXAzdXVuODAzaWVmNHMycTJlNDc4NmNAZw",
                "color": "fbe983",
                "mrkdwn_in": [
                    "text",
                    "pretext"
                ]
            }
        ]
    }
]