[
    {
        "type": "message",
        "subtype": "bot_message",
        "text": "",
        "ts": "1596790903.000100",
        "bot_id": "B013NH6S7J7",
        "attachments": [
            {
                "fallback": "Event created: HAID 2020: <!date^1598018400^{date_short_pretty} from {time}|August 21st, 2020 from 10:00 AM> to <!date^1598025600^{time}|12:00 PM GMT-0400>",
                "text": "<!date^1598018400^{date_short_pretty} from {time}|August 21st, 2020 from 10:00 AM> to <!date^1598025600^{time}|12:00 PM GMT-0400>",
                "pretext": "New calendar event created",
                "title": "HAID 2020",
                "id": 1,
                "title_link": "https:\/\/www.google.com\/calendar\/event?eid=N3I1NG1vc2djdG44NG91c2JkaTBiaTd1aDQgMXNjZjlhMmc4YjQ4YWwybmRqcWdxdjN2NzBAZw",
                "color": "cca6ac",
                "mrkdwn_in": [
                    "text",
                    "pretext",
                    "more"
                ]
            }
        ]
    }
]