[
    {
        "type": "message",
        "subtype": "bot_message",
        "text": "",
        "ts": "1591880407.000100",
        "username": "IDMIL Meeting Space",
        "bot_id": "B013NHGF1S7",
        "attachments": [
            {
                "fallback": "IDMIL Meeting: <!date^1591884000^{date_short_pretty} from {time}|June 11th, 2020 from 10:00 AM> to <!date^1591887600^{time}|11:00 AM GMT-0400>",
                "text": "<!date^1591884000^{date_short_pretty} from {time}|June 11th, 2020 from 10:00 AM> to <!date^1591887600^{time}|11:00 AM GMT-0400>",
                "pretext": "Event starting in 1 hour:",
                "title": "IDMIL Meeting",
                "id": 1,
                "title_link": "https:\/\/www.google.com\/calendar\/event?eid=MjczZ3NxNmV2MzcxMGhlMDh2bXM3aWw4anRfMjAyMDA2MTFUMTQwMDAwWiA5ZnUwdTcxcGRtMmJhNzgxc3A2OXJ2bmh1Z0Bn",
                "color": "cabdbf",
                "mrkdwn_in": [
                    "text",
                    "pretext"
                ]
            }
        ]
    },
    {
        "client_msg_id": "14a51247-b69e-4606-96d5-fec405b729ee",
        "type": "message",
        "text": "Done",
        "user": "UJQ7AKDA9",
        "ts": "1591881207.000200",
        "blocks": [
            {
                "type": "rich_text",
                "block_id": "2iA0M",
                "elements": [
                    {
                        "type": "rich_text_section",
                        "elements": [
                            {
                                "type": "text",
                                "text": "Done"
                            }
                        ]
                    }
                ]
            }
        ],
        "team": "TJPN85XRA",
        "user_team": "TJPN85XRA",
        "source_team": "TJPN85XRA",
        "user_profile": {
            "avatar_hash": "1720101e5f4d",
            "image_72": "https:\/\/avatars.slack-edge.com\/2022-06-20\/3695655977380_1720101e5f4d2ee82bff_72.jpg",
            "first_name": "Johnny",
            "real_name": "Johnny Sullivan",
            "display_name": "Johnny",
            "team": "TJPN85XRA",
            "name": "john.sullivan2",
            "is_restricted": false,
            "is_ultra_restricted": false
        }
    },
    {
        "type": "message",
        "subtype": "bot_message",
        "text": "",
        "ts": "1591884009.000400",
        "username": "IDMIL Meeting Space",
        "bot_id": "B013NHGF1S7",
        "attachments": [
            {
                "fallback": "Master Thesis Group Meeting: <!date^1591887600^{date_short_pretty} from {time}|June 11th, 2020 from 11:00 AM> to <!date^1591890300^{time}|11:45 AM GMT-0400>",
                "text": "<!date^1591887600^{date_short_pretty} from {time}|June 11th, 2020 from 11:00 AM> to <!date^1591890300^{time}|11:45 AM GMT-0400>",
                "pretext": "Event starting in 1 hour:",
                "title": "Master Thesis Group Meeting",
                "id": 1,
                "title_link": "https:\/\/www.google.com\/calendar\/event?eid=X2NvcWo4ZGI1NjBzbWNwajJjZGdqMGNwbGNvc2pjbzlwNmNvMzhvcG02a3E2NmRyNDZ0aTNnZTltY2dyamFvajNfMjAyMDA2MTFUMTUwMDAwWiA5ZnUwdTcxcGRtMmJhNzgxc3A2OXJ2bmh1Z0Bn",
                "color": "cabdbf",
                "mrkdwn_in": [
                    "text",
                    "pretext",
                    "more"
                ]
            }
        ]
    },
    {
        "type": "message",
        "subtype": "bot_message",
        "text": "",
        "ts": "1591885094.000500",
        "bot_id": "B013NH6S7J7",
        "attachments": [
            {
                "fallback": "Event created:  Interact@CIRMMT Organization and challenges of virtual conferences: <!date^1592420400^{date_short_pretty} from {time}|June 17th, 2020 from 3:00 PM> to <!date^1592424000^{time}|4:00 PM GMT-0400>",
                "text": "<!date^1592420400^{date_short_pretty} from {time}|June 17th, 2020 from 3:00 PM> to <!date^1592424000^{time}|4:00 PM GMT-0400>",
                "pretext": "New calendar event created",
                "title": " Interact@CIRMMT Organization and challenges of virtual conferences",
                "id": 1,
                "title_link": "https:\/\/www.google.com\/calendar\/event?eid=MGpoMnJkb25oM2owMW9mZzU4dWR1bHFnYjkgMXNjZjlhMmc4YjQ4YWwybmRqcWdxdjN2NzBAZw",
                "color": "cca6ac",
                "mrkdwn_in": [
                    "text",
                    "pretext",
                    "more"
                ]
            }
        ]
    }
]