[
    {
        "type": "message",
        "subtype": "bot_message",
        "text": "",
        "ts": "1591110137.000100",
        "bot_id": "B013UGDJS8L",
        "attachments": [
            {
                "fallback": "Event created: Camera-Ready @ HAID'20: June 11th, 2020",
                "text": "June 11th, 2020",
                "pretext": "New calendar event created",
                "title": "Camera-Ready @ HAID'20",
                "id": 1,
                "title_link": "https:\/\/www.google.com\/calendar\/event?eid=MzFvMzFwNWpvZTA2Nzlwdm81dnF0dDJpYmYgNW5sOWE1bmFlMjYyYjZoYXRjYjJ2djBvMDhAZw",
                "color": "cd74e6",
                "mrkdwn_in": [
                    "text",
                    "pretext",
                    "more"
                ]
            }
        ]
    }
]