[
    {
        "type": "message",
        "subtype": "bot_message",
        "text": "",
        "ts": "1595167201.000100",
        "username": "IDMIL Conferences",
        "bot_id": "B013NH6S7J7",
        "attachments": [
            {
                "fallback": "HCII2020 Conference: <!date^1595170800^{date_short_pretty} from {time}|July 19th, 2020 from 11:00 AM> to <!date^1595619000^{date_short_pretty} at {time}|July 24th, 2020 at 3:30 PM GMT-0400>",
                "text": "<!date^1595170800^{date_short_pretty} from {time}|July 19th, 2020 from 11:00 AM> to <!date^1595619000^{date_short_pretty} at {time}|July 24th, 2020 at 3:30 PM GMT-0400>",
                "pretext": "Event starting in 1 hour:",
                "title": "HCII2020 Conference",
                "id": 1,
                "title_link": "https:\/\/www.google.com\/calendar\/event?eid=MjJiYWVjM2g5Y2kwZWdpYWs4MTVvYTU5dTMgMXNjZjlhMmc4YjQ4YWwybmRqcWdxdjN2NzBAZw",
                "color": "cca6ac",
                "mrkdwn_in": [
                    "text",
                    "pretext",
                    "more"
                ]
            }
        ]
    }
]