[
    {
        "type": "message",
        "subtype": "bot_message",
        "text": "There are no events this week",
        "ts": "1592834403.000100",
        "username": "IDMIL Events",
        "bot_id": "B013NB7FFT4",
        "blocks": [
            {
                "type": "rich_text",
                "block_id": "ruh\/",
                "elements": [
                    {
                        "type": "rich_text_section",
                        "elements": [
                            {
                                "type": "text",
                                "text": "There are no events this week"
                            }
                        ]
                    }
                ]
            }
        ]
    },
    {
        "type": "message",
        "subtype": "bot_message",
        "text": "There is *1* event this week",
        "ts": "1592834408.000200",
        "username": "IDMIL Conferences",
        "bot_id": "B013NH6S7J7",
        "blocks": [
            {
                "type": "rich_text",
                "block_id": "hS6zJ",
                "elements": [
                    {
                        "type": "rich_text_section",
                        "elements": [
                            {
                                "type": "text",
                                "text": "There is "
                            },
                            {
                                "type": "text",
                                "text": "1",
                                "style": {
                                    "bold": true
                                }
                            },
                            {
                                "type": "text",
                                "text": " event this week"
                            }
                        ]
                    }
                ]
            }
        ],
        "attachments": [
            {
                "fallback": "IEEE Haptics Symposium 2020 livestreaming : <!date^1593100800^{date_short_pretty} from {time}|June 25th, 2020 from 12:00 PM> to <!date^1593108000^{time}|2:00 PM GMT-0400>",
                "text": "<!date^1593100800^{date_short_pretty} from {time}|June 25th, 2020 from 12:00 PM> to <!date^1593108000^{time}|2:00 PM GMT-0400>",
                "title": "IEEE Haptics Symposium 2020 livestreaming ",
                "id": 1,
                "title_link": "https:\/\/www.google.com\/calendar\/event?eid=MXYycmRzaXYxajNhNXUwc3ZlbjMzYWdyYTggMXNjZjlhMmc4YjQ4YWwybmRqcWdxdjN2NzBAZw",
                "color": "cca6ac",
                "mrkdwn_in": [
                    "text",
                    "pretext"
                ]
            }
        ]
    },
    {
        "type": "message",
        "subtype": "bot_message",
        "text": "There are *2* events this week",
        "ts": "1592834414.000300",
        "username": "IDMIL Meeting Space",
        "bot_id": "B013NHGF1S7",
        "blocks": [
            {
                "type": "rich_text",
                "block_id": "sZH3",
                "elements": [
                    {
                        "type": "rich_text_section",
                        "elements": [
                            {
                                "type": "text",
                                "text": "There are "
                            },
                            {
                                "type": "text",
                                "text": "2",
                                "style": {
                                    "bold": true
                                }
                            },
                            {
                                "type": "text",
                                "text": " events this week"
                            }
                        ]
                    }
                ]
            }
        ],
        "attachments": [
            {
                "fallback": "IDMIL Meeting: <!date^1593093600^{date_short_pretty} from {time}|June 25th, 2020 from 10:00 AM> to <!date^1593097200^{time}|11:00 AM GMT-0400>",
                "text": "<!date^1593093600^{date_short_pretty} from {time}|June 25th, 2020 from 10:00 AM> to <!date^1593097200^{time}|11:00 AM GMT-0400>",
                "title": "IDMIL Meeting",
                "id": 1,
                "title_link": "https:\/\/www.google.com\/calendar\/event?eid=MjczZ3NxNmV2MzcxMGhlMDh2bXM3aWw4anRfMjAyMDA2MjVUMTQwMDAwWiA5ZnUwdTcxcGRtMmJhNzgxc3A2OXJ2bmh1Z0Bn",
                "color": "cabdbf",
                "mrkdwn_in": [
                    "text",
                    "pretext"
                ]
            },
            {
                "fallback": "Master Thesis Group Meeting: <!date^1593097200^{date_short_pretty} from {time}|June 25th, 2020 from 11:00 AM> to <!date^1593099900^{time}|11:45 AM GMT-0400>",
                "text": "<!date^1593097200^{date_short_pretty} from {time}|June 25th, 2020 from 11:00 AM> to <!date^1593099900^{time}|11:45 AM GMT-0400>",
                "title": "Master Thesis Group Meeting",
                "id": 2,
                "title_link": "https:\/\/www.google.com\/calendar\/event?eid=X2NvcWo4ZGI1NjBzbWNwajJjZGdqMGNwbGNvc2pjbzlwNmNvMzhvcG02a3E2NmRyNDZ0aTNnZTltY2dyamFvajNfMjAyMDA2MjVUMTUwMDAwWiA5ZnUwdTcxcGRtMmJhNzgxc3A2OXJ2bmh1Z0Bn",
                "color": "cabdbf",
                "mrkdwn_in": [
                    "text",
                    "pretext"
                ]
            }
        ]
    },
    {
        "type": "message",
        "subtype": "bot_message",
        "text": "There are no events this week",
        "ts": "1592834422.000400",
        "username": "IDMIL Deadlines",
        "bot_id": "B013UGDJS8L",
        "blocks": [
            {
                "type": "rich_text",
                "block_id": "Er9dU",
                "elements": [
                    {
                        "type": "rich_text_section",
                        "elements": [
                            {
                                "type": "text",
                                "text": "There are no events this week"
                            }
                        ]
                    }
                ]
            }
        ]
    },
    {
        "client_msg_id": "b9b6c7c6-3e47-4573-b100-7ec952bfbbc9",
        "type": "message",
        "text": "We have just received information on workshops from Hassan <mailto:HussainHassan.Hussain5@mail.bcu.ac.uk|HussainHassan.Hussain5@mail.bcu.ac.uk>\n\nTitle: NIME Workshop Sign-up\n\nDear Attendees, \n\nFirst and foremost we hope that you are well and safe during these unsettling times! Thank you for registering and booking your ticket for this year's online edition of NIME. \n\n\nOur team has been hard at work over the past couple of months to transfer the conference online. After months of testing and researching to find the best online platform for our conference, we are pleased to announce that NIME 2020 will be hosted on Zoom. \n\nWe are emailing today to kindly request that you take some time out to read through our <https:\/\/nime2020.bcu.ac.uk\/workshops\/|workshops> that have been selected and curated for the first day of our conference on the 21st July 2020. Once you have done this, please could you fill out <https:\/\/forms.gle\/FTwQJTTzZsxjqCkW9|our google form> to make your selection of which workshops you would like to attend and take part in.\n\nThank you for taking your time out to complete this. We are very excited to uncover and reveal our programme over the upcoming weeks. If you have any questions, please get in contact. \nBest wishes, \n\nHassan Hussain\nNIME 2020 Conference Co-ordinator",
        "user": "UJQ9N9KA9",
        "ts": "1592840961.000500",
        "blocks": [
            {
                "type": "rich_text",
                "block_id": "tzw",
                "elements": [
                    {
                        "type": "rich_text_section",
                        "elements": [
                            {
                                "type": "text",
                                "text": "We have just received information on workshops from Hassan "
                            },
                            {
                                "type": "link",
                                "url": "mailto:HussainHassan.Hussain5@mail.bcu.ac.uk",
                                "text": "HussainHassan.Hussain5@mail.bcu.ac.uk"
                            },
                            {
                                "type": "text",
                                "text": "\n\nTitle: NIME Workshop Sign-up\n\nDear Attendees, \n\nFirst and foremost we hope that you are well and safe during these unsettling times! Thank you for registering and booking your ticket for this year's online edition of NIME. \n\n\nOur team has been hard at work over the past couple of months to transfer the conference online. After months of testing and researching to find the best online platform for our conference, we are pleased to announce that NIME 2020 will be hosted on Zoom. \n\nWe are emailing today to kindly request that you take some time out to read through our "
                            },
                            {
                                "type": "link",
                                "url": "https:\/\/nime2020.bcu.ac.uk\/workshops\/",
                                "text": "workshops"
                            },
                            {
                                "type": "text",
                                "text": " that have been selected and curated for the first day of our conference on the 21st July 2020. Once you have done this, please could you fill out "
                            },
                            {
                                "type": "link",
                                "url": "https:\/\/forms.gle\/FTwQJTTzZsxjqCkW9",
                                "text": "our google form"
                            },
                            {
                                "type": "text",
                                "text": " to make your selection of which workshops you would like to attend and take part in.\n\nThank you for taking your time out to complete this. We are very excited to uncover and reveal our programme over the upcoming weeks. If you have any questions, please get in contact. \nBest wishes, \n\nHassan Hussain\nNIME 2020 Conference Co-ordinator"
                            }
                        ]
                    }
                ]
            }
        ],
        "team": "TJPN85XRA",
        "user_team": "TJPN85XRA",
        "source_team": "TJPN85XRA",
        "user_profile": {
            "avatar_hash": "3be35bf04429",
            "image_72": "https:\/\/avatars.slack-edge.com\/2023-08-28\/5813587733204_3be35bf044296c45bdde_72.jpg",
            "first_name": "",
            "real_name": "ChristianFrisson",
            "display_name": "ChristianFrisson",
            "team": "TJPN85XRA",
            "name": "christian.frisson",
            "is_restricted": false,
            "is_ultra_restricted": false
        },
        "edited": {
            "user": "UJQ9N9KA9",
            "ts": "1592841003.000000"
        },
        "attachments": [
            {
                "service_name": "Google Docs",
                "title": "NIME 2020 Workshop Sign-Up",
                "title_link": "https:\/\/forms.gle\/FTwQJTTzZsxjqCkW9",
                "text": "Thank you for your registration to attend NIME 2020. Our team has worked together to transform NIME 2020 into an exciting online edition for participants in all regions of the world. This year’s theme, the Accessibility of Musical Expression, is curiously timed for a planetary epidemiological lock-down, and offers a timely challenge to developers of New Interfaces for Musical Expression. Before you proceed please make sure you have read through our available workshops on our website: [<https:\/\/nime2020.bcu.ac.uk\/workshops>]. Thank you in advance for completing this form and we look forward to welcoming you!",
                "fallback": "Google Docs: NIME 2020 Workshop Sign-Up",
                "image_url": "https:\/\/lh3.googleusercontent.com\/XG53gxO8_ELmBB26lrAdLHPLfnEZgWzXl42ghpmKluXoCQQz5NVnWUgsxhJgT0-krW2G7EI",
                "image_width": 333,
                "image_height": 250,
                "from_url": "https:\/\/forms.gle\/FTwQJTTzZsxjqCkW9",
                "image_bytes": 73010,
                "service_icon": "http:\/\/ssl.gstatic.com\/docs\/forms\/device_home\/ios_120.png",
                "id": 1,
                "original_url": "https:\/\/forms.gle\/FTwQJTTzZsxjqCkW9"
            }
        ],
        "thread_ts": "1592786904.000600",
        "parent_user_id": "U010TD4329M"
    }
]