[
    {
        "type": "message",
        "subtype": "bot_message",
        "text": "",
        "ts": "1597758301.000100",
        "username": "IDMIL Schedule",
        "bot_id": "B0182SVN8A2",
        "attachments": [
            {
                "fallback": "Edu: <!date^1597758300^{date_short_pretty} from {time}|August 18th, 2020 from 9:45 AM> to <!date^1597780800^{time}|4:00 PM GMT-0400>",
                "text": "<!date^1597758300^{date_short_pretty} from {time}|August 18th, 2020 from 9:45 AM> to <!date^1597780800^{time}|4:00 PM GMT-0400>",
                "pretext": "Event starting now:",
                "title": "Edu",
                "id": 1,
                "title_link": "https:\/\/www.google.com\/calendar\/event?eid=NnNwNjJjcjI3NHFtNGI5ZzZjcTM4YjlrY2dvajJiOXBjOHE2Y2I5bTY0c2plZDFqNzVqMzBkaHA3MCBjc3A5cDN1dW44MDNpZWY0czJxMmU0Nzg2Y0Bn",
                "color": "fbe983",
                "mrkdwn_in": [
                    "text",
                    "pretext"
                ]
            }
        ]
    }
]