[
    {
        "type": "message",
        "subtype": "bot_message",
        "text": "",
        "ts": "1599742822.000100",
        "username": "IDMIL Schedule",
        "bot_id": "B0182SVN8A2",
        "attachments": [
            {
                "fallback": "MUMT620 class - Marcelo @ IDMIL: <!date^1599742800^{date_short_pretty} from {time}|September 10th, 2020 from 9:00 AM> to <!date^1599757200^{time}|1:00 PM GMT-0400>",
                "text": "<!date^1599742800^{date_short_pretty} from {time}|September 10th, 2020 from 9:00 AM> to <!date^1599757200^{time}|1:00 PM GMT-0400>",
                "pretext": "Event starting now:",
                "title": "MUMT620 class - Marcelo @ IDMIL",
                "id": 1,
                "title_link": "https:\/\/www.google.com\/calendar\/event?eid=NnVwZWtzYzcyZHJmb2lwdmNncW5hYWhtZDhfMjAyMDA5MTBUMTMwMDAwWiBjc3A5cDN1dW44MDNpZWY0czJxMmU0Nzg2Y0Bn",
                "color": "fbe983",
                "mrkdwn_in": [
                    "text",
                    "pretext",
                    "more"
                ]
            }
        ]
    },
    {
        "type": "message",
        "subtype": "bot_message",
        "text": "",
        "ts": "1599742823.000200",
        "username": "IDMIL Schedule",
        "bot_id": "B0182SVN8A2",
        "attachments": [
            {
                "fallback": "Edu @ IDMIL: <!date^1599742800^{date_short_pretty} from {time}|September 10th, 2020 from 9:00 AM> to <!date^1599753600^{time}|12:00 PM GMT-0400>",
                "text": "<!date^1599742800^{date_short_pretty} from {time}|September 10th, 2020 from 9:00 AM> to <!date^1599753600^{time}|12:00 PM GMT-0400>",
                "pretext": "Event starting now:",
                "title": "Edu @ IDMIL",
                "id": 1,
                "title_link": "https:\/\/www.google.com\/calendar\/event?eid=MGVhMzBqbWVtY21jOXF1aGMxNWc4ZmRuNmkgY3NwOXAzdXVuODAzaWVmNHMycTJlNDc4NmNAZw",
                "color": "fbe983",
                "mrkdwn_in": [
                    "text",
                    "pretext"
                ]
            }
        ]
    }
]