[
    {
        "type": "message",
        "subtype": "bot_message",
        "text": "",
        "ts": "1607436901.000100",
        "username": "IDMIL Schedule",
        "bot_id": "B0182SVN8A2",
        "attachments": [
            {
                "fallback": "Edu @ IDMIL: <!date^1607436900^{date_short_pretty} from {time}|December 8th, 2020 from 9:15 AM> to <!date^1607463000^{time}|4:30 PM GMT-0500>",
                "text": "<!date^1607436900^{date_short_pretty} from {time}|December 8th, 2020 from 9:15 AM> to <!date^1607463000^{time}|4:30 PM GMT-0500>",
                "pretext": "Event starting now:",
                "title": "Edu @ IDMIL",
                "id": 1,
                "title_link": "https:\/\/www.google.com\/calendar\/event?eid=M3U4ZnYxcWM4djdsNGJnb3VuaXQ2ajExMHMgY3NwOXAzdXVuODAzaWVmNHMycTJlNDc4NmNAZw",
                "color": "fbe983",
                "mrkdwn_in": [
                    "text",
                    "pretext"
                ]
            }
        ]
    },
    {
        "type": "message",
        "subtype": "bot_message",
        "text": "",
        "ts": "1607439690.000200",
        "username": "IDMIL Meeting Space",
        "bot_id": "B013NHGF1S7",
        "attachments": [
            {
                "fallback": "IDMIL Meeting: <!date^1607443200^{date_short_pretty} from {time}|December 8th, 2020 from 11:00 AM> to <!date^1607446800^{time}|12:00 PM GMT-0500>",
                "text": "<!date^1607443200^{date_short_pretty} from {time}|December 8th, 2020 from 11:00 AM> to <!date^1607446800^{time}|12:00 PM GMT-0500>",
                "pretext": "Event starting in 1 hour:",
                "title": "IDMIL Meeting",
                "id": 1,
                "title_link": "https:\/\/www.google.com\/calendar\/event?eid=dmd0bDAwYzh2N2NrOWE0ZWc2YjI4aGF1ZjZfMjAyMDEyMDhUMTYwMDAwWiA5ZnUwdTcxcGRtMmJhNzgxc3A2OXJ2bmh1Z0Bn",
                "color": "cabdbf",
                "mrkdwn_in": [
                    "text",
                    "pretext"
                ]
            }
        ]
    },
    {
        "type": "message",
        "subtype": "bot_message",
        "text": "",
        "ts": "1607443303.000300",
        "username": "IDMIL Schedule",
        "bot_id": "B0182SVN8A2",
        "attachments": [
            {
                "fallback": "IDMIL Meetings Fall 2020: <!date^1607443200^{date_short_pretty} from {time}|December 8th, 2020 from 11:00 AM> to <!date^1607446800^{time}|12:00 PM GMT-0500>",
                "text": "<!date^1607443200^{date_short_pretty} from {time}|December 8th, 2020 from 11:00 AM> to <!date^1607446800^{time}|12:00 PM GMT-0500>",
                "pretext": "Event starting now:",
                "title": "IDMIL Meetings Fall 2020",
                "id": 1,
                "title_link": "https:\/\/www.google.com\/calendar\/event?eid=NHZpc3AwMDljZGNrNGVjZHJoMDJzNm52MTBfMjAyMDEyMDhUMTYwMDAwWiBjc3A5cDN1dW44MDNpZWY0czJxMmU0Nzg2Y0Bn",
                "color": "fbe983",
                "mrkdwn_in": [
                    "text",
                    "pretext"
                ]
            }
        ]
    }
]