[
    {
        "type": "message",
        "subtype": "bot_message",
        "text": "",
        "ts": "1598361301.000100",
        "username": "IDMIL Schedule",
        "bot_id": "B0182SVN8A2",
        "attachments": [
            {
                "fallback": "Edu @ IDMIL: <!date^1598361300^{date_short_pretty} from {time}|August 25th, 2020 from 9:15 AM> to <!date^1598378400^{time}|2:00 PM GMT-0400>",
                "text": "<!date^1598361300^{date_short_pretty} from {time}|August 25th, 2020 from 9:15 AM> to <!date^1598378400^{time}|2:00 PM GMT-0400>",
                "pretext": "Event starting now:",
                "title": "Edu @ IDMIL",
                "id": 1,
                "title_link": "https:\/\/www.google.com\/calendar\/event?eid=NmdxajZlOWxjOHM2OGI5Z2NoZ2owYjlrNjRvajZiYjFjOG9tYWI5amM0bzY2cDlvNzByM2dkaGdjbyBjc3A5cDN1dW44MDNpZWY0czJxMmU0Nzg2Y0Bn",
                "color": "fbe983",
                "mrkdwn_in": [
                    "text",
                    "pretext"
                ]
            }
        ]
    },
    {
        "type": "message",
        "subtype": "bot_message",
        "text": "",
        "ts": "1598364024.000200",
        "username": "IDMIL Meeting Space",
        "bot_id": "B013NHGF1S7",
        "attachments": [
            {
                "fallback": "MUMT203 demo meeting: <!date^1598367600^{date_short_pretty} from {time}|August 25th, 2020 from 11:00 AM> to <!date^1598371200^{time}|12:00 PM GMT-0400>",
                "text": "<!date^1598367600^{date_short_pretty} from {time}|August 25th, 2020 from 11:00 AM> to <!date^1598371200^{time}|12:00 PM GMT-0400>",
                "pretext": "Event starting in 1 hour:",
                "title": "MUMT203 demo meeting",
                "id": 1,
                "title_link": "https:\/\/www.google.com\/calendar\/event?eid=NThnNW1tajgyOGZubHZlbHM4anA0dmhsaDUgOWZ1MHU3MXBkbTJiYTc4MXNwNjlydm5odWdAZw",
                "color": "cabdbf",
                "mrkdwn_in": [
                    "text",
                    "pretext"
                ]
            }
        ]
    }
]