[
    {
        "client_msg_id": "0ba56977-17d7-4d82-88e7-6fae16fea975",
        "type": "message",
        "text": "hello guys!\nthe meeting tomorrow will be 10 am (Montreal time), right?",
        "user": "U010T8BJF7Y",
        "ts": "1585675690.008400",
        "blocks": [
            {
                "type": "rich_text",
                "block_id": "7ln",
                "elements": [
                    {
                        "type": "rich_text_section",
                        "elements": [
                            {
                                "type": "text",
                                "text": "hello guys!\nthe meeting tomorrow will be 10 am (Montreal time), right?"
                            }
                        ]
                    }
                ]
            }
        ],
        "team": "TJPN85XRA",
        "user_team": "TJPN85XRA",
        "source_team": "TJPN85XRA",
        "user_profile": {
            "avatar_hash": "g5211a9f8d16",
            "image_72": "https:\/\/secure.gravatar.com\/avatar\/5211a9f8d161020fbd5c1a6081fd5af6.jpg?s=72&d=https%3A%2F%2Fa.slack-edge.com%2Fdf10d%2Fimg%2Favatars%2Fava_0006-72.png",
            "first_name": "",
            "real_name": "Anésio Azevedo",
            "display_name": "Anésio Azevedo",
            "team": "TJPN85XRA",
            "name": "anesio.azevedo",
            "is_restricted": false,
            "is_ultra_restricted": false
        }
    },
    {
        "client_msg_id": "f5576282-798b-4112-aebc-ca3e9b75f2fc",
        "type": "message",
        "text": "Yes",
        "user": "UJCU8BAAW",
        "ts": "1585675712.008600",
        "blocks": [
            {
                "type": "rich_text",
                "block_id": "uF7",
                "elements": [
                    {
                        "type": "rich_text_section",
                        "elements": [
                            {
                                "type": "text",
                                "text": "Yes"
                            }
                        ]
                    }
                ]
            }
        ],
        "team": "TJPN85XRA",
        "user_team": "TJPN85XRA",
        "source_team": "TJPN85XRA",
        "user_profile": {
            "avatar_hash": "d49c462f5537",
            "image_72": "https:\/\/avatars.slack-edge.com\/2021-06-14\/2154581376263_d49c462f5537edde8dbb_72.jpg",
            "first_name": "Edu",
            "real_name": "Edu Meneses",
            "display_name": "Edu Meneses",
            "team": "TJPN85XRA",
            "name": "eduardo.meneses",
            "is_restricted": false,
            "is_ultra_restricted": false
        }
    },
    {
        "client_msg_id": "287d8ca5-f036-44dd-936f-3cf098f1a8a6",
        "type": "message",
        "text": "thank you!\nsee you tomorrow",
        "user": "U010T8BJF7Y",
        "ts": "1585675810.008900",
        "blocks": [
            {
                "type": "rich_text",
                "block_id": "Mkt92",
                "elements": [
                    {
                        "type": "rich_text_section",
                        "elements": [
                            {
                                "type": "text",
                                "text": "thank you!\nsee you tomorrow"
                            }
                        ]
                    }
                ]
            }
        ],
        "team": "TJPN85XRA",
        "user_team": "TJPN85XRA",
        "source_team": "TJPN85XRA",
        "user_profile": {
            "avatar_hash": "g5211a9f8d16",
            "image_72": "https:\/\/secure.gravatar.com\/avatar\/5211a9f8d161020fbd5c1a6081fd5af6.jpg?s=72&d=https%3A%2F%2Fa.slack-edge.com%2Fdf10d%2Fimg%2Favatars%2Fava_0006-72.png",
            "first_name": "",
            "real_name": "Anésio Azevedo",
            "display_name": "Anésio Azevedo",
            "team": "TJPN85XRA",
            "name": "anesio.azevedo",
            "is_restricted": false,
            "is_ultra_restricted": false
        }
    },
    {
        "client_msg_id": "c6d6b6e0-5328-4de7-840c-c4bd2fd49cf8",
        "type": "message",
        "text": "we have to set up some ideas to the new proposal",
        "user": "U010T8BJF7Y",
        "ts": "1585675825.009400",
        "blocks": [
            {
                "type": "rich_text",
                "block_id": "QZ9d",
                "elements": [
                    {
                        "type": "rich_text_section",
                        "elements": [
                            {
                                "type": "text",
                                "text": "we have to set up some ideas to the new proposal"
                            }
                        ]
                    }
                ]
            }
        ],
        "team": "TJPN85XRA",
        "user_team": "TJPN85XRA",
        "source_team": "TJPN85XRA",
        "user_profile": {
            "avatar_hash": "g5211a9f8d16",
            "image_72": "https:\/\/secure.gravatar.com\/avatar\/5211a9f8d161020fbd5c1a6081fd5af6.jpg?s=72&d=https%3A%2F%2Fa.slack-edge.com%2Fdf10d%2Fimg%2Favatars%2Fava_0006-72.png",
            "first_name": "",
            "real_name": "Anésio Azevedo",
            "display_name": "Anésio Azevedo",
            "team": "TJPN85XRA",
            "name": "anesio.azevedo",
            "is_restricted": false,
            "is_ultra_restricted": false
        }
    },
    {
        "client_msg_id": "dd84cefd-1198-4029-9229-8295a8c08d8d",
        "type": "message",
        "text": "we talk tomorrow then",
        "user": "U010T8BJF7Y",
        "ts": "1585675832.009600",
        "blocks": [
            {
                "type": "rich_text",
                "block_id": "S24J",
                "elements": [
                    {
                        "type": "rich_text_section",
                        "elements": [
                            {
                                "type": "text",
                                "text": "we talk tomorrow then"
                            }
                        ]
                    }
                ]
            }
        ],
        "team": "TJPN85XRA",
        "user_team": "TJPN85XRA",
        "source_team": "TJPN85XRA",
        "user_profile": {
            "avatar_hash": "g5211a9f8d16",
            "image_72": "https:\/\/secure.gravatar.com\/avatar\/5211a9f8d161020fbd5c1a6081fd5af6.jpg?s=72&d=https%3A%2F%2Fa.slack-edge.com%2Fdf10d%2Fimg%2Favatars%2Fava_0006-72.png",
            "first_name": "",
            "real_name": "Anésio Azevedo",
            "display_name": "Anésio Azevedo",
            "team": "TJPN85XRA",
            "name": "anesio.azevedo",
            "is_restricted": false,
            "is_ultra_restricted": false
        }
    },
    {
        "client_msg_id": "C0006092-F74E-43B5-A4A9-3FEAFA47DEBF",
        "type": "message",
        "text": "Let’s meet right after the meeting",
        "user": "UJSJMACMC",
        "ts": "1585676382.009900",
        "blocks": [
            {
                "type": "rich_text",
                "block_id": "\/o9G0",
                "elements": [
                    {
                        "type": "rich_text_section",
                        "elements": [
                            {
                                "type": "text",
                                "text": "Let’s meet right after the meeting"
                            }
                        ]
                    }
                ]
            }
        ],
        "team": "TJPN85XRA",
        "user_team": "TJPN85XRA",
        "source_team": "TJPN85XRA",
        "user_profile": {
            "avatar_hash": "g6469eb15662",
            "image_72": "https:\/\/secure.gravatar.com\/avatar\/f6469eb15662c142e04293e07926ec97.jpg?s=72&d=https%3A%2F%2Fa.slack-edge.com%2Fdf10d%2Fimg%2Favatars%2Fava_0025-72.png",
            "first_name": "",
            "real_name": "johnty",
            "display_name": "johnty",
            "team": "TJPN85XRA",
            "name": "johntywang",
            "is_restricted": false,
            "is_ultra_restricted": false
        }
    },
    {
        "client_msg_id": "a72741eb-5ca3-4135-8dc2-a6debd3b747c",
        "type": "message",
        "text": "ok!",
        "user": "U010T8BJF7Y",
        "ts": "1585681517.010200",
        "blocks": [
            {
                "type": "rich_text",
                "block_id": "wfT",
                "elements": [
                    {
                        "type": "rich_text_section",
                        "elements": [
                            {
                                "type": "text",
                                "text": "ok!"
                            }
                        ]
                    }
                ]
            }
        ],
        "team": "TJPN85XRA",
        "user_team": "TJPN85XRA",
        "source_team": "TJPN85XRA",
        "user_profile": {
            "avatar_hash": "g5211a9f8d16",
            "image_72": "https:\/\/secure.gravatar.com\/avatar\/5211a9f8d161020fbd5c1a6081fd5af6.jpg?s=72&d=https%3A%2F%2Fa.slack-edge.com%2Fdf10d%2Fimg%2Favatars%2Fava_0006-72.png",
            "first_name": "",
            "real_name": "Anésio Azevedo",
            "display_name": "Anésio Azevedo",
            "team": "TJPN85XRA",
            "name": "anesio.azevedo",
            "is_restricted": false,
            "is_ultra_restricted": false
        }
    }
]