[
    {
        "type": "message",
        "subtype": "bot_message",
        "text": "",
        "ts": "1605189656.000100",
        "username": "IDMIL Schedule",
        "bot_id": "B0182SVN8A2",
        "attachments": [
            {
                "fallback": "Edu@IDMIL: <!date^1605189600^{date_short_pretty} from {time}|November 12th, 2020 from 9:00 AM> to <!date^1605207600^{time}|2:00 PM GMT-0500>",
                "text": "<!date^1605189600^{date_short_pretty} from {time}|November 12th, 2020 from 9:00 AM> to <!date^1605207600^{time}|2:00 PM GMT-0500>",
                "pretext": "Event starting now:",
                "title": "Edu@IDMIL",
                "id": 1,
                "title_link": "https:\/\/www.google.com\/calendar\/event?eid=NjBwajhwYjE2dGg2YWI5b2M0bzY0YjlrNmdvbWNiOXA3MHE2MmI5aTcwc2owb2htNjhxNjRvaGpjbyBjc3A5cDN1dW44MDNpZWY0czJxMmU0Nzg2Y0Bn",
                "color": "fbe983",
                "mrkdwn_in": [
                    "text",
                    "pretext"
                ]
            }
        ]
    }
]