[
    {
        "type": "message",
        "subtype": "bot_message",
        "text": "",
        "ts": "1599681602.000100",
        "username": "IDMIL Schedule",
        "bot_id": "B0182SVN8A2",
        "attachments": [
            {
                "fallback": "Virtual class GLP at SPCL: <!date^1599681600^{date_short_pretty} from {time}|September 9th, 2020 from 4:00 PM> to <!date^1599692400^{time}|7:00 PM GMT-0400>",
                "text": "<!date^1599681600^{date_short_pretty} from {time}|September 9th, 2020 from 4:00 PM> to <!date^1599692400^{time}|7:00 PM GMT-0400>",
                "pretext": "Event starting now:",
                "title": "Virtual class GLP at SPCL",
                "id": 1,
                "title_link": "https:\/\/www.google.com\/calendar\/event?eid=Mzh2Yzh1cG5yNnJlcHZlbzJ2Nmd0dGNsMTEgY3NwOXAzdXVuODAzaWVmNHMycTJlNDc4NmNAZw",
                "color": "fbe983",
                "mrkdwn_in": [
                    "text",
                    "pretext"
                ]
            }
        ]
    }
]