[
    {
        "type": "message",
        "subtype": "bot_message",
        "text": "",
        "ts": "1612449001.000400",
        "username": "IDMIL Schedule",
        "bot_id": "B0182SVN8A2",
        "attachments": [
            {
                "fallback": "Edu @ IDMIL: <!date^1612449000^{date_short_pretty} from {time}|February 4th, 2021 from 9:30 AM> to <!date^1612461600^{time}|1:00 PM GMT-0500>",
                "text": "<!date^1612449000^{date_short_pretty} from {time}|February 4th, 2021 from 9:30 AM> to <!date^1612461600^{time}|1:00 PM GMT-0500>",
                "pretext": "Event starting now:",
                "title": "Edu @ IDMIL",
                "id": 1,
                "title_link": "https:\/\/www.google.com\/calendar\/event?eid=NjhxbTJwMzVjZGkzMmI5bWNrcjZhYjlrNnBqM2NiYjE2Y29tMmI5bTY0b200Y2oyNzFpM2djMW42MCBjc3A5cDN1dW44MDNpZWY0czJxMmU0Nzg2Y0Bn",
                "color": "fbe983",
                "mrkdwn_in": [
                    "text",
                    "pretext"
                ]
            }
        ]
    }
]