[
    {
        "type": "message",
        "subtype": "bot_message",
        "text": "",
        "ts": "1625491801.000100",
        "username": "IDMIL Schedule",
        "bot_id": "B0182SVN8A2",
        "attachments": [
            {
                "fallback": "Pierre @ IDMIL: <!date^1625491800^{date_short_pretty} from {time}|July 5th, 2021 from 9:30 AM> to <!date^1625499000^{time}|11:30 AM GMT-0400>",
                "text": "<!date^1625491800^{date_short_pretty} from {time}|July 5th, 2021 from 9:30 AM> to <!date^1625499000^{time}|11:30 AM GMT-0400>",
                "pretext": "Event starting now:",
                "title": "Pierre @ IDMIL",
                "id": 1,
                "title_link": "https:\/\/www.google.com\/calendar\/event?eid=N3NsMWVyY2FkZTFmMjRnOGFsbmhkYXY1ZnQgY3NwOXAzdXVuODAzaWVmNHMycTJlNDc4NmNAZw",
                "color": "fbe983",
                "mrkdwn_in": [
                    "text",
                    "pretext"
                ]
            }
        ]
    }
]