[
    {
        "type": "message",
        "subtype": "bot_message",
        "text": "",
        "ts": "1610633701.000100",
        "username": "IDMIL Schedule",
        "bot_id": "B0182SVN8A2",
        "attachments": [
            {
                "fallback": "Edu @ IDMIL: <!date^1610633700^{date_short_pretty} from {time}|January 14th, 2021 from 9:15 AM> to <!date^1610637300^{time}|10:15 AM GMT-0500>",
                "text": "<!date^1610633700^{date_short_pretty} from {time}|January 14th, 2021 from 9:15 AM> to <!date^1610637300^{time}|10:15 AM GMT-0500>",
                "pretext": "Event starting now:",
                "title": "Edu @ IDMIL",
                "id": 1,
                "title_link": "https:\/\/www.google.com\/calendar\/event?eid=NjhzamlvcjI2b3M2MmJiNDYwcm1hYjlrNm9ybTRiOXA2NHJqaWJiMTY5aTM4ZGhtNjhzM2llMWdjOCBjc3A5cDN1dW44MDNpZWY0czJxMmU0Nzg2Y0Bn",
                "color": "fbe983",
                "mrkdwn_in": [
                    "text",
                    "pretext"
                ]
            }
        ]
    }
]