[
    {
        "type": "message",
        "subtype": "bot_message",
        "text": "",
        "ts": "1629138601.000100",
        "username": "IDMIL Schedule",
        "bot_id": "B0182SVN8A2",
        "attachments": [
            {
                "fallback": "Pierre @IDMIL: <!date^1629138600^{date_short_pretty} from {time}|August 16th, 2021 from 2:30 PM> to <!date^1629145800^{time}|4:30 PM GMT-0400>",
                "text": "<!date^1629138600^{date_short_pretty} from {time}|August 16th, 2021 from 2:30 PM> to <!date^1629145800^{time}|4:30 PM GMT-0400>",
                "pretext": "Event starting now:",
                "title": "Pierre @IDMIL",
                "id": 1,
                "title_link": "https:\/\/www.google.com\/calendar\/event?eid=Mm9tdHAxdTlhYnBuYnRkazM1cjIzY3MzdXAgY3NwOXAzdXVuODAzaWVmNHMycTJlNDc4NmNAZw",
                "color": "fbe983",
                "mrkdwn_in": [
                    "text",
                    "pretext"
                ]
            }
        ]
    }
]