[
    {
        "type": "message",
        "subtype": "bot_message",
        "text": "",
        "ts": "1626287401.000100",
        "username": "IDMIL Schedule",
        "bot_id": "B0182SVN8A2",
        "attachments": [
            {
                "fallback": "Pierre @IDMIL: <!date^1626287400^{date_short_pretty} from {time}|July 14th, 2021 from 2:30 PM> to <!date^1626296400^{time}|5:00 PM GMT-0400>",
                "text": "<!date^1626287400^{date_short_pretty} from {time}|July 14th, 2021 from 2:30 PM> to <!date^1626296400^{time}|5:00 PM GMT-0400>",
                "pretext": "Event starting now:",
                "title": "Pierre @IDMIL",
                "id": 1,
                "title_link": "https:\/\/www.google.com\/calendar\/event?eid=MzI2dnBpdjJuYzhjbjk5bGI1NWZvbm9kaWggY3NwOXAzdXVuODAzaWVmNHMycTJlNDc4NmNAZw",
                "color": "fbe983",
                "mrkdwn_in": [
                    "text",
                    "pretext"
                ]
            }
        ]
    }
]