[
    {
        "type": "message",
        "subtype": "bot_message",
        "text": "",
        "ts": "1615814101.000100",
        "username": "IDMIL Schedule",
        "bot_id": "B0182SVN8A2",
        "attachments": [
            {
                "fallback": "Edu @ IDMIL: <!date^1615814100^{date_short_pretty} from {time}|March 15th, 2021 from 9:15 AM> to <!date^1615841100^{time}|4:45 PM GMT-0400>",
                "text": "<!date^1615814100^{date_short_pretty} from {time}|March 15th, 2021 from 9:15 AM> to <!date^1615841100^{time}|4:45 PM GMT-0400>",
                "pretext": "Event starting now:",
                "title": "Edu @ IDMIL",
                "id": 1,
                "title_link": "https:\/\/www.google.com\/calendar\/event?eid=MnZvcG1waWthMDZsNm9sdmlwOG0zdGVycmUgY3NwOXAzdXVuODAzaWVmNHMycTJlNDc4NmNAZw",
                "color": "fbe983",
                "mrkdwn_in": [
                    "text",
                    "pretext"
                ]
            }
        ]
    }
]