[
    {
        "type": "message",
        "subtype": "bot_message",
        "text": "",
        "ts": "1618232406.000400",
        "username": "IDMIL Schedule",
        "bot_id": "B0182SVN8A2",
        "attachments": [
            {
                "fallback": "Edu @ IDMIL: <!date^1618232400^{date_short_pretty} from {time}|April 12th, 2021 from 9:00 AM> to <!date^1618257600^{time}|4:00 PM GMT-0400>",
                "text": "<!date^1618232400^{date_short_pretty} from {time}|April 12th, 2021 from 9:00 AM> to <!date^1618257600^{time}|4:00 PM GMT-0400>",
                "pretext": "Event starting now:",
                "title": "Edu @ IDMIL",
                "id": 1,
                "title_link": "https:\/\/www.google.com\/calendar\/event?eid=MTIycGNiMzh1aW03YnIzMGo1MWQzcmdobWEgY3NwOXAzdXVuODAzaWVmNHMycTJlNDc4NmNAZw",
                "color": "fbe983",
                "mrkdwn_in": [
                    "text",
                    "pretext"
                ]
            }
        ]
    }
]