[
    {
        "type": "message",
        "subtype": "bot_message",
        "text": "",
        "ts": "1612188901.000100",
        "username": "IDMIL Schedule",
        "bot_id": "B0182SVN8A2",
        "attachments": [
            {
                "fallback": "Edu @ IDMIL: <!date^1612188900^{date_short_pretty} from {time}|February 1st, 2021 from 9:15 AM> to <!date^1612198800^{time}|12:00 PM GMT-0500>",
                "text": "<!date^1612188900^{date_short_pretty} from {time}|February 1st, 2021 from 9:15 AM> to <!date^1612198800^{time}|12:00 PM GMT-0500>",
                "pretext": "Event starting now:",
                "title": "Edu @ IDMIL",
                "id": 1,
                "title_link": "https:\/\/www.google.com\/calendar\/event?eid=MzZjMmIyY2phaWl2cW5xcXY1Yzdtc3VuOW4gY3NwOXAzdXVuODAzaWVmNHMycTJlNDc4NmNAZw",
                "color": "fbe983",
                "mrkdwn_in": [
                    "text",
                    "pretext"
                ]
            }
        ]
    }
]