[
    {
        "type": "message",
        "subtype": "bot_message",
        "text": "",
        "ts": "1615903259.000100",
        "username": "IDMIL Meeting Space",
        "bot_id": "B013NHGF1S7",
        "attachments": [
            {
                "fallback": "IDMIL MEETING: <!date^1615906800^{date_short_pretty} from {time}|March 16th, 2021 from 11:00 AM> to <!date^1615910400^{time}|12:00 PM GMT-0400>",
                "text": "<!date^1615906800^{date_short_pretty} from {time}|March 16th, 2021 from 11:00 AM> to <!date^1615910400^{time}|12:00 PM GMT-0400>",
                "pretext": "Event starting in 1 hour:",
                "title": "IDMIL MEETING",
                "id": 1,
                "title_link": "https:\/\/www.google.com\/calendar\/event?eid=XzY5MWplY2kyNjByajRiYTY2MTI0Y2I5azY0cGthYjlwNzRwa2FiOWo2bDBqaWMyNjY0czQ2ZzluNzRfMjAyMTAzMTZUMTUwMDAwWiA5ZnUwdTcxcGRtMmJhNzgxc3A2OXJ2bmh1Z0Bn",
                "color": "cabdbf",
                "mrkdwn_in": [
                    "text",
                    "pretext"
                ]
            }
        ]
    }
]