[
    {
        "client_msg_id": "d963cc50-c5b9-4637-a843-bc9357c07c04",
        "type": "message",
        "text": "Hi everyone! Ready for the fall 2021 semester to start?",
        "user": "U029MNKJ0DR",
        "ts": "1627586925.000300",
        "blocks": [
            {
                "type": "rich_text",
                "block_id": "SLe",
                "elements": [
                    {
                        "type": "rich_text_section",
                        "elements": [
                            {
                                "type": "text",
                                "text": "Hi everyone! Ready for the fall 2021 semester to start?"
                            }
                        ]
                    }
                ]
            }
        ],
        "team": "TJPN85XRA",
        "user_team": "TJPN85XRA",
        "source_team": "TJPN85XRA",
        "user_profile": {
            "avatar_hash": "f350669b1e49",
            "image_72": "https:\/\/avatars.slack-edge.com\/2021-07-29\/2324539512645_f350669b1e496193ea11_72.jpg",
            "first_name": "",
            "real_name": "Paul Buser",
            "display_name": "Paul Buser",
            "team": "TJPN85XRA",
            "name": "buser.paul",
            "is_restricted": false,
            "is_ultra_restricted": false
        }
    }
]