[
    {
        "type": "message",
        "subtype": "bot_message",
        "text": "",
        "ts": "1628180101.000100",
        "username": "IDMIL Schedule",
        "bot_id": "B0182SVN8A2",
        "attachments": [
            {
                "fallback": "Pierre @IDMIL: <!date^1628180100^{date_short_pretty} from {time}|August 5th, 2021 from 12:15 PM> to <!date^1628186400^{time}|2:00 PM GMT-0400>",
                "text": "<!date^1628180100^{date_short_pretty} from {time}|August 5th, 2021 from 12:15 PM> to <!date^1628186400^{time}|2:00 PM GMT-0400>",
                "pretext": "Event starting now:",
                "title": "Pierre @IDMIL",
                "id": 1,
                "title_link": "https:\/\/www.google.com\/calendar\/event?eid=Nml0bDVkdGwycHNwbzZqYmV1ZGFzZnY5M3QgY3NwOXAzdXVuODAzaWVmNHMycTJlNDc4NmNAZw",
                "color": "fbe983",
                "mrkdwn_in": [
                    "text",
                    "pretext"
                ]
            }
        ]
    }
]