[
    {
        "type": "message",
        "subtype": "bot_message",
        "text": "",
        "ts": "1622466901.000100",
        "username": "IDMIL Schedule",
        "bot_id": "B0182SVN8A2",
        "attachments": [
            {
                "fallback": "Edu @ IDMIL: <!date^1622466900^{date_short_pretty} from {time}|May 31st, 2021 from 9:15 AM> to <!date^1622494800^{time}|5:00 PM GMT-0400>",
                "text": "<!date^1622466900^{date_short_pretty} from {time}|May 31st, 2021 from 9:15 AM> to <!date^1622494800^{time}|5:00 PM GMT-0400>",
                "pretext": "Event starting now:",
                "title": "Edu @ IDMIL",
                "id": 1,
                "title_link": "https:\/\/www.google.com\/calendar\/event?eid=NzBwbTZkcGpjOWdqaWJiNGNvc20yYjlrY2dvM2FiYjI2OHFqMGI5azZoaW1hb3I2Y2hoMzRvcG02ayBjc3A5cDN1dW44MDNpZWY0czJxMmU0Nzg2Y0Bn",
                "color": "fbe983",
                "mrkdwn_in": [
                    "text",
                    "pretext"
                ]
            }
        ]
    }
]