[
    {
        "type": "message",
        "subtype": "bot_message",
        "text": "",
        "ts": "1613397609.000100",
        "username": "IDMIL Schedule",
        "bot_id": "B0182SVN8A2",
        "attachments": [
            {
                "fallback": "Edu @ IDMIL: <!date^1613397600^{date_short_pretty} from {time}|February 15th, 2021 from 9:00 AM> to <!date^1613412000^{time}|1:00 PM GMT-0500>",
                "text": "<!date^1613397600^{date_short_pretty} from {time}|February 15th, 2021 from 9:00 AM> to <!date^1613412000^{time}|1:00 PM GMT-0500>",
                "pretext": "Event starting now:",
                "title": "Edu @ IDMIL",
                "id": 1,
                "title_link": "https:\/\/www.google.com\/calendar\/event?eid=MnBmZmpzZzJ2YWIzYnZkbDZ1Z2ZkaXRnbHAgY3NwOXAzdXVuODAzaWVmNHMycTJlNDc4NmNAZw",
                "color": "fbe983",
                "mrkdwn_in": [
                    "text",
                    "pretext"
                ]
            }
        ]
    }
]