[
    {
        "client_msg_id": "dea8d490-1d38-42de-baf7-519d8012cafd",
        "type": "message",
        "text": "Hello everyone!\n\nEdith Viau (doc Metalab) and I will be at IDMIL *tomorrow, October 13, from 15h30 to 17h* to present some of Metalab's documentation practices and hopefully start working together to research best practices for documenting research and DMI development. Some topics include applicability, information for the users, and research results.\n\nI hope to see you all there tomorrow!",
        "user": "UJCU8BAAW",
        "ts": "1665592288.629379",
        "blocks": [
            {
                "type": "rich_text",
                "block_id": "CQ5U",
                "elements": [
                    {
                        "type": "rich_text_section",
                        "elements": [
                            {
                                "type": "text",
                                "text": "Hello everyone!\n\nEdith Viau (doc Metalab) and I will be at IDMIL "
                            },
                            {
                                "type": "text",
                                "text": "tomorrow, October 13, from 15h30 to 17h",
                                "style": {
                                    "bold": true
                                }
                            },
                            {
                                "type": "text",
                                "text": " to present some of Metalab's documentation practices and hopefully start working together to research best practices for documenting research and DMI development. Some topics include applicability, information for the users, and research results.\n\nI hope to see you all there tomorrow!"
                            }
                        ]
                    }
                ]
            }
        ],
        "team": "TJPN85XRA",
        "user_team": "TJPN85XRA",
        "source_team": "TJPN85XRA",
        "user_profile": {
            "avatar_hash": "d49c462f5537",
            "image_72": "https:\/\/avatars.slack-edge.com\/2021-06-14\/2154581376263_d49c462f5537edde8dbb_72.jpg",
            "first_name": "Edu",
            "real_name": "Edu Meneses",
            "display_name": "Edu Meneses",
            "team": "TJPN85XRA",
            "name": "eduardo.meneses",
            "is_restricted": false,
            "is_ultra_restricted": false
        },
        "thread_ts": "1665592288.629379",
        "reply_count": 4,
        "reply_users_count": 4,
        "latest_reply": "1665689359.773269",
        "reply_users": [
            "UJCU8BAAW",
            "U01APBW5N2J",
            "U010FMZRE4A",
            "U03JWS43U3H"
        ],
        "replies": [
            {
                "user": "UJCU8BAAW",
                "ts": "1665592343.223319"
            },
            {
                "user": "U01APBW5N2J",
                "ts": "1665611616.825389"
            },
            {
                "user": "U010FMZRE4A",
                "ts": "1665613929.753989"
            },
            {
                "user": "U03JWS43U3H",
                "ts": "1665689359.773269"
            }
        ],
        "is_locked": false,
        "subscribed": false,
        "reactions": [
            {
                "name": "+1::skin-tone-6",
                "users": [
                    "U03JWS43U3H"
                ],
                "count": 1
            },
            {
                "name": "+1",
                "users": [
                    "U03NRB57K60",
                    "U01APBW5N2J"
                ],
                "count": 2
            }
        ]
    },
    {
        "client_msg_id": "e5fd49e7-0b99-4711-9708-ef2f0253b664",
        "type": "message",
        "text": "<@U010FMZRE4A> and <@U01APBW5N2J>, that might be interesting for your T-Stick educational kit",
        "user": "UJCU8BAAW",
        "ts": "1665592343.223319",
        "blocks": [
            {
                "type": "rich_text",
                "block_id": "3932c",
                "elements": [
                    {
                        "type": "rich_text_section",
                        "elements": [
                            {
                                "type": "user",
                                "user_id": "U010FMZRE4A"
                            },
                            {
                                "type": "text",
                                "text": " and "
                            },
                            {
                                "type": "user",
                                "user_id": "U01APBW5N2J"
                            },
                            {
                                "type": "text",
                                "text": ", that might be interesting for your T-Stick educational kit"
                            }
                        ]
                    }
                ]
            }
        ],
        "team": "TJPN85XRA",
        "user_team": "TJPN85XRA",
        "source_team": "TJPN85XRA",
        "user_profile": {
            "avatar_hash": "d49c462f5537",
            "image_72": "https:\/\/avatars.slack-edge.com\/2021-06-14\/2154581376263_d49c462f5537edde8dbb_72.jpg",
            "first_name": "Edu",
            "real_name": "Edu Meneses",
            "display_name": "Edu Meneses",
            "team": "TJPN85XRA",
            "name": "eduardo.meneses",
            "is_restricted": false,
            "is_ultra_restricted": false
        },
        "thread_ts": "1665592288.629379",
        "parent_user_id": "UJCU8BAAW",
        "reactions": [
            {
                "name": "+1",
                "users": [
                    "U01APBW5N2J"
                ],
                "count": 1
            }
        ]
    },
    {
        "client_msg_id": "bd4e3826-2682-4890-8f0d-43dd73f15e3b",
        "type": "message",
        "text": "Message from Caroline Guo who was an intern at the lab:",
        "user": "UKGLCA1GS",
        "ts": "1665595887.641819",
        "blocks": [
            {
                "type": "rich_text",
                "block_id": "uRS0N",
                "elements": [
                    {
                        "type": "rich_text_section",
                        "elements": [
                            {
                                "type": "text",
                                "text": "Message from Caroline Guo who was an intern at the lab:"
                            }
                        ]
                    }
                ]
            }
        ],
        "team": "TJPN85XRA",
        "user_team": "TJPN85XRA",
        "source_team": "TJPN85XRA",
        "user_profile": {
            "avatar_hash": "82cc3b048607",
            "image_72": "https:\/\/avatars.slack-edge.com\/2022-07-25\/3850040330500_82cc3b048607f33add6e_72.jpg",
            "first_name": "",
            "real_name": "Marcelo Wanderley",
            "display_name": "Marcelo Wanderley",
            "team": "TJPN85XRA",
            "name": "marcelo.wanderley",
            "is_restricted": false,
            "is_ultra_restricted": false
        }
    },
    {
        "client_msg_id": "885ddce2-794d-4605-b8a5-2d7aea4886ac",
        "type": "message",
        "text": "&gt; Hi Marcelo,\n&gt; \n&gt; I hope you are doing well! On October 25th at 6:30pm EST, my organization INSM will be holding our first in-person event - our 2022\/23 Official Kick-Off event. I would like to invite you to speak again at our event, but I’m not sure if you would be available as I saw that you are on sabbatical leave this year. If you happen to be available to attend, I would be happy to share further details (as before, no preparation required). Otherwise, we would love for any interested IDMIL members to come speak or attend as a guest!\n&gt; \n&gt; Facebook Event Page:  <https:\/\/fb.me\/e\/2UCqO7VDm>\n&gt; Registration Form:  <https:\/\/forms.gle\/qajY8eLLYw4W1tqi8>\n&gt; \n&gt; Thanks and I look forward to hearing back from you!\n&gt; Caroline\n",
        "user": "UKGLCA1GS",
        "ts": "1665595890.110959",
        "blocks": [
            {
                "type": "rich_text",
                "block_id": "iascc",
                "elements": [
                    {
                        "type": "rich_text_quote",
                        "elements": [
                            {
                                "type": "text",
                                "text": "Hi Marcelo,\n\nI hope you are doing well! On October 25th at 6:30pm EST, my organization INSM will be holding our first in-person event - our 2022\/23 Official Kick-Off event. I would like to invite you to speak again at our event, but I’m not sure if you would be available as I saw that you are on sabbatical leave this year. If you happen to be available to attend, I would be happy to share further details (as before, no preparation required). Otherwise, we would love for any interested IDMIL members to come speak or attend as a guest!\n\nFacebook Event Page:  "
                            },
                            {
                                "type": "link",
                                "url": "https:\/\/fb.me\/e\/2UCqO7VDm"
                            },
                            {
                                "type": "text",
                                "text": "\nRegistration Form:  "
                            },
                            {
                                "type": "link",
                                "url": "https:\/\/forms.gle\/qajY8eLLYw4W1tqi8"
                            },
                            {
                                "type": "text",
                                "text": "\n\nThanks and I look forward to hearing back from you!\nCaroline"
                            }
                        ]
                    },
                    {
                        "type": "rich_text_section",
                        "elements": []
                    }
                ]
            }
        ],
        "team": "TJPN85XRA",
        "user_team": "TJPN85XRA",
        "source_team": "TJPN85XRA",
        "user_profile": {
            "avatar_hash": "82cc3b048607",
            "image_72": "https:\/\/avatars.slack-edge.com\/2022-07-25\/3850040330500_82cc3b048607f33add6e_72.jpg",
            "first_name": "",
            "real_name": "Marcelo Wanderley",
            "display_name": "Marcelo Wanderley",
            "team": "TJPN85XRA",
            "name": "marcelo.wanderley",
            "is_restricted": false,
            "is_ultra_restricted": false
        },
        "attachments": [
            {
                "from_url": "https:\/\/fb.me\/e\/2UCqO7VDm",
                "image_url": "https:\/\/scontent-iad3-2.xx.fbcdn.net\/v\/t39.30808-6\/310548073_219808257046195_464475745010490240_n.jpg?stp=c171.0.206.206a_dst-jpg_p206x206&_nc_cat=102&ccb=1-7&_nc_sid=b386c4&_nc_ohc=_VdjQH3E4C0AX90kjoT&_nc_ht=scontent-iad3-2.xx&oh=00_AT__WC9v9wYQzbSeSNYrFqpW8Pv2zRoS5zm2WP_lDb7FNg&oe=634B9098",
                "image_width": 206,
                "image_height": 206,
                "image_bytes": 11489,
                "service_icon": "https:\/\/static.xx.fbcdn.net\/rsrc.php\/yD\/r\/d4ZIVX-5C-b.ico",
                "id": 1,
                "original_url": "https:\/\/fb.me\/e\/2UCqO7VDm",
                "fallback": "INSM 2022\/23 Official Kick-Off",
                "text": "The Interdisciplinary Network of Students in Music is a non-profit organization whose mission is to inspire, connect, and support music students in pursuing interdisciplinary studies and professions,...",
                "title": "INSM 2022\/23 Official Kick-Off",
                "title_link": "https:\/\/fb.me\/e\/2UCqO7VDm",
                "service_name": "facebook.com"
            },
            {
                "from_url": "https:\/\/forms.gle\/qajY8eLLYw4W1tqi8",
                "image_url": "https:\/\/lh3.googleusercontent.com\/cu_eIizXrPo7Pj8n8alCCkjbzOH3r6ip8rDdaWLgmTdocKRd3FpUyTqn3Fb0-BeXYQdF9lzVkis",
                "image_width": 333,
                "image_height": 250,
                "image_bytes": 27811,
                "service_icon": "http:\/\/ssl.gstatic.com\/docs\/forms\/device_home\/ios_120.png",
                "id": 2,
                "original_url": "https:\/\/forms.gle\/qajY8eLLYw4W1tqi8",
                "fallback": "Google Docs: 2022\/23 Official Kick-Off Registration",
                "text": "We look forward to having you at this free event on October 25th! Please register via this form if you plan to attend.",
                "title": "2022\/23 Official Kick-Off Registration",
                "title_link": "https:\/\/forms.gle\/qajY8eLLYw4W1tqi8",
                "service_name": "Google Docs"
            }
        ]
    },
    {
        "client_msg_id": "66057119-e26c-4ac8-bb31-582fd596fdfb",
        "type": "message",
        "text": "making sure <@U03RKAGLHTP> at least sees this as well! He wants to help with the t-stick educational package as well",
        "user": "U01APBW5N2J",
        "ts": "1665611616.825389",
        "blocks": [
            {
                "type": "rich_text",
                "block_id": "3mbfa",
                "elements": [
                    {
                        "type": "rich_text_section",
                        "elements": [
                            {
                                "type": "text",
                                "text": "making sure "
                            },
                            {
                                "type": "user",
                                "user_id": "U03RKAGLHTP"
                            },
                            {
                                "type": "text",
                                "text": " at least sees this as well! He wants to help with the t-stick educational package as well"
                            }
                        ]
                    }
                ]
            }
        ],
        "team": "TJPN85XRA",
        "user_team": "TJPN85XRA",
        "source_team": "TJPN85XRA",
        "user_profile": {
            "avatar_hash": "fe0a901d9daf",
            "image_72": "https:\/\/avatars.slack-edge.com\/2020-09-17\/1355731656631_fe0a901d9daf26440442_72.png",
            "first_name": "",
            "real_name": "Kasey Pocius",
            "display_name": "Kasey Pocius",
            "team": "TJPN85XRA",
            "name": "kaseypocius",
            "is_restricted": false,
            "is_ultra_restricted": false
        },
        "thread_ts": "1665592288.629379",
        "parent_user_id": "UJCU8BAAW"
    },
    {
        "client_msg_id": "4458deca-df59-413b-9d32-8b5a353ba12a",
        "type": "message",
        "text": "<@UJCU8BAAW> Thanks for organizing the presentation. I try to attend it, but cannot guarantee it.",
        "user": "U010FMZRE4A",
        "ts": "1665613929.753989",
        "blocks": [
            {
                "type": "rich_text",
                "block_id": "StZ=3",
                "elements": [
                    {
                        "type": "rich_text_section",
                        "elements": [
                            {
                                "type": "user",
                                "user_id": "UJCU8BAAW"
                            },
                            {
                                "type": "text",
                                "text": " Thanks for organizing the presentation. I try to attend it, but cannot guarantee it."
                            }
                        ]
                    }
                ]
            }
        ],
        "team": "TJPN85XRA",
        "user_team": "TJPN85XRA",
        "source_team": "TJPN85XRA",
        "user_profile": {
            "avatar_hash": "c0adc2d8c593",
            "image_72": "https:\/\/avatars.slack-edge.com\/2020-03-26\/1027782097284_c0adc2d8c5932b435e7b_72.jpg",
            "first_name": "",
            "real_name": "Takuto Fukuda",
            "display_name": "Takuto Fukuda",
            "team": "TJPN85XRA",
            "name": "takuto.fukuda",
            "is_restricted": false,
            "is_ultra_restricted": false
        },
        "thread_ts": "1665592288.629379",
        "parent_user_id": "UJCU8BAAW",
        "reactions": [
            {
                "name": "+1::skin-tone-5",
                "users": [
                    "UJCU8BAAW"
                ],
                "count": 1
            }
        ]
    }
]