[
    {
        "client_msg_id": "964dd6bf-6aed-497f-b4fd-8f70b69792c2",
        "type": "message",
        "text": "Did you manage to get this?",
        "user": "UJCU8BAAW",
        "ts": "1667240996.176189",
        "blocks": [
            {
                "type": "rich_text",
                "block_id": "SVmFm",
                "elements": [
                    {
                        "type": "rich_text_section",
                        "elements": [
                            {
                                "type": "text",
                                "text": "Did you manage to get this?"
                            }
                        ]
                    }
                ]
            }
        ],
        "team": "TJPN85XRA",
        "user_team": "TJPN85XRA",
        "source_team": "TJPN85XRA",
        "user_profile": {
            "avatar_hash": "d49c462f5537",
            "image_72": "https:\/\/avatars.slack-edge.com\/2021-06-14\/2154581376263_d49c462f5537edde8dbb_72.jpg",
            "first_name": "Edu",
            "real_name": "Edu Meneses",
            "display_name": "Edu Meneses",
            "team": "TJPN85XRA",
            "name": "eduardo.meneses",
            "is_restricted": false,
            "is_ultra_restricted": false
        },
        "thread_ts": "1667066346.354809",
        "parent_user_id": "U03M3TQP9J4"
    },
    {
        "client_msg_id": "f590f49c-30ec-405c-b59a-5203f21d7104",
        "type": "message",
        "text": "If not, you might need to talk to John Sullivan as he is one of the WP admins for IDMIL (he is currently on France)",
        "user": "UJCU8BAAW",
        "ts": "1667241052.520179",
        "blocks": [
            {
                "type": "rich_text",
                "block_id": "FWBnH",
                "elements": [
                    {
                        "type": "rich_text_section",
                        "elements": [
                            {
                                "type": "text",
                                "text": "If not, you might need to talk to John Sullivan as he is one of the WP admins for IDMIL (he is currently on France)"
                            }
                        ]
                    }
                ]
            }
        ],
        "team": "TJPN85XRA",
        "user_team": "TJPN85XRA",
        "source_team": "TJPN85XRA",
        "user_profile": {
            "avatar_hash": "d49c462f5537",
            "image_72": "https:\/\/avatars.slack-edge.com\/2021-06-14\/2154581376263_d49c462f5537edde8dbb_72.jpg",
            "first_name": "Edu",
            "real_name": "Edu Meneses",
            "display_name": "Edu Meneses",
            "team": "TJPN85XRA",
            "name": "eduardo.meneses",
            "is_restricted": false,
            "is_ultra_restricted": false
        },
        "thread_ts": "1667066346.354809",
        "parent_user_id": "U03M3TQP9J4"
    },
    {
        "client_msg_id": "4d2e88b1-9161-4dd1-b3da-88ee5c6c4442",
        "type": "message",
        "text": "maybe Marcelo knows who else is an admin and can help you",
        "user": "UJCU8BAAW",
        "ts": "1667241073.503589",
        "blocks": [
            {
                "type": "rich_text",
                "block_id": "oVzFH",
                "elements": [
                    {
                        "type": "rich_text_section",
                        "elements": [
                            {
                                "type": "text",
                                "text": "maybe Marcelo knows who else is an admin and can help you"
                            }
                        ]
                    }
                ]
            }
        ],
        "team": "TJPN85XRA",
        "user_team": "TJPN85XRA",
        "source_team": "TJPN85XRA",
        "user_profile": {
            "avatar_hash": "d49c462f5537",
            "image_72": "https:\/\/avatars.slack-edge.com\/2021-06-14\/2154581376263_d49c462f5537edde8dbb_72.jpg",
            "first_name": "Edu",
            "real_name": "Edu Meneses",
            "display_name": "Edu Meneses",
            "team": "TJPN85XRA",
            "name": "eduardo.meneses",
            "is_restricted": false,
            "is_ultra_restricted": false
        },
        "thread_ts": "1667066346.354809",
        "parent_user_id": "U03M3TQP9J4"
    },
    {
        "client_msg_id": "2b7cd29a-48f7-4c8f-8def-d59422dc33b6",
        "type": "message",
        "text": "yes, figured out thank you !",
        "user": "U03M3TQP9J4",
        "ts": "1667280815.471379",
        "blocks": [
            {
                "type": "rich_text",
                "block_id": "T2d",
                "elements": [
                    {
                        "type": "rich_text_section",
                        "elements": [
                            {
                                "type": "text",
                                "text": "yes, figured out thank you !"
                            }
                        ]
                    }
                ]
            }
        ],
        "team": "TJPN85XRA",
        "user_team": "TJPN85XRA",
        "source_team": "TJPN85XRA",
        "user_profile": {
            "avatar_hash": "80e82273a6a2",
            "image_72": "https:\/\/avatars.slack-edge.com\/2022-12-19\/4565238841488_80e82273a6a23f498cc5_72.png",
            "first_name": "meesh",
            "real_name": "meesh",
            "display_name": "meesh",
            "team": "TJPN85XRA",
            "name": "meeshfradkin",
            "is_restricted": false,
            "is_ultra_restricted": false
        },
        "thread_ts": "1667066346.354809",
        "parent_user_id": "U03M3TQP9J4"
    }
]