[
    {
        "client_msg_id": "9d43d62f-a5d8-4ed9-b492-51a310c07dcb",
        "type": "message",
        "text": "A reminder that Benjamin Bacon will be presenting his research on notation mapping spaces today during the lab meeting!",
        "user": "U03JTLB9FSS",
        "ts": "1655192650.795759",
        "blocks": [
            {
                "type": "rich_text",
                "block_id": "Puj",
                "elements": [
                    {
                        "type": "rich_text_section",
                        "elements": [
                            {
                                "type": "text",
                                "text": "A reminder that Benjamin Bacon will be presenting his research on notation mapping spaces today during the lab meeting!"
                            }
                        ]
                    }
                ]
            }
        ],
        "team": "TJPN85XRA",
        "user_team": "TJPN85XRA",
        "source_team": "TJPN85XRA",
        "user_profile": {
            "avatar_hash": "459fb8de8703",
            "image_72": "https:\/\/avatars.slack-edge.com\/2022-07-28\/3867310060339_459fb8de8703bb2678e5_72.jpg",
            "first_name": "Brady",
            "real_name": "Brady Boettcher",
            "display_name": "",
            "team": "TJPN85XRA",
            "name": "brady.boettcher",
            "is_restricted": false,
            "is_ultra_restricted": false
        }
    },
    {
        "client_msg_id": "40370544-5820-43a2-934b-03cd9d453ce7",
        "type": "message",
        "text": "On airport wifi this morning, I'll mention it in the meeting as well, but I'd appreciate it if it can get recorded!",
        "user": "U01APBW5N2J",
        "ts": "1655218431.445999",
        "blocks": [
            {
                "type": "rich_text",
                "block_id": "J7F",
                "elements": [
                    {
                        "type": "rich_text_section",
                        "elements": [
                            {
                                "type": "text",
                                "text": "On airport wifi this morning, I'll mention it in the meeting as well, but I'd appreciate it if it can get recorded!"
                            }
                        ]
                    }
                ]
            }
        ],
        "team": "TJPN85XRA",
        "user_team": "TJPN85XRA",
        "source_team": "TJPN85XRA",
        "user_profile": {
            "avatar_hash": "fe0a901d9daf",
            "image_72": "https:\/\/avatars.slack-edge.com\/2020-09-17\/1355731656631_fe0a901d9daf26440442_72.png",
            "first_name": "",
            "real_name": "Kasey Pocius",
            "display_name": "Kasey Pocius",
            "team": "TJPN85XRA",
            "name": "kaseypocius",
            "is_restricted": false,
            "is_ultra_restricted": false
        }
    },
    {
        "client_msg_id": "4d593b6a-15a9-405b-af09-81964473342b",
        "type": "message",
        "text": "I'll try to figure it out",
        "user": "U03KSGRRF5F",
        "ts": "1655218527.451919",
        "blocks": [
            {
                "type": "rich_text",
                "block_id": "uDA",
                "elements": [
                    {
                        "type": "rich_text_section",
                        "elements": [
                            {
                                "type": "text",
                                "text": "I'll try to figure it out"
                            }
                        ]
                    }
                ]
            }
        ],
        "team": "TJPN85XRA",
        "user_team": "TJPN85XRA",
        "source_team": "TJPN85XRA",
        "user_profile": {
            "avatar_hash": "g5cebb9905ad",
            "image_72": "https:\/\/secure.gravatar.com\/avatar\/5cebb9905ad54bc21c0bd13514ca1f21.jpg?s=72&d=https%3A%2F%2Fa.slack-edge.com%2Fdf10d%2Fimg%2Favatars%2Fava_0024-72.png",
            "first_name": "Pierrick",
            "real_name": "Pierrick Uro",
            "display_name": "Pierrick Uro",
            "team": "TJPN85XRA",
            "name": "pierrick.uro",
            "is_restricted": false,
            "is_ultra_restricted": false
        },
        "reactions": [
            {
                "name": "heart",
                "users": [
                    "U01APBW5N2J"
                ],
                "count": 1
            }
        ]
    },
    {
        "client_msg_id": "7B5B72C0-D52C-4A0D-8DFE-B344F621E8D9",
        "type": "message",
        "text": "I thought it was a nice talk and an interesting discussion!",
        "user": "UKGLCA1GS",
        "ts": "1655229191.069899",
        "blocks": [
            {
                "type": "rich_text",
                "block_id": "F56gL",
                "elements": [
                    {
                        "type": "rich_text_section",
                        "elements": [
                            {
                                "type": "text",
                                "text": "I"
                            },
                            {
                                "type": "text",
                                "text": " thought "
                            },
                            {
                                "type": "text",
                                "text": "it"
                            },
                            {
                                "type": "text",
                                "text": " "
                            },
                            {
                                "type": "text",
                                "text": "was"
                            },
                            {
                                "type": "text",
                                "text": " "
                            },
                            {
                                "type": "text",
                                "text": "a"
                            },
                            {
                                "type": "text",
                                "text": " "
                            },
                            {
                                "type": "text",
                                "text": "nice"
                            },
                            {
                                "type": "text",
                                "text": " "
                            },
                            {
                                "type": "text",
                                "text": "talk"
                            },
                            {
                                "type": "text",
                                "text": " "
                            },
                            {
                                "type": "text",
                                "text": "and"
                            },
                            {
                                "type": "text",
                                "text": " "
                            },
                            {
                                "type": "text",
                                "text": "an"
                            },
                            {
                                "type": "text",
                                "text": " "
                            },
                            {
                                "type": "text",
                                "text": "interesting"
                            },
                            {
                                "type": "text",
                                "text": " "
                            },
                            {
                                "type": "text",
                                "text": "discussion!"
                            }
                        ]
                    }
                ]
            }
        ],
        "team": "TJPN85XRA",
        "user_team": "TJPN85XRA",
        "source_team": "TJPN85XRA",
        "user_profile": {
            "avatar_hash": "82cc3b048607",
            "image_72": "https:\/\/avatars.slack-edge.com\/2022-07-25\/3850040330500_82cc3b048607f33add6e_72.jpg",
            "first_name": "",
            "real_name": "Marcelo Wanderley",
            "display_name": "Marcelo Wanderley",
            "team": "TJPN85XRA",
            "name": "marcelo.wanderley",
            "is_restricted": false,
            "is_ultra_restricted": false
        },
        "reactions": [
            {
                "name": "raised_hands",
                "users": [
                    "U01APBW5N2J",
                    "U03JTLB9FSS"
                ],
                "count": 2
            },
            {
                "name": "raised_hands::skin-tone-6",
                "users": [
                    "U03JWS43U3H"
                ],
                "count": 1
            }
        ]
    },
    {
        "client_msg_id": "3434f1d1-1893-4fe1-85fc-07f1b375ea90",
        "type": "message",
        "text": "Can we make a folder in the gitlab to share images\/logos etc for presentations? Me and Tommy had made a white version of the IDMIL logo in photoshop for our COBS presentation, and I'd like to make it available to others so we don't have to each waste time making these things\n\nedit - noticed we already had this, but it looks like Johnny still has it locked. I'll contact him about this",
        "user": "U01APBW5N2J",
        "ts": "1655229948.670269",
        "blocks": [
            {
                "type": "rich_text",
                "block_id": "rdPzK",
                "elements": [
                    {
                        "type": "rich_text_section",
                        "elements": [
                            {
                                "type": "text",
                                "text": "Can we make a folder in the gitlab to share images\/logos etc for presentations? Me and Tommy had made a white version of the IDMIL logo in photoshop for our COBS presentation, and I'd like to make it available to others so we don't have to each waste time making these things\n\nedit - noticed we already had this, but it looks like Johnny still has it locked. I'll contact him about this"
                            }
                        ]
                    }
                ]
            }
        ],
        "team": "TJPN85XRA",
        "user_team": "TJPN85XRA",
        "source_team": "TJPN85XRA",
        "user_profile": {
            "avatar_hash": "fe0a901d9daf",
            "image_72": "https:\/\/avatars.slack-edge.com\/2020-09-17\/1355731656631_fe0a901d9daf26440442_72.png",
            "first_name": "",
            "real_name": "Kasey Pocius",
            "display_name": "Kasey Pocius",
            "team": "TJPN85XRA",
            "name": "kaseypocius",
            "is_restricted": false,
            "is_ultra_restricted": false
        },
        "edited": {
            "user": "U01APBW5N2J",
            "ts": "1655230029.000000"
        },
        "reactions": [
            {
                "name": "+1::skin-tone-6",
                "users": [
                    "U03JWS43U3H"
                ],
                "count": 1
            }
        ]
    },
    {
        "client_msg_id": "1ffbbf2b-6da1-4767-b84a-8b3bb8b08ef5",
        "type": "message",
        "text": "The recording from Ben's presentation is up in <#C03KJ0HFMMK|meetings-and-presentations>, which is a newly added channel (thanks <@U03KSGRRF5F>)",
        "user": "U03JTLB9FSS",
        "ts": "1655271390.676839",
        "blocks": [
            {
                "type": "rich_text",
                "block_id": "q+lE",
                "elements": [
                    {
                        "type": "rich_text_section",
                        "elements": [
                            {
                                "type": "text",
                                "text": "The recording from Ben's presentation is up in "
                            },
                            {
                                "type": "channel",
                                "channel_id": "C03KJ0HFMMK"
                            },
                            {
                                "type": "text",
                                "text": ", which is a newly added channel (thanks "
                            },
                            {
                                "type": "user",
                                "user_id": "U03KSGRRF5F"
                            },
                            {
                                "type": "text",
                                "text": ")"
                            }
                        ]
                    }
                ]
            }
        ],
        "team": "TJPN85XRA",
        "user_team": "TJPN85XRA",
        "source_team": "TJPN85XRA",
        "user_profile": {
            "avatar_hash": "459fb8de8703",
            "image_72": "https:\/\/avatars.slack-edge.com\/2022-07-28\/3867310060339_459fb8de8703bb2678e5_72.jpg",
            "first_name": "Brady",
            "real_name": "Brady Boettcher",
            "display_name": "",
            "team": "TJPN85XRA",
            "name": "brady.boettcher",
            "is_restricted": false,
            "is_ultra_restricted": false
        },
        "reactions": [
            {
                "name": "raised_hands",
                "users": [
                    "U01APBW5N2J"
                ],
                "count": 1
            }
        ]
    }
]