[
    {
        "client_msg_id": "d70fe608-70eb-45f3-98d1-1d75b534dc6e",
        "type": "message",
        "text": "Hi All, I’m thinking of putting together a Christmas themed movie night at IDMIL next week.\nIf you’re interested post your availabilities:\n<https:\/\/www.when2meet.com\/?17988789-msd4y>\n\nAlso reply with any film recommendations!",
        "user": "U03RKAGLHTP",
        "ts": "1670858682.448769",
        "blocks": [
            {
                "type": "rich_text",
                "block_id": "9Nfq",
                "elements": [
                    {
                        "type": "rich_text_section",
                        "elements": [
                            {
                                "type": "text",
                                "text": "Hi All, I’m thinking of putting together a Christmas themed movie night at IDMIL next week.\nIf you’re interested post your availabilities:\n"
                            },
                            {
                                "type": "link",
                                "url": "https:\/\/www.when2meet.com\/?17988789-msd4y"
                            },
                            {
                                "type": "text",
                                "text": "\n\nAlso reply with any film recommendations!"
                            }
                        ]
                    }
                ]
            }
        ],
        "team": "TJPN85XRA",
        "user_team": "TJPN85XRA",
        "source_team": "TJPN85XRA",
        "user_profile": {
            "avatar_hash": "g0c030baca6f",
            "image_72": "https:\/\/secure.gravatar.com\/avatar\/0c030baca6f5c1ffd705bc5dee6c672a.jpg?s=72&d=https%3A%2F%2Fa.slack-edge.com%2Fdf10d%2Fimg%2Favatars%2Fava_0018-72.png",
            "first_name": "Maxwell",
            "real_name": "Maxwell Gentili-Morin",
            "display_name": "Maxwell Gentili-Morin",
            "team": "TJPN85XRA",
            "name": "maxwell.gentili-morin",
            "is_restricted": false,
            "is_ultra_restricted": false
        },
        "thread_ts": "1670858682.448769",
        "reply_count": 2,
        "reply_users_count": 1,
        "latest_reply": "1670858743.284689",
        "reply_users": [
            "U03RKAGLHTP"
        ],
        "replies": [
            {
                "user": "U03RKAGLHTP",
                "ts": "1670858725.677339"
            },
            {
                "user": "U03RKAGLHTP",
                "ts": "1670858743.284689"
            }
        ],
        "is_locked": false,
        "subscribed": false,
        "reactions": [
            {
                "name": "headset_parrot",
                "users": [
                    "U03NRB57K60",
                    "U01APBW5N2J"
                ],
                "count": 2
            }
        ]
    },
    {
        "client_msg_id": "f46b5162-aa38-4f76-b9ad-81863e7b0635",
        "type": "message",
        "text": "One of my  own recommendations is Diehard!",
        "user": "U03RKAGLHTP",
        "ts": "1670858725.677339",
        "blocks": [
            {
                "type": "rich_text",
                "block_id": "Y+7",
                "elements": [
                    {
                        "type": "rich_text_section",
                        "elements": [
                            {
                                "type": "text",
                                "text": "One of my  own recommendations is Diehard!"
                            }
                        ]
                    }
                ]
            }
        ],
        "team": "TJPN85XRA",
        "user_team": "TJPN85XRA",
        "source_team": "TJPN85XRA",
        "user_profile": {
            "avatar_hash": "g0c030baca6f",
            "image_72": "https:\/\/secure.gravatar.com\/avatar\/0c030baca6f5c1ffd705bc5dee6c672a.jpg?s=72&d=https%3A%2F%2Fa.slack-edge.com%2Fdf10d%2Fimg%2Favatars%2Fava_0018-72.png",
            "first_name": "Maxwell",
            "real_name": "Maxwell Gentili-Morin",
            "display_name": "Maxwell Gentili-Morin",
            "team": "TJPN85XRA",
            "name": "maxwell.gentili-morin",
            "is_restricted": false,
            "is_ultra_restricted": false
        },
        "thread_ts": "1670858682.448769",
        "parent_user_id": "U03RKAGLHTP"
    },
    {
        "client_msg_id": "8ed83454-d2e5-4099-a906-5f6727df4afe",
        "type": "message",
        "text": "But anything is welcome!",
        "user": "U03RKAGLHTP",
        "ts": "1670858743.284689",
        "blocks": [
            {
                "type": "rich_text",
                "block_id": "9BULN",
                "elements": [
                    {
                        "type": "rich_text_section",
                        "elements": [
                            {
                                "type": "text",
                                "text": "But anything is welcome!"
                            }
                        ]
                    }
                ]
            }
        ],
        "team": "TJPN85XRA",
        "user_team": "TJPN85XRA",
        "source_team": "TJPN85XRA",
        "user_profile": {
            "avatar_hash": "g0c030baca6f",
            "image_72": "https:\/\/secure.gravatar.com\/avatar\/0c030baca6f5c1ffd705bc5dee6c672a.jpg?s=72&d=https%3A%2F%2Fa.slack-edge.com%2Fdf10d%2Fimg%2Favatars%2Fava_0018-72.png",
            "first_name": "Maxwell",
            "real_name": "Maxwell Gentili-Morin",
            "display_name": "Maxwell Gentili-Morin",
            "team": "TJPN85XRA",
            "name": "maxwell.gentili-morin",
            "is_restricted": false,
            "is_ultra_restricted": false
        },
        "thread_ts": "1670858682.448769",
        "parent_user_id": "U03RKAGLHTP"
    }
]