[
    {
        "client_msg_id": "988628e5-4938-47ff-8104-8ace642ead80",
        "type": "message",
        "text": "Hi everyone! I'm going to be doing a demo of T-Stick autoconfiguration at the lab meeting next week. Hopefully some of the ideas here can be used to improve the first-time user experience of the T-Stick.",
        "user": "U029MNKJ0DR",
        "ts": "1665680149.313459",
        "blocks": [
            {
                "type": "rich_text",
                "block_id": "4da",
                "elements": [
                    {
                        "type": "rich_text_section",
                        "elements": [
                            {
                                "type": "text",
                                "text": "Hi everyone! I'm going to be doing a demo of T-Stick autoconfiguration at the lab meeting next week. Hopefully some of the ideas here can be used to improve the first-time user experience of the T-Stick."
                            }
                        ]
                    }
                ]
            }
        ],
        "team": "TJPN85XRA",
        "user_team": "TJPN85XRA",
        "source_team": "TJPN85XRA",
        "user_profile": {
            "avatar_hash": "f350669b1e49",
            "image_72": "https:\/\/avatars.slack-edge.com\/2021-07-29\/2324539512645_f350669b1e496193ea11_72.jpg",
            "first_name": "",
            "real_name": "Paul Buser",
            "display_name": "Paul Buser",
            "team": "TJPN85XRA",
            "name": "buser.paul",
            "is_restricted": false,
            "is_ultra_restricted": false
        },
        "reactions": [
            {
                "name": "+1",
                "users": [
                    "U01APBW5N2J",
                    "UJR4DDS12",
                    "U010FMZRE4A"
                ],
                "count": 3
            },
            {
                "name": "+1::skin-tone-5",
                "users": [
                    "UJCU8BAAW"
                ],
                "count": 1
            },
            {
                "name": "+1::skin-tone-6",
                "users": [
                    "U03JWS43U3H"
                ],
                "count": 1
            }
        ]
    },
    {
        "client_msg_id": "c2a3ddb1-9583-433a-aac7-9a7feba94a2a",
        "type": "message",
        "text": "I'll be a bit late",
        "user": "U03JWS43U3H",
        "ts": "1665689359.773269",
        "blocks": [
            {
                "type": "rich_text",
                "block_id": "H07",
                "elements": [
                    {
                        "type": "rich_text_section",
                        "elements": [
                            {
                                "type": "text",
                                "text": "I'll be a bit late"
                            }
                        ]
                    }
                ]
            }
        ],
        "team": "TJPN85XRA",
        "user_team": "TJPN85XRA",
        "source_team": "TJPN85XRA",
        "user_profile": {
            "avatar_hash": "g9dd84ade99b",
            "image_72": "https:\/\/secure.gravatar.com\/avatar\/9dd84ade99bb030e9269d9f654d3b81f.jpg?s=72&d=https%3A%2F%2Fa.slack-edge.com%2Fdf10d%2Fimg%2Favatars%2Fava_0006-72.png",
            "first_name": "Albert-Ngabo",
            "real_name": "Albert-Ngabo Niyonsenga",
            "display_name": "Albert-Ngabo Niyonsenga",
            "team": "TJPN85XRA",
            "name": "albert-ngabo.niyonsen",
            "is_restricted": false,
            "is_ultra_restricted": false
        },
        "thread_ts": "1665592288.629379",
        "parent_user_id": "UJCU8BAAW"
    }
]