[
    {
        "type": "message",
        "subtype": "bot_message",
        "text": "",
        "ts": "1651687201.224689",
        "username": "IDMIL Schedule",
        "bot_id": "B0182SVN8A2",
        "attachments": [
            {
                "id": 1,
                "color": "fbe983",
                "fallback": "Meeting Meesh: <!date^1651687200^{date_short_pretty} from {time}|May 4th, 2022 from 2:00 PM> to <!date^1651690800^{time}|3:00 PM GMT-0400>",
                "text": "<!date^1651687200^{date_short_pretty} from {time}|May 4th, 2022 from 2:00 PM> to <!date^1651690800^{time}|3:00 PM GMT-0400>",
                "pretext": "Event starting now:",
                "title": "Meeting Meesh",
                "title_link": "https:\/\/www.google.com\/calendar\/event?eid=Y2hqMzRkMXA2a3EzZWJiMmNjczM0YjlrNjVoMzZiOW82Y3FtNGI5bjZwZ200b3BpY2xpMzZwaG5jNCBjc3A5cDN1dW44MDNpZWY0czJxMmU0Nzg2Y0Bn",
                "mrkdwn_in": [
                    "pretext",
                    "text"
                ]
            }
        ]
    }
]