[
    {
        "client_msg_id": "6e286c8c-d156-4b55-b132-02cfdbfea377",
        "type": "message",
        "text": "Is anyone coming in with a key to the 520 Research Elect Room. I was hoping to get some soldering done on the eTube before noon today. Thanks!",
        "user": "U041WFL2TV2",
        "ts": "1669995679.003329",
        "blocks": [
            {
                "type": "rich_text",
                "block_id": "raRo",
                "elements": [
                    {
                        "type": "rich_text_section",
                        "elements": [
                            {
                                "type": "text",
                                "text": "Is anyone coming in with a key to the 520 Research Elect Room. I was hoping to get some soldering done on the eTube before noon today. Thanks!"
                            }
                        ]
                    }
                ]
            }
        ],
        "team": "TJPN85XRA",
        "user_team": "TJPN85XRA",
        "source_team": "TJPN85XRA",
        "user_profile": {
            "avatar_hash": "g3815bfaab6e",
            "image_72": "https:\/\/secure.gravatar.com\/avatar\/3815bfaab6e520e9fa928d67f6c403cc.jpg?s=72&d=https%3A%2F%2Fa.slack-edge.com%2Fdf10d%2Fimg%2Favatars%2Fava_0003-72.png",
            "first_name": "Tommy",
            "real_name": "Tommy Davis",
            "display_name": "Tommy Davis",
            "team": "TJPN85XRA",
            "name": "tommydavis295",
            "is_restricted": false,
            "is_ultra_restricted": false
        }
    }
]