[
    {
        "client_msg_id": "5a99bd2e-e8cb-4a16-9cd5-250ac52a5a66",
        "type": "message",
        "text": "last day of the free synth expo at esplanade tranquille, going from 11:30-5:30. Anyone else going?",
        "user": "U03JTLB9FSS",
        "ts": "1661702961.685619",
        "blocks": [
            {
                "type": "rich_text",
                "block_id": "NNiG",
                "elements": [
                    {
                        "type": "rich_text_section",
                        "elements": [
                            {
                                "type": "text",
                                "text": "last day of the free synth expo at esplanade tranquille, going from 11:30-5:30. Anyone else going?"
                            }
                        ]
                    }
                ]
            }
        ],
        "team": "TJPN85XRA",
        "user_team": "TJPN85XRA",
        "source_team": "TJPN85XRA",
        "user_profile": {
            "avatar_hash": "459fb8de8703",
            "image_72": "https:\/\/avatars.slack-edge.com\/2022-07-28\/3867310060339_459fb8de8703bb2678e5_72.jpg",
            "first_name": "Brady",
            "real_name": "Brady Boettcher",
            "display_name": "",
            "team": "TJPN85XRA",
            "name": "brady.boettcher",
            "is_restricted": false,
            "is_ultra_restricted": false
        }
    }
]