[
    {
        "type": "message",
        "subtype": "bot_message",
        "text": "",
        "ts": "1657022402.688779",
        "username": "IDMIL Schedule",
        "bot_id": "B0182SVN8A2",
        "attachments": [
            {
                "id": 1,
                "color": "fbe983",
                "fallback": "Lara: <!date^1657022400^{date_short_pretty} from {time}|July 5th, 2022 from 8:00 AM> to <!date^1657026000^{time}|9:00 AM GMT-0400>",
                "text": "<!date^1657022400^{date_short_pretty} from {time}|July 5th, 2022 from 8:00 AM> to <!date^1657026000^{time}|9:00 AM GMT-0400>",
                "pretext": "Event starting now:",
                "title": "Lara",
                "title_link": "https:\/\/www.google.com\/calendar\/event?eid=NmtyNjZwOW02Y3FtNGJiNmNjbzY4YjlrNm9wajZiOW9jZGgzZ2I5b2NsaTY4ZDFnNm9yamNwMWdjYyBjc3A5cDN1dW44MDNpZWY0czJxMmU0Nzg2Y0Bn",
                "mrkdwn_in": [
                    "pretext",
                    "text"
                ]
            }
        ]
    },
    {
        "client_msg_id": "c472a974-0ad8-4c7d-a8e7-f399f948d211",
        "type": "message",
        "text": "<@UJCU8BAAW> any idea what these events are from?",
        "user": "U03JTLB9FSS",
        "ts": "1657022521.291909",
        "blocks": [
            {
                "type": "rich_text",
                "block_id": "s4B",
                "elements": [
                    {
                        "type": "rich_text_section",
                        "elements": [
                            {
                                "type": "user",
                                "user_id": "UJCU8BAAW"
                            },
                            {
                                "type": "text",
                                "text": " any idea what these events are from?"
                            }
                        ]
                    }
                ]
            }
        ],
        "team": "TJPN85XRA",
        "user_team": "TJPN85XRA",
        "source_team": "TJPN85XRA",
        "user_profile": {
            "avatar_hash": "459fb8de8703",
            "image_72": "https:\/\/avatars.slack-edge.com\/2022-07-28\/3867310060339_459fb8de8703bb2678e5_72.jpg",
            "first_name": "Brady",
            "real_name": "Brady Boettcher",
            "display_name": "",
            "team": "TJPN85XRA",
            "name": "brady.boettcher",
            "is_restricted": false,
            "is_ultra_restricted": false
        }
    },
    {
        "client_msg_id": "0800b6e3-05ba-480c-8be5-a007b6b1a34c",
        "type": "message",
        "text": "Clicking on those point to Google calendar events created by <@U010RL30MTJ>. Maybe this calendar should not be shared?",
        "user": "UJCU8BAAW",
        "ts": "1657033607.329709",
        "blocks": [
            {
                "type": "rich_text",
                "block_id": "p9g5j",
                "elements": [
                    {
                        "type": "rich_text_section",
                        "elements": [
                            {
                                "type": "text",
                                "text": "Clicking on those point to Google calendar events created by "
                            },
                            {
                                "type": "user",
                                "user_id": "U010RL30MTJ"
                            },
                            {
                                "type": "text",
                                "text": ". Maybe this calendar should not be shared?"
                            }
                        ]
                    }
                ]
            }
        ],
        "team": "TJPN85XRA",
        "user_team": "TJPN85XRA",
        "source_team": "TJPN85XRA",
        "user_profile": {
            "avatar_hash": "d49c462f5537",
            "image_72": "https:\/\/avatars.slack-edge.com\/2021-06-14\/2154581376263_d49c462f5537edde8dbb_72.jpg",
            "first_name": "Edu",
            "real_name": "Edu Meneses",
            "display_name": "Edu Meneses",
            "team": "TJPN85XRA",
            "name": "eduardo.meneses",
            "is_restricted": false,
            "is_ultra_restricted": false
        },
        "thread_ts": "1657033607.329709",
        "reply_count": 1,
        "reply_users_count": 1,
        "latest_reply": "1659447780.629069",
        "reply_users": [
            "U010RL30MTJ"
        ],
        "replies": [
            {
                "user": "U010RL30MTJ",
                "ts": "1659447780.629069"
            }
        ],
        "is_locked": false,
        "subscribed": false
    }
]