[
    {
        "type": "message",
        "subtype": "bot_message",
        "text": "",
        "ts": "1659268801.276049",
        "username": "IDMIL Schedule",
        "bot_id": "B0182SVN8A2",
        "attachments": [
            {
                "id": 1,
                "color": "fbe983",
                "fallback": "Lara: <!date^1659268800^{date_short_pretty} from {time}|July 31st, 2022 from 8:00 AM> to <!date^1659272400^{time}|9:00 AM GMT-0400>",
                "text": "<!date^1659268800^{date_short_pretty} from {time}|July 31st, 2022 from 8:00 AM> to <!date^1659272400^{time}|9:00 AM GMT-0400>",
                "pretext": "Event starting now:",
                "title": "Lara",
                "title_link": "https:\/\/www.google.com\/calendar\/event?eid=Nm9xamNjMXA2b3MzNmI5aGM1aTNpYjlrNjRvNjJiOXBja282OGJiM2NsaWpnZHBwY2hoMzJvaGg2cyBjc3A5cDN1dW44MDNpZWY0czJxMmU0Nzg2Y0Bn",
                "mrkdwn_in": [
                    "pretext",
                    "text"
                ]
            }
        ]
    }
]