[
    {
        "client_msg_id": "9d33f16d-b3d5-4f8a-baee-1ccd4717611b",
        "type": "message",
        "text": "Would anyone be able to help clean up after the wine and cheese following the Distinguished Lecture on October 3rd? I've been voluntold to help out, but have to run after the lecture to go do Dad stuff at home, so I need to find a replacement. Please DM or email me if you can help!",
        "user": "UJR4DDS12",
        "ts": "1662565762.373629",
        "blocks": [
            {
                "type": "rich_text",
                "block_id": "nsfN2",
                "elements": [
                    {
                        "type": "rich_text_section",
                        "elements": [
                            {
                                "type": "text",
                                "text": "Would anyone be able to help clean up after the wine and cheese following the Distinguished Lecture on October 3rd? I've been voluntold to help out, but have to run after the lecture to go do Dad stuff at home, so I need to find a replacement. Please DM or email me if you can help!"
                            }
                        ]
                    }
                ]
            }
        ],
        "team": "TJPN85XRA",
        "user_team": "TJPN85XRA",
        "source_team": "TJPN85XRA",
        "user_profile": {
            "avatar_hash": "a59dc6f2aaf0",
            "image_72": "https:\/\/avatars.slack-edge.com\/2022-06-18\/3673671924631_a59dc6f2aaf006d655d2_72.jpg",
            "first_name": "Travis",
            "real_name": "Travis West",
            "display_name": "Travis",
            "team": "TJPN85XRA",
            "name": "travis.west",
            "is_restricted": false,
            "is_ultra_restricted": false
        },
        "thread_ts": "1662565762.373629",
        "reply_count": 1,
        "reply_users_count": 1,
        "latest_reply": "1662658809.813009",
        "reply_users": [
            "U03NRB57K60"
        ],
        "replies": [
            {
                "user": "U03NRB57K60",
                "ts": "1662658809.813009"
            }
        ],
        "is_locked": false,
        "subscribed": false
    }
]