[
    {
        "client_msg_id": "c9aff0a7-d668-436f-8922-04321df85305",
        "type": "message",
        "text": "Yes!",
        "user": "UJQ7AKDA9",
        "ts": "1656414073.758269",
        "blocks": [
            {
                "type": "rich_text",
                "block_id": "88PW",
                "elements": [
                    {
                        "type": "rich_text_section",
                        "elements": [
                            {
                                "type": "text",
                                "text": "Yes!"
                            }
                        ]
                    }
                ]
            }
        ],
        "team": "TJPN85XRA",
        "user_team": "TJPN85XRA",
        "source_team": "TJPN85XRA",
        "user_profile": {
            "avatar_hash": "1720101e5f4d",
            "image_72": "https:\/\/avatars.slack-edge.com\/2022-06-20\/3695655977380_1720101e5f4d2ee82bff_72.jpg",
            "first_name": "Johnny",
            "real_name": "Johnny Sullivan",
            "display_name": "Johnny",
            "team": "TJPN85XRA",
            "name": "john.sullivan2",
            "is_restricted": false,
            "is_ultra_restricted": false
        },
        "thread_ts": "1656271419.117819",
        "parent_user_id": "UK4BP4NH2"
    },
    {
        "client_msg_id": "afeaff35-1a1d-402a-a7f5-51283590a6ab",
        "type": "message",
        "text": "On it :slightly_smiling_face:",
        "user": "UJQ7AKDA9",
        "ts": "1656414076.096369",
        "blocks": [
            {
                "type": "rich_text",
                "block_id": "mWavv",
                "elements": [
                    {
                        "type": "rich_text_section",
                        "elements": [
                            {
                                "type": "text",
                                "text": "On it "
                            },
                            {
                                "type": "emoji",
                                "name": "slightly_smiling_face",
                                "unicode": "1f642"
                            }
                        ]
                    }
                ]
            }
        ],
        "team": "TJPN85XRA",
        "user_team": "TJPN85XRA",
        "source_team": "TJPN85XRA",
        "user_profile": {
            "avatar_hash": "1720101e5f4d",
            "image_72": "https:\/\/avatars.slack-edge.com\/2022-06-20\/3695655977380_1720101e5f4d2ee82bff_72.jpg",
            "first_name": "Johnny",
            "real_name": "Johnny Sullivan",
            "display_name": "Johnny",
            "team": "TJPN85XRA",
            "name": "john.sullivan2",
            "is_restricted": false,
            "is_ultra_restricted": false
        },
        "thread_ts": "1656271419.117819",
        "parent_user_id": "UK4BP4NH2"
    },
    {
        "client_msg_id": "8e81d17a-5028-4e8b-9739-46fd1fbe0f87",
        "type": "message",
        "text": "Hi <!everyone>: I created a new channel for all things <http:\/\/IDMIL.org|IDMIL.org>: <#C03M18TQSMV|website>. As I am no longer a regular active lab member (though here sporadically for the next couple weeks), it would be great to have one or more regular IDMIL members take over the maintenance and upkeep. Please check the channel and post there about any website-related happenings, issues, etc. Thanks!",
        "user": "UJQ7AKDA9",
        "ts": "1656420118.071529",
        "blocks": [
            {
                "type": "rich_text",
                "block_id": "Dt86v",
                "elements": [
                    {
                        "type": "rich_text_section",
                        "elements": [
                            {
                                "type": "text",
                                "text": "Hi "
                            },
                            {
                                "type": "broadcast",
                                "range": "everyone"
                            },
                            {
                                "type": "text",
                                "text": ": I created a new channel for all things "
                            },
                            {
                                "type": "link",
                                "url": "http:\/\/IDMIL.org",
                                "text": "IDMIL.org"
                            },
                            {
                                "type": "text",
                                "text": ": "
                            },
                            {
                                "type": "channel",
                                "channel_id": "C03M18TQSMV"
                            },
                            {
                                "type": "text",
                                "text": ". As I am no longer a regular active lab member (though here sporadically for the next couple weeks), it would be great to have one or more regular IDMIL members take over the maintenance and upkeep. Please check the channel and post there about any website-related happenings, issues, etc. Thanks!"
                            }
                        ]
                    }
                ]
            }
        ],
        "team": "TJPN85XRA",
        "user_team": "TJPN85XRA",
        "source_team": "TJPN85XRA",
        "user_profile": {
            "avatar_hash": "1720101e5f4d",
            "image_72": "https:\/\/avatars.slack-edge.com\/2022-06-20\/3695655977380_1720101e5f4d2ee82bff_72.jpg",
            "first_name": "Johnny",
            "real_name": "Johnny Sullivan",
            "display_name": "Johnny",
            "team": "TJPN85XRA",
            "name": "john.sullivan2",
            "is_restricted": false,
            "is_ultra_restricted": false
        },
        "reactions": [
            {
                "name": "raised_hands",
                "users": [
                    "U03JTLB9FSS"
                ],
                "count": 1
            }
        ]
    },
    {
        "client_msg_id": "66aa701c-6ca0-4d9f-81b4-41b0dbc53116",
        "type": "message",
        "text": "Hi there, no meeting today (NIME), See you during the conference and next week for our meeting. Cheers!",
        "user": "UKGLCA1GS",
        "ts": "1656423213.565909",
        "blocks": [
            {
                "type": "rich_text",
                "block_id": "=R\/",
                "elements": [
                    {
                        "type": "rich_text_section",
                        "elements": [
                            {
                                "type": "text",
                                "text": "Hi there, no meeting today (NIME), See you during the conference and next week for our meeting. Cheers!"
                            }
                        ]
                    }
                ]
            }
        ],
        "team": "TJPN85XRA",
        "user_team": "TJPN85XRA",
        "source_team": "TJPN85XRA",
        "user_profile": {
            "avatar_hash": "82cc3b048607",
            "image_72": "https:\/\/avatars.slack-edge.com\/2022-07-25\/3850040330500_82cc3b048607f33add6e_72.jpg",
            "first_name": "",
            "real_name": "Marcelo Wanderley",
            "display_name": "Marcelo Wanderley",
            "team": "TJPN85XRA",
            "name": "marcelo.wanderley",
            "is_restricted": false,
            "is_ultra_restricted": false
        },
        "reactions": [
            {
                "name": "+1",
                "users": [
                    "UK4BP4NH2"
                ],
                "count": 1
            }
        ]
    }
]