[
    {
        "client_msg_id": "F2BBE351-A48E-4C75-A5AF-AF6ECEFDBC48",
        "type": "message",
        "text": "Anybody else with the IDMIL website admin access to help me recover my account ?",
        "user": "UK4BP4NH2",
        "ts": "1656271419.117819",
        "blocks": [
            {
                "type": "rich_text",
                "block_id": "ub\/Y",
                "elements": [
                    {
                        "type": "rich_text_section",
                        "elements": [
                            {
                                "type": "text",
                                "text": "Anybody"
                            },
                            {
                                "type": "text",
                                "text": " "
                            },
                            {
                                "type": "text",
                                "text": "else"
                            },
                            {
                                "type": "text",
                                "text": " "
                            },
                            {
                                "type": "text",
                                "text": "with"
                            },
                            {
                                "type": "text",
                                "text": " the IDMIL website admin access "
                            },
                            {
                                "type": "text",
                                "text": "to"
                            },
                            {
                                "type": "text",
                                "text": " hel"
                            },
                            {
                                "type": "text",
                                "text": "p"
                            },
                            {
                                "type": "text",
                                "text": " "
                            },
                            {
                                "type": "text",
                                "text": "me"
                            },
                            {
                                "type": "text",
                                "text": " "
                            },
                            {
                                "type": "text",
                                "text": "recover"
                            },
                            {
                                "type": "text",
                                "text": " "
                            },
                            {
                                "type": "text",
                                "text": "my"
                            },
                            {
                                "type": "text",
                                "text": " account "
                            },
                            {
                                "type": "text",
                                "text": "?"
                            }
                        ]
                    }
                ]
            }
        ],
        "team": "TJPN85XRA",
        "user_team": "TJPN85XRA",
        "source_team": "TJPN85XRA",
        "user_profile": {
            "avatar_hash": "f8256459a816",
            "image_72": "https:\/\/avatars.slack-edge.com\/2022-06-14\/3669597334018_f8256459a8162b9e2d8e_72.png",
            "first_name": "vincentcusson",
            "real_name": "vincentcusson",
            "display_name": "vincentcusson",
            "team": "TJPN85XRA",
            "name": "cusson.v",
            "is_restricted": false,
            "is_ultra_restricted": false
        },
        "thread_ts": "1656271419.117819",
        "reply_count": 4,
        "reply_users_count": 2,
        "latest_reply": "1656414076.096369",
        "reply_users": [
            "UJR4DDS12",
            "UJQ7AKDA9"
        ],
        "replies": [
            {
                "user": "UJR4DDS12",
                "ts": "1656363987.778219"
            },
            {
                "user": "UJR4DDS12",
                "ts": "1656364007.140059"
            },
            {
                "user": "UJQ7AKDA9",
                "ts": "1656414073.758269"
            },
            {
                "user": "UJQ7AKDA9",
                "ts": "1656414076.096369"
            }
        ],
        "is_locked": false,
        "subscribed": true,
        "last_read": "1656414076.096369"
    }
]