[
    {
        "client_msg_id": "bc2b1313-1d3c-4710-bb45-2aa316f4dd0f",
        "type": "message",
        "text": "Does anyone know the password of the noisebox network at IDMIL?",
        "user": "U03NRB57K60",
        "ts": "1665078135.887659",
        "blocks": [
            {
                "type": "rich_text",
                "block_id": "KpD\/D",
                "elements": [
                    {
                        "type": "rich_text_section",
                        "elements": [
                            {
                                "type": "text",
                                "text": "Does anyone know the password of the noisebox network at IDMIL?"
                            }
                        ]
                    }
                ]
            }
        ],
        "team": "TJPN85XRA",
        "user_team": "TJPN85XRA",
        "source_team": "TJPN85XRA",
        "user_profile": {
            "avatar_hash": "cb367b89c7ee",
            "image_72": "https:\/\/avatars.slack-edge.com\/2022-07-07\/3764518225398_cb367b89c7eea9d69365_72.jpg",
            "first_name": "Ziyue",
            "real_name": "Ziyue (Monica) Piao",
            "display_name": "Ziyue (Monica) Piao",
            "team": "TJPN85XRA",
            "name": "ziyue.piao",
            "is_restricted": false,
            "is_ultra_restricted": false
        },
        "thread_ts": "1665078135.887659",
        "reply_count": 2,
        "reply_users_count": 2,
        "latest_reply": "1665078789.487569",
        "reply_users": [
            "U03JTLB9FSS",
            "U03NRB57K60"
        ],
        "replies": [
            {
                "user": "U03JTLB9FSS",
                "ts": "1665078715.055019"
            },
            {
                "user": "U03NRB57K60",
                "ts": "1665078789.487569"
            }
        ],
        "is_locked": false,
        "subscribed": false
    },
    {
        "client_msg_id": "41f819cb-1cfa-4390-a280-40e74be20313",
        "type": "message",
        "text": "The 2 common pw's are mappings and vicon, I'm not sure if it isn't either of those though",
        "user": "U03JTLB9FSS",
        "ts": "1665078715.055019",
        "blocks": [
            {
                "type": "rich_text",
                "block_id": "jhAsN",
                "elements": [
                    {
                        "type": "rich_text_section",
                        "elements": [
                            {
                                "type": "text",
                                "text": "The 2 common pw's are mappings and vicon, I'm not sure if it isn't either of those though"
                            }
                        ]
                    }
                ]
            }
        ],
        "team": "TJPN85XRA",
        "user_team": "TJPN85XRA",
        "source_team": "TJPN85XRA",
        "user_profile": {
            "avatar_hash": "459fb8de8703",
            "image_72": "https:\/\/avatars.slack-edge.com\/2022-07-28\/3867310060339_459fb8de8703bb2678e5_72.jpg",
            "first_name": "Brady",
            "real_name": "Brady Boettcher",
            "display_name": "",
            "team": "TJPN85XRA",
            "name": "brady.boettcher",
            "is_restricted": false,
            "is_ultra_restricted": false
        },
        "thread_ts": "1665078135.887659",
        "parent_user_id": "U03NRB57K60"
    },
    {
        "client_msg_id": "bcf8c608-ba25-4d3a-b745-8d027c3ba305",
        "type": "message",
        "text": "Thanks! I successfully connect to tstick network using mappings!:smile:",
        "user": "U03NRB57K60",
        "ts": "1665078789.487569",
        "blocks": [
            {
                "type": "rich_text",
                "block_id": "fzTWy",
                "elements": [
                    {
                        "type": "rich_text_section",
                        "elements": [
                            {
                                "type": "text",
                                "text": "Thanks! I successfully connect to tstick network using mappings!"
                            },
                            {
                                "type": "emoji",
                                "name": "smile",
                                "unicode": "1f604"
                            }
                        ]
                    }
                ]
            }
        ],
        "team": "TJPN85XRA",
        "user_team": "TJPN85XRA",
        "source_team": "TJPN85XRA",
        "user_profile": {
            "avatar_hash": "cb367b89c7ee",
            "image_72": "https:\/\/avatars.slack-edge.com\/2022-07-07\/3764518225398_cb367b89c7eea9d69365_72.jpg",
            "first_name": "Ziyue",
            "real_name": "Ziyue (Monica) Piao",
            "display_name": "Ziyue (Monica) Piao",
            "team": "TJPN85XRA",
            "name": "ziyue.piao",
            "is_restricted": false,
            "is_ultra_restricted": false
        },
        "thread_ts": "1665078135.887659",
        "parent_user_id": "U03NRB57K60"
    }
]