[
    {
        "client_msg_id": "e0c27531-e4d6-41a2-9a61-f0895702db53",
        "type": "message",
        "text": "<https:\/\/gitlab.com\/idmil\/administrative\/lab-meetings\/-\/issues\/100>",
        "user": "UKGLCA1GS",
        "ts": "1670945074.317809",
        "blocks": [
            {
                "type": "rich_text",
                "block_id": "OlE2",
                "elements": [
                    {
                        "type": "rich_text_section",
                        "elements": [
                            {
                                "type": "link",
                                "url": "https:\/\/gitlab.com\/idmil\/administrative\/lab-meetings\/-\/issues\/100"
                            }
                        ]
                    }
                ]
            }
        ],
        "team": "TJPN85XRA",
        "user_team": "TJPN85XRA",
        "source_team": "TJPN85XRA",
        "user_profile": {
            "avatar_hash": "82cc3b048607",
            "image_72": "https:\/\/avatars.slack-edge.com\/2022-07-25\/3850040330500_82cc3b048607f33add6e_72.jpg",
            "first_name": "",
            "real_name": "Marcelo Wanderley",
            "display_name": "Marcelo Wanderley",
            "team": "TJPN85XRA",
            "name": "marcelo.wanderley",
            "is_restricted": false,
            "is_ultra_restricted": false
        }
    },
    {
        "client_msg_id": "4771DDB2-8BE1-4C0D-9786-78F9614669B9",
        "type": "message",
        "text": "Hey! I'll be late by 5 minutes or so...",
        "user": "U03RKAGLHTP",
        "ts": "1670945478.913629",
        "blocks": [
            {
                "type": "rich_text",
                "block_id": "s5f",
                "elements": [
                    {
                        "type": "rich_text_section",
                        "elements": [
                            {
                                "type": "text",
                                "text": "Hey! I'll be late by 5 minutes or so..."
                            }
                        ]
                    }
                ]
            }
        ],
        "team": "TJPN85XRA",
        "user_team": "TJPN85XRA",
        "source_team": "TJPN85XRA",
        "user_profile": {
            "avatar_hash": "g0c030baca6f",
            "image_72": "https:\/\/secure.gravatar.com\/avatar\/0c030baca6f5c1ffd705bc5dee6c672a.jpg?s=72&d=https%3A%2F%2Fa.slack-edge.com%2Fdf10d%2Fimg%2Favatars%2Fava_0018-72.png",
            "first_name": "Maxwell",
            "real_name": "Maxwell Gentili-Morin",
            "display_name": "Maxwell Gentili-Morin",
            "team": "TJPN85XRA",
            "name": "maxwell.gentili-morin",
            "is_restricted": false,
            "is_ultra_restricted": false
        }
    }
]