[
    {
        "client_msg_id": "a7bf2a86-8a5c-48a6-aaab-58c919ac144f",
        "type": "message",
        "text": "Does anyone know the specific deadlines for NIME2023? I looked on the website &amp; Twitter and didn't see anything",
        "user": "U029MNKJ0DR",
        "ts": "1668630385.823629",
        "blocks": [
            {
                "type": "rich_text",
                "block_id": "WW7ML",
                "elements": [
                    {
                        "type": "rich_text_section",
                        "elements": [
                            {
                                "type": "text",
                                "text": "Does anyone know the specific deadlines for NIME2023? I looked on the website & Twitter and didn't see anything"
                            }
                        ]
                    }
                ]
            }
        ],
        "team": "TJPN85XRA",
        "user_team": "TJPN85XRA",
        "source_team": "TJPN85XRA",
        "user_profile": {
            "avatar_hash": "f350669b1e49",
            "image_72": "https:\/\/avatars.slack-edge.com\/2021-07-29\/2324539512645_f350669b1e496193ea11_72.jpg",
            "first_name": "",
            "real_name": "Paul Buser",
            "display_name": "Paul Buser",
            "team": "TJPN85XRA",
            "name": "buser.paul",
            "is_restricted": false,
            "is_ultra_restricted": false
        }
    },
    {
        "client_msg_id": "a0215439-a499-4da9-bb96-2e33e535aee5",
        "type": "message",
        "text": "I received the following info about NIME timeline through ICMA’s mailing list;\nImportant Dates\nAll deadlines are 23:59 Anywhere on Earth Time Zone (UTC - 12)\n\nPaper submission deadline: January 22nd, 2023\nMusic and Installation submission deadline: January 22nd, 2023\nWork-In-Progress Showcases &amp; Workshops submission deadline: January 22nd, 2023\nNotification of acceptances and rejections: March 1st-7th, 2023\nCamera ready submission deadline: April 10th, 2023\nEarly-bird registration deadline: April 14th, 2023\nPre-conference workshops: May  29th, 2023\nStudent consortium: May  30th, 2023\nSummer School: May 25th-28th, 2023\nThe Conference: May 31st-June 2nd 2023",
        "user": "U010FMZRE4A",
        "ts": "1668631018.663669",
        "blocks": [
            {
                "type": "rich_text",
                "block_id": "zEG",
                "elements": [
                    {
                        "type": "rich_text_section",
                        "elements": [
                            {
                                "type": "text",
                                "text": "I received the following info about NIME timeline through ICMA’s mailing list;\nImportant Dates\nAll deadlines are 23:59 Anywhere on Earth Time Zone (UTC - 12)\n\nPaper submission deadline: January 22nd, 2023\nMusic and Installation submission deadline: January 22nd, 2023\nWork-In-Progress Showcases & Workshops submission deadline: January 22nd, 2023\nNotification of acceptances and rejections: March 1st-7th, 2023\nCamera ready submission deadline: April 10th, 2023\nEarly-bird registration deadline: April 14th, 2023\nPre-conference workshops: May  29th, 2023\nStudent consortium: May  30th, 2023\nSummer School: May 25th-28th, 2023\nThe Conference: May 31st-June 2nd 2023"
                            }
                        ]
                    }
                ]
            }
        ],
        "team": "TJPN85XRA",
        "user_team": "TJPN85XRA",
        "source_team": "TJPN85XRA",
        "user_profile": {
            "avatar_hash": "c0adc2d8c593",
            "image_72": "https:\/\/avatars.slack-edge.com\/2020-03-26\/1027782097284_c0adc2d8c5932b435e7b_72.jpg",
            "first_name": "",
            "real_name": "Takuto Fukuda",
            "display_name": "Takuto Fukuda",
            "team": "TJPN85XRA",
            "name": "takuto.fukuda",
            "is_restricted": false,
            "is_ultra_restricted": false
        },
        "reactions": [
            {
                "name": "+1",
                "users": [
                    "U04920VRM1S",
                    "U029MNKJ0DR"
                ],
                "count": 2
            }
        ]
    },
    {
        "client_msg_id": "d023fd8b-12b6-4f90-877b-e0c6e3cc9e93",
        "type": "message",
        "text": "That’s interesting that we get NIME information through the ICMA… :wink:",
        "user": "UKGLCA1GS",
        "ts": "1668631129.623569",
        "blocks": [
            {
                "type": "rich_text",
                "block_id": "aV5n",
                "elements": [
                    {
                        "type": "rich_text_section",
                        "elements": [
                            {
                                "type": "text",
                                "text": "That’s interesting that we get NIME information through the ICMA… "
                            },
                            {
                                "type": "emoji",
                                "name": "wink",
                                "unicode": "1f609"
                            }
                        ]
                    }
                ]
            }
        ],
        "team": "TJPN85XRA",
        "user_team": "TJPN85XRA",
        "source_team": "TJPN85XRA",
        "user_profile": {
            "avatar_hash": "82cc3b048607",
            "image_72": "https:\/\/avatars.slack-edge.com\/2022-07-25\/3850040330500_82cc3b048607f33add6e_72.jpg",
            "first_name": "",
            "real_name": "Marcelo Wanderley",
            "display_name": "Marcelo Wanderley",
            "team": "TJPN85XRA",
            "name": "marcelo.wanderley",
            "is_restricted": false,
            "is_ultra_restricted": false
        }
    }
]