[
    {
        "client_msg_id": "6a243ea5-6e8b-4804-a675-a65a54d0f320",
        "type": "message",
        "text": "I still have no power so I won't be able to attend the meeting today - see you next week!",
        "user": "U010TD4329M",
        "ts": "1664289184.432289",
        "blocks": [
            {
                "type": "rich_text",
                "block_id": "Xp74X",
                "elements": [
                    {
                        "type": "rich_text_section",
                        "elements": [
                            {
                                "type": "text",
                                "text": "I still have no power so I won't be able to attend the meeting today - see you next week!"
                            }
                        ]
                    }
                ]
            }
        ],
        "team": "TJPN85XRA",
        "user_team": "TJPN85XRA",
        "source_team": "TJPN85XRA",
        "user_profile": {
            "avatar_hash": "g76664e246bb",
            "image_72": "https:\/\/secure.gravatar.com\/avatar\/76664e246bb99704f2fe508d673b1124.jpg?s=72&d=https%3A%2F%2Fa.slack-edge.com%2Fdf10d%2Fimg%2Favatars%2Fava_0026-72.png",
            "first_name": "",
            "real_name": "Joe Malloch",
            "display_name": "Joe Malloch",
            "team": "TJPN85XRA",
            "name": "jmalloch",
            "is_restricted": false,
            "is_ultra_restricted": false
        }
    },
    {
        "client_msg_id": "56aba520-e422-4797-8b87-54159bf0c8fd",
        "type": "message",
        "text": "Good morning everyone, I plan to be in person at the meeting, but I'll be a bit late",
        "user": "UJCU8BAAW",
        "ts": "1664290733.279479",
        "blocks": [
            {
                "type": "rich_text",
                "block_id": "n1UfC",
                "elements": [
                    {
                        "type": "rich_text_section",
                        "elements": [
                            {
                                "type": "text",
                                "text": "Good morning everyone, I plan to be in person at the meeting, but I'll be a bit late"
                            }
                        ]
                    }
                ]
            }
        ],
        "team": "TJPN85XRA",
        "user_team": "TJPN85XRA",
        "source_team": "TJPN85XRA",
        "user_profile": {
            "avatar_hash": "d49c462f5537",
            "image_72": "https:\/\/avatars.slack-edge.com\/2021-06-14\/2154581376263_d49c462f5537edde8dbb_72.jpg",
            "first_name": "Edu",
            "real_name": "Edu Meneses",
            "display_name": "Edu Meneses",
            "team": "TJPN85XRA",
            "name": "eduardo.meneses",
            "is_restricted": false,
            "is_ultra_restricted": false
        }
    }
]