[
    {
        "type": "message",
        "subtype": "bot_message",
        "text": "",
        "ts": "1650387603.007029",
        "username": "IDMIL Schedule",
        "bot_id": "B0182SVN8A2",
        "attachments": [
            {
                "id": 1,
                "color": "fbe983",
                "fallback": "Edu's defense: <!date^1650387600^{date_short_pretty} from {time}|April 19th, 2022 from 1:00 PM> to <!date^1650391200^{time}|2:00 PM GMT-0400>",
                "text": "<!date^1650387600^{date_short_pretty} from {time}|April 19th, 2022 from 1:00 PM> to <!date^1650391200^{time}|2:00 PM GMT-0400>",
                "pretext": "Event starting now:",
                "title": "Edu's defense",
                "title_link": "https:\/\/www.google.com\/calendar\/event?eid=Y2dwMzJjOWxjNWhtY2I5cDZrcjY0YjlrNzVqMzRiOW82OHFtNGI5bzY1Z202Y2hvNnRqNmNkcG42cyBjc3A5cDN1dW44MDNpZWY0czJxMmU0Nzg2Y0Bn",
                "mrkdwn_in": [
                    "pretext",
                    "text"
                ]
            }
        ]
    }
]