[
    {
        "type": "message",
        "subtype": "bot_message",
        "text": "",
        "ts": "1649880001.520239",
        "username": "IDMIL Schedule",
        "bot_id": "B0182SVN8A2",
        "attachments": [
            {
                "id": 1,
                "color": "fbe983",
                "fallback": "Writing session: <!date^1649880000^{date_short_pretty} from {time}|April 13th, 2022 from 4:00 PM> to <!date^1649883600^{time}|5:00 PM GMT-0400>",
                "text": "<!date^1649880000^{date_short_pretty} from {time}|April 13th, 2022 from 4:00 PM> to <!date^1649883600^{time}|5:00 PM GMT-0400>",
                "pretext": "Event starting now:",
                "title": "Writing session",
                "title_link": "https:\/\/www.google.com\/calendar\/event?eid=NmNwNjJjMzE2OWozaWI5b2M1ajNpYjlrNnNvM2liOXA2NHEzY2I5azc0cTMwY2hqNjFnamdjMWtjZyBjc3A5cDN1dW44MDNpZWY0czJxMmU0Nzg2Y0Bn",
                "mrkdwn_in": [
                    "pretext",
                    "text"
                ]
            }
        ]
    }
]