[
    {
        "type": "message",
        "text": "I just finished updating the IDMIL Demo room with the help of Brady making it more accessible! I think there’s already two very happy customers!",
        "files": [
            {
                "id": "F04903FK0B1",
                "mode": "hidden_by_limit"
            }
        ],
        "upload": false,
        "user": "U03RKAGLHTP",
        "display_as_bot": false,
        "ts": "1667508289.892509",
        "blocks": [
            {
                "type": "rich_text",
                "block_id": "5Qyi",
                "elements": [
                    {
                        "type": "rich_text_section",
                        "elements": [
                            {
                                "type": "text",
                                "text": "I just finished updating the IDMIL Demo room with the help of Brady making it more accessible! I think there’s already two very happy customers!"
                            }
                        ]
                    }
                ]
            }
        ],
        "client_msg_id": "dcf5550a-ca3a-4f8c-b230-466e84e4a96a",
        "thread_ts": "1667508289.892509",
        "reply_count": 2,
        "reply_users_count": 2,
        "latest_reply": "1667569023.883579",
        "reply_users": [
            "U03RKAGLHTP",
            "UJCU8BAAW"
        ],
        "replies": [
            {
                "user": "U03RKAGLHTP",
                "ts": "1667508318.497779"
            },
            {
                "user": "UJCU8BAAW",
                "ts": "1667569023.883579"
            }
        ],
        "is_locked": false,
        "subscribed": false,
        "reactions": [
            {
                "name": "headset_parrot",
                "users": [
                    "U029MNKJ0DR",
                    "U03M9JKPT5X",
                    "UKGLCA1GS",
                    "U03NRB57K60"
                ],
                "count": 4
            },
            {
                "name": "tada",
                "users": [
                    "U010FMZRE4A",
                    "U03NRB57K60"
                ],
                "count": 2
            }
        ]
    },
    {
        "client_msg_id": "d9e01116-e37e-4564-b5b3-74bf8dc06db8",
        "type": "message",
        "text": "I’m also updating the equipment list with the new products <@UKGLCA1GS>",
        "user": "U03RKAGLHTP",
        "ts": "1667508318.497779",
        "blocks": [
            {
                "type": "rich_text",
                "block_id": "oOph",
                "elements": [
                    {
                        "type": "rich_text_section",
                        "elements": [
                            {
                                "type": "text",
                                "text": "I’m also updating the equipment list with the new products "
                            },
                            {
                                "type": "user",
                                "user_id": "UKGLCA1GS"
                            }
                        ]
                    }
                ]
            }
        ],
        "team": "TJPN85XRA",
        "user_team": "TJPN85XRA",
        "source_team": "TJPN85XRA",
        "user_profile": {
            "avatar_hash": "g0c030baca6f",
            "image_72": "https:\/\/secure.gravatar.com\/avatar\/0c030baca6f5c1ffd705bc5dee6c672a.jpg?s=72&d=https%3A%2F%2Fa.slack-edge.com%2Fdf10d%2Fimg%2Favatars%2Fava_0018-72.png",
            "first_name": "Maxwell",
            "real_name": "Maxwell Gentili-Morin",
            "display_name": "Maxwell Gentili-Morin",
            "team": "TJPN85XRA",
            "name": "maxwell.gentili-morin",
            "is_restricted": false,
            "is_ultra_restricted": false
        },
        "thread_ts": "1667508289.892509",
        "parent_user_id": "U03RKAGLHTP"
    }
]