[
    {
        "client_msg_id": "5715D954-5BCB-4385-9F36-2F16351C9556",
        "type": "message",
        "text": "Can someone let me in at the music tech entrance? Forgot my badge inside :see_no_evil: ",
        "user": "U04TQN6329W",
        "ts": "1681223206.116179",
        "blocks": [
            {
                "type": "rich_text",
                "block_id": "h4BA",
                "elements": [
                    {
                        "type": "rich_text_section",
                        "elements": [
                            {
                                "type": "text",
                                "text": "Can someone let me in at the music tech entrance? Forgot my badge inside "
                            },
                            {
                                "type": "emoji",
                                "name": "see_no_evil",
                                "unicode": "1f648"
                            },
                            {
                                "type": "text",
                                "text": " "
                            }
                        ]
                    }
                ]
            }
        ],
        "team": "TJPN85XRA",
        "user_team": "TJPN85XRA",
        "source_team": "TJPN85XRA",
        "user_profile": {
            "avatar_hash": "7c0e79a9ee29",
            "image_72": "https:\/\/avatars.slack-edge.com\/2023-03-08\/4920031214354_7c0e79a9ee29236c3397_72.png",
            "first_name": "Bavo",
            "real_name": "Bavo Van Kerrebroeck",
            "display_name": "",
            "team": "TJPN85XRA",
            "name": "bavo.vankerrebroeck",
            "is_restricted": false,
            "is_ultra_restricted": false
        }
    }
]