[
    {
        "client_msg_id": "8acb5eab-93e5-4cb1-8a34-88e90e942932",
        "type": "message",
        "text": "Hi there, please make sure to make the initial NIME submission now so as not to miss the deadline tomorrow. So far, I have seen only 4 papers (#30, #34, #37 and #68). Thanks!",
        "user": "UKGLCA1GS",
        "ts": "1674341779.426389",
        "blocks": [
            {
                "type": "rich_text",
                "block_id": "K39V",
                "elements": [
                    {
                        "type": "rich_text_section",
                        "elements": [
                            {
                                "type": "text",
                                "text": "Hi there, please make sure to make the initial NIME submission now so as not to miss the deadline tomorrow. So far, I have seen only 4 papers (#30, #34, #37 and #68). Thanks!"
                            }
                        ]
                    }
                ]
            }
        ],
        "team": "TJPN85XRA",
        "user_team": "TJPN85XRA",
        "source_team": "TJPN85XRA",
        "user_profile": {
            "avatar_hash": "82cc3b048607",
            "image_72": "https:\/\/avatars.slack-edge.com\/2022-07-25\/3850040330500_82cc3b048607f33add6e_72.jpg",
            "first_name": "",
            "real_name": "Marcelo Wanderley",
            "display_name": "Marcelo Wanderley",
            "team": "TJPN85XRA",
            "name": "marcelo.wanderley",
            "is_restricted": false,
            "is_ultra_restricted": false
        }
    }
]