[
    {
        "client_msg_id": "8a365689-2fa7-4c1c-9005-e02f739beca0",
        "type": "message",
        "text": "<https:\/\/smcq.qc.ca\/smcq\/en\/evenement\/45048\/la-grande-nuit-2023>\n\nExcited to be part of this concert on Saturday 18h30 – 2h30. Lots of exciting pieces for\/by the IDMIL\/CIRMMT community!",
        "user": "U01APBW5N2J",
        "ts": "1676994198.747199",
        "blocks": [
            {
                "type": "rich_text",
                "block_id": "j3H0O",
                "elements": [
                    {
                        "type": "rich_text_section",
                        "elements": [
                            {
                                "type": "link",
                                "url": "https:\/\/smcq.qc.ca\/smcq\/en\/evenement\/45048\/la-grande-nuit-2023"
                            },
                            {
                                "type": "text",
                                "text": "\n\nExcited to be part of this concert on Saturday 18h30 – 2h30. Lots of exciting pieces for\/by the IDMIL\/CIRMMT community!"
                            }
                        ]
                    }
                ]
            }
        ],
        "team": "TJPN85XRA",
        "user_team": "TJPN85XRA",
        "source_team": "TJPN85XRA",
        "user_profile": {
            "avatar_hash": "fe0a901d9daf",
            "image_72": "https:\/\/avatars.slack-edge.com\/2020-09-17\/1355731656631_fe0a901d9daf26440442_72.png",
            "first_name": "",
            "real_name": "Kasey Pocius",
            "display_name": "Kasey Pocius",
            "team": "TJPN85XRA",
            "name": "kaseypocius",
            "is_restricted": false,
            "is_ultra_restricted": false
        },
        "edited": {
            "user": "U01APBW5N2J",
            "ts": "1676994261.000000"
        },
        "attachments": [
            {
                "image_url": "https:\/\/smcq.qc.ca\/res\/image.php\/image\/1\/1091.jpg?width=n12",
                "image_width": 960,
                "image_height": 540,
                "image_bytes": 171340,
                "from_url": "https:\/\/smcq.qc.ca\/smcq\/en\/evenement\/45048\/la-grande-nuit-2023",
                "service_icon": "https:\/\/smcq.qc.ca\/res\/element\/favicon.png",
                "id": 1,
                "original_url": "https:\/\/smcq.qc.ca\/smcq\/en\/evenement\/45048\/la-grande-nuit-2023",
                "fallback": "SMCQ: La Grande Nuit 2023",
                "title": "La Grande Nuit 2023",
                "title_link": "https:\/\/smcq.qc.ca\/smcq\/en\/evenement\/45048\/la-grande-nuit-2023",
                "service_name": "SMCQ"
            }
        ],
        "reactions": [
            {
                "name": "raised_hands",
                "users": [
                    "UJQ9N9KA9",
                    "U04920VRM1S",
                    "UK4BP4NH2",
                    "U010FMZRE4A"
                ],
                "count": 4
            },
            {
                "name": "raised_hands::skin-tone-5",
                "users": [
                    "UJCU8BAAW"
                ],
                "count": 1
            },
            {
                "name": "headbanging_parrot",
                "users": [
                    "U03NRB57K60"
                ],
                "count": 1
            }
        ]
    },
    {
        "client_msg_id": "ccff7c11-0870-4ca0-9c34-8a3ea8087fdc",
        "type": "message",
        "text": "<#C04QYR0TTFB|gitlab-migration> has been made, for those who want to help there!",
        "user": "U01APBW5N2J",
        "ts": "1676996118.471289",
        "blocks": [
            {
                "type": "rich_text",
                "block_id": "LvLmY",
                "elements": [
                    {
                        "type": "rich_text_section",
                        "elements": [
                            {
                                "type": "channel",
                                "channel_id": "C04QYR0TTFB"
                            },
                            {
                                "type": "text",
                                "text": " has been made, for those who want to help there!"
                            }
                        ]
                    }
                ]
            }
        ],
        "team": "TJPN85XRA",
        "user_team": "TJPN85XRA",
        "source_team": "TJPN85XRA",
        "user_profile": {
            "avatar_hash": "fe0a901d9daf",
            "image_72": "https:\/\/avatars.slack-edge.com\/2020-09-17\/1355731656631_fe0a901d9daf26440442_72.png",
            "first_name": "",
            "real_name": "Kasey Pocius",
            "display_name": "Kasey Pocius",
            "team": "TJPN85XRA",
            "name": "kaseypocius",
            "is_restricted": false,
            "is_ultra_restricted": false
        }
    }
]