[
    {
        "type": "message",
        "text": "Some pictures from NIME23. Please share others if available! (Re-sending from meetings &amp; presentations)",
        "files": [
            {
                "id": "F05BLKPDSV9",
                "created": 1686230513,
                "timestamp": 1686230513,
                "name": "IMG_7963.HEIC",
                "title": "IMG_7963.HEIC",
                "mimetype": "image\/heic",
                "filetype": "heic",
                "pretty_type": "High Efficiency Image File",
                "user": "UKGLCA1GS",
                "user_team": "TJPN85XRA",
                "editable": false,
                "size": 1951642,
                "mode": "hosted",
                "is_external": false,
                "external_type": "",
                "is_public": true,
                "public_url_shared": false,
                "display_as_bot": false,
                "username": "",
                "url_private": "https:\/\/files.slack.com\/files-pri\/TJPN85XRA-F05BLKPDSV9\/img_7963.heic?t=xoxe-635756201860-5822147069925-5827507671108-aa50e926a1c11470df3e79fc59b5f176",
                "url_private_download": "https:\/\/files.slack.com\/files-pri\/TJPN85XRA-F05BLKPDSV9\/download\/img_7963.heic?t=xoxe-635756201860-5822147069925-5827507671108-aa50e926a1c11470df3e79fc59b5f176",
                "media_display_type": "unknown",
                "thumb_64": "https:\/\/files.slack.com\/files-tmb\/TJPN85XRA-F05BLKPDSV9-b57cd9769f\/img_7963_64.png?t=xoxe-635756201860-5822147069925-5827507671108-aa50e926a1c11470df3e79fc59b5f176",
                "thumb_80": "https:\/\/files.slack.com\/files-tmb\/TJPN85XRA-F05BLKPDSV9-b57cd9769f\/img_7963_80.png?t=xoxe-635756201860-5822147069925-5827507671108-aa50e926a1c11470df3e79fc59b5f176",
                "thumb_360": "https:\/\/files.slack.com\/files-tmb\/TJPN85XRA-F05BLKPDSV9-b57cd9769f\/img_7963_360.png?t=xoxe-635756201860-5822147069925-5827507671108-aa50e926a1c11470df3e79fc59b5f176",
                "thumb_360_w": 360,
                "thumb_360_h": 270,
                "thumb_480": "https:\/\/files.slack.com\/files-tmb\/TJPN85XRA-F05BLKPDSV9-b57cd9769f\/img_7963_480.png?t=xoxe-635756201860-5822147069925-5827507671108-aa50e926a1c11470df3e79fc59b5f176",
                "thumb_480_w": 480,
                "thumb_480_h": 360,
                "thumb_160": "https:\/\/files.slack.com\/files-tmb\/TJPN85XRA-F05BLKPDSV9-b57cd9769f\/img_7963_160.png?t=xoxe-635756201860-5822147069925-5827507671108-aa50e926a1c11470df3e79fc59b5f176",
                "thumb_720": "https:\/\/files.slack.com\/files-tmb\/TJPN85XRA-F05BLKPDSV9-b57cd9769f\/img_7963_720.png?t=xoxe-635756201860-5822147069925-5827507671108-aa50e926a1c11470df3e79fc59b5f176",
                "thumb_720_w": 720,
                "thumb_720_h": 540,
                "thumb_800": "https:\/\/files.slack.com\/files-tmb\/TJPN85XRA-F05BLKPDSV9-b57cd9769f\/img_7963_800.png?t=xoxe-635756201860-5822147069925-5827507671108-aa50e926a1c11470df3e79fc59b5f176",
                "thumb_800_w": 800,
                "thumb_800_h": 600,
                "thumb_960": "https:\/\/files.slack.com\/files-tmb\/TJPN85XRA-F05BLKPDSV9-b57cd9769f\/img_7963_960.png?t=xoxe-635756201860-5822147069925-5827507671108-aa50e926a1c11470df3e79fc59b5f176",
                "thumb_960_w": 960,
                "thumb_960_h": 720,
                "thumb_1024": "https:\/\/files.slack.com\/files-tmb\/TJPN85XRA-F05BLKPDSV9-b57cd9769f\/img_7963_1024.png?t=xoxe-635756201860-5822147069925-5827507671108-aa50e926a1c11470df3e79fc59b5f176",
                "thumb_1024_w": 1024,
                "thumb_1024_h": 768,
                "original_w": 4032,
                "original_h": 3024,
                "permalink": "https:\/\/idmil.slack.com\/files\/UKGLCA1GS\/F05BLKPDSV9\/img_7963.heic",
                "permalink_public": "https:\/\/slack-files.com\/TJPN85XRA-F05BLKPDSV9-3c4b037da0",
                "is_starred": false,
                "has_rich_preview": false,
                "file_access": "visible"
            },
            {
                "id": "F05BLPEV9U2",
                "created": 1686230531,
                "timestamp": 1686230531,
                "name": "IMG_7982.HEIC",
                "title": "IMG_7982.HEIC",
                "mimetype": "image\/heic",
                "filetype": "heic",
                "pretty_type": "High Efficiency Image File",
                "user": "UKGLCA1GS",
                "user_team": "TJPN85XRA",
                "editable": false,
                "size": 1959041,
                "mode": "hosted",
                "is_external": false,
                "external_type": "",
                "is_public": true,
                "public_url_shared": false,
                "display_as_bot": false,
                "username": "",
                "url_private": "https:\/\/files.slack.com\/files-pri\/TJPN85XRA-F05BLPEV9U2\/img_7982.heic?t=xoxe-635756201860-5822147069925-5827507671108-aa50e926a1c11470df3e79fc59b5f176",
                "url_private_download": "https:\/\/files.slack.com\/files-pri\/TJPN85XRA-F05BLPEV9U2\/download\/img_7982.heic?t=xoxe-635756201860-5822147069925-5827507671108-aa50e926a1c11470df3e79fc59b5f176",
                "media_display_type": "unknown",
                "thumb_64": "https:\/\/files.slack.com\/files-tmb\/TJPN85XRA-F05BLPEV9U2-3d27ff89f8\/img_7982_64.png?t=xoxe-635756201860-5822147069925-5827507671108-aa50e926a1c11470df3e79fc59b5f176",
                "thumb_80": "https:\/\/files.slack.com\/files-tmb\/TJPN85XRA-F05BLPEV9U2-3d27ff89f8\/img_7982_80.png?t=xoxe-635756201860-5822147069925-5827507671108-aa50e926a1c11470df3e79fc59b5f176",
                "thumb_360": "https:\/\/files.slack.com\/files-tmb\/TJPN85XRA-F05BLPEV9U2-3d27ff89f8\/img_7982_360.png?t=xoxe-635756201860-5822147069925-5827507671108-aa50e926a1c11470df3e79fc59b5f176",
                "thumb_360_w": 360,
                "thumb_360_h": 270,
                "thumb_480": "https:\/\/files.slack.com\/files-tmb\/TJPN85XRA-F05BLPEV9U2-3d27ff89f8\/img_7982_480.png?t=xoxe-635756201860-5822147069925-5827507671108-aa50e926a1c11470df3e79fc59b5f176",
                "thumb_480_w": 480,
                "thumb_480_h": 360,
                "thumb_160": "https:\/\/files.slack.com\/files-tmb\/TJPN85XRA-F05BLPEV9U2-3d27ff89f8\/img_7982_160.png?t=xoxe-635756201860-5822147069925-5827507671108-aa50e926a1c11470df3e79fc59b5f176",
                "thumb_720": "https:\/\/files.slack.com\/files-tmb\/TJPN85XRA-F05BLPEV9U2-3d27ff89f8\/img_7982_720.png?t=xoxe-635756201860-5822147069925-5827507671108-aa50e926a1c11470df3e79fc59b5f176",
                "thumb_720_w": 720,
                "thumb_720_h": 540,
                "thumb_800": "https:\/\/files.slack.com\/files-tmb\/TJPN85XRA-F05BLPEV9U2-3d27ff89f8\/img_7982_800.png?t=xoxe-635756201860-5822147069925-5827507671108-aa50e926a1c11470df3e79fc59b5f176",
                "thumb_800_w": 800,
                "thumb_800_h": 600,
                "thumb_960": "https:\/\/files.slack.com\/files-tmb\/TJPN85XRA-F05BLPEV9U2-3d27ff89f8\/img_7982_960.png?t=xoxe-635756201860-5822147069925-5827507671108-aa50e926a1c11470df3e79fc59b5f176",
                "thumb_960_w": 960,
                "thumb_960_h": 720,
                "thumb_1024": "https:\/\/files.slack.com\/files-tmb\/TJPN85XRA-F05BLPEV9U2-3d27ff89f8\/img_7982_1024.png?t=xoxe-635756201860-5822147069925-5827507671108-aa50e926a1c11470df3e79fc59b5f176",
                "thumb_1024_w": 1024,
                "thumb_1024_h": 768,
                "original_w": 4032,
                "original_h": 3024,
                "permalink": "https:\/\/idmil.slack.com\/files\/UKGLCA1GS\/F05BLPEV9U2\/img_7982.heic",
                "permalink_public": "https:\/\/slack-files.com\/TJPN85XRA-F05BLPEV9U2-6631a72332",
                "is_starred": false,
                "has_rich_preview": false,
                "file_access": "visible"
            }
        ],
        "upload": false,
        "user": "UKGLCA1GS",
        "ts": "1686230550.672479",
        "blocks": [
            {
                "type": "rich_text",
                "block_id": "XJkGK",
                "elements": [
                    {
                        "type": "rich_text_section",
                        "elements": [
                            {
                                "type": "text",
                                "text": "Some pictures from NIME23. Please share others if available! (Re-sending from meetings & presentations)"
                            }
                        ]
                    }
                ]
            }
        ],
        "client_msg_id": "cd4ddd98-c204-4d11-8572-64597baa3203"
    },
    {
        "client_msg_id": "C51463CD-7351-4F2E-A64A-7D6C41736615",
        "type": "message",
        "text": "Is there an Idmil-meeting today?",
        "user": "U04TQN6329W",
        "ts": "1686230922.444739",
        "blocks": [
            {
                "type": "rich_text",
                "block_id": "0=m",
                "elements": [
                    {
                        "type": "rich_text_section",
                        "elements": [
                            {
                                "type": "text",
                                "text": "Is there an Idmil-meeting today?"
                            }
                        ]
                    }
                ]
            }
        ],
        "team": "TJPN85XRA",
        "user_team": "TJPN85XRA",
        "source_team": "TJPN85XRA",
        "user_profile": {
            "avatar_hash": "7c0e79a9ee29",
            "image_72": "https:\/\/avatars.slack-edge.com\/2023-03-08\/4920031214354_7c0e79a9ee29236c3397_72.png",
            "first_name": "Bavo",
            "real_name": "Bavo Van Kerrebroeck",
            "display_name": "",
            "team": "TJPN85XRA",
            "name": "bavo.vankerrebroeck",
            "is_restricted": false,
            "is_ultra_restricted": false
        },
        "thread_ts": "1686230922.444739",
        "reply_count": 1,
        "reply_users_count": 1,
        "latest_reply": "1686231090.037029",
        "reply_users": [
            "U03NRB57K60"
        ],
        "replies": [
            {
                "user": "U03NRB57K60",
                "ts": "1686231090.037029"
            }
        ],
        "is_locked": false,
        "subscribed": false
    },
    {
        "client_msg_id": "f39f51eb-d52d-43b3-ad59-ed5806f8a6c9",
        "type": "message",
        "text": "No. Next meeting is next Tuesday. (you can go to <#C03KJ0HFMMK|meetings-and-presentations> to see the news of meetings!)",
        "user": "U03NRB57K60",
        "ts": "1686231090.037029",
        "blocks": [
            {
                "type": "rich_text",
                "block_id": "D0Y83",
                "elements": [
                    {
                        "type": "rich_text_section",
                        "elements": [
                            {
                                "type": "text",
                                "text": "No. Next meeting is next Tuesday. (you can go to "
                            },
                            {
                                "type": "channel",
                                "channel_id": "C03KJ0HFMMK"
                            },
                            {
                                "type": "text",
                                "text": " to see the news of meetings!)"
                            }
                        ]
                    }
                ]
            }
        ],
        "team": "TJPN85XRA",
        "user_team": "TJPN85XRA",
        "source_team": "TJPN85XRA",
        "user_profile": {
            "avatar_hash": "cb367b89c7ee",
            "image_72": "https:\/\/avatars.slack-edge.com\/2022-07-07\/3764518225398_cb367b89c7eea9d69365_72.jpg",
            "first_name": "Ziyue",
            "real_name": "Ziyue (Monica) Piao",
            "display_name": "Ziyue (Monica) Piao",
            "team": "TJPN85XRA",
            "name": "ziyue.piao",
            "is_restricted": false,
            "is_ultra_restricted": false
        },
        "thread_ts": "1686230922.444739",
        "parent_user_id": "U04TQN6329W",
        "reactions": [
            {
                "name": "+1",
                "users": [
                    "U04TQN6329W"
                ],
                "count": 1
            }
        ]
    }
]