[
    {
        "client_msg_id": "da90d083-8e92-4c1f-b5ae-482b17e0ecfd",
        "type": "message",
        "text": "can someone share the link to all the reviews?",
        "user": "UJR4DDS12",
        "ts": "1675788530.551249",
        "blocks": [
            {
                "type": "rich_text",
                "block_id": "DoOxE",
                "elements": [
                    {
                        "type": "rich_text_section",
                        "elements": [
                            {
                                "type": "text",
                                "text": "can someone share the link to all the reviews?"
                            }
                        ]
                    }
                ]
            }
        ],
        "team": "TJPN85XRA",
        "user_team": "TJPN85XRA",
        "source_team": "TJPN85XRA",
        "user_profile": {
            "avatar_hash": "a59dc6f2aaf0",
            "image_72": "https:\/\/avatars.slack-edge.com\/2022-06-18\/3673671924631_a59dc6f2aaf006d655d2_72.jpg",
            "first_name": "Travis",
            "real_name": "Travis West",
            "display_name": "Travis",
            "team": "TJPN85XRA",
            "name": "travis.west",
            "is_restricted": false,
            "is_ultra_restricted": false
        },
        "thread_ts": "1675788530.551249",
        "reply_count": 1,
        "reply_users_count": 1,
        "latest_reply": "1675788595.554319",
        "reply_users": [
            "U03JWS43U3H"
        ],
        "replies": [
            {
                "user": "U03JWS43U3H",
                "ts": "1675788595.554319"
            }
        ],
        "is_locked": false,
        "subscribed": false
    },
    {
        "client_msg_id": "19f592d4-28d2-463a-a3a3-132ad3685a4f",
        "type": "message",
        "text": "<https:\/\/idmil.slack.com\/archives\/C04KXAE1RJT\/p1675785560625729>",
        "user": "U03JWS43U3H",
        "ts": "1675788595.554319",
        "blocks": [
            {
                "type": "rich_text",
                "block_id": "zmW+",
                "elements": [
                    {
                        "type": "rich_text_section",
                        "elements": [
                            {
                                "type": "link",
                                "url": "https:\/\/idmil.slack.com\/archives\/C04KXAE1RJT\/p1675785560625729"
                            }
                        ]
                    }
                ]
            }
        ],
        "team": "TJPN85XRA",
        "user_team": "TJPN85XRA",
        "source_team": "TJPN85XRA",
        "user_profile": {
            "avatar_hash": "g9dd84ade99b",
            "image_72": "https:\/\/secure.gravatar.com\/avatar\/9dd84ade99bb030e9269d9f654d3b81f.jpg?s=72&d=https%3A%2F%2Fa.slack-edge.com%2Fdf10d%2Fimg%2Favatars%2Fava_0006-72.png",
            "first_name": "Albert-Ngabo",
            "real_name": "Albert-Ngabo Niyonsenga",
            "display_name": "Albert-Ngabo Niyonsenga",
            "team": "TJPN85XRA",
            "name": "albert-ngabo.niyonsen",
            "is_restricted": false,
            "is_ultra_restricted": false
        },
        "attachments": [
            {
                "from_url": "https:\/\/idmil.slack.com\/archives\/C04KXAE1RJT\/p1675785560625729",
                "ts": "1675785560.625729",
                "author_id": "UKGLCA1GS",
                "channel_id": "C04KXAE1RJT",
                "channel_team": "TJPN85XRA",
                "is_msg_unfurl": true,
                "message_blocks": [
                    {
                        "team": "TJPN85XRA",
                        "channel": "C04KXAE1RJT",
                        "ts": "1675785560.625729",
                        "message": {
                            "blocks": [
                                {
                                    "type": "rich_text",
                                    "block_id": "fo8",
                                    "elements": [
                                        {
                                            "type": "rich_text_section",
                                            "elements": [
                                                {
                                                    "type": "text",
                                                    "text": "Internal Reviews (so far): "
                                                },
                                                {
                                                    "type": "link",
                                                    "url": "https:\/\/drive.google.com\/file\/d\/1MmpaVBt6PpUo13yM3nQ1NtXSVOuWanmh\/view?usp=sharing"
                                                }
                                            ]
                                        }
                                    ]
                                }
                            ]
                        }
                    }
                ],
                "id": 1,
                "original_url": "https:\/\/idmil.slack.com\/archives\/C04KXAE1RJT\/p1675785560625729",
                "fallback": "[February 7th, 2023 7:59 AM] marcelo.wanderley: Internal Reviews (so far): <https:\/\/drive.google.com\/file\/d\/1MmpaVBt6PpUo13yM3nQ1NtXSVOuWanmh\/view?usp=sharing>",
                "text": "Internal Reviews (so far): <https:\/\/drive.google.com\/file\/d\/1MmpaVBt6PpUo13yM3nQ1NtXSVOuWanmh\/view?usp=sharing>",
                "author_name": "Marcelo Wanderley",
                "author_link": "https:\/\/idmil.slack.com\/team\/UKGLCA1GS",
                "author_icon": "https:\/\/avatars.slack-edge.com\/2022-07-25\/3850040330500_82cc3b048607f33add6e_48.jpg",
                "author_subname": "Marcelo Wanderley",
                "mrkdwn_in": [
                    "text"
                ],
                "footer": "Slack conversation"
            }
        ],
        "thread_ts": "1675788530.551249",
        "parent_user_id": "UJR4DDS12"
    },
    {
        "client_msg_id": "87328aab-b6d0-4210-98ec-a9cd61253274",
        "type": "message",
        "text": "<https:\/\/drive.google.com\/drive\/folders\/1VEZcAKwoGRs4sBS6HrJ5ezOCLLT0Qj7Z>",
        "user": "UKGLCA1GS",
        "ts": "1675788622.421529",
        "blocks": [
            {
                "type": "rich_text",
                "block_id": "ldYNC",
                "elements": [
                    {
                        "type": "rich_text_section",
                        "elements": [
                            {
                                "type": "link",
                                "url": "https:\/\/drive.google.com\/drive\/folders\/1VEZcAKwoGRs4sBS6HrJ5ezOCLLT0Qj7Z"
                            }
                        ]
                    }
                ]
            }
        ],
        "team": "TJPN85XRA",
        "user_team": "TJPN85XRA",
        "source_team": "TJPN85XRA",
        "user_profile": {
            "avatar_hash": "82cc3b048607",
            "image_72": "https:\/\/avatars.slack-edge.com\/2022-07-25\/3850040330500_82cc3b048607f33add6e_72.jpg",
            "first_name": "",
            "real_name": "Marcelo Wanderley",
            "display_name": "Marcelo Wanderley",
            "team": "TJPN85XRA",
            "name": "marcelo.wanderley",
            "is_restricted": false,
            "is_ultra_restricted": false
        },
        "thread_ts": "1675788622.421529",
        "reply_count": 1,
        "reply_users_count": 1,
        "latest_reply": "1675943737.112769",
        "reply_users": [
            "UJR4DDS12"
        ],
        "replies": [
            {
                "user": "UJR4DDS12",
                "ts": "1675943737.112769"
            }
        ],
        "is_locked": false,
        "subscribed": false
    }
]