[
    {
        "client_msg_id": "5323f030-92cb-4d33-b9fe-f1adc240c015",
        "type": "message",
        "text": "<!everyone> CIRMMT Distinguished Lecture Nominations are coming up, do you have any recommendations?",
        "user": "UJR4DDS12",
        "ts": "1676396776.220979",
        "blocks": [
            {
                "type": "rich_text",
                "block_id": "3tC",
                "elements": [
                    {
                        "type": "rich_text_section",
                        "elements": [
                            {
                                "type": "broadcast",
                                "range": "everyone"
                            },
                            {
                                "type": "text",
                                "text": " CIRMMT Distinguished Lecture Nominations are coming up, do you have any recommendations?"
                            }
                        ]
                    }
                ]
            }
        ],
        "team": "TJPN85XRA",
        "user_team": "TJPN85XRA",
        "source_team": "TJPN85XRA",
        "user_profile": {
            "avatar_hash": "a59dc6f2aaf0",
            "image_72": "https:\/\/avatars.slack-edge.com\/2022-06-18\/3673671924631_a59dc6f2aaf006d655d2_72.jpg",
            "first_name": "Travis",
            "real_name": "Travis West",
            "display_name": "Travis",
            "team": "TJPN85XRA",
            "name": "travis.west",
            "is_restricted": false,
            "is_ultra_restricted": false
        },
        "thread_ts": "1676396776.220979",
        "reply_count": 2,
        "reply_users_count": 2,
        "latest_reply": "1676487684.014069",
        "reply_users": [
            "U03NRB57K60",
            "U029MNKJ0DR"
        ],
        "replies": [
            {
                "user": "U03NRB57K60",
                "ts": "1676397768.596969"
            },
            {
                "user": "U029MNKJ0DR",
                "ts": "1676487684.014069"
            }
        ],
        "is_locked": false,
        "subscribed": false
    },
    {
        "client_msg_id": "bacdcb1f-c979-4975-abea-a1d7c85e8dc7",
        "type": "message",
        "text": "Joseph A. Paradiso, Rebecca Fiebrink, Anna Chengzhi Huang, Juan Pablo Bello, Gus Xia, Shlomo Dubnov, atau tanaka",
        "user": "U03NRB57K60",
        "ts": "1676397768.596969",
        "blocks": [
            {
                "type": "rich_text",
                "block_id": "Rrl",
                "elements": [
                    {
                        "type": "rich_text_section",
                        "elements": [
                            {
                                "type": "text",
                                "text": "Joseph A. Paradiso, Rebecca Fiebrink, Anna Chengzhi Huang, "
                            },
                            {
                                "type": "text",
                                "text": "Juan Pablo Bello, Gus Xia, Shlomo Dubnov, ",
                                "style": {
                                    "unlink": true
                                }
                            },
                            {
                                "type": "text",
                                "text": "atau tanaka"
                            }
                        ]
                    }
                ]
            }
        ],
        "team": "TJPN85XRA",
        "user_team": "TJPN85XRA",
        "source_team": "TJPN85XRA",
        "user_profile": {
            "avatar_hash": "cb367b89c7ee",
            "image_72": "https:\/\/avatars.slack-edge.com\/2022-07-07\/3764518225398_cb367b89c7eea9d69365_72.jpg",
            "first_name": "Ziyue",
            "real_name": "Ziyue (Monica) Piao",
            "display_name": "Ziyue (Monica) Piao",
            "team": "TJPN85XRA",
            "name": "ziyue.piao",
            "is_restricted": false,
            "is_ultra_restricted": false
        },
        "edited": {
            "user": "U03NRB57K60",
            "ts": "1676398423.000000"
        },
        "thread_ts": "1676396776.220979",
        "parent_user_id": "UJR4DDS12"
    }
]