[
    {
        "client_msg_id": "109a3e35-291b-4090-a0fe-5b69f291e9ef",
        "type": "message",
        "text": "Don't know if it is just me but when I click on any subpage in People, Projects or Publication on the idmil website I get a 404 error.\nie: <https:\/\/www.idmil.org\/people\/> is fine but <https:\/\/www.idmil.org\/people\/marcelo-m-wanderley\/> returns a 404 error",
        "user": "U03JWS43U3H",
        "ts": "1688574171.629089",
        "blocks": [
            {
                "type": "rich_text",
                "block_id": "y=W",
                "elements": [
                    {
                        "type": "rich_text_section",
                        "elements": [
                            {
                                "type": "text",
                                "text": "Don't know if it is just me but when I click on any subpage in People, Projects or Publication on the idmil website I get a 404 error.\nie: "
                            },
                            {
                                "type": "link",
                                "url": "https:\/\/www.idmil.org\/people\/"
                            },
                            {
                                "type": "text",
                                "text": " is fine but "
                            },
                            {
                                "type": "link",
                                "url": "https:\/\/www.idmil.org\/people\/marcelo-m-wanderley\/"
                            },
                            {
                                "type": "text",
                                "text": " returns a 404 error"
                            }
                        ]
                    }
                ]
            }
        ],
        "team": "TJPN85XRA",
        "user_team": "TJPN85XRA",
        "source_team": "TJPN85XRA",
        "user_profile": {
            "avatar_hash": "g9dd84ade99b",
            "image_72": "https:\/\/secure.gravatar.com\/avatar\/9dd84ade99bb030e9269d9f654d3b81f.jpg?s=72&d=https%3A%2F%2Fa.slack-edge.com%2Fdf10d%2Fimg%2Favatars%2Fava_0006-72.png",
            "first_name": "Albert-Ngabo",
            "real_name": "Albert-Ngabo Niyonsenga",
            "display_name": "Albert-Ngabo Niyonsenga",
            "team": "TJPN85XRA",
            "name": "albert-ngabo.niyonsen",
            "is_restricted": false,
            "is_ultra_restricted": false
        },
        "attachments": [
            {
                "from_url": "https:\/\/www.idmil.org\/people\/",
                "service_icon": "https:\/\/www.idmil.org\/wp-content\/uploads\/2017\/03\/cropped-IDMIL-sq-rnd-180x180.png",
                "thumb_url": "https:\/\/www.idmil.org\/wp-content\/uploads\/2017\/03\/cropped-IDMIL-sq-rnd.png",
                "thumb_width": 512,
                "thumb_height": 512,
                "ts": 1490062890,
                "id": 1,
                "original_url": "https:\/\/www.idmil.org\/people\/",
                "fallback": "IDMIL: People",
                "text": "  Director Post-doctoral Researchers Ph.D. Researchers Masters Students Undergraduate Students Visiting Researchers Associate Researchers Alumni Post-Doctoral Researchers Ph.D. Researchers Mas…",
                "title": "People",
                "title_link": "https:\/\/www.idmil.org\/people\/",
                "service_name": "IDMIL"
            }
        ],
        "thread_ts": "1688574171.629089",
        "reply_count": 4,
        "reply_users_count": 3,
        "latest_reply": "1688592350.579429",
        "reply_users": [
            "UJCU8BAAW",
            "UKGLCA1GS",
            "U03NRB57K60"
        ],
        "replies": [
            {
                "user": "UJCU8BAAW",
                "ts": "1688574311.192059"
            },
            {
                "user": "UKGLCA1GS",
                "ts": "1688578383.726759"
            },
            {
                "user": "UKGLCA1GS",
                "ts": "1688592125.169269"
            },
            {
                "user": "U03NRB57K60",
                "ts": "1688592350.579429"
            }
        ],
        "is_locked": false,
        "subscribed": false
    },
    {
        "client_msg_id": "63c8e289-45ee-4a7b-aec8-02eb3faba414",
        "type": "message",
        "text": "same here",
        "user": "UJCU8BAAW",
        "ts": "1688574311.192059",
        "blocks": [
            {
                "type": "rich_text",
                "block_id": "6So7",
                "elements": [
                    {
                        "type": "rich_text_section",
                        "elements": [
                            {
                                "type": "text",
                                "text": "same here"
                            }
                        ]
                    }
                ]
            }
        ],
        "team": "TJPN85XRA",
        "user_team": "TJPN85XRA",
        "source_team": "TJPN85XRA",
        "user_profile": {
            "avatar_hash": "d49c462f5537",
            "image_72": "https:\/\/avatars.slack-edge.com\/2021-06-14\/2154581376263_d49c462f5537edde8dbb_72.jpg",
            "first_name": "Edu",
            "real_name": "Edu Meneses",
            "display_name": "Edu Meneses",
            "team": "TJPN85XRA",
            "name": "eduardo.meneses",
            "is_restricted": false,
            "is_ultra_restricted": false
        },
        "thread_ts": "1688574171.629089",
        "parent_user_id": "U03JWS43U3H"
    },
    {
        "client_msg_id": "D7C4358F-F00B-46BD-9EE8-3C063CB22752",
        "type": "message",
        "text": "Indeed, I saw it this morning and sent a message to Darryl about it..",
        "user": "UKGLCA1GS",
        "ts": "1688578383.726759",
        "blocks": [
            {
                "type": "rich_text",
                "block_id": "9Rfh",
                "elements": [
                    {
                        "type": "rich_text_section",
                        "elements": [
                            {
                                "type": "text",
                                "text": "Indeed, I saw it this morning and sent a message to Darryl about it.."
                            }
                        ]
                    }
                ]
            }
        ],
        "team": "TJPN85XRA",
        "user_team": "TJPN85XRA",
        "source_team": "TJPN85XRA",
        "user_profile": {
            "avatar_hash": "82cc3b048607",
            "image_72": "https:\/\/avatars.slack-edge.com\/2022-07-25\/3850040330500_82cc3b048607f33add6e_72.jpg",
            "first_name": "",
            "real_name": "Marcelo Wanderley",
            "display_name": "Marcelo Wanderley",
            "team": "TJPN85XRA",
            "name": "marcelo.wanderley",
            "is_restricted": false,
            "is_ultra_restricted": false
        },
        "thread_ts": "1688574171.629089",
        "parent_user_id": "U03JWS43U3H"
    },
    {
        "type": "message",
        "subtype": "thread_broadcast",
        "text": "<http:\/\/idmil.org|idmil.org> website is back. It seems that the Permalink structure appeared to have been changed to “Day and name”. Simon reverted it to “Post name”.",
        "user": "UKGLCA1GS",
        "ts": "1688592125.169269",
        "thread_ts": "1688574171.629089",
        "root": {
            "client_msg_id": "109a3e35-291b-4090-a0fe-5b69f291e9ef",
            "type": "message",
            "text": "Don't know if it is just me but when I click on any subpage in People, Projects or Publication on the idmil website I get a 404 error.\nie: <https:\/\/www.idmil.org\/people\/> is fine but <https:\/\/www.idmil.org\/people\/marcelo-m-wanderley\/> returns a 404 error",
            "user": "U03JWS43U3H",
            "ts": "1688574171.629089",
            "blocks": [
                {
                    "type": "rich_text",
                    "block_id": "y=W",
                    "elements": [
                        {
                            "type": "rich_text_section",
                            "elements": [
                                {
                                    "type": "text",
                                    "text": "Don't know if it is just me but when I click on any subpage in People, Projects or Publication on the idmil website I get a 404 error.\nie: "
                                },
                                {
                                    "type": "link",
                                    "url": "https:\/\/www.idmil.org\/people\/"
                                },
                                {
                                    "type": "text",
                                    "text": " is fine but "
                                },
                                {
                                    "type": "link",
                                    "url": "https:\/\/www.idmil.org\/people\/marcelo-m-wanderley\/"
                                },
                                {
                                    "type": "text",
                                    "text": " returns a 404 error"
                                }
                            ]
                        }
                    ]
                }
            ],
            "team": "TJPN85XRA",
            "attachments": [
                {
                    "from_url": "https:\/\/www.idmil.org\/people\/",
                    "service_icon": "https:\/\/www.idmil.org\/wp-content\/uploads\/2017\/03\/cropped-IDMIL-sq-rnd-180x180.png",
                    "thumb_url": "https:\/\/www.idmil.org\/wp-content\/uploads\/2017\/03\/cropped-IDMIL-sq-rnd.png",
                    "thumb_width": 512,
                    "thumb_height": 512,
                    "ts": 1490062890,
                    "id": 1,
                    "original_url": "https:\/\/www.idmil.org\/people\/",
                    "fallback": "IDMIL: People",
                    "text": "  Director Post-doctoral Researchers Ph.D. Researchers Masters Students Undergraduate Students Visiting Researchers Associate Researchers Alumni Post-Doctoral Researchers Ph.D. Researchers Mas…",
                    "title": "People",
                    "title_link": "https:\/\/www.idmil.org\/people\/",
                    "service_name": "IDMIL"
                }
            ],
            "thread_ts": "1688574171.629089",
            "reply_count": 4,
            "reply_users_count": 3,
            "latest_reply": "1688592350.579429",
            "reply_users": [
                "UJCU8BAAW",
                "UKGLCA1GS",
                "U03NRB57K60"
            ],
            "replies": [
                {
                    "user": "UJCU8BAAW",
                    "ts": "1688574311.192059"
                },
                {
                    "user": "UKGLCA1GS",
                    "ts": "1688578383.726759"
                },
                {
                    "user": "UKGLCA1GS",
                    "ts": "1688592125.169269"
                },
                {
                    "user": "U03NRB57K60",
                    "ts": "1688592350.579429"
                }
            ],
            "is_locked": false,
            "subscribed": false
        },
        "blocks": [
            {
                "type": "rich_text",
                "block_id": "5=Wcm",
                "elements": [
                    {
                        "type": "rich_text_section",
                        "elements": [
                            {
                                "type": "link",
                                "url": "http:\/\/idmil.org",
                                "text": "idmil.org"
                            },
                            {
                                "type": "text",
                                "text": " website is back. It seems that the Permalink structure appeared to have been changed to “Day and name”. Simon reverted it to “Post name”."
                            }
                        ]
                    }
                ]
            }
        ],
        "client_msg_id": "d3e609f3-0390-44c3-887c-3520f413c38d"
    },
    {
        "client_msg_id": "28522fde-5fc6-4c5d-9102-8070a9348a85",
        "type": "message",
        "text": "I am late! I will email Darryl next time.",
        "user": "U03NRB57K60",
        "ts": "1688592350.579429",
        "blocks": [
            {
                "type": "rich_text",
                "block_id": "3lMK",
                "elements": [
                    {
                        "type": "rich_text_section",
                        "elements": [
                            {
                                "type": "text",
                                "text": "I am late! I will email Darryl next time."
                            }
                        ]
                    }
                ]
            }
        ],
        "team": "TJPN85XRA",
        "user_team": "TJPN85XRA",
        "source_team": "TJPN85XRA",
        "user_profile": {
            "avatar_hash": "cb367b89c7ee",
            "image_72": "https:\/\/avatars.slack-edge.com\/2022-07-07\/3764518225398_cb367b89c7eea9d69365_72.jpg",
            "first_name": "Ziyue",
            "real_name": "Ziyue (Monica) Piao",
            "display_name": "Ziyue (Monica) Piao",
            "team": "TJPN85XRA",
            "name": "ziyue.piao",
            "is_restricted": false,
            "is_ultra_restricted": false
        },
        "thread_ts": "1688574171.629089",
        "parent_user_id": "U03JWS43U3H"
    }
]