[
    {
        "client_msg_id": "a4e3609a-7a3c-4dcd-bc62-66686e0a4048",
        "type": "message",
        "text": "Forward from <#C03KJ0HFMMK|meetings-and-presentations> :\nMarcelo: Hi there, I’ll be at Pierrick’s comps tomorrow morning, so we should reschedule the lab meeting to discuss papers from NIME23 to another day this week. What about Thu morning at 11 am? Please select the three most interesting papers you saw to comment on them.",
        "user": "U03NRB57K60",
        "ts": "1686061926.967809",
        "blocks": [
            {
                "type": "rich_text",
                "block_id": "BHL",
                "elements": [
                    {
                        "type": "rich_text_section",
                        "elements": [
                            {
                                "type": "text",
                                "text": "Forward from "
                            },
                            {
                                "type": "channel",
                                "channel_id": "C03KJ0HFMMK"
                            },
                            {
                                "type": "text",
                                "text": " :\nMarcelo: Hi there, I’ll be at Pierrick’s comps tomorrow morning, so we should reschedule the lab meeting to discuss papers from NIME23 to another day this week. What about Thu morning at 11 am? Please select the three most interesting papers you saw to comment on them."
                            }
                        ]
                    }
                ]
            }
        ],
        "team": "TJPN85XRA",
        "user_team": "TJPN85XRA",
        "source_team": "TJPN85XRA",
        "user_profile": {
            "avatar_hash": "cb367b89c7ee",
            "image_72": "https:\/\/avatars.slack-edge.com\/2022-07-07\/3764518225398_cb367b89c7eea9d69365_72.jpg",
            "first_name": "Ziyue",
            "real_name": "Ziyue (Monica) Piao",
            "display_name": "Ziyue (Monica) Piao",
            "team": "TJPN85XRA",
            "name": "ziyue.piao",
            "is_restricted": false,
            "is_ultra_restricted": false
        }
    },
    {
        "client_msg_id": "af94d98a-7a47-41a0-8eba-e3227ee28321",
        "type": "message",
        "text": "Does anybody know what's up with the left 3D printer? It jams when I try to load the gray PLA filament",
        "user": "U029MNKJ0DR",
        "ts": "1686064737.424539",
        "blocks": [
            {
                "type": "rich_text",
                "block_id": "f=Ie",
                "elements": [
                    {
                        "type": "rich_text_section",
                        "elements": [
                            {
                                "type": "text",
                                "text": "Does anybody know what's up with the left 3D printer? It jams when I try to load the gray PLA filament"
                            }
                        ]
                    }
                ]
            }
        ],
        "team": "TJPN85XRA",
        "user_team": "TJPN85XRA",
        "source_team": "TJPN85XRA",
        "user_profile": {
            "avatar_hash": "f350669b1e49",
            "image_72": "https:\/\/avatars.slack-edge.com\/2021-07-29\/2324539512645_f350669b1e496193ea11_72.jpg",
            "first_name": "",
            "real_name": "Paul Buser",
            "display_name": "Paul Buser",
            "team": "TJPN85XRA",
            "name": "buser.paul",
            "is_restricted": false,
            "is_ultra_restricted": false
        },
        "thread_ts": "1686064737.424539",
        "reply_count": 4,
        "reply_users_count": 3,
        "latest_reply": "1686067554.615969",
        "reply_users": [
            "U03JWS43U3H",
            "U029MNKJ0DR",
            "U03JTLB9FSS"
        ],
        "replies": [
            {
                "user": "U03JWS43U3H",
                "ts": "1686064788.804989"
            },
            {
                "user": "U029MNKJ0DR",
                "ts": "1686065376.212819"
            },
            {
                "user": "U03JTLB9FSS",
                "ts": "1686067533.699019"
            },
            {
                "user": "U029MNKJ0DR",
                "ts": "1686067554.615969"
            }
        ],
        "is_locked": false,
        "subscribed": false
    },
    {
        "client_msg_id": "3fd37659-a550-453b-8969-477cf4d5cafb",
        "type": "message",
        "text": "That's odd, it was working for me with the grey filament, two weeks ago",
        "user": "U03JWS43U3H",
        "ts": "1686064788.804989",
        "blocks": [
            {
                "type": "rich_text",
                "block_id": "AfEjV",
                "elements": [
                    {
                        "type": "rich_text_section",
                        "elements": [
                            {
                                "type": "text",
                                "text": "That's odd, it was working for me with the grey filament, two weeks ago"
                            }
                        ]
                    }
                ]
            }
        ],
        "team": "TJPN85XRA",
        "user_team": "TJPN85XRA",
        "source_team": "TJPN85XRA",
        "user_profile": {
            "avatar_hash": "g9dd84ade99b",
            "image_72": "https:\/\/secure.gravatar.com\/avatar\/9dd84ade99bb030e9269d9f654d3b81f.jpg?s=72&d=https%3A%2F%2Fa.slack-edge.com%2Fdf10d%2Fimg%2Favatars%2Fava_0006-72.png",
            "first_name": "Albert-Ngabo",
            "real_name": "Albert-Ngabo Niyonsenga",
            "display_name": "Albert-Ngabo Niyonsenga",
            "team": "TJPN85XRA",
            "name": "albert-ngabo.niyonsen",
            "is_restricted": false,
            "is_ultra_restricted": false
        },
        "thread_ts": "1686064737.424539",
        "parent_user_id": "U029MNKJ0DR"
    },
    {
        "client_msg_id": "4e679a16-585e-4878-b722-8728060c9259",
        "type": "message",
        "text": "NVM, I fixed it. I manually extruded what was leftover and it loaded OK",
        "user": "U029MNKJ0DR",
        "ts": "1686065376.212819",
        "blocks": [
            {
                "type": "rich_text",
                "block_id": "3QN",
                "elements": [
                    {
                        "type": "rich_text_section",
                        "elements": [
                            {
                                "type": "text",
                                "text": "NVM, I fixed it. I manually extruded what was leftover and it loaded OK"
                            }
                        ]
                    }
                ]
            }
        ],
        "team": "TJPN85XRA",
        "user_team": "TJPN85XRA",
        "source_team": "TJPN85XRA",
        "user_profile": {
            "avatar_hash": "f350669b1e49",
            "image_72": "https:\/\/avatars.slack-edge.com\/2021-07-29\/2324539512645_f350669b1e496193ea11_72.jpg",
            "first_name": "",
            "real_name": "Paul Buser",
            "display_name": "Paul Buser",
            "team": "TJPN85XRA",
            "name": "buser.paul",
            "is_restricted": false,
            "is_ultra_restricted": false
        },
        "thread_ts": "1686064737.424539",
        "parent_user_id": "U029MNKJ0DR"
    },
    {
        "client_msg_id": "3af27315-2fda-4c5d-8c5e-891a176b054c",
        "type": "message",
        "text": "<@U029MNKJ0DR> whatcha printing?",
        "user": "U03JTLB9FSS",
        "ts": "1686067533.699019",
        "blocks": [
            {
                "type": "rich_text",
                "block_id": "KYg\/",
                "elements": [
                    {
                        "type": "rich_text_section",
                        "elements": [
                            {
                                "type": "user",
                                "user_id": "U029MNKJ0DR"
                            },
                            {
                                "type": "text",
                                "text": " whatcha printing?"
                            }
                        ]
                    }
                ]
            }
        ],
        "team": "TJPN85XRA",
        "user_team": "TJPN85XRA",
        "source_team": "TJPN85XRA",
        "user_profile": {
            "avatar_hash": "459fb8de8703",
            "image_72": "https:\/\/avatars.slack-edge.com\/2022-07-28\/3867310060339_459fb8de8703bb2678e5_72.jpg",
            "first_name": "Brady",
            "real_name": "Brady Boettcher",
            "display_name": "",
            "team": "TJPN85XRA",
            "name": "brady.boettcher",
            "is_restricted": false,
            "is_ultra_restricted": false
        },
        "thread_ts": "1686064737.424539",
        "parent_user_id": "U029MNKJ0DR"
    },
    {
        "client_msg_id": "0e6d3491-b49a-42c1-915b-9c1fd892b371",
        "type": "message",
        "text": "A little PVC adapter for the T-Tree",
        "user": "U029MNKJ0DR",
        "ts": "1686067554.615969",
        "blocks": [
            {
                "type": "rich_text",
                "block_id": "K=H",
                "elements": [
                    {
                        "type": "rich_text_section",
                        "elements": [
                            {
                                "type": "text",
                                "text": "A little PVC adapter for the T-Tree"
                            }
                        ]
                    }
                ]
            }
        ],
        "team": "TJPN85XRA",
        "user_team": "TJPN85XRA",
        "source_team": "TJPN85XRA",
        "user_profile": {
            "avatar_hash": "f350669b1e49",
            "image_72": "https:\/\/avatars.slack-edge.com\/2021-07-29\/2324539512645_f350669b1e496193ea11_72.jpg",
            "first_name": "",
            "real_name": "Paul Buser",
            "display_name": "Paul Buser",
            "team": "TJPN85XRA",
            "name": "buser.paul",
            "is_restricted": false,
            "is_ultra_restricted": false
        },
        "thread_ts": "1686064737.424539",
        "parent_user_id": "U029MNKJ0DR"
    }
]