[
    {
        "client_msg_id": "b0846ae5-3540-41fc-a7f2-05013b870de1",
        "type": "message",
        "text": "Still the same for me as well as of now.",
        "user": "UJQ9N9KA9",
        "ts": "1678545842.465939",
        "blocks": [
            {
                "type": "rich_text",
                "block_id": "g5D8f",
                "elements": [
                    {
                        "type": "rich_text_section",
                        "elements": [
                            {
                                "type": "text",
                                "text": "Still the same for me as well as of now."
                            }
                        ]
                    }
                ]
            }
        ],
        "team": "TJPN85XRA",
        "user_team": "TJPN85XRA",
        "source_team": "TJPN85XRA",
        "user_profile": {
            "avatar_hash": "3be35bf04429",
            "image_72": "https:\/\/avatars.slack-edge.com\/2023-08-28\/5813587733204_3be35bf044296c45bdde_72.jpg",
            "first_name": "",
            "real_name": "ChristianFrisson",
            "display_name": "ChristianFrisson",
            "team": "TJPN85XRA",
            "name": "christian.frisson",
            "is_restricted": false,
            "is_ultra_restricted": false
        },
        "thread_ts": "1678473922.344339",
        "parent_user_id": "UJCU8BAAW"
    },
    {
        "client_msg_id": "b273a629-9805-40aa-8125-fbb3b29c37e0",
        "type": "message",
        "text": "<@UKGLCA1GS>\n<https:\/\/www.idmil.org>\n&gt; Error establishing a database connection",
        "user": "UJQ9N9KA9",
        "ts": "1678545876.526959",
        "blocks": [
            {
                "type": "rich_text",
                "block_id": "12\/",
                "elements": [
                    {
                        "type": "rich_text_section",
                        "elements": [
                            {
                                "type": "user",
                                "user_id": "UKGLCA1GS"
                            },
                            {
                                "type": "text",
                                "text": "\n"
                            },
                            {
                                "type": "link",
                                "url": "https:\/\/www.idmil.org"
                            },
                            {
                                "type": "text",
                                "text": "\n"
                            }
                        ]
                    },
                    {
                        "type": "rich_text_quote",
                        "elements": [
                            {
                                "type": "text",
                                "text": "Error establishing a database connection"
                            }
                        ]
                    }
                ]
            }
        ],
        "team": "TJPN85XRA",
        "user_team": "TJPN85XRA",
        "source_team": "TJPN85XRA",
        "user_profile": {
            "avatar_hash": "3be35bf04429",
            "image_72": "https:\/\/avatars.slack-edge.com\/2023-08-28\/5813587733204_3be35bf044296c45bdde_72.jpg",
            "first_name": "",
            "real_name": "ChristianFrisson",
            "display_name": "ChristianFrisson",
            "team": "TJPN85XRA",
            "name": "christian.frisson",
            "is_restricted": false,
            "is_ultra_restricted": false
        },
        "thread_ts": "1678473922.344339",
        "parent_user_id": "UJCU8BAAW"
    }
]