[
    {
        "client_msg_id": "f94155d5-8687-4006-8ea5-f7737798b401",
        "type": "message",
        "text": "<https:\/\/reverb.com\/ca\/item\/41560291-the-human-comparator-two-thousand-six-hundred-ttsh-arp-2600-clone-pcb-panel-case-rare-parts-kit?bk=>",
        "user": "U03RKAGLHTP",
        "ts": "1686852400.656569",
        "blocks": [
            {
                "type": "rich_text",
                "block_id": "b7p+",
                "elements": [
                    {
                        "type": "rich_text_section",
                        "elements": [
                            {
                                "type": "link",
                                "url": "https:\/\/reverb.com\/ca\/item\/41560291-the-human-comparator-two-thousand-six-hundred-ttsh-arp-2600-clone-pcb-panel-case-rare-parts-kit?bk="
                            }
                        ]
                    }
                ]
            }
        ],
        "team": "TJPN85XRA",
        "user_team": "TJPN85XRA",
        "source_team": "TJPN85XRA",
        "user_profile": {
            "avatar_hash": "g0c030baca6f",
            "image_72": "https:\/\/secure.gravatar.com\/avatar\/0c030baca6f5c1ffd705bc5dee6c672a.jpg?s=72&d=https%3A%2F%2Fa.slack-edge.com%2Fdf10d%2Fimg%2Favatars%2Fava_0018-72.png",
            "first_name": "Maxwell",
            "real_name": "Maxwell Gentili-Morin",
            "display_name": "Maxwell Gentili-Morin",
            "team": "TJPN85XRA",
            "name": "maxwell.gentili-morin",
            "is_restricted": false,
            "is_ultra_restricted": false
        },
        "attachments": [
            {
                "image_url": "https:\/\/images.reverb.com\/image\/upload\/s--ItOVwu-c--\/f_auto,t_large\/v1625019482\/hdhukhqoi9wlkqlyz270.jpg",
                "image_width": 800,
                "image_height": 449,
                "image_bytes": 96340,
                "from_url": "https:\/\/reverb.com\/ca\/item\/41560291-the-human-comparator-two-thousand-six-hundred-ttsh-arp-2600-clone-pcb-panel-case-rare-parts-kit?bk=",
                "service_icon": "https:\/\/static.reverb-assets.com\/assets\/top-level\/favicon-f9ab66845edc38c07412a7143150a6b04fd9b0a6287062fdc1532862ac42cf73.png",
                "id": 1,
                "original_url": "https:\/\/reverb.com\/ca\/item\/41560291-the-human-comparator-two-thousand-six-hundred-ttsh-arp-2600-clone-pcb-panel-case-rare-parts-kit?bk=",
                "fallback": "reverb.com: The Human Comparator Two Thousand Six Hundred (TTSH) Arp 2600 clone PCB, Panel, Case, Rare Parts Kit | Reverb Canada",
                "text": "Up for grabs is this Swedish-designed ARP 2600 clone that I ordered from the first batch produced by The Human Comparator...and never built. I wasn't able to find a local builder, and so it's remained in its case for years, and it's about time it found a new home and got built!&amp;nbsp; This is of c...",
                "title": "The Human Comparator Two Thousand Six Hundred (TTSH) Arp 2600 clone PCB, Panel, Case, Rare Parts Kit | Reverb Canada",
                "title_link": "https:\/\/reverb.com\/ca\/item\/41560291-the-human-comparator-two-thousand-six-hundred-ttsh-arp-2600-clone-pcb-panel-case-rare-parts-kit?bk=",
                "service_name": "reverb.com"
            }
        ],
        "thread_ts": "1686852400.656569",
        "reply_count": 12,
        "reply_users_count": 3,
        "latest_reply": "1686863325.790659",
        "reply_users": [
            "U03RKAGLHTP",
            "UKGLCA1GS",
            "U01APBW5N2J"
        ],
        "replies": [
            {
                "user": "U03RKAGLHTP",
                "ts": "1686852449.513509"
            },
            {
                "user": "U03RKAGLHTP",
                "ts": "1686852483.541849"
            },
            {
                "user": "U03RKAGLHTP",
                "ts": "1686852539.954589"
            },
            {
                "user": "UKGLCA1GS",
                "ts": "1686857902.650529"
            },
            {
                "user": "U03RKAGLHTP",
                "ts": "1686858418.916669"
            },
            {
                "user": "U01APBW5N2J",
                "ts": "1686858456.354729"
            },
            {
                "user": "U03RKAGLHTP",
                "ts": "1686858472.797729"
            },
            {
                "user": "U01APBW5N2J",
                "ts": "1686858497.003069"
            },
            {
                "user": "U03RKAGLHTP",
                "ts": "1686858521.357739"
            },
            {
                "user": "U01APBW5N2J",
                "ts": "1686859279.705879"
            },
            {
                "user": "U01APBW5N2J",
                "ts": "1686861220.302309"
            },
            {
                "user": "UKGLCA1GS",
                "ts": "1686863325.790659"
            }
        ],
        "is_locked": false,
        "subscribed": false
    },
    {
        "client_msg_id": "1186cb93-20d4-43ef-a3be-b719ccac9671",
        "type": "message",
        "text": "What do you guys think, can we build this? It would be a nice summer lab project!",
        "user": "U03RKAGLHTP",
        "ts": "1686852449.513509",
        "blocks": [
            {
                "type": "rich_text",
                "block_id": "b0RV",
                "elements": [
                    {
                        "type": "rich_text_section",
                        "elements": [
                            {
                                "type": "text",
                                "text": "What do you guys think, can we build this? It would be a nice summer lab project!"
                            }
                        ]
                    }
                ]
            }
        ],
        "team": "TJPN85XRA",
        "user_team": "TJPN85XRA",
        "source_team": "TJPN85XRA",
        "user_profile": {
            "avatar_hash": "g0c030baca6f",
            "image_72": "https:\/\/secure.gravatar.com\/avatar\/0c030baca6f5c1ffd705bc5dee6c672a.jpg?s=72&d=https%3A%2F%2Fa.slack-edge.com%2Fdf10d%2Fimg%2Favatars%2Fava_0018-72.png",
            "first_name": "Maxwell",
            "real_name": "Maxwell Gentili-Morin",
            "display_name": "Maxwell Gentili-Morin",
            "team": "TJPN85XRA",
            "name": "maxwell.gentili-morin",
            "is_restricted": false,
            "is_ultra_restricted": false
        },
        "thread_ts": "1686852400.656569",
        "parent_user_id": "U03RKAGLHTP"
    },
    {
        "client_msg_id": "b103677a-d324-4f25-9b1c-22666ab76c51",
        "type": "message",
        "text": "The seller has all the important parts, all we need is to fufill the bill of material and put it together",
        "user": "U03RKAGLHTP",
        "ts": "1686852483.541849",
        "blocks": [
            {
                "type": "rich_text",
                "block_id": "MR2e",
                "elements": [
                    {
                        "type": "rich_text_section",
                        "elements": [
                            {
                                "type": "text",
                                "text": "The seller has all the important parts, all we need is to fufill the bill of material and put it together"
                            }
                        ]
                    }
                ]
            }
        ],
        "team": "TJPN85XRA",
        "user_team": "TJPN85XRA",
        "source_team": "TJPN85XRA",
        "user_profile": {
            "avatar_hash": "g0c030baca6f",
            "image_72": "https:\/\/secure.gravatar.com\/avatar\/0c030baca6f5c1ffd705bc5dee6c672a.jpg?s=72&d=https%3A%2F%2Fa.slack-edge.com%2Fdf10d%2Fimg%2Favatars%2Fava_0018-72.png",
            "first_name": "Maxwell",
            "real_name": "Maxwell Gentili-Morin",
            "display_name": "Maxwell Gentili-Morin",
            "team": "TJPN85XRA",
            "name": "maxwell.gentili-morin",
            "is_restricted": false,
            "is_ultra_restricted": false
        },
        "thread_ts": "1686852400.656569",
        "parent_user_id": "U03RKAGLHTP"
    },
    {
        "client_msg_id": "b2c6f562-681b-4205-9734-f39052671613",
        "type": "message",
        "text": "They also have an easel on sale, but that is a different story",
        "user": "U03RKAGLHTP",
        "ts": "1686852539.954589",
        "blocks": [
            {
                "type": "rich_text",
                "block_id": "5XTlp",
                "elements": [
                    {
                        "type": "rich_text_section",
                        "elements": [
                            {
                                "type": "text",
                                "text": "They also have an easel on sale, but that is a different story"
                            }
                        ]
                    }
                ]
            }
        ],
        "team": "TJPN85XRA",
        "user_team": "TJPN85XRA",
        "source_team": "TJPN85XRA",
        "user_profile": {
            "avatar_hash": "g0c030baca6f",
            "image_72": "https:\/\/secure.gravatar.com\/avatar\/0c030baca6f5c1ffd705bc5dee6c672a.jpg?s=72&d=https%3A%2F%2Fa.slack-edge.com%2Fdf10d%2Fimg%2Favatars%2Fava_0018-72.png",
            "first_name": "Maxwell",
            "real_name": "Maxwell Gentili-Morin",
            "display_name": "Maxwell Gentili-Morin",
            "team": "TJPN85XRA",
            "name": "maxwell.gentili-morin",
            "is_restricted": false,
            "is_ultra_restricted": false
        },
        "thread_ts": "1686852400.656569",
        "parent_user_id": "U03RKAGLHTP"
    },
    {
        "client_msg_id": "f85ee4e2-5a6f-4be9-aaba-23906ec7ec75",
        "type": "message",
        "text": "How much and how long do you think will it take to build one?",
        "user": "UKGLCA1GS",
        "ts": "1686857902.650529",
        "blocks": [
            {
                "type": "rich_text",
                "block_id": "Vgw",
                "elements": [
                    {
                        "type": "rich_text_section",
                        "elements": [
                            {
                                "type": "text",
                                "text": "How much and how long do you think will it take to build one?"
                            }
                        ]
                    }
                ]
            }
        ],
        "team": "TJPN85XRA",
        "user_team": "TJPN85XRA",
        "source_team": "TJPN85XRA",
        "user_profile": {
            "avatar_hash": "82cc3b048607",
            "image_72": "https:\/\/avatars.slack-edge.com\/2022-07-25\/3850040330500_82cc3b048607f33add6e_72.jpg",
            "first_name": "",
            "real_name": "Marcelo Wanderley",
            "display_name": "Marcelo Wanderley",
            "team": "TJPN85XRA",
            "name": "marcelo.wanderley",
            "is_restricted": false,
            "is_ultra_restricted": false
        },
        "edited": {
            "user": "UKGLCA1GS",
            "ts": "1686857945.000000"
        },
        "thread_ts": "1686852400.656569",
        "parent_user_id": "U03RKAGLHTP"
    },
    {
        "client_msg_id": "E88C4AF1-844A-4664-8A0B-4232B41305B6",
        "type": "message",
        "text": "I don't know, I've never done a diy synth kit before. I'll look into all the costs with Darryl and if feasible, it could be a cool group project for the lab?",
        "user": "U03RKAGLHTP",
        "ts": "1686858418.916669",
        "blocks": [
            {
                "type": "rich_text",
                "block_id": "08yZ",
                "elements": [
                    {
                        "type": "rich_text_section",
                        "elements": [
                            {
                                "type": "text",
                                "text": "I don't know, I've never done a diy synth kit before. I'll look into all the costs with Darryl and if feasible, it could be a cool group project for the lab?"
                            }
                        ]
                    }
                ]
            }
        ],
        "team": "TJPN85XRA",
        "user_team": "TJPN85XRA",
        "source_team": "TJPN85XRA",
        "user_profile": {
            "avatar_hash": "g0c030baca6f",
            "image_72": "https:\/\/secure.gravatar.com\/avatar\/0c030baca6f5c1ffd705bc5dee6c672a.jpg?s=72&d=https%3A%2F%2Fa.slack-edge.com%2Fdf10d%2Fimg%2Favatars%2Fava_0018-72.png",
            "first_name": "Maxwell",
            "real_name": "Maxwell Gentili-Morin",
            "display_name": "Maxwell Gentili-Morin",
            "team": "TJPN85XRA",
            "name": "maxwell.gentili-morin",
            "is_restricted": false,
            "is_ultra_restricted": false
        },
        "thread_ts": "1686852400.656569",
        "parent_user_id": "U03RKAGLHTP"
    },
    {
        "client_msg_id": "ffe47b29-afbc-4611-a5ac-9092fa6dd7cf",
        "type": "message",
        "text": "DCS is also buying an Arp clone (the behringer one) - perhaps a different kit?",
        "user": "U01APBW5N2J",
        "ts": "1686858456.354729",
        "blocks": [
            {
                "type": "rich_text",
                "block_id": "c31",
                "elements": [
                    {
                        "type": "rich_text_section",
                        "elements": [
                            {
                                "type": "text",
                                "text": "DCS is also buying an Arp clone (the behringer one) - perhaps a different kit?"
                            }
                        ]
                    }
                ]
            }
        ],
        "team": "TJPN85XRA",
        "user_team": "TJPN85XRA",
        "source_team": "TJPN85XRA",
        "user_profile": {
            "avatar_hash": "fe0a901d9daf",
            "image_72": "https:\/\/avatars.slack-edge.com\/2020-09-17\/1355731656631_fe0a901d9daf26440442_72.png",
            "first_name": "",
            "real_name": "Kasey Pocius",
            "display_name": "Kasey Pocius",
            "team": "TJPN85XRA",
            "name": "kaseypocius",
            "is_restricted": false,
            "is_ultra_restricted": false
        },
        "thread_ts": "1686852400.656569",
        "parent_user_id": "U03RKAGLHTP"
    },
    {
        "client_msg_id": "865CEB25-947C-420F-AC78-A02084C20C9D",
        "type": "message",
        "text": "Looks to be yeah",
        "user": "U03RKAGLHTP",
        "ts": "1686858472.797729",
        "blocks": [
            {
                "type": "rich_text",
                "block_id": "+tAV",
                "elements": [
                    {
                        "type": "rich_text_section",
                        "elements": [
                            {
                                "type": "text",
                                "text": "Looks to be yeah"
                            }
                        ]
                    }
                ]
            }
        ],
        "team": "TJPN85XRA",
        "user_team": "TJPN85XRA",
        "source_team": "TJPN85XRA",
        "user_profile": {
            "avatar_hash": "g0c030baca6f",
            "image_72": "https:\/\/secure.gravatar.com\/avatar\/0c030baca6f5c1ffd705bc5dee6c672a.jpg?s=72&d=https%3A%2F%2Fa.slack-edge.com%2Fdf10d%2Fimg%2Favatars%2Fava_0018-72.png",
            "first_name": "Maxwell",
            "real_name": "Maxwell Gentili-Morin",
            "display_name": "Maxwell Gentili-Morin",
            "team": "TJPN85XRA",
            "name": "maxwell.gentili-morin",
            "is_restricted": false,
            "is_ultra_restricted": false
        },
        "thread_ts": "1686852400.656569",
        "parent_user_id": "U03RKAGLHTP"
    },
    {
        "client_msg_id": "7c7907a3-ebd8-4da2-860f-986b49b59eaa",
        "type": "message",
        "text": "though Pat's a friend - we might be able to get a nice discount on that kit if I ask him about it\\",
        "user": "U01APBW5N2J",
        "ts": "1686858497.003069",
        "blocks": [
            {
                "type": "rich_text",
                "block_id": "WbGh",
                "elements": [
                    {
                        "type": "rich_text_section",
                        "elements": [
                            {
                                "type": "text",
                                "text": "though Pat's a friend - we might be able to get a nice discount on that kit if I ask him about it\\"
                            }
                        ]
                    }
                ]
            }
        ],
        "team": "TJPN85XRA",
        "user_team": "TJPN85XRA",
        "source_team": "TJPN85XRA",
        "user_profile": {
            "avatar_hash": "fe0a901d9daf",
            "image_72": "https:\/\/avatars.slack-edge.com\/2020-09-17\/1355731656631_fe0a901d9daf26440442_72.png",
            "first_name": "",
            "real_name": "Kasey Pocius",
            "display_name": "Kasey Pocius",
            "team": "TJPN85XRA",
            "name": "kaseypocius",
            "is_restricted": false,
            "is_ultra_restricted": false
        },
        "thread_ts": "1686852400.656569",
        "parent_user_id": "U03RKAGLHTP"
    },
    {
        "client_msg_id": "7F59F9CE-64FF-498B-BB33-E108A950FE63",
        "type": "message",
        "text": "Nice!",
        "user": "U03RKAGLHTP",
        "ts": "1686858521.357739",
        "blocks": [
            {
                "type": "rich_text",
                "block_id": "sg1no",
                "elements": [
                    {
                        "type": "rich_text_section",
                        "elements": [
                            {
                                "type": "text",
                                "text": "Nice!"
                            }
                        ]
                    }
                ]
            }
        ],
        "team": "TJPN85XRA",
        "user_team": "TJPN85XRA",
        "source_team": "TJPN85XRA",
        "user_profile": {
            "avatar_hash": "g0c030baca6f",
            "image_72": "https:\/\/secure.gravatar.com\/avatar\/0c030baca6f5c1ffd705bc5dee6c672a.jpg?s=72&d=https%3A%2F%2Fa.slack-edge.com%2Fdf10d%2Fimg%2Favatars%2Fava_0018-72.png",
            "first_name": "Maxwell",
            "real_name": "Maxwell Gentili-Morin",
            "display_name": "Maxwell Gentili-Morin",
            "team": "TJPN85XRA",
            "name": "maxwell.gentili-morin",
            "is_restricted": false,
            "is_ultra_restricted": false
        },
        "thread_ts": "1686852400.656569",
        "parent_user_id": "U03RKAGLHTP"
    },
    {
        "type": "message",
        "text": "",
        "files": [
            {
                "id": "F05DGCVKE1E",
                "created": 1686859277,
                "timestamp": 1686859277,
                "name": "Screen Shot 2023-06-15 at 16.01.14.png",
                "title": "Screen Shot 2023-06-15 at 16.01.14.png",
                "mimetype": "image\/png",
                "filetype": "png",
                "pretty_type": "PNG",
                "user": "U01APBW5N2J",
                "user_team": "TJPN85XRA",
                "editable": false,
                "size": 21063,
                "mode": "hosted",
                "is_external": false,
                "external_type": "",
                "is_public": true,
                "public_url_shared": false,
                "display_as_bot": false,
                "username": "",
                "url_private": "https:\/\/files.slack.com\/files-pri\/TJPN85XRA-F05DGCVKE1E\/screen_shot_2023-06-15_at_16.01.14.png?t=xoxe-635756201860-5822147069925-5827507671108-aa50e926a1c11470df3e79fc59b5f176",
                "url_private_download": "https:\/\/files.slack.com\/files-pri\/TJPN85XRA-F05DGCVKE1E\/download\/screen_shot_2023-06-15_at_16.01.14.png?t=xoxe-635756201860-5822147069925-5827507671108-aa50e926a1c11470df3e79fc59b5f176",
                "media_display_type": "unknown",
                "thumb_64": "https:\/\/files.slack.com\/files-tmb\/TJPN85XRA-F05DGCVKE1E-975e643b2c\/screen_shot_2023-06-15_at_16.01.14_64.png?t=xoxe-635756201860-5822147069925-5827507671108-aa50e926a1c11470df3e79fc59b5f176",
                "thumb_80": "https:\/\/files.slack.com\/files-tmb\/TJPN85XRA-F05DGCVKE1E-975e643b2c\/screen_shot_2023-06-15_at_16.01.14_80.png?t=xoxe-635756201860-5822147069925-5827507671108-aa50e926a1c11470df3e79fc59b5f176",
                "thumb_360": "https:\/\/files.slack.com\/files-tmb\/TJPN85XRA-F05DGCVKE1E-975e643b2c\/screen_shot_2023-06-15_at_16.01.14_360.png?t=xoxe-635756201860-5822147069925-5827507671108-aa50e926a1c11470df3e79fc59b5f176",
                "thumb_360_w": 360,
                "thumb_360_h": 30,
                "thumb_480": "https:\/\/files.slack.com\/files-tmb\/TJPN85XRA-F05DGCVKE1E-975e643b2c\/screen_shot_2023-06-15_at_16.01.14_480.png?t=xoxe-635756201860-5822147069925-5827507671108-aa50e926a1c11470df3e79fc59b5f176",
                "thumb_480_w": 480,
                "thumb_480_h": 40,
                "thumb_160": "https:\/\/files.slack.com\/files-tmb\/TJPN85XRA-F05DGCVKE1E-975e643b2c\/screen_shot_2023-06-15_at_16.01.14_160.png?t=xoxe-635756201860-5822147069925-5827507671108-aa50e926a1c11470df3e79fc59b5f176",
                "thumb_720": "https:\/\/files.slack.com\/files-tmb\/TJPN85XRA-F05DGCVKE1E-975e643b2c\/screen_shot_2023-06-15_at_16.01.14_720.png?t=xoxe-635756201860-5822147069925-5827507671108-aa50e926a1c11470df3e79fc59b5f176",
                "thumb_720_w": 720,
                "thumb_720_h": 59,
                "thumb_800": "https:\/\/files.slack.com\/files-tmb\/TJPN85XRA-F05DGCVKE1E-975e643b2c\/screen_shot_2023-06-15_at_16.01.14_800.png?t=xoxe-635756201860-5822147069925-5827507671108-aa50e926a1c11470df3e79fc59b5f176",
                "thumb_800_w": 800,
                "thumb_800_h": 66,
                "original_w": 896,
                "original_h": 74,
                "thumb_tiny": "AwADADCpmlz9PyptLQAufp+VGfp+VJR2oAM\/T8qCc0UlAH\/\/2Q==",
                "permalink": "https:\/\/idmil.slack.com\/files\/U01APBW5N2J\/F05DGCVKE1E\/screen_shot_2023-06-15_at_16.01.14.png",
                "permalink_public": "https:\/\/slack-files.com\/TJPN85XRA-F05DGCVKE1E-1dc172513b",
                "is_starred": false,
                "has_rich_preview": false,
                "file_access": "visible"
            }
        ],
        "upload": false,
        "user": "U01APBW5N2J",
        "display_as_bot": false,
        "ts": "1686859279.705879",
        "client_msg_id": "ea47add5-3ed1-4d29-b561-80b9201d7a45",
        "thread_ts": "1686852400.656569",
        "parent_user_id": "U03RKAGLHTP",
        "reactions": [
            {
                "name": "headset_parrot",
                "users": [
                    "U03RKAGLHTP"
                ],
                "count": 1
            }
        ]
    },
    {
        "client_msg_id": "b3c9fa8b-1fec-4ea9-ac93-8eb83fdc334f",
        "type": "message",
        "text": "Pat's busy today, but will have more time this weekend\/next week, I'll get a more detailed number later\n\nbut there might other interfaces that Pat is selling that make more sense for the IDMIL?\n<https:\/\/reverb.com\/ca\/item\/69595350-casio-dg-20-digital-guitar-midi-synth-from-the-1980s>",
        "user": "U01APBW5N2J",
        "ts": "1686861220.302309",
        "blocks": [
            {
                "type": "rich_text",
                "block_id": "cal4r",
                "elements": [
                    {
                        "type": "rich_text_section",
                        "elements": [
                            {
                                "type": "text",
                                "text": "Pat's busy today, but will have more time this weekend\/next week, I'll get a more detailed number later\n\nbut there might other interfaces that Pat is selling that make more sense for the IDMIL?\n"
                            },
                            {
                                "type": "link",
                                "url": "https:\/\/reverb.com\/ca\/item\/69595350-casio-dg-20-digital-guitar-midi-synth-from-the-1980s"
                            }
                        ]
                    }
                ]
            }
        ],
        "team": "TJPN85XRA",
        "user_team": "TJPN85XRA",
        "source_team": "TJPN85XRA",
        "user_profile": {
            "avatar_hash": "fe0a901d9daf",
            "image_72": "https:\/\/avatars.slack-edge.com\/2020-09-17\/1355731656631_fe0a901d9daf26440442_72.png",
            "first_name": "",
            "real_name": "Kasey Pocius",
            "display_name": "Kasey Pocius",
            "team": "TJPN85XRA",
            "name": "kaseypocius",
            "is_restricted": false,
            "is_ultra_restricted": false
        },
        "attachments": [
            {
                "image_url": "https:\/\/images.reverb.com\/image\/upload\/s--tIWqDmrK--\/a_0\/f_auto,t_large\/v1685384327\/zyzb5oxgqkfzkopvdrq2.jpg",
                "image_width": 800,
                "image_height": 600,
                "image_bytes": 72574,
                "from_url": "https:\/\/reverb.com\/ca\/item\/69595350-casio-dg-20-digital-guitar-midi-synth-from-the-1980s",
                "service_icon": "https:\/\/static.reverb-assets.com\/assets\/top-level\/favicon-f9ab66845edc38c07412a7143150a6b04fd9b0a6287062fdc1532862ac42cf73.png",
                "id": 1,
                "original_url": "https:\/\/reverb.com\/ca\/item\/69595350-casio-dg-20-digital-guitar-midi-synth-from-the-1980s",
                "fallback": "reverb.com: Casio DG-20 Digital Guitar MIDI Synth from the 1980s | Reverb Canada",
                "text": "I've owned this strange, wonderful instrument for 16 years, but it's finally time to let it go.SamuraiGuitarist has a great overview of this on YouTube, I will try to link it here.This instrument is missing the small plastic bridge cover, which has no affect on the playability or sound. Features ...",
                "title": "Casio DG-20 Digital Guitar MIDI Synth from the 1980s | Reverb Canada",
                "title_link": "https:\/\/reverb.com\/ca\/item\/69595350-casio-dg-20-digital-guitar-midi-synth-from-the-1980s",
                "service_name": "reverb.com"
            }
        ],
        "thread_ts": "1686852400.656569",
        "parent_user_id": "U03RKAGLHTP"
    },
    {
        "client_msg_id": "fddc3725-9a41-4c73-982a-5270c23c4d0f",
        "type": "message",
        "text": "Sure, always interested, provided we use them for research :wink:",
        "user": "UKGLCA1GS",
        "ts": "1686863325.790659",
        "blocks": [
            {
                "type": "rich_text",
                "block_id": "Xnz",
                "elements": [
                    {
                        "type": "rich_text_section",
                        "elements": [
                            {
                                "type": "text",
                                "text": "Sure, always interested, provided we use them for research "
                            },
                            {
                                "type": "emoji",
                                "name": "wink",
                                "unicode": "1f609"
                            }
                        ]
                    }
                ]
            }
        ],
        "team": "TJPN85XRA",
        "user_team": "TJPN85XRA",
        "source_team": "TJPN85XRA",
        "user_profile": {
            "avatar_hash": "82cc3b048607",
            "image_72": "https:\/\/avatars.slack-edge.com\/2022-07-25\/3850040330500_82cc3b048607f33add6e_72.jpg",
            "first_name": "",
            "real_name": "Marcelo Wanderley",
            "display_name": "Marcelo Wanderley",
            "team": "TJPN85XRA",
            "name": "marcelo.wanderley",
            "is_restricted": false,
            "is_ultra_restricted": false
        },
        "thread_ts": "1686852400.656569",
        "parent_user_id": "U03RKAGLHTP"
    }
]