[
    {
        "client_msg_id": "330aa76d-8f26-475f-9110-65070c175c91",
        "type": "message",
        "text": "<https:\/\/press.razer.com\/company-news\/building-immersive-gaming-experiences-razer-introduces-universal-haptics-sdk-and-directional-haptics-at-gdc-2023\/|https:\/\/press.razer.com\/company-news\/building-immersive-gaming-experiences-razer-int[…]es-universal-haptics-sdk-and-directional-haptics-at-gdc-2023\/>",
        "user": "U03RKAGLHTP",
        "ts": "1679772027.199479",
        "blocks": [
            {
                "type": "rich_text",
                "block_id": "5EoC",
                "elements": [
                    {
                        "type": "rich_text_section",
                        "elements": [
                            {
                                "type": "link",
                                "url": "https:\/\/press.razer.com\/company-news\/building-immersive-gaming-experiences-razer-introduces-universal-haptics-sdk-and-directional-haptics-at-gdc-2023\/",
                                "text": "https:\/\/press.razer.com\/company-news\/building-immersive-gaming-experiences-razer-int[…]es-universal-haptics-sdk-and-directional-haptics-at-gdc-2023\/"
                            }
                        ]
                    }
                ]
            }
        ],
        "team": "TJPN85XRA",
        "user_team": "TJPN85XRA",
        "source_team": "TJPN85XRA",
        "user_profile": {
            "avatar_hash": "g0c030baca6f",
            "image_72": "https:\/\/secure.gravatar.com\/avatar\/0c030baca6f5c1ffd705bc5dee6c672a.jpg?s=72&d=https%3A%2F%2Fa.slack-edge.com%2Fdf10d%2Fimg%2Favatars%2Fava_0018-72.png",
            "first_name": "Maxwell",
            "real_name": "Maxwell Gentili-Morin",
            "display_name": "Maxwell Gentili-Morin",
            "team": "TJPN85XRA",
            "name": "maxwell.gentili-morin",
            "is_restricted": false,
            "is_ultra_restricted": false
        },
        "reactions": [
            {
                "name": "star-struck",
                "users": [
                    "U03NRB57K60"
                ],
                "count": 1
            }
        ]
    },
    {
        "client_msg_id": "4b3df85e-3cc0-48f3-8d6b-2022840707e4",
        "type": "message",
        "text": "Haptic Headset!",
        "user": "U03RKAGLHTP",
        "ts": "1679772041.234079",
        "blocks": [
            {
                "type": "rich_text",
                "block_id": "3eOtP",
                "elements": [
                    {
                        "type": "rich_text_section",
                        "elements": [
                            {
                                "type": "text",
                                "text": "Haptic Headset!"
                            }
                        ]
                    }
                ]
            }
        ],
        "team": "TJPN85XRA",
        "user_team": "TJPN85XRA",
        "source_team": "TJPN85XRA",
        "user_profile": {
            "avatar_hash": "g0c030baca6f",
            "image_72": "https:\/\/secure.gravatar.com\/avatar\/0c030baca6f5c1ffd705bc5dee6c672a.jpg?s=72&d=https%3A%2F%2Fa.slack-edge.com%2Fdf10d%2Fimg%2Favatars%2Fava_0018-72.png",
            "first_name": "Maxwell",
            "real_name": "Maxwell Gentili-Morin",
            "display_name": "Maxwell Gentili-Morin",
            "team": "TJPN85XRA",
            "name": "maxwell.gentili-morin",
            "is_restricted": false,
            "is_ultra_restricted": false
        }
    },
    {
        "client_msg_id": "aecac919-70c8-4865-9e41-b97625afa912",
        "type": "message",
        "text": "Also there is a Summer Comp to develop for it",
        "user": "U03RKAGLHTP",
        "ts": "1679772150.796009",
        "blocks": [
            {
                "type": "rich_text",
                "block_id": "BeXl1",
                "elements": [
                    {
                        "type": "rich_text_section",
                        "elements": [
                            {
                                "type": "text",
                                "text": "Also there is a Summer Comp to develop for it"
                            }
                        ]
                    }
                ]
            }
        ],
        "team": "TJPN85XRA",
        "user_team": "TJPN85XRA",
        "source_team": "TJPN85XRA",
        "user_profile": {
            "avatar_hash": "g0c030baca6f",
            "image_72": "https:\/\/secure.gravatar.com\/avatar\/0c030baca6f5c1ffd705bc5dee6c672a.jpg?s=72&d=https%3A%2F%2Fa.slack-edge.com%2Fdf10d%2Fimg%2Favatars%2Fava_0018-72.png",
            "first_name": "Maxwell",
            "real_name": "Maxwell Gentili-Morin",
            "display_name": "Maxwell Gentili-Morin",
            "team": "TJPN85XRA",
            "name": "maxwell.gentili-morin",
            "is_restricted": false,
            "is_ultra_restricted": false
        }
    },
    {
        "client_msg_id": "54ba0484-2f21-46ed-82fb-fa52cfd4eb3c",
        "type": "message",
        "text": "<https:\/\/2023.worldhaptics.org\/sic\/>",
        "user": "U03RKAGLHTP",
        "ts": "1679772151.276079",
        "blocks": [
            {
                "type": "rich_text",
                "block_id": "X1NpR",
                "elements": [
                    {
                        "type": "rich_text_section",
                        "elements": [
                            {
                                "type": "link",
                                "url": "https:\/\/2023.worldhaptics.org\/sic\/"
                            }
                        ]
                    }
                ]
            }
        ],
        "team": "TJPN85XRA",
        "user_team": "TJPN85XRA",
        "source_team": "TJPN85XRA",
        "user_profile": {
            "avatar_hash": "g0c030baca6f",
            "image_72": "https:\/\/secure.gravatar.com\/avatar\/0c030baca6f5c1ffd705bc5dee6c672a.jpg?s=72&d=https%3A%2F%2Fa.slack-edge.com%2Fdf10d%2Fimg%2Favatars%2Fava_0018-72.png",
            "first_name": "Maxwell",
            "real_name": "Maxwell Gentili-Morin",
            "display_name": "Maxwell Gentili-Morin",
            "team": "TJPN85XRA",
            "name": "maxwell.gentili-morin",
            "is_restricted": false,
            "is_ultra_restricted": false
        }
    },
    {
        "client_msg_id": "26ede200-e370-440d-a68e-16b956a2e172",
        "type": "message",
        "text": "Would anyone be interested in applying with me? We’d have till the 31st.",
        "user": "U03RKAGLHTP",
        "ts": "1679772398.505869",
        "blocks": [
            {
                "type": "rich_text",
                "block_id": "HOE",
                "elements": [
                    {
                        "type": "rich_text_section",
                        "elements": [
                            {
                                "type": "text",
                                "text": "Would anyone be interested in applying with me? We’d have till the 31st."
                            }
                        ]
                    }
                ]
            }
        ],
        "team": "TJPN85XRA",
        "user_team": "TJPN85XRA",
        "source_team": "TJPN85XRA",
        "user_profile": {
            "avatar_hash": "g0c030baca6f",
            "image_72": "https:\/\/secure.gravatar.com\/avatar\/0c030baca6f5c1ffd705bc5dee6c672a.jpg?s=72&d=https%3A%2F%2Fa.slack-edge.com%2Fdf10d%2Fimg%2Favatars%2Fava_0018-72.png",
            "first_name": "Maxwell",
            "real_name": "Maxwell Gentili-Morin",
            "display_name": "Maxwell Gentili-Morin",
            "team": "TJPN85XRA",
            "name": "maxwell.gentili-morin",
            "is_restricted": false,
            "is_ultra_restricted": false
        }
    }
]