[
    {
        "client_msg_id": "7EDC281F-B0F9-471E-9A53-BB1858C31EF5",
        "type": "message",
        "text": "Can someone help me logging into idmil’s Oculus Quests? It asks to login using Meta account i******1@gmail.com. ",
        "user": "U04TQN6329W",
        "ts": "1688735831.509869",
        "blocks": [
            {
                "type": "rich_text",
                "block_id": "\/ifQm",
                "elements": [
                    {
                        "type": "rich_text_section",
                        "elements": [
                            {
                                "type": "text",
                                "text": "Can someone help me logging into idmil’s Oculus Quests? It asks to login using Meta account i******1@gmail.com. "
                            }
                        ]
                    }
                ]
            }
        ],
        "team": "TJPN85XRA",
        "user_team": "TJPN85XRA",
        "source_team": "TJPN85XRA",
        "user_profile": {
            "avatar_hash": "7c0e79a9ee29",
            "image_72": "https:\/\/avatars.slack-edge.com\/2023-03-08\/4920031214354_7c0e79a9ee29236c3397_72.png",
            "first_name": "Bavo",
            "real_name": "Bavo Van Kerrebroeck",
            "display_name": "",
            "team": "TJPN85XRA",
            "name": "bavo.vankerrebroeck",
            "is_restricted": false,
            "is_ultra_restricted": false
        },
        "thread_ts": "1688735831.509869",
        "reply_count": 1,
        "reply_users_count": 1,
        "latest_reply": "1688740084.012839",
        "reply_users": [
            "U03JTLB9FSS"
        ],
        "replies": [
            {
                "user": "U03JTLB9FSS",
                "ts": "1688740084.012839"
            }
        ],
        "is_locked": false,
        "subscribed": false
    },
    {
        "client_msg_id": "da45515d-d4b4-4dbf-8e56-d7f2c2694f80",
        "type": "message",
        "text": "<@U03KSGRRF5F>",
        "user": "U03JTLB9FSS",
        "ts": "1688740084.012839",
        "blocks": [
            {
                "type": "rich_text",
                "block_id": "hYI1P",
                "elements": [
                    {
                        "type": "rich_text_section",
                        "elements": [
                            {
                                "type": "user",
                                "user_id": "U03KSGRRF5F"
                            }
                        ]
                    }
                ]
            }
        ],
        "team": "TJPN85XRA",
        "user_team": "TJPN85XRA",
        "source_team": "TJPN85XRA",
        "user_profile": {
            "avatar_hash": "459fb8de8703",
            "image_72": "https:\/\/avatars.slack-edge.com\/2022-07-28\/3867310060339_459fb8de8703bb2678e5_72.jpg",
            "first_name": "Brady",
            "real_name": "Brady Boettcher",
            "display_name": "",
            "team": "TJPN85XRA",
            "name": "brady.boettcher",
            "is_restricted": false,
            "is_ultra_restricted": false
        },
        "thread_ts": "1688735831.509869",
        "parent_user_id": "U04TQN6329W"
    }
]