[
    {
        "client_msg_id": "9b19ecb8-5ed0-403f-bb54-9a586b293366",
        "type": "message",
        "text": "<https:\/\/mcgill.zoom.us\/j\/81605506781>",
        "user": "U04TQN6329W",
        "ts": "1684852735.789409",
        "blocks": [
            {
                "type": "rich_text",
                "block_id": "DAAXN",
                "elements": [
                    {
                        "type": "rich_text_section",
                        "elements": [
                            {
                                "type": "link",
                                "url": "https:\/\/mcgill.zoom.us\/j\/81605506781"
                            }
                        ]
                    }
                ]
            }
        ],
        "team": "TJPN85XRA",
        "user_team": "TJPN85XRA",
        "source_team": "TJPN85XRA",
        "user_profile": {
            "avatar_hash": "7c0e79a9ee29",
            "image_72": "https:\/\/avatars.slack-edge.com\/2023-03-08\/4920031214354_7c0e79a9ee29236c3397_72.png",
            "first_name": "Bavo",
            "real_name": "Bavo Van Kerrebroeck",
            "display_name": "",
            "team": "TJPN85XRA",
            "name": "bavo.vankerrebroeck",
            "is_restricted": false,
            "is_ultra_restricted": false
        }
    },
    {
        "client_msg_id": "3abc5c39-0abd-4467-af57-aef9258032ef",
        "type": "message",
        "text": "<https:\/\/mcgill.zoom.us\/j\/82421241794>",
        "user": "U04TQN6329W",
        "ts": "1684855206.778979",
        "blocks": [
            {
                "type": "rich_text",
                "block_id": "LPRp",
                "elements": [
                    {
                        "type": "rich_text_section",
                        "elements": [
                            {
                                "type": "link",
                                "url": "https:\/\/mcgill.zoom.us\/j\/82421241794"
                            }
                        ]
                    }
                ]
            }
        ],
        "team": "TJPN85XRA",
        "user_team": "TJPN85XRA",
        "source_team": "TJPN85XRA",
        "user_profile": {
            "avatar_hash": "7c0e79a9ee29",
            "image_72": "https:\/\/avatars.slack-edge.com\/2023-03-08\/4920031214354_7c0e79a9ee29236c3397_72.png",
            "first_name": "Bavo",
            "real_name": "Bavo Van Kerrebroeck",
            "display_name": "",
            "team": "TJPN85XRA",
            "name": "bavo.vankerrebroeck",
            "is_restricted": false,
            "is_ultra_restricted": false
        }
    }
]