[
    {
        "client_msg_id": "67c78e6d-86cf-497c-90bb-9e8cc2518307",
        "type": "message",
        "text": "Here is the link for Bavo’s presentation and discussion with the SPL and IDMIL teams today (NOW!):\n<https:\/\/mcgill.zoom.us\/j\/81751214923?pwd=d0NVMGdCU0k0UkU4NmpjYzcwNjhMQT09>\n\nHe will give an overview of his PhD research at Ghent University and discuss specific research findings.",
        "user": "UKGLCA1GS",
        "ts": "1678717734.902109",
        "blocks": [
            {
                "type": "rich_text",
                "block_id": "mUK",
                "elements": [
                    {
                        "type": "rich_text_section",
                        "elements": [
                            {
                                "type": "text",
                                "text": "Here is the link for Bavo’s presentation and discussion with the SPL and IDMIL teams today (NOW!):\n"
                            },
                            {
                                "type": "link",
                                "url": "https:\/\/mcgill.zoom.us\/j\/81751214923?pwd=d0NVMGdCU0k0UkU4NmpjYzcwNjhMQT09"
                            },
                            {
                                "type": "text",
                                "text": "\n\nHe will give an overview of his PhD research at Ghent University and discuss specific research findings."
                            }
                        ]
                    }
                ]
            }
        ],
        "team": "TJPN85XRA",
        "user_team": "TJPN85XRA",
        "source_team": "TJPN85XRA",
        "user_profile": {
            "avatar_hash": "82cc3b048607",
            "image_72": "https:\/\/avatars.slack-edge.com\/2022-07-25\/3850040330500_82cc3b048607f33add6e_72.jpg",
            "first_name": "",
            "real_name": "Marcelo Wanderley",
            "display_name": "Marcelo Wanderley",
            "team": "TJPN85XRA",
            "name": "marcelo.wanderley",
            "is_restricted": false,
            "is_ultra_restricted": false
        }
    },
    {
        "client_msg_id": "7c4d7189-9758-4aee-99f3-f3494ad5f9f4",
        "type": "message",
        "text": "The site looks fine to me (using Chrome or Firefox). No issues here.",
        "user": "UKGLCA1GS",
        "ts": "1678740569.181859",
        "blocks": [
            {
                "type": "rich_text",
                "block_id": "6NTAs",
                "elements": [
                    {
                        "type": "rich_text_section",
                        "elements": [
                            {
                                "type": "text",
                                "text": "The site looks fine to me (using Chrome or Firefox). No issues here."
                            }
                        ]
                    }
                ]
            }
        ],
        "team": "TJPN85XRA",
        "user_team": "TJPN85XRA",
        "source_team": "TJPN85XRA",
        "user_profile": {
            "avatar_hash": "82cc3b048607",
            "image_72": "https:\/\/avatars.slack-edge.com\/2022-07-25\/3850040330500_82cc3b048607f33add6e_72.jpg",
            "first_name": "",
            "real_name": "Marcelo Wanderley",
            "display_name": "Marcelo Wanderley",
            "team": "TJPN85XRA",
            "name": "marcelo.wanderley",
            "is_restricted": false,
            "is_ultra_restricted": false
        },
        "thread_ts": "1678473922.344339",
        "parent_user_id": "UJCU8BAAW"
    },
    {
        "client_msg_id": "fdc4c59f-e31f-44b6-a545-19acee73b33e",
        "type": "message",
        "text": "I saw this error too, though it appears to be resolved now. I'll reach out to Simon (our contact on the McGill side) and let him know that we experienced an intermittent error.",
        "user": "U029MNKJ0DR",
        "ts": "1678741401.212259",
        "blocks": [
            {
                "type": "rich_text",
                "block_id": "vFzc",
                "elements": [
                    {
                        "type": "rich_text_section",
                        "elements": [
                            {
                                "type": "text",
                                "text": "I saw this error too, though it appears to be resolved now. I'll reach out to Simon (our contact on the McGill side) and let him know that we experienced an intermittent error."
                            }
                        ]
                    }
                ]
            }
        ],
        "team": "TJPN85XRA",
        "user_team": "TJPN85XRA",
        "source_team": "TJPN85XRA",
        "user_profile": {
            "avatar_hash": "f350669b1e49",
            "image_72": "https:\/\/avatars.slack-edge.com\/2021-07-29\/2324539512645_f350669b1e496193ea11_72.jpg",
            "first_name": "",
            "real_name": "Paul Buser",
            "display_name": "Paul Buser",
            "team": "TJPN85XRA",
            "name": "buser.paul",
            "is_restricted": false,
            "is_ultra_restricted": false
        },
        "thread_ts": "1678473922.344339",
        "parent_user_id": "UJCU8BAAW"
    },
    {
        "client_msg_id": "d156f29f-16f9-48db-9ff1-cbaeea009c4a",
        "type": "message",
        "text": "As far as fixing www-new, we'll need to change the DNS on our side, I believe",
        "user": "U029MNKJ0DR",
        "ts": "1678741422.813629",
        "blocks": [
            {
                "type": "rich_text",
                "block_id": "e70f",
                "elements": [
                    {
                        "type": "rich_text_section",
                        "elements": [
                            {
                                "type": "text",
                                "text": "As far as fixing www-new, we'll need to change the DNS on our side, I believe"
                            }
                        ]
                    }
                ]
            }
        ],
        "team": "TJPN85XRA",
        "user_team": "TJPN85XRA",
        "source_team": "TJPN85XRA",
        "user_profile": {
            "avatar_hash": "f350669b1e49",
            "image_72": "https:\/\/avatars.slack-edge.com\/2021-07-29\/2324539512645_f350669b1e496193ea11_72.jpg",
            "first_name": "",
            "real_name": "Paul Buser",
            "display_name": "Paul Buser",
            "team": "TJPN85XRA",
            "name": "buser.paul",
            "is_restricted": false,
            "is_ultra_restricted": false
        },
        "thread_ts": "1678473922.344339",
        "parent_user_id": "UJCU8BAAW"
    }
]