[
    {
        "client_msg_id": "578be2d9-1600-4bab-a6bd-15fe45e1de73",
        "type": "message",
        "text": "Hi IDMILers, welcome to May 05's workshop! In the afternoon, there will be a MappEMG section and welcome any instrument to try with MappEMG (e.g. T-stick!!) <https:\/\/www.cirmmt.org\/en\/events\/workshops\/research\/pianoperformanceworkshop>",
        "user": "U03NRB57K60",
        "ts": "1682433501.704739",
        "blocks": [
            {
                "type": "rich_text",
                "block_id": "pCcZQ",
                "elements": [
                    {
                        "type": "rich_text_section",
                        "elements": [
                            {
                                "type": "text",
                                "text": "Hi IDMILers, welcome to May 05's workshop! In the afternoon, there will be a MappEMG section and welcome any instrument to try with MappEMG (e.g. T-stick!!) "
                            },
                            {
                                "type": "link",
                                "url": "https:\/\/www.cirmmt.org\/en\/events\/workshops\/research\/pianoperformanceworkshop"
                            }
                        ]
                    }
                ]
            }
        ],
        "team": "TJPN85XRA",
        "user_team": "TJPN85XRA",
        "source_team": "TJPN85XRA",
        "user_profile": {
            "avatar_hash": "cb367b89c7ee",
            "image_72": "https:\/\/avatars.slack-edge.com\/2022-07-07\/3764518225398_cb367b89c7eea9d69365_72.jpg",
            "first_name": "Ziyue",
            "real_name": "Ziyue (Monica) Piao",
            "display_name": "Ziyue (Monica) Piao",
            "team": "TJPN85XRA",
            "name": "ziyue.piao",
            "is_restricted": false,
            "is_ultra_restricted": false
        }
    }
]