[
    {
        "client_msg_id": "1ee77410-a2ce-4f6b-90d1-ceb4b813f6e2",
        "type": "message",
        "text": "Hi all!\nI am organizing a CIRMMT workshop on the impact of digital technology on instruments, performances, notations and compositions, welcoming two researchers, Prof. Craig Vear and Dr. Solomiya Moroz from the Digital Score project (<https:\/\/digiscore.github.io\/>) based at the University of Nottingham. Consider attending and proposing a presentation on your project as the DMIs are one of the workshop’s scopes. The registration deadline is Feb 28 at 4 pm!\n<https:\/\/www.cirmmt.org\/en\/events\/workshops\/research\/impact-digital-technology>\nEnjoy free lunch!!!!:rolling_on_the_floor_laughing:\nThanks!",
        "user": "U010FMZRE4A",
        "ts": "1677434517.713359",
        "blocks": [
            {
                "type": "rich_text",
                "block_id": "LnQyg",
                "elements": [
                    {
                        "type": "rich_text_section",
                        "elements": [
                            {
                                "type": "text",
                                "text": "Hi all!\nI am organizing a CIRMMT workshop on the impact of digital technology on instruments, performances, notations and compositions, welcoming two researchers, Prof. Craig Vear and Dr. Solomiya Moroz from the Digital Score project ("
                            },
                            {
                                "type": "link",
                                "url": "https:\/\/digiscore.github.io\/"
                            },
                            {
                                "type": "text",
                                "text": ") based at the University of Nottingham. Consider attending and proposing a presentation on your project as the DMIs are one of the workshop’s scopes. The registration deadline is Feb 28 at 4 pm!\n"
                            },
                            {
                                "type": "link",
                                "url": "https:\/\/www.cirmmt.org\/en\/events\/workshops\/research\/impact-digital-technology"
                            },
                            {
                                "type": "text",
                                "text": "\nEnjoy free lunch!!!!"
                            },
                            {
                                "type": "emoji",
                                "name": "rolling_on_the_floor_laughing",
                                "unicode": "1f923"
                            },
                            {
                                "type": "text",
                                "text": "\nThanks!"
                            }
                        ]
                    }
                ]
            }
        ],
        "team": "TJPN85XRA",
        "user_team": "TJPN85XRA",
        "source_team": "TJPN85XRA",
        "user_profile": {
            "avatar_hash": "c0adc2d8c593",
            "image_72": "https:\/\/avatars.slack-edge.com\/2020-03-26\/1027782097284_c0adc2d8c5932b435e7b_72.jpg",
            "first_name": "",
            "real_name": "Takuto Fukuda",
            "display_name": "Takuto Fukuda",
            "team": "TJPN85XRA",
            "name": "takuto.fukuda",
            "is_restricted": false,
            "is_ultra_restricted": false
        },
        "attachments": [
            {
                "from_url": "https:\/\/www.cirmmt.org\/en\/events\/workshops\/research\/impact-digital-technology",
                "service_icon": "https:\/\/www.cirmmt.org\/++theme++cirmmt.theme\/apple-touch-icon.png",
                "thumb_url": "https:\/\/www.cirmmt.org\/en\/events\/workshops\/research\/impact-digital-technology\/@@download\/image\/Solomina-Nautilus_figure1-jpg",
                "thumb_width": 1024,
                "thumb_height": 535,
                "id": 1,
                "original_url": "https:\/\/www.cirmmt.org\/en\/events\/workshops\/research\/impact-digital-technology",
                "fallback": "CIRMMT: The impact of digital technology on instruments, performances, notations and compositions - DAY 1",
                "text": "A two-day workshop with DigiScore research team (Prof. Craig Vear and Dr. Solomiya Moroz) and Matthew Lane, planned in conjunction with CIRMMT research Axes 1, 2, and 4",
                "title": "The impact of digital technology on instruments, performances, notations and compositions - DAY 1",
                "title_link": "https:\/\/www.cirmmt.org\/en\/events\/workshops\/research\/impact-digital-technology",
                "service_name": "CIRMMT"
            }
        ]
    }
]