[
    {
        "client_msg_id": "dc8a9f8c-a684-4383-8c0e-c722893f8a6e",
        "type": "message",
        "text": "<@U03RKAGLHTP> just fork the repo and make a pull request once you have committed changes to your fork. You will show up in the list of contributors once your contributions have been merged!",
        "user": "U010TD4329M",
        "ts": "1685457460.026289",
        "blocks": [
            {
                "type": "rich_text",
                "block_id": "LUnf",
                "elements": [
                    {
                        "type": "rich_text_section",
                        "elements": [
                            {
                                "type": "user",
                                "user_id": "U03RKAGLHTP"
                            },
                            {
                                "type": "text",
                                "text": " just fork the repo and make a pull request once you have committed changes to your fork. You will show up in the list of contributors once your contributions have been merged!"
                            }
                        ]
                    }
                ]
            }
        ],
        "team": "TJPN85XRA",
        "user_team": "TJPN85XRA",
        "source_team": "TJPN85XRA",
        "user_profile": {
            "avatar_hash": "g76664e246bb",
            "image_72": "https:\/\/secure.gravatar.com\/avatar\/76664e246bb99704f2fe508d673b1124.jpg?s=72&d=https%3A%2F%2Fa.slack-edge.com%2Fdf10d%2Fimg%2Favatars%2Fava_0026-72.png",
            "first_name": "",
            "real_name": "Joe Malloch",
            "display_name": "Joe Malloch",
            "team": "TJPN85XRA",
            "name": "jmalloch",
            "is_restricted": false,
            "is_ultra_restricted": false
        },
        "thread_ts": "1685419497.981269",
        "parent_user_id": "U03RKAGLHTP",
        "reactions": [
            {
                "name": "+1",
                "users": [
                    "U03RKAGLHTP"
                ],
                "count": 1
            }
        ]
    },
    {
        "client_msg_id": "8c054801-069f-4d5a-908e-b7a93cffdfb5",
        "type": "message",
        "text": "Purchase Form LInk: <https:\/\/forms.office.com\/r\/GKtnytyK8T>",
        "user": "U03JWS43U3H",
        "ts": "1685458398.414459",
        "blocks": [
            {
                "type": "rich_text",
                "block_id": "2J2K",
                "elements": [
                    {
                        "type": "rich_text_section",
                        "elements": [
                            {
                                "type": "text",
                                "text": "Purchase Form LInk: "
                            },
                            {
                                "type": "link",
                                "url": "https:\/\/forms.office.com\/r\/GKtnytyK8T"
                            }
                        ]
                    }
                ]
            }
        ],
        "team": "TJPN85XRA",
        "user_team": "TJPN85XRA",
        "source_team": "TJPN85XRA",
        "user_profile": {
            "avatar_hash": "g9dd84ade99b",
            "image_72": "https:\/\/secure.gravatar.com\/avatar\/9dd84ade99bb030e9269d9f654d3b81f.jpg?s=72&d=https%3A%2F%2Fa.slack-edge.com%2Fdf10d%2Fimg%2Favatars%2Fava_0006-72.png",
            "first_name": "Albert-Ngabo",
            "real_name": "Albert-Ngabo Niyonsenga",
            "display_name": "Albert-Ngabo Niyonsenga",
            "team": "TJPN85XRA",
            "name": "albert-ngabo.niyonsen",
            "is_restricted": false,
            "is_ultra_restricted": false
        }
    },
    {
        "client_msg_id": "cc66dbed-bdad-4eba-b945-c30783fd6c9b",
        "type": "message",
        "text": "To anyone who want to watch NIME keynotes together: come to IDMIL at 14:00-15:00 from Wednesday to Friday. (I will also be at IDMIL at 11:00-14:00 paper sessions these days! Feel free to join.)",
        "user": "U03NRB57K60",
        "ts": "1685459208.812189",
        "blocks": [
            {
                "type": "rich_text",
                "block_id": "NpzP",
                "elements": [
                    {
                        "type": "rich_text_section",
                        "elements": [
                            {
                                "type": "text",
                                "text": "To anyone who want to watch NIME keynotes together: come to IDMIL at 14:00-15:00 from Wednesday to Friday. (I will also be at IDMIL at 11:00-14:00 paper sessions these days! Feel free to join.)"
                            }
                        ]
                    }
                ]
            }
        ],
        "team": "TJPN85XRA",
        "user_team": "TJPN85XRA",
        "source_team": "TJPN85XRA",
        "user_profile": {
            "avatar_hash": "cb367b89c7ee",
            "image_72": "https:\/\/avatars.slack-edge.com\/2022-07-07\/3764518225398_cb367b89c7eea9d69365_72.jpg",
            "first_name": "Ziyue",
            "real_name": "Ziyue (Monica) Piao",
            "display_name": "Ziyue (Monica) Piao",
            "team": "TJPN85XRA",
            "name": "ziyue.piao",
            "is_restricted": false,
            "is_ultra_restricted": false
        },
        "reactions": [
            {
                "name": "white_check_mark",
                "users": [
                    "U03RKAGLHTP"
                ],
                "count": 1
            }
        ]
    }
]