[
    {
        "client_msg_id": "e04fe710-8c86-4bf8-9742-f28bdcfae1b6",
        "type": "message",
        "text": "<https:\/\/link.springer.com\/book\/10.1007\/978-3-031-04021-4>\n\njust published on springer, for those interested!",
        "user": "U01APBW5N2J",
        "ts": "1666650556.009049",
        "blocks": [
            {
                "type": "rich_text",
                "block_id": "ZNe",
                "elements": [
                    {
                        "type": "rich_text_section",
                        "elements": [
                            {
                                "type": "link",
                                "url": "https:\/\/link.springer.com\/book\/10.1007\/978-3-031-04021-4"
                            },
                            {
                                "type": "text",
                                "text": "\n\njust published on springer, for those interested!"
                            }
                        ]
                    }
                ]
            }
        ],
        "team": "TJPN85XRA",
        "user_team": "TJPN85XRA",
        "source_team": "TJPN85XRA",
        "user_profile": {
            "avatar_hash": "fe0a901d9daf",
            "image_72": "https:\/\/avatars.slack-edge.com\/2020-09-17\/1355731656631_fe0a901d9daf26440442_72.png",
            "first_name": "",
            "real_name": "Kasey Pocius",
            "display_name": "Kasey Pocius",
            "team": "TJPN85XRA",
            "name": "kaseypocius",
            "is_restricted": false,
            "is_ultra_restricted": false
        },
        "attachments": [
            {
                "from_url": "https:\/\/link.springer.com\/book\/10.1007\/978-3-031-04021-4",
                "image_url": "https:\/\/media.springernature.com\/w153\/springer-static\/cover\/book\/978-3-031-04021-4.jpg",
                "image_width": 153,
                "image_height": 231,
                "image_bytes": 7504,
                "service_icon": "https:\/\/link.springer.com\/oscar-static\/images\/favicons\/springerlink\/app-icon-iphone@3x-f259d46347.png",
                "id": 1,
                "original_url": "https:\/\/link.springer.com\/book\/10.1007\/978-3-031-04021-4",
                "fallback": "SpringerLink: Sonic Interactions in Virtual Environments",
                "text": "This is an open access book, which tackles the design of 3D spatial interactions in an audio-centered perspective.",
                "title": "Sonic Interactions in Virtual Environments",
                "title_link": "https:\/\/link.springer.com\/book\/10.1007\/978-3-031-04021-4",
                "service_name": "SpringerLink"
            }
        ]
    }
]