[
    {
        "client_msg_id": "dd28f675-6f01-4b99-ba61-f0b2bc7e3624",
        "type": "message",
        "text": "<@U03N8B9NV7Z> could you make your ppt from today available?",
        "user": "U01APBW5N2J",
        "ts": "1664292950.059089",
        "blocks": [
            {
                "type": "rich_text",
                "block_id": "KKTK",
                "elements": [
                    {
                        "type": "rich_text_section",
                        "elements": [
                            {
                                "type": "user",
                                "user_id": "U03N8B9NV7Z"
                            },
                            {
                                "type": "text",
                                "text": " could you make your ppt from today available?"
                            }
                        ]
                    }
                ]
            }
        ],
        "team": "TJPN85XRA",
        "user_team": "TJPN85XRA",
        "source_team": "TJPN85XRA",
        "user_profile": {
            "avatar_hash": "fe0a901d9daf",
            "image_72": "https:\/\/avatars.slack-edge.com\/2020-09-17\/1355731656631_fe0a901d9daf26440442_72.png",
            "first_name": "",
            "real_name": "Kasey Pocius",
            "display_name": "Kasey Pocius",
            "team": "TJPN85XRA",
            "name": "kaseypocius",
            "is_restricted": false,
            "is_ultra_restricted": false
        }
    },
    {
        "client_msg_id": "90c63a59-bc24-4a98-9787-2bff12ad0e3b",
        "type": "message",
        "text": "Hello <@U01APBW5N2J>! Sure! Thank you for your interest. :slightly_smiling_face:",
        "user": "U03N8B9NV7Z",
        "ts": "1664303853.075549",
        "blocks": [
            {
                "type": "rich_text",
                "block_id": "2C7j2",
                "elements": [
                    {
                        "type": "rich_text_section",
                        "elements": [
                            {
                                "type": "text",
                                "text": "Hello "
                            },
                            {
                                "type": "user",
                                "user_id": "U01APBW5N2J"
                            },
                            {
                                "type": "text",
                                "text": "! Sure! Thank you for your interest. "
                            },
                            {
                                "type": "emoji",
                                "name": "slightly_smiling_face",
                                "unicode": "1f642"
                            }
                        ]
                    }
                ]
            }
        ],
        "team": "TJPN85XRA",
        "user_team": "TJPN85XRA",
        "source_team": "TJPN85XRA",
        "user_profile": {
            "avatar_hash": "c2e5c440b6df",
            "image_72": "https:\/\/avatars.slack-edge.com\/2022-07-07\/3757809379895_c2e5c440b6dfabbe3e0c_72.png",
            "first_name": "Filipe",
            "real_name": "Filipe Cretton",
            "display_name": "Cretton",
            "team": "TJPN85XRA",
            "name": "cretton",
            "is_restricted": false,
            "is_ultra_restricted": false
        },
        "reactions": [
            {
                "name": "+1",
                "users": [
                    "U01APBW5N2J"
                ],
                "count": 1
            }
        ]
    },
    {
        "type": "message",
        "text": "",
        "files": [
            {
                "id": "F044H8U9WU9",
                "mode": "hidden_by_limit"
            }
        ],
        "upload": false,
        "user": "U03N8B9NV7Z",
        "display_as_bot": false,
        "ts": "1664303999.971239",
        "client_msg_id": "6de06375-aea8-4061-9238-d8d5d9a5a125",
        "thread_ts": "1664303999.971239",
        "reply_count": 1,
        "reply_users_count": 1,
        "latest_reply": "1664304020.755989",
        "reply_users": [
            "U01APBW5N2J"
        ],
        "replies": [
            {
                "user": "U01APBW5N2J",
                "ts": "1664304020.755989"
            }
        ],
        "is_locked": false,
        "subscribed": false,
        "reactions": [
            {
                "name": "heart",
                "users": [
                    "U01APBW5N2J"
                ],
                "count": 1
            }
        ]
    },
    {
        "client_msg_id": "c05a1a94-d75c-4532-b1ea-deca34849e7b",
        "type": "message",
        "text": "thank you!",
        "user": "U01APBW5N2J",
        "ts": "1664304020.755989",
        "blocks": [
            {
                "type": "rich_text",
                "block_id": "rW9x",
                "elements": [
                    {
                        "type": "rich_text_section",
                        "elements": [
                            {
                                "type": "text",
                                "text": "thank you!"
                            }
                        ]
                    }
                ]
            }
        ],
        "team": "TJPN85XRA",
        "user_team": "TJPN85XRA",
        "source_team": "TJPN85XRA",
        "user_profile": {
            "avatar_hash": "fe0a901d9daf",
            "image_72": "https:\/\/avatars.slack-edge.com\/2020-09-17\/1355731656631_fe0a901d9daf26440442_72.png",
            "first_name": "",
            "real_name": "Kasey Pocius",
            "display_name": "Kasey Pocius",
            "team": "TJPN85XRA",
            "name": "kaseypocius",
            "is_restricted": false,
            "is_ultra_restricted": false
        },
        "thread_ts": "1664303999.971239",
        "parent_user_id": "U03N8B9NV7Z"
    },
    {
        "client_msg_id": "f5f6763e-b86f-491c-b3f8-d65240e15057",
        "type": "message",
        "text": "I made some changes a few minutes before the presentation, in a quick chat with Marcelo. So the ending was a little confusing. I will try to improve for a next presentation. Sorry about that.",
        "user": "U03N8B9NV7Z",
        "ts": "1664304113.576749",
        "blocks": [
            {
                "type": "rich_text",
                "block_id": "S61",
                "elements": [
                    {
                        "type": "rich_text_section",
                        "elements": [
                            {
                                "type": "text",
                                "text": "I made some changes a few minutes before the presentation, in a quick chat with Marcelo. So the ending was a little confusing. I will try to improve for a next presentation. Sorry about that."
                            }
                        ]
                    }
                ]
            }
        ],
        "team": "TJPN85XRA",
        "user_team": "TJPN85XRA",
        "source_team": "TJPN85XRA",
        "user_profile": {
            "avatar_hash": "c2e5c440b6df",
            "image_72": "https:\/\/avatars.slack-edge.com\/2022-07-07\/3757809379895_c2e5c440b6dfabbe3e0c_72.png",
            "first_name": "Filipe",
            "real_name": "Filipe Cretton",
            "display_name": "Cretton",
            "team": "TJPN85XRA",
            "name": "cretton",
            "is_restricted": false,
            "is_ultra_restricted": false
        }
    },
    {
        "client_msg_id": "92e55259-a311-4ce7-a4e8-76fecdc7e0d3",
        "type": "message",
        "text": "And I put together this presentation from yesterday to today, at dawn. So there might be some problems. But I think I managed to gather what I'm looking for here.",
        "user": "U03N8B9NV7Z",
        "ts": "1664304200.972779",
        "blocks": [
            {
                "type": "rich_text",
                "block_id": "MIUR",
                "elements": [
                    {
                        "type": "rich_text_section",
                        "elements": [
                            {
                                "type": "text",
                                "text": "And I put together this presentation from yesterday to today, at dawn. So there might be some problems. But I think I managed to gather what I'm looking for here."
                            }
                        ]
                    }
                ]
            }
        ],
        "team": "TJPN85XRA",
        "user_team": "TJPN85XRA",
        "source_team": "TJPN85XRA",
        "user_profile": {
            "avatar_hash": "c2e5c440b6df",
            "image_72": "https:\/\/avatars.slack-edge.com\/2022-07-07\/3757809379895_c2e5c440b6dfabbe3e0c_72.png",
            "first_name": "Filipe",
            "real_name": "Filipe Cretton",
            "display_name": "Cretton",
            "team": "TJPN85XRA",
            "name": "cretton",
            "is_restricted": false,
            "is_ultra_restricted": false
        },
        "reactions": [
            {
                "name": "+1",
                "users": [
                    "U01APBW5N2J"
                ],
                "count": 1
            }
        ]
    },
    {
        "client_msg_id": "a3f66d21-5802-479a-8622-f885cd6e954c",
        "type": "message",
        "text": "<https:\/\/montreal.ca\/programmes\/appel-projets-pour-residences-artistiques-dans-les-maisons-de-la-culture?fbclid=IwAR3aCijNDPCqIRLeKLIPlYkt9zDc_vu_td8SopMoyg3GWn8VR8lic5B26iw|https:\/\/montreal.ca\/programmes\/appel-projets-pour-residences-artistiques-dans-les-[…]d=IwAR3aCijNDPCqIRLeKLIPlYkt9zDc_vu_td8SopMoyg3GWn8VR8lic5B26iw>",
        "user": "U03N8B9NV7Z",
        "ts": "1664308469.173469",
        "blocks": [
            {
                "type": "rich_text",
                "block_id": "6qpE",
                "elements": [
                    {
                        "type": "rich_text_section",
                        "elements": [
                            {
                                "type": "link",
                                "url": "https:\/\/montreal.ca\/programmes\/appel-projets-pour-residences-artistiques-dans-les-maisons-de-la-culture?fbclid=IwAR3aCijNDPCqIRLeKLIPlYkt9zDc_vu_td8SopMoyg3GWn8VR8lic5B26iw",
                                "text": "https:\/\/montreal.ca\/programmes\/appel-projets-pour-residences-artistiques-dans-les-[…]d=IwAR3aCijNDPCqIRLeKLIPlYkt9zDc_vu_td8SopMoyg3GWn8VR8lic5B26iw"
                            }
                        ]
                    }
                ]
            }
        ],
        "team": "TJPN85XRA",
        "user_team": "TJPN85XRA",
        "source_team": "TJPN85XRA",
        "user_profile": {
            "avatar_hash": "c2e5c440b6df",
            "image_72": "https:\/\/avatars.slack-edge.com\/2022-07-07\/3757809379895_c2e5c440b6dfabbe3e0c_72.png",
            "first_name": "Filipe",
            "real_name": "Filipe Cretton",
            "display_name": "Cretton",
            "team": "TJPN85XRA",
            "name": "cretton",
            "is_restricted": false,
            "is_ultra_restricted": false
        },
        "attachments": [
            {
                "from_url": "https:\/\/montreal.ca\/programmes\/appel-projets-pour-residences-artistiques-dans-les-maisons-de-la-culture?fbclid=IwAR3aCijNDPCqIRLeKLIPlYkt9zDc_vu_td8SopMoyg3GWn8VR8lic5B26iw",
                "image_url": "https:\/\/res.cloudinary.com\/villemontreal\/image\/upload\/v1523647952\/logo-montreal.jpg",
                "image_width": 399,
                "image_height": 250,
                "image_bytes": 67472,
                "service_icon": "https:\/\/montreal.ca\/shell\/apple-touch-icon.png",
                "id": 1,
                "original_url": "https:\/\/montreal.ca\/programmes\/appel-projets-pour-residences-artistiques-dans-les-maisons-de-la-culture?fbclid=IwAR3aCijNDPCqIRLeKLIPlYkt9zDc_vu_td8SopMoyg3GWn8VR8lic5B26iw",
                "fallback": "Appel à projets pour résidences artistiques dans les maisons de la culture",
                "text": "Vous souhaitez vous consacrer entièrement à un projet de création? Les Maisons de la culture proposent des résidences artistiques.",
                "title": "Appel à projets pour résidences artistiques dans les maisons de la culture",
                "title_link": "https:\/\/montreal.ca\/programmes\/appel-projets-pour-residences-artistiques-dans-les-maisons-de-la-culture?fbclid=IwAR3aCijNDPCqIRLeKLIPlYkt9zDc_vu_td8SopMoyg3GWn8VR8lic5B26iw",
                "service_name": "montreal.ca"
            }
        ],
        "reactions": [
            {
                "name": "+1",
                "users": [
                    "U01APBW5N2J"
                ],
                "count": 1
            }
        ]
    }
]