[
    {
        "type": "message",
        "subtype": "channel_join",
        "ts": "1662476957.937889",
        "user": "U01APBW5N2J",
        "text": "<@U01APBW5N2J> has joined the channel"
    },
    {
        "type": "message",
        "subtype": "channel_join",
        "ts": "1662477004.351209",
        "user": "U03N8B9NV7Z",
        "text": "<@U03N8B9NV7Z> has joined the channel",
        "inviter": "U01APBW5N2J"
    },
    {
        "type": "message",
        "subtype": "channel_join",
        "ts": "1662477004.408139",
        "user": "U029MNKJ0DR",
        "text": "<@U029MNKJ0DR> has joined the channel",
        "inviter": "U01APBW5N2J"
    },
    {
        "type": "message",
        "subtype": "channel_join",
        "ts": "1662477013.832009",
        "user": "UKGLCA1GS",
        "text": "<@UKGLCA1GS> has joined the channel",
        "inviter": "U01APBW5N2J"
    }
]