[
    {
        "client_msg_id": "3a072ea1-ad17-47f5-8531-6139b3f50928",
        "type": "message",
        "text": "setting up in the CLR now! <@U03N8B9NV7Z> <@U041WFL2TV2>",
        "user": "U01APBW5N2J",
        "ts": "1663696553.759849",
        "blocks": [
            {
                "type": "rich_text",
                "block_id": "dd9m",
                "elements": [
                    {
                        "type": "rich_text_section",
                        "elements": [
                            {
                                "type": "text",
                                "text": "setting up in the CLR now! "
                            },
                            {
                                "type": "user",
                                "user_id": "U03N8B9NV7Z"
                            },
                            {
                                "type": "text",
                                "text": " "
                            },
                            {
                                "type": "user",
                                "user_id": "U041WFL2TV2"
                            }
                        ]
                    }
                ]
            }
        ],
        "team": "TJPN85XRA",
        "user_team": "TJPN85XRA",
        "source_team": "TJPN85XRA",
        "user_profile": {
            "avatar_hash": "fe0a901d9daf",
            "image_72": "https:\/\/avatars.slack-edge.com\/2020-09-17\/1355731656631_fe0a901d9daf26440442_72.png",
            "first_name": "",
            "real_name": "Kasey Pocius",
            "display_name": "Kasey Pocius",
            "team": "TJPN85XRA",
            "name": "kaseypocius",
            "is_restricted": false,
            "is_ultra_restricted": false
        }
    },
    {
        "client_msg_id": "86f30cd5-6aef-4d1f-b552-2c0e726b7d63",
        "type": "message",
        "text": "Perfect!",
        "user": "U03N8B9NV7Z",
        "ts": "1663696844.395519",
        "blocks": [
            {
                "type": "rich_text",
                "block_id": "B2uW3",
                "elements": [
                    {
                        "type": "rich_text_section",
                        "elements": [
                            {
                                "type": "text",
                                "text": "Perfect!"
                            }
                        ]
                    }
                ]
            }
        ],
        "team": "TJPN85XRA",
        "user_team": "TJPN85XRA",
        "source_team": "TJPN85XRA",
        "user_profile": {
            "avatar_hash": "c2e5c440b6df",
            "image_72": "https:\/\/avatars.slack-edge.com\/2022-07-07\/3757809379895_c2e5c440b6dfabbe3e0c_72.png",
            "first_name": "Filipe",
            "real_name": "Filipe Cretton",
            "display_name": "Cretton",
            "team": "TJPN85XRA",
            "name": "cretton",
            "is_restricted": false,
            "is_ultra_restricted": false
        }
    },
    {
        "client_msg_id": "d6112cf3-20c7-4207-8466-c01a83911b7f",
        "type": "message",
        "text": "which floor is the CLR on?",
        "user": "U03N8B9NV7Z",
        "ts": "1663697054.649949",
        "blocks": [
            {
                "type": "rich_text",
                "block_id": "18z",
                "elements": [
                    {
                        "type": "rich_text_section",
                        "elements": [
                            {
                                "type": "text",
                                "text": "which floor is the CLR on?"
                            }
                        ]
                    }
                ]
            }
        ],
        "team": "TJPN85XRA",
        "user_team": "TJPN85XRA",
        "source_team": "TJPN85XRA",
        "user_profile": {
            "avatar_hash": "c2e5c440b6df",
            "image_72": "https:\/\/avatars.slack-edge.com\/2022-07-07\/3757809379895_c2e5c440b6dfabbe3e0c_72.png",
            "first_name": "Filipe",
            "real_name": "Filipe Cretton",
            "display_name": "Cretton",
            "team": "TJPN85XRA",
            "name": "cretton",
            "is_restricted": false,
            "is_ultra_restricted": false
        }
    },
    {
        "client_msg_id": "4dac2a44-b4bc-446f-85ae-30439630a5a8",
        "type": "message",
        "text": "8th floor",
        "user": "U041WFL2TV2",
        "ts": "1663697298.136849",
        "blocks": [
            {
                "type": "rich_text",
                "block_id": "yiHK5",
                "elements": [
                    {
                        "type": "rich_text_section",
                        "elements": [
                            {
                                "type": "text",
                                "text": "8th floor"
                            }
                        ]
                    }
                ]
            }
        ],
        "team": "TJPN85XRA",
        "user_team": "TJPN85XRA",
        "source_team": "TJPN85XRA",
        "user_profile": {
            "avatar_hash": "g3815bfaab6e",
            "image_72": "https:\/\/secure.gravatar.com\/avatar\/3815bfaab6e520e9fa928d67f6c403cc.jpg?s=72&d=https%3A%2F%2Fa.slack-edge.com%2Fdf10d%2Fimg%2Favatars%2Fava_0003-72.png",
            "first_name": "Tommy",
            "real_name": "Tommy Davis",
            "display_name": "Tommy Davis",
            "team": "TJPN85XRA",
            "name": "tommydavis295",
            "is_restricted": false,
            "is_ultra_restricted": false
        }
    },
    {
        "client_msg_id": "c946e76d-8933-4f0f-b11c-c68e226f4a83",
        "type": "message",
        "text": "A817 in cirmmt",
        "user": "U041WFL2TV2",
        "ts": "1663697314.498519",
        "blocks": [
            {
                "type": "rich_text",
                "block_id": "WOz",
                "elements": [
                    {
                        "type": "rich_text_section",
                        "elements": [
                            {
                                "type": "text",
                                "text": "A817 in cirmmt"
                            }
                        ]
                    }
                ]
            }
        ],
        "team": "TJPN85XRA",
        "user_team": "TJPN85XRA",
        "source_team": "TJPN85XRA",
        "user_profile": {
            "avatar_hash": "g3815bfaab6e",
            "image_72": "https:\/\/secure.gravatar.com\/avatar\/3815bfaab6e520e9fa928d67f6c403cc.jpg?s=72&d=https%3A%2F%2Fa.slack-edge.com%2Fdf10d%2Fimg%2Favatars%2Fava_0003-72.png",
            "first_name": "Tommy",
            "real_name": "Tommy Davis",
            "display_name": "Tommy Davis",
            "team": "TJPN85XRA",
            "name": "tommydavis295",
            "is_restricted": false,
            "is_ultra_restricted": false
        }
    },
    {
        "client_msg_id": "1858cf01-0f27-473c-a731-19c5107a35dc",
        "type": "message",
        "text": "Perfect Thank you",
        "user": "U03N8B9NV7Z",
        "ts": "1663697459.769409",
        "blocks": [
            {
                "type": "rich_text",
                "block_id": "ep5L",
                "elements": [
                    {
                        "type": "rich_text_section",
                        "elements": [
                            {
                                "type": "text",
                                "text": "Perfect Thank you"
                            }
                        ]
                    }
                ]
            }
        ],
        "team": "TJPN85XRA",
        "user_team": "TJPN85XRA",
        "source_team": "TJPN85XRA",
        "user_profile": {
            "avatar_hash": "c2e5c440b6df",
            "image_72": "https:\/\/avatars.slack-edge.com\/2022-07-07\/3757809379895_c2e5c440b6dfabbe3e0c_72.png",
            "first_name": "Filipe",
            "real_name": "Filipe Cretton",
            "display_name": "Cretton",
            "team": "TJPN85XRA",
            "name": "cretton",
            "is_restricted": false,
            "is_ultra_restricted": false
        }
    }
]