[
    {
        "type": "message",
        "text": "Some code from my recording session with Tommy earlier this week. Using some pitch &amp; pitch chroma following on the input to the improviser system, which control the spatialization of the 16 output channels of the SpireMuse improvisation system.\n\nThe mean confidence of the pitch tracker is used to control the \"scale\" of the cluster of outputs, so sustained tones or slaps that decay into a clear tone will push the improviser slowly away, while noisier and more active playing brings the improvisers closer. The index of the maximum value from the list output of the pitch chroma controls the angle of the objects, so the improvisers move slightly in response to the pitch contour within one octave",
        "files": [
            {
                "id": "F041T531DMG",
                "mode": "hidden_by_limit"
            },
            {
                "id": "F0425Q4GW5P",
                "mode": "hidden_by_limit"
            }
        ],
        "upload": false,
        "user": "U01APBW5N2J",
        "ts": "1662743999.053919",
        "blocks": [
            {
                "type": "rich_text",
                "block_id": "YMZE",
                "elements": [
                    {
                        "type": "rich_text_section",
                        "elements": [
                            {
                                "type": "text",
                                "text": "Some code from my recording session with Tommy earlier this week. Using some pitch & pitch chroma following on the input to the improviser system, which control the spatialization of the 16 output channels of the SpireMuse improvisation system.\n\nThe mean confidence of the pitch tracker is used to control the \"scale\" of the cluster of outputs, so sustained tones or slaps that decay into a clear tone will push the improviser slowly away, while noisier and more active playing brings the improvisers closer. The index of the maximum value from the list output of the pitch chroma controls the angle of the objects, so the improvisers move slightly in response to the pitch contour within one octave"
                            }
                        ]
                    }
                ]
            }
        ],
        "edited": {
            "user": "U01APBW5N2J",
            "ts": "1662744405.000000"
        },
        "client_msg_id": "37452ef5-e025-43be-bc4f-5019be4bfa7a",
        "thread_ts": "1662743999.053919",
        "reply_count": 2,
        "reply_users_count": 1,
        "latest_reply": "1662843808.261499",
        "reply_users": [
            "U01APBW5N2J"
        ],
        "replies": [
            {
                "user": "U01APBW5N2J",
                "ts": "1662753614.756849"
            },
            {
                "user": "U01APBW5N2J",
                "ts": "1662843808.261499"
            }
        ],
        "is_locked": false,
        "subscribed": false
    },
    {
        "type": "message",
        "text": "Assorted photos\/videos of the setup",
        "files": [
            {
                "id": "F042HL653KJ",
                "mode": "hidden_by_limit"
            },
            {
                "id": "F0426HZQ2EM",
                "mode": "hidden_by_limit"
            },
            {
                "id": "F041MAYUBGW",
                "mode": "hidden_by_limit"
            },
            {
                "id": "F042HL6MASC",
                "mode": "hidden_by_limit"
            },
            {
                "id": "F041TV5FRD0",
                "mode": "hidden_by_limit"
            }
        ],
        "upload": false,
        "user": "U01APBW5N2J",
        "ts": "1662753614.756849",
        "blocks": [
            {
                "type": "rich_text",
                "block_id": "xh=DB",
                "elements": [
                    {
                        "type": "rich_text_section",
                        "elements": [
                            {
                                "type": "text",
                                "text": "Assorted photos\/videos of the setup"
                            }
                        ]
                    }
                ]
            }
        ],
        "client_msg_id": "7227DFD8-B4FD-4E1A-8713-08BCCAC4133D",
        "thread_ts": "1662743999.053919",
        "parent_user_id": "U01APBW5N2J"
    },
    {
        "type": "message",
        "subtype": "channel_join",
        "ts": "1662754955.755319",
        "user": "U041WFL2TV2",
        "text": "<@U041WFL2TV2> has joined the channel",
        "inviter": "U01APBW5N2J"
    }
]