[
    {
        "type": "message",
        "text": "isolated the code from the patch posted earlier, if someone wants it as a subpatch",
        "files": [
            {
                "id": "F041YCURXD2",
                "created": 1662843747,
                "timestamp": 1662843747,
                "name": "k.eTube_SpatControl1.maxpat",
                "title": "k.eTube_SpatControl1.maxpat",
                "mimetype": "text\/plain",
                "filetype": "text",
                "pretty_type": "Plain Text",
                "user": "U01APBW5N2J",
                "user_team": "TJPN85XRA",
                "editable": true,
                "size": 12028,
                "mode": "snippet",
                "is_external": false,
                "external_type": "",
                "is_public": true,
                "public_url_shared": false,
                "display_as_bot": false,
                "username": "",
                "url_private": "https:\/\/files.slack.com\/files-pri\/TJPN85XRA-F041YCURXD2\/k.etube_spatcontrol1.maxpat?t=xoxe-635756201860-5822147069925-5827507671108-aa50e926a1c11470df3e79fc59b5f176",
                "url_private_download": "https:\/\/files.slack.com\/files-pri\/TJPN85XRA-F041YCURXD2\/download\/k.etube_spatcontrol1.maxpat?t=xoxe-635756201860-5822147069925-5827507671108-aa50e926a1c11470df3e79fc59b5f176",
                "permalink": "https:\/\/idmil.slack.com\/files\/U01APBW5N2J\/F041YCURXD2\/k.etube_spatcontrol1.maxpat",
                "permalink_public": "https:\/\/slack-files.com\/TJPN85XRA-F041YCURXD2-b6a8d2cca7",
                "edit_link": "https:\/\/idmil.slack.com\/files\/U01APBW5N2J\/F041YCURXD2\/k.etube_spatcontrol1.maxpat\/edit",
                "is_starred": false,
                "has_rich_preview": false,
                "file_access": "visible"
            }
        ],
        "upload": false,
        "user": "U01APBW5N2J",
        "display_as_bot": false,
        "ts": "1662843808.261499",
        "blocks": [
            {
                "type": "rich_text",
                "block_id": "eKf2",
                "elements": [
                    {
                        "type": "rich_text_section",
                        "elements": [
                            {
                                "type": "text",
                                "text": "isolated the code from the patch posted earlier, if someone wants it as a subpatch"
                            }
                        ]
                    }
                ]
            }
        ],
        "client_msg_id": "8784ec63-7c89-4cd2-bedb-730b2f81482e",
        "thread_ts": "1662743999.053919",
        "parent_user_id": "U01APBW5N2J"
    }
]