[
    {
        "client_msg_id": "a33d06bb-7b6a-47c2-8407-5c884c450767",
        "type": "message",
        "text": "<https:\/\/www.cirmmt.org\/en\/events\/live-cirmmt\/poesie-de-tout>\n\nseat reservations are open!",
        "user": "U01APBW5N2J",
        "ts": "1669734722.048399",
        "blocks": [
            {
                "type": "rich_text",
                "block_id": "BfPwR",
                "elements": [
                    {
                        "type": "rich_text_section",
                        "elements": [
                            {
                                "type": "link",
                                "url": "https:\/\/www.cirmmt.org\/en\/events\/live-cirmmt\/poesie-de-tout"
                            },
                            {
                                "type": "text",
                                "text": "\n\nseat reservations are open!"
                            }
                        ]
                    }
                ]
            }
        ],
        "team": "TJPN85XRA",
        "user_team": "TJPN85XRA",
        "source_team": "TJPN85XRA",
        "user_profile": {
            "avatar_hash": "fe0a901d9daf",
            "image_72": "https:\/\/avatars.slack-edge.com\/2020-09-17\/1355731656631_fe0a901d9daf26440442_72.png",
            "first_name": "",
            "real_name": "Kasey Pocius",
            "display_name": "Kasey Pocius",
            "team": "TJPN85XRA",
            "name": "kaseypocius",
            "is_restricted": false,
            "is_ultra_restricted": false
        },
        "attachments": [
            {
                "from_url": "https:\/\/www.cirmmt.org\/en\/events\/live-cirmmt\/poesie-de-tout",
                "thumb_url": "https:\/\/www.cirmmt.org\/en\/events\/live-cirmmt\/poesie-de-tout\/@@download\/image\/DNA-code.jpg",
                "thumb_width": 604,
                "thumb_height": 340,
                "service_icon": "https:\/\/www.cirmmt.org\/++theme++cirmmt.theme\/apple-touch-icon.png",
                "id": 1,
                "original_url": "https:\/\/www.cirmmt.org\/en\/events\/live-cirmmt\/poesie-de-tout",
                "fallback": "CIRMMT: live@CIRMMT: Poésie de tout",
                "text": "live@CIRMMT presents a concert of computer-based works by Barbara Finck-Beccafico, Pierre Alexandre Tremblay, Nicola Giannini, Yulin Yan, Kasey Pocius and Philippe Macnab-Ségin.",
                "title": "live@CIRMMT: Poésie de tout",
                "title_link": "https:\/\/www.cirmmt.org\/en\/events\/live-cirmmt\/poesie-de-tout",
                "service_name": "CIRMMT"
            }
        ]
    }
]