[
    {
        "client_msg_id": "8fc94e0e-dd7d-4e92-9b1f-c03269e55916",
        "type": "message",
        "text": "Open Call forCall for the XXII International Image Festival\n(May 29 to June 4)\n\nOpening of the submission system: February 3, 2023\nClosing of calls: March 17, 2023\n<https:\/\/festivaldelaimagen.com\/en\/convocatoria2023\/>",
        "user": "U01APBW5N2J",
        "ts": "1673465463.068819",
        "blocks": [
            {
                "type": "rich_text",
                "block_id": "A5e\/",
                "elements": [
                    {
                        "type": "rich_text_section",
                        "elements": [
                            {
                                "type": "text",
                                "text": "Open Call forCall for the XXII International Image Festival\n(May 29 to June 4)\n\nOpening of the submission system: February 3, 2023\nClosing of calls: March 17, 2023\n"
                            },
                            {
                                "type": "link",
                                "url": "https:\/\/festivaldelaimagen.com\/en\/convocatoria2023\/"
                            }
                        ]
                    }
                ]
            }
        ],
        "team": "TJPN85XRA",
        "user_team": "TJPN85XRA",
        "source_team": "TJPN85XRA",
        "user_profile": {
            "avatar_hash": "fe0a901d9daf",
            "image_72": "https:\/\/avatars.slack-edge.com\/2020-09-17\/1355731656631_fe0a901d9daf26440442_72.png",
            "first_name": "",
            "real_name": "Kasey Pocius",
            "display_name": "Kasey Pocius",
            "team": "TJPN85XRA",
            "name": "kaseypocius",
            "is_restricted": false,
            "is_ultra_restricted": false
        },
        "edited": {
            "user": "U01APBW5N2J",
            "ts": "1673465520.000000"
        }
    }
]